"VersionID","SampleID","Publication","PublicationYear","DataGroupID","Locality","Country","Latitude","Longitude","MeanDateBP","DateRange","RS4988235Depth","RS4988235Genotype","CalledAlleles","DerivedAlleles","DerivedAlleleFrequency","Region","DairyingOnsetBP","HasCall"
"PER3023.SG","PER3023","BrunelPNAS2020",2020,"France_NouvelleAquitaine_Mesolithic.SG","Nouvelle-Aquitaine (South-West), Agris, Les Perrats","France",45.77,0.33,9050,"7200-7000 BCE",1,"G",1,0,0,"Rhine-Danube",7600,true
"BDB001","BDB001","RivollatScienceAdvance2020",2020,"Germany_Mesolithic","Saxony-Anhalt, Bad Dürrenberg","Germany",51.3,12.07,8600,"7100-6200 BCE",16,"GG",2,0,0,"Rhine-Danube",7600,true
"MTT001","MTT001","SkourtaniontiCell2020",2020,"Azerbaijan_Caucasus_lowlands_LN","Zeyem Chaj , Mentesh Tepe","Azerbaijan",40.9418889,45.8327778,7638,"5730-5640 calBCE (6802 ± 23 BP, MAMS-40333)",42,"GG",2,0,0,"Outside Europe",6500,true
"KRD001","KRD001","SkourtaniontiCell2020",2020,"Turkey_TellKurdu_EC","Hatay Province, Tell Kurdu","Turkey",36.329405,36.444255,7629,"5722-5634 calBCE (6783±23 BP, MAMS-40663)",3,"GG",2,0,0,"Outside Europe",6500,true
"KRD003","KRD003","SkourtaniontiCell2020",2020,"Turkey_TellKurdu_EC","Hatay Province, Tell Kurdu","Turkey",36.329405,36.444255,7602,"5714-5572 calBCE (6739±23 BP, MAMS-40665)",4,"GG",2,0,0,"Outside Europe",6500,true
"KRD006","KRD006","SkourtaniontiCell2020",2020,"Turkey_TellKurdu_EC","Hatay Province, Tell Kurdu","Turkey",36.329405,36.444255,7550,"5800-5400 BCE",1,"G",1,0,0,"Outside Europe",6500,true
"CBT018","CBT018","SkourtaniontiCell2020",2020,"Turkey_Buyukkaya_EC","Çorum Province, Boğazköy-Büyükkaya","Turkey",40.022056,34.620611,7516,"5626-5483 calBCE (6635±30 BP, SUERC)",2,"GG",2,0,0,"Other Europe",6500,true
"POT002","POT002","SkourtaniontiCell2020",2020,"Azerbaijan_Caucasus_lowlands_LN","Jalilabad district, Uchtepe village, Polutepe","Azerbaijan",39.5186111,48.65,7378,"5515-5375 calBCE (6491 ± 26 BP, MAMS-40331)",4,"GG",2,0,0,"Outside Europe",6500,true
"PEN003","PEN003","RivollatScienceAdvance2020",2020,"France_EN","Alpes-Maritimes, Pendimoun","France",43.81,7.51,7363,"5479-5331 calBCE (6450±40 BP, GrA-32061)",7,"GG",2,0,0,"Mediterranean",8200,true
"PEN001_real1","PEN001_real1","RivollatScienceAdvance2020",2020,"France_EN_o","Alpes-Maritimes, Pendimoun","France",43.81,7.51,7361,"5478-5331 calBCE (6445±40 BP, GrA-26893)",26,"GG",2,0,0,"Mediterranean",8200,true
"PEN001_real2","PEN001_real2","RivollatScienceAdvance2020",2020,"France_EN","Alpes-Maritimes, Pendimoun","France",43.81,7.51,7359,"5477-5331 calBCE (6440±40 BP, GrA-26894)",3,"GG",2,0,0,"Mediterranean",8200,true
"XN167","XN167","RivollatScienceAdvance2020",2020,"Germany_EN_LBK","Baden-Württemberg, Stuttgart-Mühlhausen I","Germany",48.78,9.18,7176,"5310-5072 calBCE (6250±30 BP, MAMS-36743)",7,"GG",2,0,0,"Rhine-Danube",7600,true
"XN188","XN188","RivollatScienceAdvance2020",2020,"Germany_EN_LBK","Baden-Württemberg, Stuttgart-Mühlhausen I","Germany",48.78,9.18,7130,"5302-5063 calBCE (6228±25 BP, MAMS-36735)",2,"GG",2,0,0,"Rhine-Danube",7600,true
"XN164","XN164","RivollatScienceAdvance2020",2020,"Germany_EN_LBK","Baden-Württemberg, Stuttgart-Mühlhausen I","Germany",48.78,9.18,7110,"5299-5059 calBCE (6219±25 BP, MAMS-36728)",1,"G",1,0,0,"Rhine-Danube",7600,true
"XN171","XN171","RivollatScienceAdvance2020",2020,"Germany_EN_LBK","Baden-Württemberg, Stuttgart-Mühlhausen I","Germany",48.78,9.18,7106,"5298-5057 calBCE (6217±25 BP, MAMS-36729)",1,"G",1,0,0,"Rhine-Danube",7600,true
"XN172","XN172","RivollatScienceAdvance2020",2020,"Germany_EN_LBK","Baden-Württemberg, Stuttgart-Mühlhausen I","Germany",48.78,9.18,7101,"5297-5056 calBCE (6214±25 BP, MAMS-36732)",3,"GG",2,0,0,"Rhine-Danube",7600,true
"XN207","XN207","RivollatScienceAdvance2020",2020,"Germany_EN_LBK","Baden-Württemberg, Stuttgart-Mühlhausen II","Germany",48.78,9.18,7100,"5300-5000 BCE",1,"G",1,0,0,"Rhine-Danube",7600,true
"XN165","XN165","RivollatScienceAdvance2020",2020,"Germany_EN_LBK","Baden-Württemberg, Stuttgart-Mühlhausen I","Germany",48.78,9.18,7099,"5296-5056 calBCE (6213±24 BP, MAMS-36725)",6,"GG",2,0,0,"Rhine-Danube",7600,true
"XN168","XN168","RivollatScienceAdvance2020",2020,"Germany_EN_LBK","Baden-Württemberg, Stuttgart-Mühlhausen I","Germany",48.78,9.18,7093,"5293-5055 calBCE (6209±24 BP, MAMS-36734)",1,"G",1,0,0,"Rhine-Danube",7600,true
"SCH016","SCH016","RivollatScienceAdvance2020",2020,"Germany_EN_LBK","Baden-Württemberg, Schwetzingen","Germany",49.39,8.57,7091,"5298-5041 calBCE (6202±36 BP, OxA-23206)",1,"G",1,0,0,"Rhine-Danube",7600,true
"XN169","XN169","RivollatScienceAdvance2020",2020,"Germany_EN_LBK","Baden-Württemberg, Stuttgart-Mühlhausen I","Germany",48.78,9.18,7081,"5282-5046 calBCE (6195±25 BP, MAMS-36726)",4,"GG",2,0,0,"Rhine-Danube",7600,true
"XN182","XN182","RivollatScienceAdvance2020",2020,"Germany_EN_LBK","Baden-Württemberg, Stuttgart-Mühlhausen I","Germany",48.78,9.18,7076,"5305-4946 calBCE [union of two dates: 5305-5034 calBCE (6210±45 BP, Hd-7979); 5211-4946 calBCE (6130±45 BP, Hd-7977)]",1,"G",1,0,0,"Rhine-Danube",7600,true
"XN173","XN173","RivollatScienceAdvance2020",2020,"Germany_EN_LBK","Baden-Württemberg, Stuttgart-Mühlhausen II","Germany",48.78,9.18,7060,"5210-5007 calBCE (6155±31 BP, MAMS-25933)",1,"G",1,0,0,"Rhine-Danube",7600,true
"LBR005","LBR005","RivollatScienceAdvance2020",2020,"France_EN_MN_o","Alpes-Maritimes, Les Bréguières","France",43.7,6.99,7051,"5216-4953 calBCE (6151±45 BP, LTL-13784A)",5,"GG",2,0,0,"Mediterranean",8200,true
"SCH010","SCH010","RivollatScienceAdvance2020",2020,"Germany_EN_LBK","Baden-Württemberg, Schwetzingen","Germany",49.39,8.57,7050,"5200-5000 BCE",1,"G",1,0,0,"Rhine-Danube",7600,true
"OBN006","OBN006","RivollatScienceAdvance2020",2020,"France_MN","Bas-Rhin, Obernai","France",48.46,7.48,7026,"5209-4954 calBCE (6124±25 BP, LTL-18527A)",7,"GG",2,0,0,"Rhine-Danube",7600,true
"Schw72-15.SG","Schw72-15","BrunelPNAS2020",2020,"France_GrandEst_EN.SG","Grand-Est (East), Schwindratzheim, Lotissement Les Terrasses de la Zorn","France",48.75563,7.59958,7025,"5250-4900 BCE",3,"GG",2,0,0,"Rhine-Danube",7600,true
"XN170","XN170","RivollatScienceAdvance2020",2020,"Germany_EN_LBK","Baden-Württemberg, Stuttgart-Mühlhausen I","Germany",48.78,9.18,7024,"5209-4951 calBCE (6123±26 BP, MAMS-36730)",3,"GG",2,0,0,"Rhine-Danube",7600,true
"LBR002","LBR002","RivollatScienceAdvance2020",2020,"France_EN_MN","Alpes-Maritimes, Les Bréguières","France",43.7,6.99,6991,"5209-4905 calBCE (6104±45 BP, LTL-8482A)",7,"GG",2,0,0,"Mediterranean",8200,true
"HBS004","HBS004","RivollatScienceAdvance2020",2020,"Germany_EN_LBK","Saxony-Anhalt, Halberstadt","Germany",51.9,11.05,6975,"5250-4800 BCE",1,"G",1,0,0,"Rhine-Danube",7600,true
"HBS009","HBS009","RivollatScienceAdvance2020",2020,"Germany_EN_LBK","Saxony-Anhalt, Halberstadt","Germany",51.9,11.05,6975,"5250-4800 BCE",6,"GG",2,0,0,"Rhine-Danube",7600,true
"XN174","XN174","RivollatScienceAdvance2020",2020,"Germany_EN_LBK","Baden-Württemberg, Stuttgart-Mühlhausen I","Germany",48.78,9.18,6898,"5215-4681 calBCE [union of three dates: 5215-4840 calBCE (6100±70 BP, Hd-8031); 4993-4709 calBCE (5950±60 BP, Hd-7974); 4936-4681 calBCE (5910±50 BP, Hd-7935)]",5,"GG",2,0,0,"Rhine-Danube",7600,true
"KRD002","KRD002","SkourtaniontiCell2020",2020,"Turkey_TellKurdu_EMC","Hatay Province, Tell Kurdu","Turkey",36.329405,36.444255,6889,"5007-4846 calBCE (6044±22 BP, MAMS-40664)",2,"GG",2,0,0,"Outside Europe",6500,true
"OBN005","OBN005","RivollatScienceAdvance2020",2020,"France_MN","Bas-Rhin, Obernai","France",48.46,7.48,6888,"5023-4845 calBCE (6044±25 BP, LTL-18526A)",1,"G",1,0,0,"Rhine-Danube",7600,true
"I4063","I4063","FernandesNatureEcologyEvolution2020",2020,"Italy_Sicily_MN","Sicily, Fossato di Stretto Partana","Italy",37.724000000000004,12.916,6832,"4987-4794 calBCE (5995±30 BP, PSUAMS-2263)",31,"GG",2,0,0,"Mediterranean",8200,true
"I4062","I4062","FernandesNatureEcologyEvolution2020",2020,"Italy_Sicily_MN","Sicily, Fossato di Stretto Partana","Italy",37.724000000000004,12.916,6815,"4984-4784 calBCE (5980±30 BP, PSUAMS-1950)",19,"GG",2,0,0,"Mediterranean",8200,true
"I4065","I4065","FernandesNatureEcologyEvolution2020",2020,"Italy_Sicily_MN","Sicily, Fossato di Stretto Partana","Italy",37.724000000000004,12.916,6815,"4988-4735 calBCE (5980±35 BP, PSUAMS-1951)",18,"GG",2,0,0,"Mediterranean",8200,true
"LBR004","LBR004","RivollatScienceAdvance2020",2020,"France_EN_MN","Alpes-Maritimes, Les Bréguières","France",43.7,6.99,6797,"4984-4722 calBCE (5964±45 BP, LTL-12316A)",6,"GG",2,0,0,"Mediterranean",8200,true
"LBR001","LBR001","RivollatScienceAdvance2020",2020,"France_EN_MN","Alpes-Maritimes, Les Bréguières","France",43.7,6.99,6740,"4898-4712 calBCE (5920±35 BP, LTL-18523A)",8,"GG",2,0,0,"Mediterranean",8200,true
"I4064","I4064","FernandesNatureEcologyEvolution2020",2020,"Italy_Sicily_MN","Sicily, Fossato di Stretto Partana","Italy",37.724000000000004,12.916,6718,"4841-4711 calBCE (5900±30 BP, PSUAMS-2266)",5,"GG",2,0,0,"Mediterranean",8200,true
"OBN002","OBN002","RivollatScienceAdvance2020",2020,"France_MN","Bas-Rhin, Obernai","France",48.46,7.48,6700,"5000-4500 BCE",3,"GG",2,0,0,"Rhine-Danube",7600,true
"OBN010","OBN010","RivollatScienceAdvance2020",2020,"France_MN","Bas-Rhin, Obernai","France",48.46,7.48,6700,"5000-4500 BCE",5,"GG",2,0,0,"Rhine-Danube",7600,true
"GRG027","GRG027","RivollatScienceAdvance2020",2020,"France_MN","France, Yonne, Gurgy ""les Noisats"" Family A (12 members) (we detect 21 2d/3d relative pairs: GRG008-GRG018, GRG023-GRG027, GRG021-GRG027, GRG018-GRG027, GRG023-GRG035, GRG016-GRG023, GRG016-GRG025, GRG016-GRG035, GRG016-GRG041, GRG015-GRG041, GRG008-GRG041, GRG018-GRG041, GRG021-GRG041, GRG023-GRG041, GRG027-GRG041, GRG035-GRG041, GRG057-GRG041, GRG057-GRG008, GRG057-GRG018, GRG057-GRG021, GRG057-GRG027)","France",47.97,3.56,6690,"4840-4615 calBCE (5870±40 BP, Lyon-4444, SacA-8627)",14,"GG",2,0,0,"Rhine-Danube",7600,true
"LBR003","LBR003","RivollatScienceAdvance2020",2020,"France_EN_MN","Alpes-Maritimes, Les Bréguières","France",43.7,6.99,6680,"4842-4606 calBCE (5864±45 BP, LTL-12315A)",7,"GG",2,0,0,"Mediterranean",8200,true
"GRG028","GRG028","RivollatScienceAdvance2020",2020,"France_MN","Yonne, Gurgy ""les Noisats""","France",47.97,3.56,6671,"4836-4606 calBCE (5855±40 BP, Lyon-4446, SacA-8629)",6,"GG",2,0,0,"Rhine-Danube",7600,true
"KGH6.SG","KGH6","CassidyNature2020",2020,"Ireland_Mesolithic.SG","Ireland, Limerick, Killuragh","Ireland",52.598517,-8.328355,6658,"4797-4602 calBCE (5844±35 BP, UBA-40235)",3,"GG",2,0,0,"British Isles",6100,true
"ROS45.SG","ROS45","BrunelPNAS2020",2020,"France_GrandEst_MN.SG","Grand-Est (East), Rosheim, Rosheim ""Mittelfeld"" ""Rosenmeer""","France",48.49666,7.47052,6644,"4789-4607 calBCE (5833±29 BP, OxA-27814)",1,"G",1,0,0,"Rhine-Danube",7600,true
"GRG057","GRG057","RivollatScienceAdvance2020",2020,"France_MN","France, Yonne, Gurgy ""les Noisats"" Family A (12 members) (we detect 21 2d/3d relative pairs: GRG008-GRG018, GRG023-GRG027, GRG021-GRG027, GRG018-GRG027, GRG023-GRG035, GRG016-GRG023, GRG016-GRG025, GRG016-GRG035, GRG016-GRG041, GRG015-GRG041, GRG008-GRG041, GRG018-GRG041, GRG021-GRG041, GRG023-GRG041, GRG027-GRG041, GRG035-GRG041, GRG057-GRG041, GRG057-GRG008, GRG057-GRG018, GRG057-GRG021, GRG057-GRG027)","France",47.97,3.56,6615,"4786-4547 calBCE (5815±45 BP, Lyon-4449, SacA-8632)",6,"GG",2,0,0,"Rhine-Danube",7600,true
"OBN001","OBN001","RivollatScienceAdvance2020",2020,"France_MN_o","Bas-Rhin, Obernai","France",48.46,7.48,6609,"4777-4548 calBCE (5809±33 BP, OxA-30277)",2,"GG",2,0,0,"Rhine-Danube",7600,true
"ROS102.SG","ROS102","BrunelPNAS2020",2020,"France_GrandEst_MN.SG","Grand-Est (East), Rosheim, Rosheim ""Mittelfeld"" ""Rosenmeer""","France",48.49666,7.47052,6600,"4800-4500 BCE",1,"G",1,0,0,"Rhine-Danube",7600,true
"OBN011","OBN011","RivollatScienceAdvance2020",2020,"France_MN","Bas-Rhin, Obernai","France",48.46,7.48,6549,"4686-4504 calBCE (5749±25 BP, LTL-18531A)",1,"G",1,0,0,"Rhine-Danube",7600,true
"OBN003","OBN003","RivollatScienceAdvance2020",2020,"France_MN_o","Bas-Rhin, Obernai","France",48.46,7.48,6544,"4691-4496 calBCE (5744±33 BP, OxA-30278)",4,"GG",2,0,0,"Rhine-Danube",7600,true
"OBN008","OBN008","RivollatScienceAdvance2020",2020,"France_MN","Bas-Rhin, Obernai","France",48.46,7.48,6543,"4686-4499 calBCE (5743±30 BP, SUERC-52378)",6,"GG",2,0,0,"Rhine-Danube",7600,true
"OBN004","OBN004","RivollatScienceAdvance2020",2020,"France_MN","Bas-Rhin, Obernai","France",48.46,7.48,6528,"4678-4496 calBCE (5732±25 BP, LTL-18525A)",9,"GG",2,0,0,"Rhine-Danube",7600,true
"FLR004","FLR004","RivollatScienceAdvance2020",2020,"France_MN","Calvados, Fleury-sur-Orne","France",49.19,-0.38,6512,"4678-4458 calBCE (5720±30 BP, Beta-413158)",20,"GG",2,0,0,"British Isles",6100,true
"GRG003","GRG003","RivollatScienceAdvance2020",2020,"France_MN","Yonne, Gurgy ""les Noisats""","France",47.97,3.56,6450,"5000-4000 BCE",12,"GG",2,0,0,"Rhine-Danube",7600,true
"GRG008","GRG008","RivollatScienceAdvance2020",2020,"France_MN","France, Yonne, Gurgy ""les Noisats"" Family A (12 members) (we detect 21 2d/3d relative pairs: GRG008-GRG018, GRG023-GRG027, GRG021-GRG027, GRG018-GRG027, GRG023-GRG035, GRG016-GRG023, GRG016-GRG025, GRG016-GRG035, GRG016-GRG041, GRG015-GRG041, GRG008-GRG041, GRG018-GRG041, GRG021-GRG041, GRG023-GRG041, GRG027-GRG041, GRG035-GRG041, GRG057-GRG041, GRG057-GRG008, GRG057-GRG018, GRG057-GRG021, GRG057-GRG027)","France",47.97,3.56,6450,"5000-4000 BCE",7,"GG",2,0,0,"Rhine-Danube",7600,true
"GRG015","GRG015","RivollatScienceAdvance2020",2020,"France_MN","France, Yonne, Gurgy ""les Noisats"" Family A (12 members) (we detect 21 2d/3d relative pairs: GRG008-GRG018, GRG023-GRG027, GRG021-GRG027, GRG018-GRG027, GRG023-GRG035, GRG016-GRG023, GRG016-GRG025, GRG016-GRG035, GRG016-GRG041, GRG015-GRG041, GRG008-GRG041, GRG018-GRG041, GRG021-GRG041, GRG023-GRG041, GRG027-GRG041, GRG035-GRG041, GRG057-GRG041, GRG057-GRG008, GRG057-GRG018, GRG057-GRG021, GRG057-GRG027)","France",47.97,3.56,6450,"5000-4000 BCE",20,"GG",2,0,0,"Rhine-Danube",7600,true
"GRG019","GRG019","RivollatScienceAdvance2020",2020,"France_MN","Yonne, Gurgy ""les Noisats""","France",47.97,3.56,6450,"5000-4000 BCE",18,"GG",2,0,0,"Rhine-Danube",7600,true
"GRG021","GRG021","RivollatScienceAdvance2020",2020,"France_MN","France, Yonne, Gurgy ""les Noisats"" Family A (12 members) (we detect 21 2d/3d relative pairs: GRG008-GRG018, GRG023-GRG027, GRG021-GRG027, GRG018-GRG027, GRG023-GRG035, GRG016-GRG023, GRG016-GRG025, GRG016-GRG035, GRG016-GRG041, GRG015-GRG041, GRG008-GRG041, GRG018-GRG041, GRG021-GRG041, GRG023-GRG041, GRG027-GRG041, GRG035-GRG041, GRG057-GRG041, GRG057-GRG008, GRG057-GRG018, GRG057-GRG021, GRG057-GRG027)","France",47.97,3.56,6450,"5000-4000 BCE",11,"GG",2,0,0,"Rhine-Danube",7600,true
"GRG022","GRG022","RivollatScienceAdvance2020",2020,"France_MN","Yonne, Gurgy ""les Noisats""","France",47.97,3.56,6450,"5000-4000 BCE",14,"GG",2,0,0,"Rhine-Danube",7600,true
"GRG023","GRG023","RivollatScienceAdvance2020",2020,"France_MN","France, Yonne, Gurgy ""les Noisats"" Family A (12 members) (we detect 21 2d/3d relative pairs: GRG008-GRG018, GRG023-GRG027, GRG021-GRG027, GRG018-GRG027, GRG023-GRG035, GRG016-GRG023, GRG016-GRG025, GRG016-GRG035, GRG016-GRG041, GRG015-GRG041, GRG008-GRG041, GRG018-GRG041, GRG021-GRG041, GRG023-GRG041, GRG027-GRG041, GRG035-GRG041, GRG057-GRG041, GRG057-GRG008, GRG057-GRG018, GRG057-GRG021, GRG057-GRG027)","France",47.97,3.56,6450,"5000-4000 BCE",2,"GG",2,0,0,"Rhine-Danube",7600,true
"GRG025","GRG025","RivollatScienceAdvance2020",2020,"France_MN","France, Yonne, Gurgy ""les Noisats"" Family A (12 members) (we detect 21 2d/3d relative pairs: GRG008-GRG018, GRG023-GRG027, GRG021-GRG027, GRG018-GRG027, GRG023-GRG035, GRG016-GRG023, GRG016-GRG025, GRG016-GRG035, GRG016-GRG041, GRG015-GRG041, GRG008-GRG041, GRG018-GRG041, GRG021-GRG041, GRG023-GRG041, GRG027-GRG041, GRG035-GRG041, GRG057-GRG041, GRG057-GRG008, GRG057-GRG018, GRG057-GRG021, GRG057-GRG027)","France",47.97,3.56,6450,"5000-4000 BCE",10,"GG",2,0,0,"Rhine-Danube",7600,true
"GRG035","GRG035","RivollatScienceAdvance2020",2020,"France_MN","France, Yonne, Gurgy ""les Noisats"" Family A (12 members) (we detect 21 2d/3d relative pairs: GRG008-GRG018, GRG023-GRG027, GRG021-GRG027, GRG018-GRG027, GRG023-GRG035, GRG016-GRG023, GRG016-GRG025, GRG016-GRG035, GRG016-GRG041, GRG015-GRG041, GRG008-GRG041, GRG018-GRG041, GRG021-GRG041, GRG023-GRG041, GRG027-GRG041, GRG035-GRG041, GRG057-GRG041, GRG057-GRG008, GRG057-GRG018, GRG057-GRG021, GRG057-GRG027)","France",47.97,3.56,6450,"5000-4000 BCE",6,"GG",2,0,0,"Rhine-Danube",7600,true
"GRG041","GRG041","RivollatScienceAdvance2020",2020,"France_MN","France, Yonne, Gurgy ""les Noisats"" Family A (12 members) (we detect 21 2d/3d relative pairs: GRG008-GRG018, GRG023-GRG027, GRG021-GRG027, GRG018-GRG027, GRG023-GRG035, GRG016-GRG023, GRG016-GRG025, GRG016-GRG035, GRG016-GRG041, GRG015-GRG041, GRG008-GRG041, GRG018-GRG041, GRG021-GRG041, GRG023-GRG041, GRG027-GRG041, GRG035-GRG041, GRG057-GRG041, GRG057-GRG008, GRG057-GRG018, GRG057-GRG021, GRG057-GRG027)","France",47.97,3.56,6450,"5000-4000 BCE",15,"GG",2,0,0,"Rhine-Danube",7600,true
"GRG043","GRG043","RivollatScienceAdvance2020",2020,"France_MN","Yonne, Gurgy ""les Noisats""","France",47.97,3.56,6450,"5000-4000 BCE",16,"GG",2,0,0,"Rhine-Danube",7600,true
"GRG050","GRG050","RivollatScienceAdvance2020",2020,"France_MN","Yonne, Gurgy ""les Noisats""","France",47.97,3.56,6450,"5000-4000 BCE",2,"GG",2,0,0,"Rhine-Danube",7600,true
"GRG052","GRG052","RivollatScienceAdvance2020",2020,"France_MN","Yonne, Gurgy ""les Noisats""","France",47.97,3.56,6450,"5000-4000 BCE",12,"GG",2,0,0,"Rhine-Danube",7600,true
"GRG056","GRG056","RivollatScienceAdvance2020",2020,"France_MN","France, Yonne, Gurgy ""les Noisats"" Family A (2 members) (GRG047-GRG056 are 2d/3d rels)","France",47.97,3.56,6450,"5000-4000 BCE",4,"GG",2,0,0,"Rhine-Danube",7600,true
"FLR014","FLR014","RivollatScienceAdvance2020",2020,"France_MN","Calvados, Fleury-sur-Orne","France",49.19,-0.38,6426,"4546-4368 calBCE (5650±30 BP, Beta-413164)",4,"GG",2,0,0,"British Isles",6100,true
"FLR001","FLR001","RivollatScienceAdvance2020",2020,"France_MN","Calvados, Fleury-sur-Orne","France",49.19,-0.38,6414,"4542-4367 calBCE (5640±30 BP, Beta-421634)",7,"GG",2,0,0,"British Isles",6100,true
"GRG016","GRG016","RivollatScienceAdvance2020",2020,"France_MN","France, Yonne, Gurgy ""les Noisats"" Family A (12 members) (we detect 21 2d/3d relative pairs: GRG008-GRG018, GRG023-GRG027, GRG021-GRG027, GRG018-GRG027, GRG023-GRG035, GRG016-GRG023, GRG016-GRG025, GRG016-GRG035, GRG016-GRG041, GRG015-GRG041, GRG008-GRG041, GRG018-GRG041, GRG021-GRG041, GRG023-GRG041, GRG027-GRG041, GRG035-GRG041, GRG057-GRG041, GRG057-GRG008, GRG057-GRG018, GRG057-GRG021, GRG057-GRG027)","France",47.97,3.56,6407,"4542-4363 calBCE (5635±35 BP, Lyon-4680, SacA-9832)",10,"GG",2,0,0,"Rhine-Danube",7600,true
"OBN009","OBN009","RivollatScienceAdvance2020",2020,"France_MN","Bas-Rhin, Obernai","France",48.46,7.48,6398,"4537-4364 calBCE (5628±25 BP, LTL-18529A)",8,"GG",2,0,0,"Rhine-Danube",7600,true
"OBN007","OBN007","RivollatScienceAdvance2020",2020,"France_MN","Bas-Rhin, Obernai","France",48.46,7.48,6377,"4536-4349 calBCE (5601±45 BP, LTL-18528A)",2,"GG",2,0,0,"Rhine-Danube",7600,true
"FLR003","FLR003","RivollatScienceAdvance2020",2020,"France_MN","Calvados, Fleury-sur-Orne","France",49.19,-0.38,6376,"4531-4356 calBCE (5610±30 BP, Beta-416656)",6,"GG",2,0,0,"British Isles",6100,true
"FLR013","FLR013","RivollatScienceAdvance2020",2020,"France_MN","Calvados, Fleury-sur-Orne","France",49.19,-0.38,6356,"4486-4350 calBCE (5580±30 BP, Beta-413162)",6,"GG",2,0,0,"British Isles",6100,true
"FLR010","FLR010","RivollatScienceAdvance2020",2020,"France_MN","Calvados, Fleury-sur-Orne","France",49.19,-0.38,6345,"4447-4346 calBCE (5550±30 BP, Beta-416659)",3,"GG",2,0,0,"British Isles",6100,true
"FLR007","FLR007","RivollatScienceAdvance2020",2020,"France_MN","Calvados, Fleury-sur-Orne","France",49.19,-0.38,6326,"4446-4331 calBCE (5520±30 BP, Beta-416662)",17,"GG",2,0,0,"British Isles",6100,true
"FLR005","FLR005","RivollatScienceAdvance2020",2020,"France_MN","Calvados, Fleury-sur-Orne","France",49.19,-0.38,6301,"4444-4262 calBCE (5500±30 BP, Beta-416661)",1,"G",1,0,0,"British Isles",6100,true
"LON003","LON003_LON004","MarcusNatureCommunications2020",2020,"Italy_Sardinia_N","Seulo, CA, Grutta I de Longu Fresu","Italy",39.87,9.2356,6274,"4442-4252 calBCE (5481±32 BP, MAMS-39524)",1,"G",1,0,0,"Mediterranean",8200,true
"BUCH2.SG","BUCH2","BrunelPNAS2020",2020,"France_GrandEst_MN.SG","Grand-Est (East), Buchères, PLA D39","France",48.23569,4.11263,6250,"4400-4200 BCE",1,"G",1,0,0,"Rhine-Danube",7600,true
"PRI001","PRI001","RivollatScienceAdvance2020",2020,"France_MN","Deux-Sèvres, Prissé-la-Charrière","France",46.15,-0.48,6218,"4342-4077 calBCE (5406±32 BP, OxA-15063)",1,"G",1,0,0,"Rhine-Danube",7600,true
"PRI006","PRI006","RivollatScienceAdvance2020",2020,"France_MN","Deux-Sèvres, Prissé-la-Charrière","France",46.15,-0.48,6150,"4300-4100 BCE",2,"GG",2,0,0,"Rhine-Danube",7600,true
"BERG157-7.SG","BERG157-7","BrunelPNAS2020",2020,"France_GrandEst_MN.SG","Grand-Est (East), Bergheim, Saulager","France",43.21817,2.4127,6112,"4319-4050 calBCE (5335±35 BP, Poz-53888)",1,"G",1,0,0,"Mediterranean",8200,true
"SID005","SID005","MarcusNatureCommunications2020",2020,"Italy_Sardinia_N","Ossi, SS, S'isteridolzu","Italy",40.624042,8.636695,6095,"4310-4047 calBCE (5316±31 BP, MAMS-39532)",1,"G",1,0,0,"Mediterranean",8200,true
"GRG032","GRG032","RivollatScienceAdvance2020",2020,"France_MN","Yonne, Gurgy ""les Noisats""","France",47.97,3.56,6088,"4310-3994 calBCE (5303±40 BP, Ly-12933)",9,"GG",2,0,0,"Rhine-Danube",7600,true
"BERG157-2.SG","BERG157-2","BrunelPNAS2020",2020,"France_GrandEst_MN.SG","Grand-Est (East), Bergheim, Saulager","France",43.21817,2.4127,6050,"4300-3900 BCE",1,"G",1,0,0,"Mediterranean",8200,true
"SRA62.SG","SRA62","CassidyNature2020",2020,"Ireland_Mesolithic.SG","Ireland, Leitrim, Sramore","Ireland",54.296993,-8.335987,6001,"4226-3961 calBCE (5227±36 BP, UB-15772)",21,"GG",2,0,0,"British Isles",6100,true
"FLR002","FLR002","RivollatScienceAdvance2020",2020,"France_MN","Calvados, Fleury-sur-Orne","France",49.19,-0.38,5972,"4214-3958 calBCE (5210±30 BP, Beta-416654)",2,"GG",2,0,0,"British Isles",6100,true
"I15946","I15946","FernandesNatureEcologyEvolution2020",2020,"Italy_Sardinia_N","Sardinia, Anghelu Ruju","Italy",40.626667,8.323056,5968,"4158-3958 calBCE (5205±30 BP, PSUAMS-6699)",5,"GG",2,0,0,"Mediterranean",8200,true
"SUC008","SUC008","MarcusNatureCommunications2020",2020,"Italy_Sardinia_N","Porto Torres, SAS, Su Crucifissu Mannu, t.22","Italy",40.810297,8.444178,5817,"3947-3779 calBCE (5042±21 BP, MAMS-38301)",4,"GG",2,0,0,"Mediterranean",8200,true
"I16168","I16168","FernandesNatureEcologyEvolution2020",2020,"Italy_Sardinia_N","Sardinia, Anghelu Ruju","Italy",40.626667,8.323056,5807,"3949-3714 calBCE (5035±25 BP, PSUAMS-6926)",2,"GG",2,0,0,"Mediterranean",8200,true
"ART042","ART042","SkourtaniontiCell2020",2020,"Turkey_Arslantepe_LateC","Malatya Province, Arslantepe","Turkey",38.381944,38.361111,5767,"3946-3659 calBCE (5014±29 BP, MAMS-34119)",17,"GG",2,0,0,"Outside Europe",6500,true
"PN10_PN113.SG","PN10_PN113","CassidyNature2020",2020,"Ireland_EN.SG","Ireland, Clare, Poulnabrone","Ireland",53.04866,-9.140049,5746,"3945-3656 calBCE (5004±31 BP, OxA-25950)",4,"GG",2,0,0,"British Isles",6100,true
"PN04.SG","PN04","CassidyNature2020",2020,"Ireland_EN.SG","Ireland, Clare, Poulnabrone","Ireland",53.04866,-9.140049,5742,"3946-3653 calBCE (4999±48 BP, UBA-38312)",2,"GG",2,0,0,"British Isles",6100,true
"PN05.SG","PN05","CassidyNature2020",2020,"Ireland_EN.SG","Ireland, Clare, Poulnabrone","Ireland",53.04866,-9.140049,5729,"3944-3651 calBCE (4992±40 BP, UBA-38308)",1,"G",1,0,0,"British Isles",6100,true
"PN107.SG","PN107","CassidyNature2020",2020,"Ireland_EN.SG","Ireland, Clare, Poulnabrone","Ireland",53.04866,-9.140049,5705,"3932-3653 calBCE (4983±30 BP, OxA-26052)",3,"GG",2,0,0,"British Isles",6100,true
"I16165","I16165","FernandesNatureEcologyEvolution2020",2020,"Italy_Sardinia_N","Sardinia, Sa Ucca de su Tintirriolu","Italy",40.410556,8.639722,5671,"3787-3652 calBCE (4960±25 BP, PSUAMS-6924)",5,"GG",2,0,0,"Mediterranean",8200,true
"ALX002","ALX002","SkourtaniontiCell2020",2020,"Azerbaijan_Caucasus_lowlands_LateC","Jalilabad district, Uchtepe village,  Alkhantepe","Azerbaijan",39.3607139,48.4613556,5660,"3776-3651 calBCE (4950 ± 23 BP, MAMS-40330)",1,"G",1,0,0,"Outside Europe",6500,true
"ART005","ART005","SkourtaniontiCell2020",2020,"Turkey_Arslantepe_LateC","Malatya Province, Arslantepe","Turkey",38.381944,38.361111,5650,"3772-3646 calBCE (4934±27 BP, MAMS-33535)",7,"GG",2,0,0,"Outside Europe",6500,true
"ASH3.SG","ASH3","CassidyNature2020",2020,"Ireland_EN_MN.SG","Ireland, Tipperary, Ashleypark","Ireland",52.93106,-8.187431,5609,"3764-3534 calBCE (4876±34 BP, UBA-38310)",3,"GG",2,0,0,"British Isles",6100,true
"I15947","I15947","FernandesNatureEcologyEvolution2020",2020,"Italy_Sardinia_N_contam","Sardinia, Anghelu Ruju","Italy",40.626667,8.323056,5575,"4200-3050 BCE",1,"G",1,0,0,"Mediterranean",8200,true
"PN112.SG","PN112","CassidyNature2020",2020,"Ireland_EN_MN.SG","Ireland, Clare, Poulnabrone","Ireland",53.04866,-9.140049,5558,"3704-3529 calBCE (4845±29 BP, OxA-25949)",4,"GG",2,0,0,"British Isles",6100,true
"PN02.SG","PN02","CassidyNature2020",2020,"Ireland_EN_MN.SG","Ireland, Clare, Poulnabrone","Ireland",53.04866,-9.140049,5546,"3706-3521 calBCE (4834±45 BP, UBA-38313)",3,"GG",2,0,0,"British Isles",6100,true
"PB357.SG","PB357","CassidyNature2020",2020,"Ireland_EN_MN.SG","Ireland, Clare, Parknabinnia","Ireland",52.985499,-9.111454,5545,"3654-3528 BCE (4835±28 BP) [R_combine: (4762±37 BP, UBA-38307;); (4917±40 BP, UBA-39192)]",3,"GG",2,0,0,"British Isles",6100,true
"CBT016","CBT016","SkourtaniontiCell2020",2020,"Turkey_CamlibelTarlasi_LateC","Çorum Province, Çamlıbel Tarlası","Turkey",40.019745,34.586129,5538,"3651-3528 calBCE (4828±29 BP, MAMS-41634)",5,"GG",2,0,0,"Other Europe",6500,true
"CBT004","CBT004","SkourtaniontiCell2020",2020,"Turkey_CamlibelTarlasi_LateC","Çorum Province, Çamlıbel Tarlası","Turkey",40.019745,34.586129,5526,"3634-3522 calBCE (4765±20 BP, MAMS-41628)",7,"GG",2,0,0,"Other Europe",6500,true
"CBT015","CBT015","SkourtaniontiCell2020",2020,"Turkey_CamlibelTarlasi_LateC","Çorum Province, Çamlıbel Tarlası","Turkey",40.019745,34.586129,5525,"3637-3526 calBCE (4787±28 BP, MAMS-41633)",3,"GG",2,0,0,"Other Europe",6500,true
"CBT014","CBT014","SkourtaniontiCell2020",2020,"Turkey_CamlibelTarlasi_LateC","Çorum Province, Çamlıbel Tarlası","Turkey",40.019745,34.586129,5518,"3637-3386 calBCE (4767±28 BP, MAMS-41632)",1,"G",1,0,0,"Other Europe",6500,true
"PB1794.SG","PB1794","CassidyNature2020",2020,"Ireland_MN.SG","Ireland, Clare, Parknabinnia","Ireland",52.985499,-9.111454,5486,"3642-3377 calBCE (4764±54 BP, UBA-39197)",1,"G",1,0,0,"British Isles",6100,true
"JP14.SG","JP14","CassidyNature2020",2020,"Ireland_MN_contam.SG","Ireland, Kilkenny, Jerpoint West","Ireland",52.521283,-7.165968,5483,"3702-3368 calBCE (4770±80 BP, OxA-2680)",20,"GG",2,0,0,"British Isles",6100,true
"CBT010","CBT010","SkourtaniontiCell2020",2020,"Turkey_CamlibelTarlasi_LateC","Çorum Province, Çamlıbel Tarlası","Turkey",40.019745,34.586129,5480,"3590-3470 BCE",3,"GG",2,0,0,"Other Europe",6500,true
"CBT011","CBT011","SkourtaniontiCell2020",2020,"Turkey_CamlibelTarlasi_LateC","Çorum Province, Çamlıbel Tarlası","Turkey",40.019745,34.586129,5480,"3590-3470 BCE",1,"G",1,0,0,"Other Europe",6500,true
"PB768.SG","PB768","CassidyNature2020",2020,"Ireland_MN.SG","Ireland, Clare, Parknabinnia","Ireland",52.985499,-9.111454,5475,"3639-3376 calBCE (4751±55 BP, UBA-38309)",1,"G",1,0,0,"British Isles",6100,true
"PB443.SG","PB443","CassidyNature2020",2020,"Ireland_MN.SG","Ireland, Clare, Parknabinnia","Ireland",52.985499,-9.111454,5474,"3634-3378 calBCE (4739±35 BP, UBA-38303)",3,"GG",2,0,0,"British Isles",6100,true
"BG72.SG","BG72","CassidyNature2020",2020,"Ireland_MN.SG","Ireland, Carlow, Baunogenasraid","Ireland",52.807364,-6.823305,5467,"3633-3377 calBCE (4735±35 BP, GrN-11362)",1,"G",1,0,0,"British Isles",6100,true
"PN03.SG","PN03","CassidyNature2020",2020,"Ireland_MN.SG","Ireland, Clare, Poulnabrone","Ireland",53.04866,-9.140049,5460,"3633-3376 calBCE (4732±43 BP, UBA-38317)",1,"G",1,0,0,"British Isles",6100,true
"PN06.SG","PN06","CassidyNature2020",2020,"Ireland_MN.SG","Ireland, Clare, Poulnabrone","Ireland",53.04866,-9.140049,5459,"3633-3376 calBCE (4731±42 BP, UBA-38311)",1,"G",1,0,0,"British Isles",6100,true
"CBT001","CBT001","SkourtaniontiCell2020",2020,"Turkey_CamlibelTarlasi_LateC","Çorum Province, Çamlıbel Tarlası","Turkey",40.019745,34.586129,5446,"3627-3377 calBCE (4725±20 BP, MAMS-41627)",3,"GG",2,0,0,"Other Europe",6500,true
"PB672.SG","PB672","CassidyNature2020",2020,"Ireland_MN.SG","Ireland, Clare, Parknabinnia","Ireland",52.985499,-9.111454,5442,"3628-3376 BCE (4722±27 BP) [R_combine: (4765±32 BP, UBA-35067;); (4636±45 BP, UBA-39193)]",3,"GG",2,0,0,"British Isles",6100,true
"PB2031.SG","PB2031","CassidyNature2020",2020,"Ireland_MN.SG","Ireland, Clare, Parknabinnia","Ireland",52.985499,-9.111454,5431,"3628-3373 calBCE (4712±35 BP, UBA-38304)",3,"GG",2,0,0,"British Isles",6100,true
"CBT005","CBT005","SkourtaniontiCell2020",2020,"Turkey_CamlibelTarlasi_LateC","Çorum Province, Çamlıbel Tarlası","Turkey",40.019745,34.586129,5415,"3623-3376 calBCE (4713±21 BP, MAMS-41629)",1,"G",1,0,0,"Other Europe",6500,true
"PB581.SG","PB581","CassidyNature2020",2020,"Ireland_MN.SG","Ireland, Clare, Parknabinnia","Ireland",52.985499,-9.111454,5413,"3625-3363 calBCE (4679±48 BP, UBA-38316)",1,"G",1,0,0,"British Isles",6100,true
"ART022","ART022","SkourtaniontiCell2020",2020,"Turkey_Arslantepe_LateC","Malatya Province, Arslantepe","Turkey",38.381944,38.361111,5413,"3641-3191 calBCE (4681±75 BP, MAMS-33546)",19,"GG",2,0,0,"Outside Europe",6500,true
"PB1327.SG","PB1327","CassidyNature2020",2020,"Ireland_MN.SG","Ireland, Clare, Parknabinnia","Ireland",52.985499,-9.111454,5407,"3626-3356 calBCE (4667±54 BP, UBA-39195)",1,"G",1,0,0,"British Isles",6100,true
"ANN1.SG","ANN1","CassidyNature2020",2020,"Ireland_MN.SG","Ireland, Limerick, Annagh","Ireland",52.67641,-8.455326,5405,"3637-3191 calBCE (4670±70 BP, GrA-1703)",2,"GG",2,0,0,"British Isles",6100,true
"ARD2.SG","ARD2","CassidyNature2020",2020,"Ireland_MN.SG","Ireland, Tipperary, Ardcrony","Ireland",52.934997,-8.154168,5401,"3599-3366 calBCE (4675±35 BP, GrN-9708)",3,"GG",2,0,0,"British Isles",6100,true
"PSS4693.SG","PSS4693","BrunelPNAS2020",2020,"France_GrandEst_MN.SG","Grand-Est (East), Pont-sur-Seine, Ferme de l'Ile","France",48.51852,3.59633,5396,"3605-3349 calBCE (4650±45 BP, GrA-46284)",1,"G",1,0,0,"Rhine-Danube",7600,true
"PB186.SG","PB186","CassidyNature2020",2020,"Ireland_MN.SG","Ireland, Clare, Parknabinnia","Ireland",52.985499,-9.111454,5393,"3516-3359 calBCE (4638±36 BP, UBA-35072)",2,"GG",2,0,0,"British Isles",6100,true
"ART019","ART019","SkourtaniontiCell2020",2020,"Turkey_Arslantepe_LateC","Malatya Province, Arslantepe","Turkey",38.381944,38.361111,5393,"3508-3354 calBCE (4623±24 BP, MAMS-33544)",2,"GG",2,0,0,"Outside Europe",6500,true
"PB754.SG","PB754","CassidyNature2020",2020,"Ireland_MN.SG","Ireland, Clare, Parknabinnia","Ireland",52.985499,-9.111454,5375,"3523-3193 calBCE (4622±41 BP, UBA-39196)",2,"GG",2,0,0,"British Isles",6100,true
"ART018","ART018","SkourtaniontiCell2020",2020,"Turkey_Arslantepe_LateC","Malatya Province, Arslantepe","Turkey",38.381944,38.361111,5260,"3491-3109 calBCE (4573±25 BP, MAMS-33543)",6,"GG",2,0,0,"Outside Europe",6500,true
"ART014","ART014","SkourtaniontiCell2020",2020,"Turkey_Arslantepe_LateC","Malatya Province, Arslantepe","Turkey",38.381944,38.361111,5255,"3491-3108 calBCE (4573±27 BP, MAMS-33540)",24,"GG",2,0,0,"Outside Europe",6500,true
"ART032","ART032","SkourtaniontiCell2020",2020,"Turkey_Arslantepe_LateC","Malatya Province, Arslantepe","Turkey",38.381944,38.361111,5254,"3486-3111 calBCE (4568±21 BP, MAMS-34110)",16,"GG",2,0,0,"Outside Europe",6500,true
"ART023","ART023","SkourtaniontiCell2020",2020,"Turkey_Arslantepe_LateC","Malatya Province, Arslantepe","Turkey",38.381944,38.361111,5227,"3487-3105 calBCE (4563±25 BP, MAMS-33547)",3,"GG",2,0,0,"Outside Europe",6500,true
"ART015","ART015","SkourtaniontiCell2020",2020,"Turkey_Arslantepe_LateC","Malatya Province, Arslantepe","Turkey",38.381944,38.361111,5212,"3482-3104 calBCE (4557±25 BP, MAMS-33541)",74,"GG",2,0,0,"Outside Europe",6500,true
"TGM009","TGM009","RivollatScienceAdvance2020",2020,"Germany_LN_oWHG","Saxony-Anhalt, Tangermünde","Germany",52.54,11.97,5208,"3483-3104 calBCE (4556±26 BP, MAMS-41243)",11,"GG",2,0,0,"Rhine-Danube",7600,true
"MA89","JK2804","MarcusNatureCommunications2020",2020,"Italy_Sardinia_C_o","Carbonia, CI, Cannas di Sotto, t. 12","Italy",39.1632,8.5326,5198,"3371-3103 calBCE (4551±26 BP, MAMS-26903)",7,"GG",2,0,0,"Mediterranean",8200,true
"MB6.SG","MB6","CassidyNature2020",2020,"Ireland_MN.SG","Ireland, Down, Millin Bay, Keentagh Td.","Ireland",54.363818,-5.486033,5192,"3494-3036 calBCE (4548±51 BP, UBA-35071)",2,"GG",2,0,0,"British Isles",6100,true
"ART027","ART027","SkourtaniontiCell2020",2020,"Turkey_Arslantepe_LateC","Malatya Province, Arslantepe","Turkey",38.381944,38.361111,5190,"3369-3103 calBCE (4546±25 BP, MAMS-33550)",11,"GG",2,0,0,"Outside Europe",6500,true
"ART020","ART020","SkourtaniontiCell2020",2020,"Turkey_Arslantepe_LateC","Malatya Province, Arslantepe","Turkey",38.381944,38.361111,5177,"3366-3102 calBCE (4536±25 BP, MAMS-33545)",37,"GG",2,0,0,"Outside Europe",6500,true
"PB675.SG","PB675","CassidyNature2020",2020,"Ireland_MN.SG","Ireland, Clare, Parknabinnia","Ireland",52.985499,-9.111454,5171,"3362-3102 BCE (4527±27 BP) [R_combine: (4394±35 BP, UBA-35064;); (4707±42 BP, UBA-39194)]",21,"GG",2,0,0,"British Isles",6100,true
"ART017","ART017","SkourtaniontiCell2020",2020,"Turkey_Arslantepe_LateC","Malatya Province, Arslantepe","Turkey",38.381944,38.361111,5166,"3357-3101 calBCE (4516±25 BP, MAMS-33542)",15,"GG",2,0,0,"Outside Europe",6500,true
"ART026","ART026","SkourtaniontiCell2020",2020,"Turkey_Arslantepe_LateC","Malatya Province, Arslantepe","Turkey",38.381944,38.361111,5163,"3347-3092 calBCE (4491±26 BP, MAMS-33549)",21,"GG",2,0,0,"Outside Europe",6500,true
"ART012","ART012","SkourtaniontiCell2020",2020,"Turkey_Arslantepe_LateC","Malatya Province, Arslantepe","Turkey",38.381944,38.361111,5159,"3340-3032 calBCE (4479±26 BP, MAMS-33539)",30,"GG",2,0,0,"Outside Europe",6500,true
"NG10.SG","NG10","CassidyNature2020",2020,"Ireland_MN.SG","Ireland, Meath, Newgrange, Main Chamber","Ireland",53.694833,-6.475696,5151,"3339-3028 calBCE (4473±29 BP, OxA-36079)",24,"GG",2,0,0,"British Isles",6100,true
"GNM1076.SG","GNM1076","CassidyNature2020",2020,"Ireland_MN.SG","Ireland, Mayo, Glennamong","Ireland",53.9697,-9.632,5135,"3366-2935 calBCE (4488±62 BP, UBA-37807)",1,"G",1,0,0,"British Isles",6100,true
"NGZ1.SG","NGZ1","CassidyNature2020",2020,"Ireland_MN.SG","Ireland, Meath, Site Z, Newgrange","Ireland",53.69525,-6.475104,5024,"3322-2921 calBCE (4421±30 BP, OxA-36080)",1,"G",1,0,0,"British Isles",6100,true
"CAK533.SG","CAK533","CassidyNature2020",2020,"Ireland_LN.SG","Ireland, Sligo, Carrowkeel","Ireland",54.058617,-8.382059,4926,"3087-2902 calBCE (4360±31 BP, OxA-35327)",2,"GG",2,0,0,"British Isles",6100,true
"CAK532.SG","CAK532","CassidyNature2020",2020,"Ireland_LN.SG","Ireland, Sligo, Carrowkeel","Ireland",54.058617,-8.382059,4892,"3013-2890 calBCE (4321±30 BP, OxA-35326)",2,"GG",2,0,0,"British Isles",6100,true
"CAK531.SG","CAK531","CassidyNature2020",2020,"Ireland_LN.SG","Ireland, Sligo, Carrowkeel","Ireland",54.058617,-8.382059,4701,"2883-2625 calBCE (4160±38 BP, UBA-38306)",1,"G",1,0,0,"British Isles",6100,true
"ART011","ART011","SkourtaniontiCell2020",2020,"Turkey_Arslantepe_EBA","Malatya Province, Arslantepe","Turkey",38.381944,38.361111,4640,"2860-2506 calBCE (4103±25 BP, MAMS-33538)",14,"GG",2,0,0,"Outside Europe",6500,true
"ART010","ART010","SkourtaniontiCell2020",2020,"Turkey_Arslantepe_EBA","Malatya Province, Arslantepe","Turkey",38.381944,38.361111,4625,"2857-2501 calBCE (4095±26 BP, MAMS-33537)",17,"GG",2,0,0,"Outside Europe",6500,true
"I11443","I11443","FernandesNatureEcologyEvolution2020",2020,"Italy_Sicily_EBA_o2","Sicily, Buffa","Italy",37.908,13.478,4623,"2872-2476 calBCE (4090±60 BP, OxA-32773)",10,"GG",2,0,0,"Mediterranean",8200,true
"ART009","ART009","SkourtaniontiCell2020",2020,"Turkey_Arslantepe_EBA","Malatya Province, Arslantepe","Turkey",38.381944,38.361111,4553,"2838-2495 calBCE (4069±20 BP, MAMS-37487)",36,"GG",2,0,0,"Outside Europe",6500,true
"ETM010","ETM010","SkourtaniontiCell2020",2020,"Syria_Ebla_EMBA","Idlib Governorate, Tell Mardikh/Ebla","Syria",35.798,36.798,4550,"2700-2500 BCE",8,"GG",2,0,0,"Outside Europe",6500,true
"CAK68.SG","CAK68","CassidyNature2020",2020,"Ireland_LN.SG","Ireland, Sligo, Carrowkeel","Ireland",54.058617,-8.382059,4503,"2834-2466 calBCE (4031±37 BP, UBA-30808)",1,"G",1,0,0,"British Isles",6100,true
"ETM012","ETM012","SkourtaniontiCell2020",2020,"Syria_Ebla_EMBA","Idlib Governorate, Tell Mardikh/Ebla","Syria",35.798,36.798,4470,"2574-2467 calBCE (3997±25 BP, MAMS-41114)",3,"GG",2,0,0,"Outside Europe",6500,true
"CBV95.SG","CBV95","BrunelPNAS2020",2020,"France_HautsDeFrance_LN.SG","Hauts-de-France (North), Ciry_Salsogne, La Bouche-à-Vesle","France",49.36232,3.46272,4447,"2575-2350 calBCE (3970±30 BP, GrA-32767)",1,"G",1,0,0,"Rhine-Danube",7600,true
"I16164","I16164","FernandesNatureEcologyEvolution2020",2020,"Italy_Sardinia_C","Sardinia, Sa Ucca de su Tintirriolu","Italy",40.410556,8.639722,4415,"2571-2343 calBCE (3955±30 BP, PSUAMS-6695)",1,"G",1,0,0,"Mediterranean",8200,true
"pcw040.SG","pcw040","LinderholmNatureScientificReports2020",2020,"Poland_Southeast_CordedWare.SG","Southeastern Poland, Święte","Poland",49.916111,22.860833,4400,"2571-2305 calBCE (3950±35 BP, Poz-90777)",5,"GG",2,0,0,"Rhine-Danube",7600,true
"SEC002","I18968","MarcusNatureCommunications2020",2020,"Italy_Sardinia_LateC","Sennori, SS, Serra Crabiles, t.3","Italy",40.786192,8.595815,4352,"2470-2306 calBCE (3917±19 BP, MAMS-38290)",8,"GG",2,0,0,"Mediterranean",8200,true
"SEC005","I18967","MarcusNatureCommunications2020",2020,"Italy_Sardinia_LateC","Sennori, SS, Serra Crabiles, t.3","Italy",40.786192,8.595815,4348,"2469-2306 calBCE (3912±20 BP, MAMS-38292)",2,"GG",2,0,0,"Mediterranean",8200,true
"VK531.SG","VK531","MargaryanWillerslevNature2020",2020,"Norway_LN_BA.SG","Nor North, Troms","Norway",69.47,18,4347,"2559-2290 calBCE (3918±36 BP, UBA-36964)",1,"G",1,0,0,"Outside Europe",6500,true
"ART001","ART001","SkourtaniontiCell2020",2020,"Turkey_Arslantepe_EBA","Malatya Province, Arslantepe","Turkey",38.381944,38.361111,4342,"2469-2298 calBCE (3908±26 BP, MAMS-33533)",18,"GG",2,0,0,"Outside Europe",6500,true
"SEC004","SEC004","MarcusNatureCommunications2020",2020,"Italy_Sardinia_LateC","Sennori, SS, Serra Crabiles, t.3","Italy",40.786192,8.595815,4337,"2463-2299 calBCE (3894±19 BP, MAMS-38291)",2,"GG",2,0,0,"Mediterranean",8200,true
"SEC006","SEC006","MarcusNatureCommunications2020",2020,"Italy_Sardinia_LateC","Sennori, SS, Serra Crabiles, t.3","Italy",40.786192,8.595815,4331,"2461-2297 calBCE (3888±19 BP, MAMS-38293)",5,"GG",2,0,0,"Mediterranean",8200,true
"I14677","I14677","FernandesNatureEcologyEvolution2020",2020,"Italy_Sardinia_C_MonteClaro","Sardinia, Serra Cabriles","Italy",40.789722,8.591389,4329,"2464-2294 calBCE (3890±25 BP, PSUAMS-6691)",9,"GG",2,0,0,"Mediterranean",8200,true
"pcw061.SG","pcw061","LinderholmNatureScientificReports2020",2020,"Poland_Southeast_CordedWare.SG","Southeastern Poland, Święte","Poland",49.916111,22.860833,4321,"2469-2211 calBCE (3890±35 BP, Poz-90780)",2,"GG",2,0,0,"Rhine-Danube",7600,true
"pcw070.SG","pcw070","LinderholmNatureScientificReports2020",2020,"Poland_Southeast_CordedWare.SG","Southeastern Poland, Święte","Poland",49.916111,22.860833,4321,"2469-2211 calBCE (3890±35 BP, Poz-90875)",1,"G",1,0,0,"Rhine-Danube",7600,true
"SUC007","SUC007","MarcusNatureCommunications2020",2020,"Italy_Sardinia_EBA","Porto Torres, SAS, Su Crucifissu Mannu, t.16","Italy",40.810297,8.444178,4321,"2462-2290 calBCE (3880±22 BP, MAMS-38300)",7,"GG",2,0,0,"Mediterranean",8200,true
"pcw362.SG","pcw362","LinderholmNatureScientificReports2020",2020,"Poland_Southeast_CordedWare.SG","Southeastern Poland, Łubcze","Poland",50.456111,23.661944,4305,"2465-2209 calBCE (3875±35 BP, Poz-90899)",7,"GG",2,0,0,"Other Europe",6500,true
"pcw211.SG","pcw211","LinderholmNatureScientificReports2020",2020,"Poland_Southeast_CordedWare.SG","Southeastern Poland, Chłopice","Poland",49.957222,22.660278,4300,"2500-2200 BCE",1,"G",1,0,0,"Rhine-Danube",7600,true
"pcw361.SG","pcw361","LinderholmNatureScientificReports2020",2020,"Poland_Southeast_CordedWare.SG","Southeastern Poland, Łubcze","Poland",50.456111,23.661944,4300,"2500-2200 BCE",3,"GG",2,0,0,"Other Europe",6500,true
"I15942","I15942","FernandesNatureEcologyEvolution2020",2020,"Italy_Sardinia_C","Sardinia, Anghelu Ruju","Italy",40.626667,8.323056,4297,"2459-2209 calBCE (3865±25 BP, PSUAMS-6694)",2,"GG",2,0,0,"Mediterranean",8200,true
"ETM023","ETM023","SkourtaniontiCell2020",2020,"Syria_Ebla_EMBA","Idlib Governorate, Tell Mardikh/Ebla","Syria",35.798,36.798,4275,"2350-2300 BCE",2,"GG",2,0,0,"Outside Europe",6500,true
"pcw280.SG","pcw280","LinderholmNatureScientificReports2020",2020,"Poland_Southeast_BellBeaker.SG","Southeastern Poland, Pełczyska","Poland",50.356111,20.571389,4250,"2500-2100 BCE",1,"G",1,0,0,"Rhine-Danube",7600,true
"I14678","I14678","FernandesNatureEcologyEvolution2020",2020,"Italy_Sardinia_C_MonteClaro","Sardinia, Serra Cabriles","Italy",40.789722,8.591389,4247,"2454-2201 calBCE (3840±25 BP, PSUAMS-6692)",21,"GG",2,0,0,"Mediterranean",8200,true
"pcw260.SG","pcw260","LinderholmNatureScientificReports2020",2020,"Poland_Southeast_BellBeaker.SG","Southeastern Poland, Pełczyska","Poland",50.356111,20.571389,4237,"2455-2147 calBCE (3830±35 BP, Poz-34734)",3,"GG",2,0,0,"Rhine-Danube",7600,true
"SEC001","I18970","MarcusNatureCommunications2020",2020,"Italy_Sardinia_LateC","Sennori, SS, Serra Crabiles, t.3","Italy",40.786192,8.595815,4237,"2452-2200 calBCE (3835±25 BP, MAMS-38289)",10,"GG",2,0,0,"Mediterranean",8200,true
"I8561","I8561","FernandesNatureEcologyEvolution2020",2020,"Italy_Sicily_EBA_o1","Sicily, Isnello","Italy",37.95,14.083333,4212,"2399-2153 calBCE (3825±20 BP, PSUAMS-4873)",21,"GG",2,0,0,"Mediterranean",8200,true
"I15940","I15940","FernandesNatureEcologyEvolution2020",2020,"Italy_Sardinia_C_oAfrican","Sardinia, Anghelu Ruju","Italy",40.626667,8.323056,4203,"2397-2146 calBCE (3815±25 BP, PSUAMS-6697)",2,"GG",2,0,0,"Mediterranean",8200,true
"I15941","I15941","FernandesNatureEcologyEvolution2020",2020,"Italy_Sardinia_C","Sardinia, Anghelu Ruju","Italy",40.626667,8.323056,4196,"2343-2144 calBCE (3810±25 BP, PSUAMS-6693)",6,"GG",2,0,0,"Mediterranean",8200,true
"I4521","I4521","AgranatTamirCell2020",2020,"Israel_IBA","Megiddo, Jezreel Valley","Israel",32.58472222,35.01694444,4194,"2340-2146 calBCE (3810±20 BP, PSUAMS-2167)",4,"GG",2,0,0,"Outside Europe",6500,true
"I16169","I16169","FernandesNatureEcologyEvolution2020",2020,"Italy_Sardinia_C","Sardinia, Anghelu Ruju","Italy",40.626667,8.323056,4177,"2334-2140 calBCE (3795±25 BP, PSUAMS-6934)",4,"GG",2,0,0,"Mediterranean",8200,true
"ISC001","ISC001","MarcusNatureCommunications2020",2020,"Italy_Sardinia_EBA_Nuragic","Usini, SS, S’Iscia ‘e sas Piras","Italy",40.663405,8.538646,4175,"2297-2139 calBCE (3794±25 BP, MAMS-38277)",5,"GG",2,0,0,"Mediterranean",8200,true
"SUC005","SUC005","MarcusNatureCommunications2020",2020,"Italy_Sardinia_EBA","Porto Torres, SAS, Su Crucifissu Mannu, t.16","Italy",40.810297,8.444178,4146,"2288-2136 calBCE (3774±20 BP, MAMS-38298)",6,"GG",2,0,0,"Mediterranean",8200,true
"I3123","I3123","FernandesNatureEcologyEvolution2020",2020,"Italy_Sicily_EBA","Sicily, Buffa","Italy",37.908,13.478,4121,"2287-2041 calBCE (3760±30 BP, PSUAMS-3892)",21,"GG",2,0,0,"Mediterranean",8200,true
"I11442","I11442","FernandesNatureEcologyEvolution2020",2020,"Italy_Sicily_EBA","Sicily, Buffa","Italy",37.908,13.478,4120,"2276-2060 BCE (3758±15 BP) [R_combine: (3750±20 BP, PSUAMS-4547); (3765±20 BP, PSUAMS-4620)]",11,"GG",2,0,0,"Mediterranean",8200,true
"SUA002","JK2716","MarcusNatureCommunications2020",2020,"Italy_Sardinia_EBA","Seulo, CA, Riparo sotto roccia Su Asedazzu","Italy",39.87,9.2356,4076,"2274-2032 calBCE (3732±30 BP, MAMS-28655)",9,"GG",2,0,0,"Mediterranean",8200,true
"I3122","I3122","FernandesNatureEcologyEvolution2020",2020,"Italy_Sicily_EBA","Sicily, Buffa","Italy",37.908,13.478,4073,"2272-2032 calBCE (3730±30 BP, PSUAMS-1985)",22,"GG",2,0,0,"Mediterranean",8200,true
"I14676_published","I14676","FernandesNatureEcologyEvolution2020",2020,"Italy_Sardinia_C_MonteClaro_published","Sardinia, Serra Cabriles","Italy",40.789722,8.591389,4053,"2200-2030 calBCE (3715±25 BP, PSUAMS-6690)",13,"GG",2,0,0,"Mediterranean",8200,true
"PSS4170.SG","PSS4170","BrunelPNAS2020",2020,"France_GrandEst_EBA.SG","Grand-Est (East), Pont-sur-Seine, Pont-sur-Seine","France",48.51852,3.59633,4030,"2197-1975 calBCE (3690±30 BP, Beta-490471)",1,"G",1,0,0,"Rhine-Danube",7600,true
"I14675","I14675","FernandesNatureEcologyEvolution2020",2020,"Italy_Sardinia_C_MonteClaro","Sardinia, Serra Cabriles","Italy",40.789722,8.591389,4021,"2191-1973 calBCE (3680±25 BP, PSUAMS-6689)",3,"GG",2,0,0,"Mediterranean",8200,true
"SUC001","SUC001","MarcusNatureCommunications2020",2020,"Italy_Sardinia_EBA","Porto Torres, SAS, Su Crucifissu Mannu, t.16","Italy",40.810297,8.444178,4020,"2141-1975 calBCE (3677±21 BP, MAMS-38294)",1,"G",1,0,0,"Mediterranean",8200,true
"I3743","I3743","FernandesNatureEcologyEvolution2020",2020,"Italy_Sardinia_EBA","Sardinia, Seulo","Italy",39.866642,9.233355,3985,"2136-1946 calBCE (3655±25 BP, PSUAMS-2076)",2,"GG",2,0,0,"Mediterranean",8200,true
"SUC003","SUC003","MarcusNatureCommunications2020",2020,"Italy_Sardinia_EBA","Porto Torres, SAS, Su Crucifissu Mannu, t.16","Italy",40.810297,8.444178,3963,"2131-1941 calBCE (3643±20 BP, MAMS-38296)",6,"GG",2,0,0,"Mediterranean",8200,true
"ALA024","ALA024","SkourtaniontiCell2020",2020,"Turkey_Alalakh_MLBA","Hatay Province, Tell Atchana/Alalakh","Turkey",36.23778,36.38472,3889,"2115-1776 calBCE (3586±39 BP, MAMS-33690)",1,"G",1,0,0,"Outside Europe",6500,true
"MA85","JK2742","MarcusNatureCommunications2020",2020,"Italy_Sardinia_EBA_o","Seulo, CA, Su Stampu Erdi","Italy",39.87,9.2356,3881,"2026-1783 calBCE (3579±27 BP, OxA-22649)",1,"G",1,0,0,"Mediterranean",8200,true
"ALA015","ALA015","SkourtaniontiCell2020",2020,"Turkey_Alalakh_MLBA","Hatay Province, Tell Atchana/Alalakh","Turkey",36.23778,36.38472,3861,"2018-1778 calBCE (3566±26 BP, MAMS-33683)",7,"GG",2,0,0,"Outside Europe",6500,true
"I10268","I10268","AgranatTamirCell2020",2020,"Israel_MLBA","Megiddo, Jezreel Valley","Israel",32.58472222,35.01694444,3853,"2010-1779 calBCE (3560±20 BP, OS-139225)",3,"GG",2,0,0,"Outside Europe",6500,true
"ETM006","ETM006","SkourtaniontiCell2020",2020,"Syria_Ebla_EMBA","Idlib Governorate, Tell Mardikh/Ebla","Syria",35.798,36.798,3850,"2000-1800 BCE",1,"G",1,0,0,"Outside Europe",6500,true
"ETM015","ETM015","SkourtaniontiCell2020",2020,"Syria_Ebla_EMBA_lc","Idlib Governorate, Tell Mardikh/Ebla","Syria",35.798,36.798,3850,"2000-1800 BCE",4,"AA",2,2,1,"Outside Europe",6500,true
"ALA084","ALA084","SkourtaniontiCell2020",2020,"Turkey_Alalakh_MLBA","Hatay Province, Tell Atchana/Alalakh","Turkey",36.23778,36.38472,3844,"2012-1775 calBCE (3556±25 BP, MAMS-41108)",1,"G",1,0,0,"Outside Europe",6500,true
"I3124","I3124","FernandesNatureEcologyEvolution2020",2020,"Italy_Sicily_EBA","Sicily, Buffa","Italy",37.908,13.478,3824,"1949-1774 calBCE (3545±20 BP, PSUAMS-4317)",13,"GG",2,0,0,"Mediterranean",8200,true
"ALA095","ALA095","SkourtaniontiCell2020",2020,"Turkey_Alalakh_MLBA","Hatay Province, Tell Atchana/Alalakh","Turkey",36.23778,36.38472,3780,"1922-1750 calBCE (3516±25 BP, MAMS-41109)",5,"GG",2,0,0,"Outside Europe",6500,true
"LON001","JK2723","MarcusNatureCommunications2020",2020,"Italy_Sardinia_EBA","Seulo, CA, Grutta I de Longu Fresu","Italy",39.87,9.2356,3775,"1921-1746 calBCE (3509±28 BP, MAMS-28657)",12,"GG",2,0,0,"Mediterranean",8200,true
"ALA004","ALA004","SkourtaniontiCell2020",2020,"Turkey_Alalakh_MLBA","Hatay Province, Tell Atchana/Alalakh","Turkey",36.23778,36.38472,3773,"1896-1746 calBCE (3507±23 BP, MAMS-33677)",7,"GG",2,0,0,"Outside Europe",6500,true
"ALA037","ALA037","SkourtaniontiCell2020",2020,"Turkey_Alalakh_MLBA","Hatay Province, Tell Atchana/Alalakh","Turkey",36.23778,36.38472,3754,"1882-1700 calBCE (3477±24 BP, MAMS-33698)",2,"GG",2,0,0,"Outside Europe",6500,true
"ALA008","ALA008","SkourtaniontiCell2020",2020,"Turkey_Alalakh_MLBA","Hatay Province, Tell Atchana/Alalakh","Turkey",36.23778,36.38472,3752,"1881-1698 calBCE (3473±23 BP, MAMS-33678)",13,"GG",2,0,0,"Outside Europe",6500,true
"I10092","I10092","AgranatTamirCell2020",2020,"Israel_MLBA","Megiddo, Jezreel Valley","Israel",32.58472222,35.01694444,3750,"1900-1700 BCE",1,"G",1,0,0,"Outside Europe",6500,true
"I10093","I10093","AgranatTamirCell2020",2020,"Israel_MLBA","Megiddo, Jezreel Valley","Israel",32.58472222,35.01694444,3750,"1900-1700 BCE",2,"GG",2,0,0,"Outside Europe",6500,true
"I10264","I10264","AgranatTamirCell2020",2020,"Israel_MLBA","Megiddo, Jezreel Valley","Israel",32.58472222,35.01694444,3750,"1881-1697 calBCE (3470±20 BP, OS-139224)",1,"G",1,0,0,"Outside Europe",6500,true
"I4420_all","I4420","FernandesNatureEcologyEvolution2020",2020,"Spain_MBA_Formentera_all","Balearic Islands, Formentera, Cova 127","Spain",38.686574,1.421209,3748,"1879-1697 BCE (3466±16 BP) [R_combine: (3454±26 BP, D-AMS018425); (3473±20 BP, MAMS-22647)]",15,"GG",2,0,0,"Mediterranean",8200,true
"ALA029","ALA029","SkourtaniontiCell2020",2020,"Turkey_Alalakh_MLBA","Hatay Province, Tell Atchana/Alalakh","Turkey",36.23778,36.38472,3743,"1881-1693 calBCE (3465±26 BP, MAMS-33694)",9,"GG",2,0,0,"Outside Europe",6500,true
"ISB001","JK2739","MarcusNatureCommunications2020",2020,"Italy_Sardinia_EBA","Sardinia, Seulo, CA, Su Grutta ’e is Bittuleris","Italy",39.87,9.2356,3735,"1882-1690 calBCE (3460±29 BP, MAMS-28658)",16,"GG",2,0,0,"Mediterranean",8200,true
"ALA013","ALA013","SkourtaniontiCell2020",2020,"Turkey_Alalakh_MLBA","Hatay Province, Tell Atchana/Alalakh","Turkey",36.23778,36.38472,3734,"1880-1690 calBCE (3457±24 BP, MAMS-33681)",44,"GG",2,0,0,"Outside Europe",6500,true
"I7796","I7796","FernandesNatureEcologyEvolution2020",2020,"Italy_Sicily_EBA","Sicily, Contrada Paolina, Castellucciana","Italy",36.8831,14.5712,3731,"1880-1689 calBCE (3455±25 BP, PSUAMS-6465)",1,"G",1,0,0,"Mediterranean",8200,true
"I7182","I7182","AgranatTamirCell2020",2020,"Israel_MLBA","Yehud","Israel",32.032436,34.890611,3725,"2000-1550 BCE",1,"G",1,0,0,"Outside Europe",6500,true
"ALA025","ALA025","SkourtaniontiCell2020",2020,"Turkey_Alalakh_MLBA","Hatay Province, Tell Atchana/Alalakh","Turkey",36.23778,36.38472,3711,"1879-1641 calBCE (3443±25 BP, MAMS-33691)",4,"GG",2,0,0,"Outside Europe",6500,true
"ALA028","ALA028","SkourtaniontiCell2020",2020,"Turkey_Alalakh_MLBA","Hatay Province, Tell Atchana/Alalakh","Turkey",36.23778,36.38472,3705,"1878-1636 calBCE (3440±26 BP, MAMS-33693)",12,"GG",2,0,0,"Outside Europe",6500,true
"ALA034","ALA034","SkourtaniontiCell2020",2020,"Turkey_Alalakh_MLBA","Hatay Province, Tell Atchana/Alalakh","Turkey",36.23778,36.38472,3697,"1876-1635 calBCE (3436±24 BP, MAMS-33696)",8,"GG",2,0,0,"Outside Europe",6500,true
"I8187","I8187","AgranatTamirCell2020",2020,"Israel_MLBA","Megiddo, Jezreel Valley","Israel",32.58472222,35.01694444,3675,"1800-1650 BCE",1,"G",1,0,0,"Outside Europe",6500,true
"SUC009","I18945","MarcusNatureCommunications2020",2020,"Italy_Sardinia_EBA","Porto Torres, SAS, Su Crucifissu Mannu, t.22","Italy",40.810297,8.444178,3667,"1867-1631 calBCE (3421±20 BP, MAMS-38302)",2,"GG",2,0,0,"Mediterranean",8200,true
"I3965","I3965","AgranatTamirCell2020",2020,"Israel_MLBA","Hazor","Israel",32.7,35.2,3650,"1800-1600 BCE",5,"GG",2,0,0,"Outside Europe",6500,true
"I3966","I3966","AgranatTamirCell2020",2020,"Israel_MLBA","Hazor","Israel",32.7,35.2,3650,"1800-1600 BCE",6,"GG",2,0,0,"Outside Europe",6500,true
"ALA014","ALA014","SkourtaniontiCell2020",2020,"Turkey_Alalakh_MLBA","Hatay Province, Tell Atchana/Alalakh","Turkey",36.23778,36.38472,3629,"1743-1621 calBCE (3392±23 BP, MAMS-33682)",7,"GG",2,0,0,"Outside Europe",6500,true
"ALA026","ALA026","SkourtaniontiCell2020",2020,"Turkey_Alalakh_MLBA","Hatay Province, Tell Atchana/Alalakh","Turkey",36.23778,36.38472,3627,"1746-1616 calBCE (3390±25 BP, MAMS-33692)",25,"GG",2,0,0,"Outside Europe",6500,true
"ALA011","ALA011","SkourtaniontiCell2020",2020,"Turkey_Alalakh_MLBA","Hatay Province, Tell Atchana/Alalakh","Turkey",36.23778,36.38472,3620,"1743-1614 calBCE (3382±23 BP, MAMS-33680)",17,"GG",2,0,0,"Outside Europe",6500,true
"RIX15.SG","RIX15","BrunelPNAS2020",2020,"France_GrandEst_EBA.SG","Grand-Est (East), Rixheim, Zac du Petit Prince","France",47.74437,7.39683,3600,"1700-1600 BCE",1,"G",1,0,0,"Rhine-Danube",7600,true
"I10106","I10106","AgranatTamirCell2020",2020,"Israel_MLBA","Megiddo, Jezreel Valley","Israel",32.58472222,35.01694444,3550,"1700-1500 BCE",2,"GG",2,0,0,"Outside Europe",6500,true
"I10100","I10100","AgranatTamirCell2020",2020,"Israel_MLBA_o","Megiddo, Jezreel Valley","Israel",32.58472222,35.01694444,3548,"1686-1534 calBCE (3338±21 BP, RTK-7899)",1,"G",1,0,0,"Outside Europe",6500,true
"I4109","I4109","FernandesNatureEcologyEvolution2020",2020,"Italy_Sicily_MBA_o3","Sicily, Buffa","Italy",37.908,13.478,3516,"1618-1510 calBCE (3300±25 BP, PSUAMS-1949)",20,"GG",2,0,0,"Mediterranean",8200,true
"ALA019","ALA019","SkourtaniontiCell2020",2020,"Turkey_Alalakh_MLBA_outlier","Hatay Province, Tell Atchana/Alalakh","Turkey",36.23778,36.38472,3514,"1616-1510 calBCE (3298±23 BP, MAMS-33687)",11,"GG",2,0,0,"Outside Europe",6500,true
"I10359","I10359","AgranatTamirCell2020",2020,"Israel_MLBA_in.preparation","Megiddo, Jezreel Valley","Israel",32.58472222,35.01694444,3512,"1614-1511 calBCE (3295±20 BP, PSUAMS-4852)",1,"G",1,0,0,"Outside Europe",6500,true
"ALA016","ALA016","SkourtaniontiCell2020",2020,"Turkey_Alalakh_MLBA","Hatay Province, Tell Atchana/Alalakh","Turkey",36.23778,36.38472,3503,"1614-1504 calBCE (3284±24 BP, MAMS-33684)",2,"GG",2,0,0,"Outside Europe",6500,true
"I10097","I10097","AgranatTamirCell2020",2020,"Israel_MLBA","Megiddo, Jezreel Valley","Israel",32.58472222,35.01694444,3500,"1600-1500 BCE",2,"GG",2,0,0,"Outside Europe",6500,true
"I10099","I10099","AgranatTamirCell2020",2020,"Israel_MLBA","Megiddo, Jezreel Valley","Israel",32.58472222,35.01694444,3500,"1600-1500 BCE",3,"GG",2,0,0,"Outside Europe",6500,true
"I10263","I10263","AgranatTamirCell2020",2020,"Israel_MLBA_in.preparation","Megiddo, Jezreel Valley","Israel",32.58472222,35.01694444,3500,"1600-1500 BCE",2,"GG",2,0,0,"Outside Europe",6500,true
"I10768","I10768","AgranatTamirCell2020",2020,"Israel_MLBA","Megiddo, Jezreel Valley","Israel",32.58472222,35.01694444,3500,"1600-1500 BCE",1,"G",1,0,0,"Outside Europe",6500,true
"I2200","I2200","AgranatTamirCell2020",2020,"Israel_MLBA_o","Megiddo, Jezreel Valley","Israel",32.58472222,35.01694444,3500,"1600-1500 BCE",5,"GG",2,0,0,"Outside Europe",6500,true
"I4525","I4525","AgranatTamirCell2020",2020,"Israel_MLBA","Megiddo, Jezreel Valley","Israel",32.58472222,35.01694444,3500,"1600-1500 BCE",1,"G",1,0,0,"Outside Europe",6500,true
"I3125","I3125","FernandesNatureEcologyEvolution2020",2020,"Italy_Sicily_MBA_o2","Sicily, Buffa","Italy",37.908,13.478,3490,"1612-1501 calBCE (3275±20 BP, PSUAMS-4318)",28,"GG",2,0,0,"Mediterranean",8200,true
"ALA017","ALA017","SkourtaniontiCell2020",2020,"Turkey_Alalakh_MLBA","Hatay Province, Tell Atchana/Alalakh","Turkey",36.23778,36.38472,3478,"1611-1456 calBCE (3264±23 BP, MAMS-33685)",6,"GG",2,0,0,"Outside Europe",6500,true
"ALA030","ALA030","SkourtaniontiCell2020",2020,"Turkey_Alalakh_MLBA","Hatay Province, Tell Atchana/Alalakh","Turkey",36.23778,36.38472,3467,"1610-1448 calBCE (3256±25 BP, MAMS-33695)",14,"GG",2,0,0,"Outside Europe",6500,true
"I16161","I16161","FernandesNatureEcologyEvolution2020",2020,"Italy_Sardinia_MBA","Sardinia, Anghelu Ruju","Italy",40.626667,8.323056,3434,"1534-1438 calBCE (3230±25 BP, PSUAMS-6681)",1,"G",1,0,0,"Mediterranean",8200,true
"MA82","JK2728","MarcusNatureCommunications2020",2020,"Italy_Sardinia_BA_Nuragic_o","Seulo, CA, Riparo sotto roccia Su Cannisoni 1","Italy",39.87,9.2356,3427,"1532-1429 calBCE (3220±28 BP, OxA-22194)",12,"GG",2,0,0,"Mediterranean",8200,true
"I4519","I4519","AgranatTamirCell2020",2020,"Israel_MLBA","Megiddo, Jezreel Valley","Israel",32.58472222,35.01694444,3425,"1516-1436 calBCE (3220±20 BP, OS-139223)",1,"G",1,0,0,"Outside Europe",6500,true
"I2198","I2198","AgranatTamirCell2020",2020,"Israel_MLBA","Megiddo, Jezreel Valley","Israel",32.58472222,35.01694444,3420,"1506-1431 calBCE (3207±20 BP, RTK-7898)",3,"GG",2,0,0,"Outside Europe",6500,true
"I10365_published","I10365","FernandesNatureEcologyEvolution2020",2020,"Italy_Sardinia_MBA_published_o","Sardinia, Seulo","Italy",39.866642,9.233355,3404,"1663-1234 calBCE (3190±80 BP, Beta-37705)",3,"GG",2,0,0,"Mediterranean",8200,true
"ALA020","ALA020","SkourtaniontiCell2020",2020,"Turkey_Alalakh_MLBA","Hatay Province, Tell Atchana/Alalakh","Turkey",36.23778,36.38472,3395,"1504-1397 calBCE (3167±29 BP, MAMS-33688)",5,"GG",2,0,0,"Outside Europe",6500,true
"ALA002","ALA002","SkourtaniontiCell2020",2020,"Turkey_Alalakh_MLBA","Hatay Province, Tell Atchana/Alalakh","Turkey",36.23778,36.38472,3388,"1499-1398 calBCE (3158±22 BP, MAMS-33676)",4,"GG",2,0,0,"Outside Europe",6500,true
"I6571","I6571","AgranatTamirCell2020",2020,"Jordan_LBA","Baq'ah","Jordan",32.0861111,35.67222,3385,"1497-1397 calBCE (3155±20 BP, PSUAMS-3720)",14,"GG",2,0,0,"Outside Europe",6500,true
"ALA018","ALA018","SkourtaniontiCell2020",2020,"Turkey_Alalakh_MLBA","Hatay Province, Tell Atchana/Alalakh","Turkey",36.23778,36.38472,3382,"1499-1323 calBCE (3154±26 BP, MAMS-33686)",8,"GG",2,0,0,"Outside Europe",6500,true
"ALA001","ALA001","SkourtaniontiCell2020",2020,"Turkey_Alalakh_MLBA","Hatay Province, Tell Atchana/Alalakh","Turkey",36.23778,36.38472,3378,"1498-1322 calBCE (3151±24 BP, MAMS-33675)",8,"GG",2,0,0,"Outside Europe",6500,true
"I2190","I2190","AgranatTamirCell2020",2020,"Israel_MLBA","Megiddo, Jezreel Valley","Israel",32.58472222,35.01694444,3351,"1497-1302 calBCE (3135±30 BP, Poz-83433)",1,"G",1,0,0,"Outside Europe",6500,true
"I3705","I3705","AgranatTamirCell2020",2020,"Jordan_LBA","Baq'ah","Jordan",32.0861111,35.67222,3344,"1493-1304 calBCE (3130±25 BP, PSUAMS-1987)",7,"GG",2,0,0,"Outside Europe",6500,true
"ALA039","ALA039","SkourtaniontiCell2020",2020,"Turkey_Alalakh_MLBA","Hatay Province, Tell Atchana/Alalakh","Turkey",36.23778,36.38472,3337,"1491-1301 calBCE (3125±24 BP, MAMS-33700)",13,"GG",2,0,0,"Outside Europe",6500,true
"I3987","I3987","AgranatTamirCell2020",2020,"Jordan_LBA","Baq'ah","Jordan",32.0861111,35.67222,3309,"1428-1290 calBCE (3100±25 BP, PSUAMS-1989)",6,"GG",2,0,0,"Outside Europe",6500,true
"I3706","I3706","AgranatTamirCell2020",2020,"Jordan_LBA","Baq'ah","Jordan",32.0861111,35.67222,3304,"1425-1284 calBCE (3095±25 BP, PSUAMS-1990)",4,"GG",2,0,0,"Outside Europe",6500,true
"I3703","I3703","AgranatTamirCell2020",2020,"Jordan_LBA_IA","Baq'ah","Jordan",32.0861111,35.67222,3300,"1550-1150 BCE",2,"GG",2,0,0,"Outside Europe",6500,true
"I3986","I3986","AgranatTamirCell2020",2020,"Jordan_LBA_IA","Baq'ah","Jordan",32.0861111,35.67222,3300,"1550-1150 BCE",20,"GG",2,0,0,"Outside Europe",6500,true
"I6460","I6460","AgranatTamirCell2020",2020,"Jordan_LBA","Baq'ah","Jordan",32.0861111,35.67222,3300,"1550-1150 BCE",5,"GG",2,0,0,"Outside Europe",6500,true
"I6461","I6461","AgranatTamirCell2020",2020,"Jordan_LBA_sibling.I3707","Baq'ah","Jordan",32.0861111,35.67222,3300,"1450-1250 BCE",4,"GG",2,0,0,"Outside Europe",6500,true
"I6462","I6462","AgranatTamirCell2020",2020,"Jordan_LBA","Baq'ah","Jordan",32.0861111,35.67222,3300,"1550-1150 BCE",3,"GG",2,0,0,"Outside Europe",6500,true
"I6464","I6464","AgranatTamirCell2020",2020,"Jordan_LBA","Baq'ah","Jordan",32.0861111,35.67222,3300,"1550-1150 BCE",1,"G",1,0,0,"Outside Europe",6500,true
"I6564","I6564","AgranatTamirCell2020",2020,"Jordan_LBA","Baq'ah","Jordan",32.0861111,35.67222,3300,"1550-1150 BCE",8,"GG",2,0,0,"Outside Europe",6500,true
"I6566","I6566","AgranatTamirCell2020",2020,"Jordan_LBA","Baq'ah","Jordan",32.0861111,35.67222,3300,"1550-1150 BCE",12,"GG",2,0,0,"Outside Europe",6500,true
"I6567","I6567","AgranatTamirCell2020",2020,"Jordan_LBA","Baq'ah","Jordan",32.0861111,35.67222,3300,"1550-1150 BCE",2,"GG",2,0,0,"Outside Europe",6500,true
"I6569","I6569","AgranatTamirCell2020",2020,"Jordan_LBA","Baq'ah","Jordan",32.0861111,35.67222,3300,"1550-1150 BCE",6,"GG",2,0,0,"Outside Europe",6500,true
"I6570","I6570","AgranatTamirCell2020",2020,"Jordan_LBA","Baq'ah","Jordan",32.0861111,35.67222,3300,"1550-1150 BCE",10,"GG",2,0,0,"Outside Europe",6500,true
"I6572","I6572","AgranatTamirCell2020",2020,"Jordan_LBA","Baq'ah","Jordan",32.0861111,35.67222,3300,"1550-1150 BCE",6,"GG",2,0,0,"Outside Europe",6500,true
"I3707","I3707","AgranatTamirCell2020",2020,"Jordan_LBA","Baq'ah","Jordan",32.0861111,35.67222,3286,"1413-1264 calBCE (3070±25 BP, PSUAMS-1991)",3,"GG",2,0,0,"Outside Europe",6500,true
"I3985","I3985","AgranatTamirCell2020",2020,"Jordan_LBA","Baq'ah","Jordan",32.0861111,35.67222,3280,"1415-1230 calBCE (3065±30 BP, PSUAMS-1992)",8,"GG",2,0,0,"Outside Europe",6500,true
"SUA001","JK2714","MarcusNatureCommunications2020",2020,"Italy_Sardinia_BA_Nuragic_contam","Seulo, CA, Riparo sotto roccia Su Asedazzu","Italy",39.87,9.2356,3276,"1411-1228 calBCE (3060±28 BP, MAMS-28654)",17,"GG",2,0,0,"Mediterranean",8200,true
"I10552","I10552","FernandesNatureEcologyEvolution2020",2020,"Italy_Sardinia_LBA","Sardinia, Perdasdefogu","Italy",39.683255,9.433333,3234,"1386-1212 calBCE (3025±20 BP, PSUAMS-4875)",8,"GG",2,0,0,"Mediterranean",8200,true
"I6459","I6459","AgranatTamirCell2020",2020,"Jordan_LBA","Baq'ah","Jordan",32.0861111,35.67222,3234,"1386-1212 calBCE (3025±20 BP, PSUAMS-3719)",12,"GG",2,0,0,"Outside Europe",6500,true
"ORC004","ORC004","MarcusNatureCommunications2020",2020,"Italy_Sardinia_BA_Nuragic","Perdasdefogu, NUO, S’Orcu ‘e Tueri","Italy",39.667222,9.426111,3226,"1386-1135 calBCE (3020±23 BP, MAMS-38283)",1,"G",1,0,0,"Mediterranean",8200,true
"I3878","I3878","FernandesNatureEcologyEvolution2020",2020,"Italy_Sicily_LBA","Sicily, Marcita","Italy",37.68,12.789,3216,"1382-1134 calBCE (3015±20 BP, PSUAMS-3995)",7,"GG",2,0,0,"Mediterranean",8200,true
"I10372","I10372","FernandesNatureEcologyEvolution2020",2020,"Italy_Sicily_LBA","Sicily, Marcita","Italy",37.68,12.789,3198,"1377-1130 calBCE (3005±20 BP, PSUAMS-5891)",9,"GG",2,0,0,"Mediterranean",8200,true
"ORC003","ORC003","MarcusNatureCommunications2020",2020,"Italy_Sardinia_BA_Nuragic","Perdasdefogu, NUO, S’Orcu ‘e Tueri","Italy",39.667222,9.426111,3181,"1374-1126 calBCE (2996±24 BP, MAMS-38282)",10,"GG",2,0,0,"Mediterranean",8200,true
"ORC007","ORC007","MarcusNatureCommunications2020",2020,"Italy_Sardinia_BA_Nuragic","Perdasdefogu, NUO, S’Orcu ‘e Tueri","Italy",39.667222,9.426111,3173,"1371-1125 calBCE (2992±23 BP, MAMS-38286)",8,"GG",2,0,0,"Mediterranean",8200,true
"ORC001","ORC001","MarcusNatureCommunications2020",2020,"Italy_Sardinia_BA_Nuragic","Perdasdefogu, NUO, S’Orcu ‘e Tueri","Italy",39.667222,9.426111,3163,"1368-1123 calBCE (2987±23 BP, MAMS-38280)",7,"GG",2,0,0,"Mediterranean",8200,true
"ORC005","ORC005","MarcusNatureCommunications2020",2020,"Italy_Sardinia_BA_Nuragic","Perdasdefogu, NUO, S’Orcu ‘e Tueri","Italy",39.667222,9.426111,3140,"1261-1124 calBCE (2974±17 BP, MAMS-38284)",9,"GG",2,0,0,"Mediterranean",8200,true
"SUA006","SUA006","MarcusNatureCommunications2020",2020,"Italy_Sardinia_BA_Nuragic","Seulo, CA, Riparo sotto roccia Su Asedazzu","Italy",39.87,9.2356,3128,"1265-1112 calBCE (2965±21 BP, MAMS-39539)",2,"GG",2,0,0,"Mediterranean",8200,true
"ORC006","ORC006","MarcusNatureCommunications2020",2020,"Italy_Sardinia_BA_Nuragic","Perdasdefogu, NUO, S’Orcu ‘e Tueri","Italy",39.667222,9.426111,3123,"1263-1057 calBCE (2961±23 BP, MAMS-38285)",5,"GG",2,0,0,"Mediterranean",8200,true
"I10554","I10554","FernandesNatureEcologyEvolution2020",2020,"Italy_Sardinia_LBA","Sardinia, Perdasdefogu","Italy",39.683255,9.433333,3122,"1261-1059 calBCE (2960±20 BP, PSUAMS-4877)",9,"GG",2,0,0,"Mediterranean",8200,true
"MA112_renamed","JK2839","MarcusNatureCommunications2020",2020,"Italy_Sardinia_BA_Nuragic_o","Cabras, OR, Is Arutas","Italy",39.9489,8.4022,3111,"1258-1054 calBCE (2952±25 BP, MAMS-26894)",1,"G",1,0,0,"Mediterranean",8200,true
"I10553","I10553","FernandesNatureEcologyEvolution2020",2020,"Italy_Sardinia_LBA","Sardinia, Perdasdefogu","Italy",39.683255,9.433333,3110,"1255-1055 calBCE (2950±20 BP, PSUAMS-4876)",6,"GG",2,0,0,"Mediterranean",8200,true
"MA110","JK2825","MarcusNatureCommunications2020",2020,"Italy_Sardinia_BA_Nuragic_o","Donori, CA, Ingurtosu Mannu","Italy",39.4397,9.1688,3097,"1224-1049 calBCE (2941±24 BP, MAMS-26893)",11,"GG",2,0,0,"Mediterranean",8200,true
"I3741","I3741","FernandesNatureEcologyEvolution2020",2020,"Italy_Sardinia_LBA","Sardinia, Persasdefogu","Italy",39.683255,9.433333,3088,"1221-1021 calBCE (2935±25 BP, PSUAMS-2118)",11,"GG",2,0,0,"Mediterranean",8200,true
"ORC009","ORC009","MarcusNatureCommunications2020",2020,"Italy_Sardinia_BA_Nuragic","Perdasdefogu, NUO, S’Orcu ‘e Tueri","Italy",39.667222,9.426111,3062,"1211-1016 calBCE (2917±24 BP, MAMS-38288)",3,"GG",2,0,0,"Mediterranean",8200,true
"ORC008","ORC008","MarcusNatureCommunications2020",2020,"Italy_Sardinia_BA_Nuragic","Perdasdefogu, NUO, S’Orcu ‘e Tueri","Italy",39.667222,9.426111,3023,"1198-991 calBCE (2890±24 BP, MAMS-38287)",10,"GG",2,0,0,"Mediterranean",8200,true
"I3876","I3876","FernandesNatureEcologyEvolution2020",2020,"Italy_Sicily_LBA","Sicily, Marcita","Italy",37.68,12.789,2928,"1107-901 calBCE (2825±30 BP, PSUAMS-1986)",12,"GG",2,0,0,"Mediterranean",8200,true
"I10364","I10364","FernandesNatureEcologyEvolution2020",2020,"Italy_Sardinia_LBA","Sardinia, Alghero","Italy",40.55,8.31,2923,"1150-800 BCE",4,"GG",2,0,0,"Mediterranean",8200,true
"I2201","I2201","AgranatTamirCell2020",2020,"Israel_IA_o","Abel Beth Maacah","Israel",33.2603,35.5803,2889,"1014-836 calBCE (2790±30 BP, Poz-83471)",4,"GG",2,0,0,"Outside Europe",6500,true
"I3315","I3315","FernandesNatureEcologyEvolution2020",2020,"Spain_LBA_Menorca_dup.I22306","Balearic Islands, Menorca, Naveta des Tudons","Spain",39.999,3.891,2809,"904-814 calBCE (2715±20 BP, PSUAMS-3717)",17,"GG",2,0,0,"Mediterranean",8200,true
"VIL011","VIL011","MarcusNatureCommunications2020",2020,"Italy_Sardinia_IA_Punic_1","Villamar, VS, Villamar","Italy",39.618016,8.958117,2754,"818-792 calBCE (2640±15 BP)",1,"G",1,0,0,"Mediterranean",8200,true
"MSR002","MSR002","MarcusNatureCommunications2020",2020,"Italy_Sardinia_IA_Punic_2","Carbonia, CI, Monte Sirai","Italy",39.183931,8.49329,2674,"796-570 calBCE (2550±20 BP)",2,"GG",2,0,0,"Mediterranean",8200,true
"VIL006","VIL006","MarcusNatureCommunications2020",2020,"Italy_Sardinia_IA_Punic_1","Villamar, VS, Villamar","Italy",39.618016,8.958117,2622,"788-551 calBCE (2530±20 BP)",1,"G",1,0,0,"Mediterranean",8200,true
"MSR003","MSR003","MarcusNatureCommunications2020",2020,"Italy_Sardinia_IA_Punic_2","Carbonia, CI, Monte Sirai","Italy",39.183931,8.49329,2500,"800-300 BCE",4,"GA",2,1,0.5,"Mediterranean",8200,true
"VIL007","VIL007","MarcusNatureCommunications2020",2020,"Italy_Sardinia_IA_Punic_1","Villamar, VS, Villamar","Italy",39.618016,8.958117,2409,"537-403 calBCE (2400±15 BP)",5,"GG",2,0,0,"Mediterranean",8200,true
"PEY53.SG","PEY53","BrunelPNAS2020",2020,"France_Occitanie_IA2.SG","Occitanie (South), Agde, Le Peyrou","France",43.31137,3.48196,2250,"400-200 BCE",1,"G",1,0,0,"Mediterranean",8200,true
"ORC002","ORC002","MarcusNatureCommunications2020",2020,"Italy_Sardinia_IA_Punic_2","Perdasdefogu, NUO, S’Orcu ‘e Tueri","Italy",39.667222,9.426111,2249,"391-208 calBCE (2255±22 BP, MAMS-38281)",16,"GG",2,0,0,"Mediterranean",8200,true
"I10366","I10366","FernandesNatureEcologyEvolution2020",2020,"Italy_Sardinia_IA_1","Sardinia, Usellus","Italy",39.81,8.84,2244,"389-208 calBCE (2250±20 BP, PSUAMS-4874)",4,"GG",2,0,0,"Mediterranean",8200,true
"ATT26.SG","ATT26","BrunelPNAS2020",2020,"France_HautsDeFrance_IA2.SG","Hauts-de-France (North), Attichy-Bitry, Le Buissonnet","France",49.41303,3.0484,2200,"400-100 BCE",1,"A",1,1,1,"Rhine-Danube",7600,true
"ERS86.SG","ERS86","BrunelPNAS2020",2020,"France_GrandEst_IA2.SG","Grand-Est (East), Erstein, Erstein Untergasse","France",48.42353,7.66326,2200,"400-100 BCE",1,"G",1,0,0,"Rhine-Danube",7600,true
"ERS88.SG","ERS88","BrunelPNAS2020",2020,"France_GrandEst_IA2.SG","Grand-Est (East), Erstein, Erstein Untergasse","France",48.42353,7.66326,2200,"400-100 BCE",1,"G",1,0,0,"Rhine-Danube",7600,true
"AMC005","AMC005","MarcusNatureCommunications2020",2020,"Italy_Sardinia_Roman","Alghero, SS, Aho M. Carru","Italy",40.566555,8.347884,1775,"100-250 CE",1,"G",1,0,0,"Mediterranean",8200,true
"AMC001","AMC001","MarcusNatureCommunications2020",2020,"Italy_Sardinia_Roman_o","Alghero, SS, Aho M. Carru","Italy",40.566555,8.347884,1772,"125-234 calCE (1863±22 BP, MAMS-39519)",1,"G",1,0,0,"Mediterranean",8200,true
"I12223","I12223","FernandesNatureEcologyEvolution2020",2020,"Italy_Sardinia_LA_published","Sardinia, Sant'Elia Cape, Grotta Colombi","Italy",39.1808333,9.1585,1597,"257-415 calCE (1700±25 BP, PSUAMS-5427)",1,"G",1,0,0,"Mediterranean",8200,true
"COR002","COR002","MarcusNatureCommunications2020",2020,"Italy_Sardinia_EarlyMedieval_o","Bonnanaro, SAS, Corona Moltana/ Zarau","Italy",40.519214,8.789147,1106,"772-943 calCE (1182±21 BP, MAMS-38279)",11,"GG",2,0,0,"Mediterranean",8200,true
"VK53.SG","VK53","MargaryanWillerslevNature2020",2020,"Sweden_Viking.SG","Gotland, Kopparsvik","Sweden",57.63,18.28,975,"900-1050 CE",1,"G",1,0,0,"Baltic",5600,true
"SNN003","SNN003","MarcusNatureCommunications2020",2020,"Italy_Sardinia_Medieval","Sassari, SAS, San Nicola Necropoli Esterna","Italy",40.726921,8.558378,481,"1440-1611 calCE (411±19 BP, MAMS-39536)",1,"G",1,0,0,"Mediterranean",8200,true
"I10899_published","I10899","OlaldeScience2019",2019,"Spain_HG_published","Andalusia, Piñar, Granada, Cueva de la Carigüela","Spain",37.439437,-3.437567,24450,"40000-5000 BCE",2,"GG",2,0,0,"Mediterranean",8200,true
"BAL051_merged","BAL051","VillalbaMoucoCurrentBiology2019",2019,"Spain_UP_Azilian","Balma Guilanya","Spain",42.085341,1.601683,13015,"11446-10772 calBCE (11095±195 BP, Ua-34297)",1,"G",1,0,0,"Mediterranean",8200,true
"I1954","I1954","NarasimhanPattersonScience2019",2019,"Iran_GanjDareh_N","Ganj Dareh","Iran",34.45,48.116,10162,"8295-7976 calBCE (9000±40 BP, Beta-436170)",11,"GG",2,0,0,"Outside Europe",6500,true
"I1947","I1947","NarasimhanPattersonScience2019",2019,"Iran_GanjDareh_N","Ganj Dareh","Iran",34.45,48.116,9992,"8211-7827 calBCE (8860±30 BP, Beta-432800)",6,"GG",2,0,0,"Outside Europe",6500,true
"I1960","I1960","NarasimhanPattersonScience2019",2019,"Russia_HG_Tyumen","Siberia, western, Tyumen Oblast","Russia",56.03622222,69.33886111,8170,"6367-6072 calBCE [union of two dates: 6333-6072 calBCE (7330±40 BP, Poz-82198); 6367-6078 calBCE (7355±40 BP, OxA-33489)]",14,"GG",2,0,0,"Outside Europe",6500,true
"R2.SG","R2","AntonioGaoMootsScience2019",2019,"Italy_N.SG","Grotta Continenza","Italy",41.96,13.54,7981,"6068-5993 calBCE (7165±20 BP, UCIAMS-198574)",5,"GG",2,0,0,"Mediterranean",8200,true
"I4351","I4351","NarasimhanPattersonScience2019",2019,"Iran_HajjiFiruz_C","Hajji Firuz","Iran",36.9944,45.4744,7920,"6065-5889 calBCE (7100±45 BP, PSUAMS-2151)",7,"GG",2,0,0,"Outside Europe",6500,true
"I4241","I4241","NarasimhanPattersonScience2019",2019,"Iran_HajjiFiruz_C_o","Hajji Firuz","Iran",36.9944,45.4744,7904,"6021-5891 calBCE (7080±30 BP, PSUAMS-2163)",6,"GG",2,0,0,"Outside Europe",6500,true
"I4349","I4349","NarasimhanPattersonScience2019",2019,"Iran_HajjiFiruz_C","Hajji Firuz","Iran",36.9944,45.4744,7747,"5891-5720 calBCE (6915±40 BP, PSUAMS-2126)",29,"GG",2,0,0,"Outside Europe",6500,true
"R3.SG","R3","AntonioGaoMootsScience2019",2019,"Italy_N.SG","Grotta Continenza","Italy",41.96,13.54,7716,"5831-5723 calBCE (6890±20 BP, UCIAMS-198575)",5,"GG",2,0,0,"Mediterranean",8200,true
"R9.SG","R9","AntonioGaoMootsScience2019",2019,"Italy_N.SG","Grotta Continenza","Italy",41.96,13.54,7481,"5611-5479 calBCE (6585±20 BP, UCIAMS-198581)",6,"GG",2,0,0,"Mediterranean",8200,true
"R17.SG","R17","AntonioGaoMootsScience2019",2019,"Italy_N.SG","Ripabianca di Monterado","Italy",43.7223961,13.0338971,7216,"5323-5216 calBCE (6310±20 BP, UCIAMS-198883)",1,"G",1,0,0,"Mediterranean",8200,true
"R16.SG","R16","AntonioGaoMootsScience2019",2019,"Italy_N.SG","Ripabianca di Monterado","Italy",43.7223961,13.0338971,7202,"5309-5126 calBCE (6255±20 BP, UCIAMS-198585)",1,"G",1,0,0,"Mediterranean",8200,true
"R19.SG","I16762","AntonioGaoMootsScience2019",2019,"Italy_N_dup.I16762.SG","Ripabianca di Monterado","Italy",43.7223961,13.0338971,7146,"5356-5035 calBCE [union of two dates: 5295-5035 calBCE (6195±35 BP, PSUAMS-8398); 5356-5215 calBCE (6315±25 BP, UCIAMS-213626)]",1,"G",1,0,0,"Mediterranean",8200,true
"CHA001_merged","CHA001_merged","VillalbaMoucoCurrentBiology2019",2019,"Spain_EN","Cueva de Chaves","Spain",42.215129,-0.138457,7127,"5308-5051 calBCE (6230±45 BP, GrA-26912)",3,"GG",2,0,0,"Mediterranean",8200,true
"CHA003_merged","CHA003","VillalbaMoucoCurrentBiology2019",2019,"Spain_EN","Cueva de Chaves","Spain",42.215129,-0.138457,7075,"5302-4991 calBCE (6180±54 BP, D-AMS-015821)",2,"GG",2,0,0,"Mediterranean",8200,true
"FUC003_merged","FUC003","VillalbaMoucoCurrentBiology2019",2019,"Spain_EN","Fuente Celada","Spain",42.385639,-3.734895,7019,"5209-4947 calBCE (6120±30 BP, UGA-7565)",1,"G",1,0,0,"Mediterranean",8200,true
"I10942","I10942","OlaldeScience2019",2019,"Gibraltar_EN","Gibraltar, Europa 1","Gibraltar",36.132004,-5.343773,6950,"5500-4500 BCE",3,"GG",2,0,0,"Mediterranean",8200,true
"PG2001","PG2001","WangNatureCommunications2019",2019,"Russia_Steppe_Eneolithic","Piedmont, Progress 2","Russia",43.822691,43.350278,6850,"4994-4802 calBCE (6012±28 BP, MAMS-110564)",20,"GG",2,0,0,"Outside Europe",6500,true
"I2056","I2056","WangNatureCommunications2019",2019,"Russia_Caucasus_Eneolithic","Unakozovskaya","Russia",44.451315,40.102863,6466,"4607-4450 calBCE (5687±30 BP, OxA-43741)",4,"GG",2,0,0,"Outside Europe",6500,true
"VJ1001","VJ1001","WangNatureCommunications2019",2019,"Russia_Steppe_Eneolithic","Piedmont, Vonjucka 1","Russia",44.019962,43.155538,6230,"4337-4177 calBCE (5409±24 BP, MAMS-29823)",10,"GG",2,0,0,"Outside Europe",6500,true
"I7550","I7550","OlaldeScience2019",2019,"Spain_MLN","Cádiz, San Fernando, Campo de Hockey","Spain",36.445,-6.21,6100,"4700-3600 BCE",2,"GG",2,0,0,"Mediterranean",8200,true
"I8134","I8134","OlaldeScience2019",2019,"Spain_MLN","Cádiz, San Fernando, Campo de Hockey","Spain",36.445,-6.21,6100,"4700-3600 BCE",4,"GG",2,0,0,"Mediterranean",8200,true
"PG2004","PG2004","WangNatureCommunications2019",2019,"Russia_Steppe_Eneolithic","Piedmont, Progress 2","Russia",43.822691,43.350278,6088,"4240-4047 calBCE (5304±25 BP, MAMS-11210)",19,"GG",2,0,0,"Outside Europe",6500,true
"I5766","I5766","NarasimhanPattersonScience2019",2019,"Russia_HG_Sosnoviy","Siberia, Sosnoviy Ostrov","Russia",57.35888889,65.365,6049,"4230-3984 calBCE (5261±33 BP, OxA-33486)",6,"GG",2,0,0,"Outside Europe",6500,true
"ELT006_merged","ELT006","VillalbaMoucoCurrentBiology2019",2019,"Spain_MLN","Cova de Els Trocs","Spain",42.5,0.5,5809,"3949-3715 calBCE (5035±23 BP, MAMS-16165)",17,"GG",2,0,0,"Mediterranean",8200,true
"I6760","I6760","BraceDiekmannNatureEcologyEvolution2019",2019,"England_N","England, Gloucestershire, Hampnett, Burn Ground","Great Britain",51.843407,-1.850443,5781,"3946-3710 calBCE (5023±34 BP, OxA-17173)",1,"G",1,0,0,"British Isles",6100,true
"ELT002_merged","ELT002","VillalbaMoucoCurrentBiology2019",2019,"Spain_MLN","Cova de Els Trocs","Spain",42.5,0.5,5753,"3941-3660 calBCE (5008±23 BP, MAMS-16160)",19,"GG",2,0,0,"Mediterranean",8200,true
"prs002-ALL_DATA.SG","prs002","SanchezQuintoPNAS2019",2019,"Ireland_Megalithic.SG","Primrose Grange","Ireland",54.2469,-8.55609,5665,"3785-3649 calBCE (4950±30 BP, Beta-446171)",2,"GG",2,0,0,"British Isles",6100,true
"I3005","I3005","BraceDiekmannNatureEcologyEvolution2019",2019,"England_N","England, Somerset, Burrington Combe, Aveline's Hole","Great Britain",51.324706,-2.753248,5657,"3781-3643 calBCE (4934±35 BP, OxA-34336)",5,"GG",2,0,0,"British Isles",6100,true
"prs003-ALL_DATA.SG","prs003/015","SanchezQuintoPNAS2019",2019,"Ireland_Megalithic.SG","Primrose Grange","Ireland",54.2469,-8.55609,5643,"3769-3642 calBCE (4920±30 BP, Beta-468277)",1,"G",1,0,0,"British Isles",6100,true
"I7600","I7600","OlaldeScience2019",2019,"Spain_MLN","Alicante, Alcoi, Llometes","Spain",38.7025,-0.48631,5625,"4000-3350 BCE",1,"G",1,0,0,"Mediterranean",8200,true
"I7646","I7646","OlaldeScience2019",2019,"Spain_MLN","Valencian Community, Alacant/Alicante, Alcoi, Les Llometes","Spain",38.7025,-0.48631,5620,"3710-3630 calBCE (MAMS-16339)",1,"G",1,0,0,"Mediterranean",8200,true
"OSS001","OSS001","WangNatureCommunications2019",2019,"Russia_Caucasus_Maikop","Piedmont, Ossetia","Russia",43.084417,44.632667,5582,"3704-3535 calBCE (4857±23 BP, MAMS-29813)",1,"G",1,0,0,"Outside Europe",6500,true
"I6268","I6268","WangNatureCommunications2019",2019,"Russia_Caucasus_Maikop_Novosvobodnaya","Klady, Dlinnaya Polyana","Russia",44.385019,40.394588,5550,"3766-3382 calBCE (4835±60 BP, OxA-5059)",2,"GG",2,0,0,"Outside Europe",6500,true
"I6677","I6677","NarasimhanPattersonScience2019",2019,"Czech_Baalberge","Bilina","Czech Republic",50.548056,13.776111,5550,"3800-3400 BCE",17,"GG",2,0,0,"Rhine-Danube",7600,true
"prs016-ALL_DATA.SG","prs016","SanchezQuintoPNAS2019",2019,"Ireland_Megalithic.SG","Primrose Grange","Ireland",54.2469,-8.55609,5539,"3651-3528 calBCE (4830±30 BP, Beta-446180)",3,"GG",2,0,0,"British Isles",6100,true
"I6747","I6747","BraceDiekmannNatureEcologyEvolution2019",2019,"England_N","England, Derbyshire, Brassington, Carsington Pasture Cave","Great Britain",53.079803,-1.640942,5528,"3645-3526 calBCE (4808±35 BP, UB-29004)",34,"GG",2,0,0,"British Isles",6100,true
"I6755","I6755","BraceDiekmannNatureEcologyEvolution2019",2019,"England_N_contam","England, North Yorkshire, Ha Cave, Giggleswick Scar","Great Britain",54.074439,-2.287284,5528,"3644-3527 calBCE (4808±32 BP, OxA-13539)",2,"GG",2,0,0,"British Isles",6100,true
"I6746","I6746","BraceDiekmannNatureEcologyEvolution2019",2019,"England_N","England, Somerset, Burrington Combe, Aveline's Hole","Great Britain",51.324706,-2.753248,5526,"3697-3384 calBCE (4809±45 BP, UBA-30800)",5,"GG",2,0,0,"British Isles",6100,true
"I4910","I4910","NarasimhanPattersonScience2019",2019,"Tajikistan_C_Sarazm","Sarazm","Tajikistan",39.50722222,67.46083333,5526,"3634-3522 calBCE (4765±20 BP, PSUAMS-2624)",7,"GG",2,0,0,"Outside Europe",6500,true
"I3040","I3040","BraceDiekmannNatureEcologyEvolution2019",2019,"England_N","England, Sussex, Brighton, Whitehawk","Great Britain",50.828981,-0.112825,5525,"3650-3500 BCE",1,"G",1,0,0,"British Isles",6100,true
"I6757","I6757","BraceDiekmannNatureEcologyEvolution2019",2019,"England_N","England, North Yorkshire, Attermire Scar, Jubilee Cave","Great Britain",54.081683,-2.27362,5493,"3642-3378 calBCE (4766±48 BP, UBA-32285)",9,"GG",2,0,0,"British Isles",6100,true
"I7644","I7644","OlaldeScience2019",2019,"Spain_MLN","Valencian Community, Alacant/Alicante, Alcoi, Les Llometes","Spain",38.7025,-0.48631,5460,"3640-3380 calBCE (MAMS-16353)",2,"GG",2,0,0,"Mediterranean",8200,true
"AY2003","AY2003","WangNatureCommunications2019",2019,"Russia_Steppe_Maikop","Kaspi steppe, Aygurskij 2","Russia",45.68833,43.26458,5452,"3630-3376 calBCE (4726±31 BP, OxA-16147)",16,"GG",2,0,0,"Outside Europe",6500,true
"I4085","I4085","NarasimhanPattersonScience2019",2019,"Turkmenistan_C_TepeAnau","Turkestan, Tepe Anau","Turkmenistan",37.872,58.225,5450,"4000-3000 BCE",7,"GG",2,0,0,"Outside Europe",6500,true
"I4086","I4086","NarasimhanPattersonScience2019",2019,"Turkmenistan_C_TepeAnau","Turkestan, Tepe Anau","Turkmenistan",37.872,58.225,5450,"4000-3000 BCE",6,"GG",2,0,0,"Outside Europe",6500,true
"I4087","I4087","NarasimhanPattersonScience2019",2019,"Turkmenistan_C_TepeAnau","Turkestan, Tepe Anau","Turkmenistan",37.872,58.225,5450,"4000-3000 BCE",9,"GG",2,0,0,"Outside Europe",6500,true
"I4635","I4635","NarasimhanPattersonScience2019",2019,"Turkmenistan_C_Parkhai","Parkhai II","Turkmenistan",38.348048,56.24543,5450,"3700-3300 BCE",19,"GG",2,0,0,"Outside Europe",6500,true
"1.","1.","WangNatureCommunications2019",2019,"Armenia_Caucasus_EBA_KuraAraxes","South Caucasus mountains, Kaps","Armenia",40.866667,43.716667,5417,"3625-3369 calBCE (4695±40 BP, KIA44691)",4,"GG",2,0,0,"Outside Europe",6500,true
"prs013-ALL_DATA.SG","prs013/014","SanchezQuintoPNAS2019",2019,"Ireland_Megalithic.SG","Primrose Grange","Ireland",54.2469,-8.55609,5403,"3605-3370 calBCE (4690±30 BP, Beta-446179)",4,"GG",2,0,0,"British Isles",6100,true
"SA6010","SA6010","WangNatureCommunications2019",2019,"Russia_Caucasus_Eneolithic","Kaspi steppe, Šarachalsun 6","Russia",45.725651,43.986933,5400,"3550-3350 BCE",1,"G",1,0,0,"Outside Europe",6500,true
"AY2001","AY2001","WangNatureCommunications2019",2019,"Russia_Steppe_Maikop_o2","Kaspi steppe, Aygurskij 2","Russia",45.68833,43.26458,5397,"3514-3360 BCE (4636±27 BP) [R_combine: (4480±50 BP, GIN-11811); (4698±32 BP, OxA-16182)]",16,"GG",2,0,0,"Outside Europe",6500,true
"SA6001","SA6001","WangNatureCommunications2019",2019,"Russia_Steppe_Maikop","Kaspi steppe, Šarachalsun 6","Russia",45.725651,43.986933,5397,"3520-3371 calBCE (4673±28 BP, MAMS-31143)",25,"GG",2,0,0,"Outside Europe",6500,true
"R24.SG","R24","AntonioGaoMootsScience2019",2019,"Italy_N_o.SG","Su Crocefissu","Italy",40.8101044,8.4422073,5396,"3599-3373 calBCE (4700±20 BP, UCIAMS-198886)",2,"GG",2,0,0,"Mediterranean",8200,true
"I8568","I8568","OlaldeScience2019",2019,"Spain_MLN","Valencian Community, València/Valencia, Bocairent, La Coveta Emparetà","Spain",38.762271,-0.586981,5387,"3496-3355 calBCE (4615±20 BP, PSUAMS-4432)",2,"GG",2,0,0,"Mediterranean",8200,true
"I6266","I6266","WangNatureCommunications2019",2019,"Russia_Caucasus_Maikop_Novosvobodnaya","Klady, Dlinnaya Polyana","Russia",44.385019,40.394588,5385,"3504-3348 calBCE (4615±25 BP, PSUAMS-3881)",5,"GG",2,0,0,"Outside Europe",6500,true
"I6753","I6753","BraceDiekmannNatureEcologyEvolution2019",2019,"England_N","England, Kent, Trottiscliffe, Coldrum","Great Britain",51.321578,0.372682,5305,"3730-2980 BCE",7,"GG",2,0,0,"British Isles",6100,true
"ans003.SG","ans003","SanchezQuintoPNAS2019",2019,"Sweden_Ansarve_Megalithic.SG","Ansarve","Sweden",57.509,18.14,5282,"3525-3097 calBCE (4595±65 BP, Ua-3783; 4560±30 BP, Beta-432256)",1,"G",1,0,0,"Baltic",5600,true
"prs009-ALL_DATA.SG","prs008/009","SanchezQuintoPNAS2019",2019,"Ireland_Megalithic.SG","Primrose Grange","Ireland",54.2469,-8.55609,5265,"3519-3111 calBCE [union of two dates: 3519-3370 calBCE (4670±30 BP, Beta-446174); 3500-3111 calBCE (4590±30 BP, Beta-446175)]",12,"GG",2,0,0,"British Isles",6100,true
"RISE1248.SG","RISE1248","SchroederPNAS2019",2019,"Poland_Ksiaznice_GAC.SG","Ksiaznice, site 2","Poland",50.2,21.4,5225,"2950-2600 BCE",1,"G",1,0,0,"Rhine-Danube",7600,true
"bal004.SG","bal004","SanchezQuintoPNAS2019",2019,"Scotland_Megalithic.SG","Balintore","Great Britain",57.756,-3.9090000000000003,5186,"3368-3103 calBCE (4543±24 BP, MAMS-21254)",1,"G",1,0,0,"British Isles",6100,true
"mid001.SG","mid001","SanchezQuintoPNAS2019",2019,"Scotland_Megalithic.SG","Scotland, Midhowe","Great Britain",59.157000000000004,-3.099,5173,"3364-3102 calBCE (4531±28 BP, SUERC-46401)",1,"G",1,0,0,"British Isles",6100,true
"SA6013","SA6013","WangNatureCommunications2019",2019,"Russia_Steppe_Maikop_o","Kaspi steppe, Šarachalsun 6","Russia",45.725651,43.986933,5167,"3360-3102 calBCE (4524±22 BP, MAMS-29246)",1,"G",1,0,0,"Outside Europe",6500,true
"I5428","I5428","OlaldeScience2019",2019,"Portugal_C","Cova das Lapas","Portugal",39.624062,-9.047189,5165,"3352-3101 calBCE (4510±25 BP, PSUAMS-8227)",2,"GG",2,0,0,"Mediterranean",8200,true
"I11501","I11501","NarasimhanPattersonScience2019",2019,"Kazakhstan_Kumsay_EBA","Kumsay, Kyirik Oba","Kazakhstan",49.49,58.51,5164,"3345-3096 calBCE (4495±25 BP, PSUAMS-4604)",3,"GG",2,0,0,"Outside Europe",6500,true
"2.","2.","WangNatureCommunications2019",2019,"Armenia_Caucasus_KuraAraxes","South Caucasus mountains, Kaps","Armenia",40.866667,43.716667,5163,"3356-3102 calBCE (4517±20 BP) [R_combine: (4475±30 BP, KIA-44692); (4545±25 BP, KIA-44693)]",4,"GG",2,0,0,"Outside Europe",6500,true
"I8510","I8510","NarasimhanPattersonScience2019",2019,"Turkmenistan_C_Geoksyur","Geoksyur","Turkmenistan",37.1907,61.0343,5163,"3346-3092 calBCE (4490±25 BP, PSUAMS-3987)",1,"G",1,0,0,"Outside Europe",6500,true
"SA6004","SA6004","WangNatureCommunications2019",2019,"Russia_Steppe_Maikop","Kaspi steppe, Šarachalsun 6","Russia",45.725651,43.986933,5159,"3359-3034 calBCE (4500±40 BP, GIN-12401)",8,"GG",2,0,0,"Outside Europe",6500,true
"ans008.SG","ans008","SanchezQuintoPNAS2019",2019,"Sweden_Ansarve_Megalithic.SG","Ansarve","Sweden",57.509,18.14,5154,"3342-3031 calBCE (4480±31 BP, Ua-45398)",4,"GG",2,0,0,"Baltic",5600,true
"MK5004","MK5004","WangNatureCommunications2019",2019,"Russia_Caucasus_LateMaikop","Piedmont, Mar'inskaja 5","Russia",43.905354,43.521883,5150,"3400-3000 BCE",23,"GG",2,0,0,"Outside Europe",6500,true
"I5076","I5076","OlaldeScience2019",2019,"Portugal_C","Monte Canelas 1","Portugal",37.196772,-8.588546,5146,"3336-3026 calBCE (4465±25 BP, PSUAMS-3902)",10,"GG",2,0,0,"Mediterranean",8200,true
"SA6002","I11133","WangNatureCommunications2019",2019,"Russia_LateMaikop","Sinjucha, Kuban steppe","Russia",45.05,39.91,5126,"3332-3021 calBCE (4454±23 BP, MAMS-31139)",20,"GG",2,0,0,"Outside Europe",6500,true
"ans014.SG","ans014","SanchezQuintoPNAS2019",2019,"Sweden_Ansarve_Megalithic.SG","Ansarve","Sweden",57.509,18.14,5111,"3336-2937 calBCE (4450±30 BP, Beta-402962)",4,"GG",2,0,0,"Baltic",5600,true
"RK1007","RK1007","WangNatureCommunications2019",2019,"Russia_Caucasus_EBA_Yamnaya","Kuban steppe, Rasshevatskij 1","Russia",45.537249,41.116544,5105,"3331-3013 calBCE (4447±22 BP, MAMS-29818)",2,"GG",2,0,0,"Outside Europe",6500,true
"I6766","I6766","BraceDiekmannNatureEcologyEvolution2019",2019,"Scotland_N","Scotland, Sutherland, Embo","Great Britain",57.907315,-3.996827,5100,"3800-2500 BCE",7,"GG",2,0,0,"British Isles",6100,true
"I6764","I6764","BraceDiekmannNatureEcologyEvolution2019",2019,"Scotland_N","Scotland, Sutherland, Embo","Great Britain",57.907315,-3.996827,5100,"3800-2500 BCE",2,"GG",2,0,0,"British Isles",6100,true
"I12484_published","I12484","NarasimhanPattersonScience2019",2019,"Turkmenistan_C_Geoksyur_published","Geoksiur","Turkmenistan",37.1907,61.0343,5100,"3500-2800 BCE",4,"GG",2,0,0,"Outside Europe",6500,true
"I11028","I11028","NarasimhanPattersonScience2019",2019,"Uzbekistan_Bustan_Eneolithic","Bustan","Uzbekistan",37.66666667,67,5099,"3332-2937 calBCE (4445±25 BP, PSUAMS-4780)",5,"GG",2,0,0,"Outside Europe",6500,true
"ros3.SG","ros3","MalmstromProcBiolSci2019",2019,"Sweden_FBC.SG","Rossberga","Sweden",58.183333,13.65,5084,"3331-2930 calBCE (4440±30 BP, Beta-423311)",1,"G",1,0,0,"Baltic",5600,true
"I6272","I6272","WangNatureCommunications2019",2019,"Russia_Caucasus_Maikop_Novosvobodnaya","Klady, Dlinnaya Polyana","Russia",44.385019,40.394588,5081,"3337-2925 calBCE [union of two dates: 3337-3021 calBCE (4460±30 BP, PSUAMS-3905); 3308-2925 calBCE (4420±20 BP, PSUAMS-4251)]",1,"G",1,0,0,"Outside Europe",6500,true
"I2069","I2069","NarasimhanPattersonScience2019",2019,"Russia_Afanasievo","Altai Autonomous Republic, Ust-Kanski, Altai Mountains, Kaminnaya Cave","Russia",50.9126,84.81438333,5061,"3331-2921 calBCE (4430±40 BP, Poz-83425)",18,"GG",2,0,0,"Outside Europe",6500,true
"I5270","I5270","NarasimhanPattersonScience2019",2019,"Russia_Afanasievo","Elo 1","Russia",50.7581128,85.56024972,5058,"3323-2935 calBCE (4435±20 BP, PSUAMS-2405)",1,"G",1,0,0,"Outside Europe",6500,true
"ans017.SG","ans017","SanchezQuintoPNAS2019",2019,"Sweden_Ansarve_Megalithic.SG","Ansarve","Sweden",57.509,18.14,5053,"3328-2924 calBCE (4430±30 BP, Beta-402965)",8,"GG",2,0,0,"Baltic",5600,true
"I12480","I12480","NarasimhanPattersonScience2019",2019,"Turkmenistan_C_Geoksyur","Geoksyur","Turkmenistan",37.1907,61.0343,5050,"3400-2800 BCE",3,"GG",2,0,0,"Outside Europe",6500,true
"I12481","I12481","NarasimhanPattersonScience2019",2019,"Turkmenistan_C_Geoksyur","Geoksyur","Turkmenistan",37.1907,61.0343,5050,"3400-2800 BCE",3,"GG",2,0,0,"Outside Europe",6500,true
"I12482","I12482","NarasimhanPattersonScience2019",2019,"Turkmenistan_C_Geoksyur","Geoksyur","Turkmenistan",37.1907,61.0343,5050,"3400-2800 BCE",1,"G",1,0,0,"Outside Europe",6500,true
"I12485","I12485","NarasimhanPattersonScience2019",2019,"Turkmenistan_C_Geoksyur","Geoksyur","Turkmenistan",37.1907,61.0343,5050,"3400-2800 BCE",4,"GG",2,0,0,"Outside Europe",6500,true
"I12486","I12486","NarasimhanPattersonScience2019",2019,"Turkmenistan_C_Geoksyur","Geoksyur","Turkmenistan",37.1907,61.0343,5050,"3400-2800 BCE",12,"GG",2,0,0,"Outside Europe",6500,true
"I12487","I12487","NarasimhanPattersonScience2019",2019,"Turkmenistan_C_Geoksyur","Geoksyur","Turkmenistan",37.1907,61.0343,5050,"3400-2800 BCE",3,"GG",2,0,0,"Outside Europe",6500,true
"I8532","I8532","NarasimhanPattersonScience2019",2019,"Turkmenistan_C_Geoksyur","Geoksyur","Turkmenistan",37.1907,61.0343,5050,"3400-2800 BCE",1,"G",1,0,0,"Outside Europe",6500,true
"I11248","I11248","OlaldeScience2019",2019,"Spain_MLN","Basque Country","Spain",43.0866,-2.2154,5050,"3500-2700 BCE",8,"GG",2,0,0,"Mediterranean",8200,true
"I11249","I11249","OlaldeScience2019",2019,"Spain_MLN","Basque Country","Spain",43.0866,-2.2154,5050,"3500-2700 BCE",2,"GG",2,0,0,"Mediterranean",8200,true
"I11301","I11301","OlaldeScience2019",2019,"Spain_MLN","Basque Country","Spain",43.0866,-2.2154,5050,"3500-2700 BCE",2,"GG",2,0,0,"Mediterranean",8200,true
"I11599","I11599","OlaldeScience2019",2019,"Portugal_C","Lisbon, Torres Vedras, Cabeço da Arruda I","Portugal",39.110833,-8.663583,5050,"3350-2850 BCE",3,"GG",2,0,0,"Mediterranean",8200,true
"I11601","I11601","OlaldeScience2019",2019,"Portugal_C","Lisbon, Torres Vedras, Cabeço da Arruda I","Portugal",39.110833,-8.663583,5050,"3350-2850 BCE",1,"G",1,0,0,"Mediterranean",8200,true
"I7602","I7602","OlaldeScience2019",2019,"Spain_MLN","Mandubi Zelaia","Spain",43.085823,-2.251197,5050,"3500-2700 BCE",1,"G",1,0,0,"Mediterranean",8200,true
"I7603","I7603","OlaldeScience2019",2019,"Spain_MLN","Mandubi Zelaia","Spain",43.085823,-2.251197,5050,"3500-2700 BCE",1,"G",1,0,0,"Mediterranean",8200,true
"I7604","I7604","OlaldeScience2019",2019,"Spain_MLN","Mandubi Zelaia","Spain",43.085823,-2.251197,5050,"3500-2700 BCE",4,"GG",2,0,0,"Mediterranean",8200,true
"I7605","I7605","OlaldeScience2019",2019,"Spain_MLN","Mandubi Zelaia","Spain",43.085823,-2.251197,5050,"3500-2700 BCE",1,"G",1,0,0,"Mediterranean",8200,true
"I7606","I7606","OlaldeScience2019",2019,"Spain_MLN","Mandubi Zelaia","Spain",43.085823,-2.251197,5050,"3500-2700 BCE",9,"GG",2,0,0,"Mediterranean",8200,true
"I7489","I7489","NarasimhanPattersonScience2019",2019,"Russia_Samara_EBA_Yamnaya","Samara Oblast, Volga River Valley, Samara River, Utyevka V","Russia",52.91277778,50.99055556,5047,"3326-2926 calBCE (4430±25 BP, PSUAMS-5790)",1,"G",1,0,0,"Outside Europe",6500,true
"I11736","I11736","NarasimhanPattersonScience2019",2019,"Kazakhstan_Mereke_MBA_o2","Mereke, Taskala district, Zapadno-Kazahstanskaya Oblast","Kazakhstan",50.77023611,49.34004167,5021,"3315-2928 calBCE (4425±20 BP, PSUAMS-4944)",12,"GG",2,0,0,"Outside Europe",6500,true
"I4259","I4259","NarasimhanPattersonScience2019",2019,"Turkmenistan_C_Parkhai","Parkhai II","Turkmenistan",38.348048,56.24543,5021,"3315-2928 calBCE (4425±20 BP, PSUAMS-2799)",6,"GG",2,0,0,"Outside Europe",6500,true
"I8726","I8726","NarasimhanPattersonScience2019",2019,"Iran_ShahrISokhta_BA2","Seistan, Shahr-i Sokhta","Iran",30.649857,61.400311,5000,"3100-3000 BCE",4,"GG",2,0,0,"Outside Europe",6500,true
"I4634","I4634","NarasimhanPattersonScience2019",2019,"Turkmenistan_C_Parkhai","Parkhai II","Turkmenistan",38.348048,56.24543,4998,"3312-2920 calBCE (4415±25 BP, PSUAMS-3757)",13,"GG",2,0,0,"Outside Europe",6500,true
"I8504","I8504","NarasimhanPattersonScience2019",2019,"Turkmenistan_C_Geoksyur","Geoksyur","Turkmenistan",37.1907,61.0343,4963,"3096-2919 calBCE (4400±25 BP, PSUAMS-3986)",2,"GG",2,0,0,"Outside Europe",6500,true
"ros005_renamed.SG","ros005","MalmstromProcBiolSci2019",2019,"Sweden_FBC.SG","Rossberga","Sweden",58.183333,13.65,4955,"3096-2913 calBCE (4390±30 BP, Beta-423313)",1,"G",1,0,0,"Baltic",5600,true
"I5277","I5277","NarasimhanPattersonScience2019",2019,"Russia_Afanasievo","Elo Bashi","Russia",50.75648626,85.56087884,4952,"3092-2923 BCE (4398±15 BP) [R_combine: (4375±20 BP, PSUAMS-2353); (4420±20 BP, PSUAMS-2368)]",17,"GG",2,0,0,"Outside Europe",6500,true
"I11531","I11531","NarasimhanPattersonScience2019",2019,"Kazakhstan_Kumsay_EBA","Kumsay, Kyirik Oba","Kazakhstan",49.49,58.51,4937,"3089-2917 calBCE (4385±20 BP, PSUAMS-4617)",6,"GG",2,0,0,"Outside Europe",6500,true
"I5278","I5278","NarasimhanPattersonScience2019",2019,"Russia_Afanasievo","Lower Tyumechin 1","Russia",50.75364627,85.55666955,4928,"3082-2910 calBCE (4370±25 BP, PSUAMS-2354)",2,"GG",2,0,0,"Outside Europe",6500,true
"I6669","I6669","NarasimhanPattersonScience2019",2019,"Turkmenistan_C_Parkhai","Parkhai II","Turkmenistan",38.348048,56.24543,4924,"3081-2907 calBCE (4365±25 BP, PSUAMS-2950)",4,"GG",2,0,0,"Outside Europe",6500,true
"I3432","I3432","OlaldeScience2019",2019,"Portugal_C","Évora, Reguengos de Monsaraz, Perdigões","Portugal",38.387,-7.55,4924,"3081-2907 calBCE (4365±25 BP, PSUAMS-1882)",7,"GG",2,0,0,"Mediterranean",8200,true
"I11732","I11732","NarasimhanPattersonScience2019",2019,"Kazakhstan_Kumsay_EBA","Kumsay, Kyirik Oba","Kazakhstan",49.49,58.51,4921,"3073-2911 calBCE (4365±20 BP, PSUAMS-4751)",4,"GG",2,0,0,"Outside Europe",6500,true
"I11734","I11734","NarasimhanPattersonScience2019",2019,"Kazakhstan_Kumsay_EBA","Kumsay, Kyirik Oba","Kazakhstan",49.49,58.51,4918,"3024-2908 calBCE (4360±20 BP, PSUAMS-4619)",2,"GG",2,0,0,"Outside Europe",6500,true
"I4565","I4565","OlaldeScience2019",2019,"Spain_C","Tarragona, Galls Carboners","Spain",41.2916,1.0638,4915,"3022-2907 calBCE (4355±20 BP, PSUAMS-2866)",3,"GG",2,0,0,"Mediterranean",8200,true
"RISE1166.SG","RISE1166","SchroederPNAS2019",2019,"Poland_Koszyce_GAC.SG","Koszyce, site 3","Poland",48.7,21.2,4904,"3072-2888 calBCE (4330±34 BP)",4,"GG",2,0,0,"Rhine-Danube",7600,true
"I5269","I5269","NarasimhanPattersonScience2019",2019,"Russia_Afanasievo","Elo 1","Russia",50.7581128,85.56024972,4902,"3016-2897 calBCE (4335±25 BP, PSUAMS-2350)",17,"GG",2,0,0,"Outside Europe",6500,true
"I10278","I10278","OlaldeScience2019",2019,"Spain_MLN","Barcelona, Cova de la Guineu","Spain",41.4391,1.5733,4900,"3400-2500 BCE",1,"G",1,0,0,"Mediterranean",8200,true
"I10287_published","I10287","OlaldeScience2019",2019,"Spain_MLN_published","Barcelona, Cova de la Guineu","Spain",41.4391,1.5733,4900,"3400-2500 BCE",1,"G",1,0,0,"Mediterranean",8200,true
"I11304_published","I11304","OlaldeScience2019",2019,"Spain_MLN_published","Barcelona, Cova de la Guineu","Spain",41.4391,1.5733,4900,"3400-2500 BCE",1,"G",1,0,0,"Mediterranean",8200,true
"I11305","I11305","OlaldeScience2019",2019,"Spain_MLN","Barcelona, Cova de la Guineu","Spain",41.4391,1.5733,4900,"3400-2500 BCE",2,"GG",2,0,0,"Mediterranean",8200,true
"I11306","I11306","OlaldeScience2019",2019,"Spain_MLN","Barcelona, Cova de la Guineu","Spain",41.4391,1.5733,4900,"3400-2500 BCE",2,"GG",2,0,0,"Mediterranean",8200,true
"I5279","I5279","NarasimhanPattersonScience2019",2019,"Russia_Afanasievo","Lower Tyumechin 1","Russia",50.75364627,85.55666955,4891,"3011-2897 calBCE (4330±20 BP, PSUAMS-2355)",14,"GG",2,0,0,"Outside Europe",6500,true
"I5273","I5273","NarasimhanPattersonScience2019",2019,"Russia_Afanasievo","Lower Tyumechin 1","Russia",50.75364627,85.55666955,4872,"3011-2885 calBCE (4310±25 BP, PSUAMS-2352)",9,"GG",2,0,0,"Outside Europe",6500,true
"I5429","I5429","OlaldeScience2019",2019,"Portugal_C","Évora, Reguengos de Monsaraz, Perdigões","Portugal",38.387,-7.55,4866,"3010-2886 calBCE (4310±20 BP, PSUAMS-2692)",18,"GG",2,0,0,"Mediterranean",8200,true
"I8725","I8725","NarasimhanPattersonScience2019",2019,"Iran_BA1_ShahrISokhta","Seistan, Shahr-i Sokhta","Iran",30.649857,61.400311,4862,"3010-2881 calBCE (4300±25 BP, PSUAMS-3989)",1,"G",1,0,0,"Outside Europe",6500,true
"I5272","I5272","NarasimhanPattersonScience2019",2019,"Russia_Afanasievo","Elo Bashi","Russia",50.75648626,85.56087884,4861,"3006-2885 calBCE (4305±20 BP, PSUAMS-2351)",2,"GG",2,0,0,"Outside Europe",6500,true
"ZO2002","ZO2002","WangNatureCommunications2019",2019,"Russia_Caucasus_EBA_Yamnaya","North Caucasus steppe, Zolotarjëvka 2","Russia",45.659025,42.60675,4850,"3300-2500 BCE",2,"GG",2,0,0,"Outside Europe",6500,true
"I11112","I11112","NarasimhanPattersonScience2019",2019,"Russia_Afanasievo","Krasnoyarsk Krai, Minusinsk Rayon, Podsukhanika II","Russia",53.87388889,91.46972222,4850,"3050-2750 BCE",2,"GG",2,0,0,"Outside Europe",6500,true
"I6715","I6715","NarasimhanPattersonScience2019",2019,"Russia_Afanasievo","Altai Mountains, Yenisey River, left bank of Karasuk tributary, Karasuk III","Russia",48.832683,83.909744,4850,"3300-2500 BCE",1,"G",1,0,0,"Outside Europe",6500,true
"I1842","I1842","OlaldeScience2019",2019,"Spain_C","Basque Country, Araba/Álava, Peñacerrada-Urizaharra, Las Yurdinas II","Spain",42.63,-2.7,4850,"3000-2800 BCE",4,"GG",2,0,0,"Mediterranean",8200,true
"LU339.SG","LU339","GonzalesFortesProcRoyalSocB2019",2019,"Portugal_MN.SG","Lorga de Din","Portugal",41.708333,-6.927778,4849,"3008-2783 calBCE (4280±30 BP, Beta-441386)",5,"GG",2,0,0,"Mediterranean",8200,true
"I11462","I11462","NarasimhanPattersonScience2019",2019,"Iran_BA1_ShahrISokhta","Seistan, Shahr-i Sokhta","Iran",30.649857,61.400311,4844,"2911-2881 calBCE (4270±20 BP, PSUAMS-4778)",5,"GG",2,0,0,"Outside Europe",6500,true
"R4.SG","R4","AntonioGaoMootsScience2019",2019,"Italy_C.SG","Grotta Continenza","Italy",41.96,13.54,4841,"2906-2880 calBCE (4260±15 BP, UCIAMS-198576)",4,"GG",2,0,0,"Mediterranean",8200,true
"R5.SG","R5","AntonioGaoMootsScience2019",2019,"Italy_C.SG","Grotta Continenza","Italy",41.96,13.54,4832,"2905-2786 calBCE (4245±15 BP, UCIAMS-198577)",5,"GG",2,0,0,"Mediterranean",8200,true
"I1845","I1845","OlaldeScience2019",2019,"Spain_C","Basque Country, Araba/Álava, Laguardia, Alto de la Huesera","Spain",42.57,-2.57,4825,"3100-2650 BCE",1,"G",1,0,0,"Mediterranean",8200,true
"I1846","I1846","OlaldeScience2019",2019,"Spain_C","Basque Country, Araba/Álava, Laguardia, Alto de la Huesera","Spain",42.57,-2.57,4825,"3100-2650 BCE",3,"GG",2,0,0,"Mediterranean",8200,true
"I1978","I1978","OlaldeScience2019",2019,"Spain_C","Basque Country, Araba/Álava, Laguardia, Alto de la Huesera","Spain",42.57,-2.57,4825,"3100-2650 BCE",9,"GG",2,0,0,"Mediterranean",8200,true
"I7642","I7642","OlaldeScience2019",2019,"Spain_MLN","Valencian Community, Alacant/Alicante, Alcoi, Les Llometes","Spain",38.7025,-0.48631,4784,"2907-2761 calBCE (MAMS-16338)",1,"G",1,0,0,"Mediterranean",8200,true
"RK1003","RK1003","WangNatureCommunications2019",2019,"Russia_North_Caucasus","Kuban steppe, Rasshevatskij 1","Russia",45.537249,41.116544,4764,"2899-2701 calBCE (4218±24 BP, MAMS-29817)",1,"G",1,0,0,"Outside Europe",6500,true
"RISE1170.SG","RISE1170","SchroederPNAS2019",2019,"Poland_Koszyce_GAC.SG","Koszyce, site 3","Poland",48.7,21.2,4754,"2900-2696 calBCE (4213±26 BP)",5,"GG",2,0,0,"Rhine-Danube",7600,true
"I6711","I6711","NarasimhanPattersonScience2019",2019,"Russia_Afanasievo","Middle Yenisei region, Afanasieva Gora","Russia",54.35661,90.919186,4750,"2950-2650 BCE",1,"G",1,0,0,"Outside Europe",6500,true
"I11605","I11605","OlaldeScience2019",2019,"Portugal_C","Lisbon, Lourinhã, Tholos of Paimogo I","Portugal",39.233333,-9.3,4750,"3100-2500 BCE",2,"GG",2,0,0,"Mediterranean",8200,true
"RISE1250.SG","RISE1250","SchroederPNAS2019",2019,"Poland_Sandomierz_GAC.SG","Sandomierz, site 78","Poland",50.6,21.7,4750,"2950-2650 BCE",1,"G",1,0,0,"Rhine-Danube",7600,true
"RISE1249.SG","RISE1249","SchroederPNAS2019",2019,"Poland_Ksiaznice_GAC.SG","Ksiaznice, site 2","Poland",50.2,21.4,4737,"2905-2636 calBCE (4210±40 BP)",1,"G",1,0,0,"Rhine-Danube",7600,true
"RISE1163.SG","RISE1163","SchroederPNAS2019",2019,"Poland_Koszyce_GAC.SG","Koszyce, site 3","Poland",48.7,21.2,4736,"2891-2674 calBCE (4196±25 BP)",3,"GG",2,0,0,"Rhine-Danube",7600,true
"I7671","I7671","NarasimhanPattersonScience2019",2019,"Russia_MBA_Poltavka_o2","Samara Oblast, Volga River Valley, Bobrovka","Russia",53.16638889,50.67361111,4729,"2885-2674 calBCE (4185±20 BP, PSUAMS-4275)",6,"GG",2,0,0,"Outside Europe",6500,true
"I3387","I3387","NarasimhanPattersonScience2019",2019,"Russia_Afanasievo","Middle Yenisei region, Afanasieva Gora","Russia",54.35661,90.919186,4725,"2950-2600 BCE",7,"GG",2,0,0,"Outside Europe",6500,true
"RISE1159.SG","RISE1159","SchroederPNAS2019",2019,"Poland_Koszyce_GAC.SG","Koszyce, site 3","Poland",48.7,21.2,4724,"2884-2671 calBCE (4180±22 BP)",4,"GG",2,0,0,"Rhine-Danube",7600,true
"GW1001","GW1001","WangNatureCommunications2019",2019,"Russia_North_Caucasus","Piedmont, Gorjačevodskij 1","Russia",44.031853,43.129956,4718,"2883-2638 calBCE (4174±24 BP, MAMS-29807)",7,"GG",2,0,0,"Outside Europe",6500,true
"RK1001","RK1001","WangNatureCommunications2019",2019,"Russia_Caucasus_EBA_Yamnaya","Kuban steppe, Rasshevatskij 1","Russia",45.537249,41.116544,4717,"2881-2639 calBCE (4171±22 BP, MAMS-29816)",5,"GG",2,0,0,"Outside Europe",6500,true
"I2924","I2924","NarasimhanPattersonScience2019",2019,"Iran_C_TepeHissar","Tepe Hissar","Iran",36.15444444,54.38361111,4715,"2882-2636 calBCE (4170±25 BP, PSUAMS-2262)",3,"GG",2,0,0,"Outside Europe",6500,true
"I2925","I2925","NarasimhanPattersonScience2019",2019,"Iran_C_TepeHissar","Tepe Hissar","Iran",36.15444444,54.38361111,4715,"2882-2636 calBCE (4170±25 BP, PSUAMS-1913)",3,"GG",2,0,0,"Outside Europe",6500,true
"I6294","I6294","NarasimhanPattersonScience2019",2019,"Russia_MBA_Poltavka","Samara Oblast, Volga River Valley, Sok River, Grachevka","Russia",53.58975,50.57129167,4709,"2877-2635 calBCE (4160±20 BP, PSUAMS-2956)",3,"GG",2,0,0,"Outside Europe",6500,true
"I2923","I2923","NarasimhanPattersonScience2019",2019,"Iran_C_TepeHissar","Tepe Hissar","Iran",36.15444444,54.38361111,4707,"2879-2632 calBCE (4160±25 BP, PSUAMS-1915)",3,"GG",2,0,0,"Outside Europe",6500,true
"I3950","I3950","NarasimhanPattersonScience2019",2019,"Russia_Afanasievo","Altai Mountains, Yenisey River, left bank of Karasuk tributary, Karasuk III","Russia",48.832683,83.909744,4707,"2879-2632 calBCE (4160±25 BP, PSUAMS-1955)",8,"GG",2,0,0,"Outside Europe",6500,true
"MK5009","MK5009","WangNatureCommunications2019",2019,"Russia_North_Caucasus","Piedmont, Mar'inskaja 5","Russia",43.905354,43.521883,4705,"2879-2631 calBCE (4160±30 BP, MAMS-110549)",1,"G",1,0,0,"Outside Europe",6500,true
"ans016.SG","ans016","SanchezQuintoPNAS2019",2019,"Sweden_Ansarve_Megalithic.SG","Ansarve","Sweden",57.509,18.14,4705,"2879-2631 calBCE (4160±30 BP, Beta-402963)",1,"G",1,0,0,"Baltic",5600,true
"poz81.SG","poz81","MalmstromProcBiolSci2019",2019,"Poland_CWC.SG","Oblaczkowo","Poland",52.3,17.55,4702,"2881-2627 calBCE (4160±35 BP, Poz-36250)",5,"GG",2,0,0,"Rhine-Danube",7600,true
"I3954","I3954","NarasimhanPattersonScience2019",2019,"Russia_Afanasievo","Altai Mountains, Yenisey River, left bank of Karasuk tributary, Karasuk III","Russia",48.832683,83.909744,4690,"2874-2586 calBCE (4140±25 BP, PSUAMS-2293)",26,"GG",2,0,0,"Outside Europe",6500,true
"LYG001","LYG001","WangNatureCommunications2019",2019,"Russia_North_Caucasus","Piedmont, Lysogarskaya","Russia",44.05336,43.21034,4670,"2866-2580 calBCE (4122±23 BP, MAMS-29825)",4,"GG",2,0,0,"Outside Europe",6500,true
"I3952","I3952","NarasimhanPattersonScience2019",2019,"Russia_Afanasievo","Altai Mountains, Yenisey River, left bank of Karasuk tributary, Karasuk III","Russia",48.832683,83.909744,4667,"2868-2577 calBCE (4120±30 BP, PSUAMS-1957)",20,"GG",2,0,0,"Outside Europe",6500,true
"I11752","I11752","NarasimhanPattersonScience2019",2019,"Russia_Afanasievo","Inskoy Dol","Russia",51.31202778,83.06356944,4650,"2900-2500 BCE",6,"GG",2,0,0,"Outside Europe",6500,true
"I11592","I11592","OlaldeScience2019",2019,"Portugal_C","Torres Vedra, Bolores","Portugal",39.083333,9.266667,4650,"2800-2600 BCE",2,"GG",2,0,0,"Mediterranean",8200,true
"I8154","I8154","OlaldeScience2019",2019,"Spain_C","Andalusia, Córdoba, Lucena, Sima del Ángel","Spain",37.24,-4.24,4650,"2900-2500 BCE",1,"G",1,0,0,"Mediterranean",8200,true
"I8197","I8197","OlaldeScience2019",2019,"Spain_C","Andalusia, Córdoba, Lucena, Sima del Ángel","Spain",37.24,-4.24,4650,"2900-2500 BCE",18,"GG",2,0,0,"Mediterranean",8200,true
"I8198","I8198","OlaldeScience2019",2019,"Spain_C","Andalusia, Córdoba, Lucena, Sima del Ángel","Spain",37.24,-4.24,4650,"2900-2500 BCE",4,"GG",2,0,0,"Mediterranean",8200,true
"I8199","I8199","OlaldeScience2019",2019,"Spain_C","Andalusia, Córdoba, Lucena, Sima del Ángel","Spain",37.24,-4.24,4650,"2900-2500 BCE",16,"GG",2,0,0,"Mediterranean",8200,true
"I11474","I11474","NarasimhanPattersonScience2019",2019,"Iran_BA1_ShahrISokhta","Seistan, Shahr-i Sokhta","Iran",30.649857,61.400311,4600,"2700-2600 BCE",1,"G",1,0,0,"Outside Europe",6500,true
"I11476","I11476","NarasimhanPattersonScience2019",2019,"Iran_BA1_ShahrISokhta","Seistan, Shahr-i Sokhta","Iran",30.649857,61.400311,4600,"3200-2100 BCE",5,"GG",2,0,0,"Outside Europe",6500,true
"I3388_published","I3388","NarasimhanPattersonScience2019",2019,"Russia_Afanasievo_published","Altai Mountains, Yenisey River, left bank of Karasuk tributary, Karasuk III","Russia",48.832683,83.909744,4600,"2700-2600 BCE",4,"GG",2,0,0,"Outside Europe",6500,true
"I8364","I8364","OlaldeScience2019",2019,"Spain_C","Andalusia, Córdoba, Lucena, Sima del Ángel","Spain",37.24,-4.24,4588,"2706-2569 BCE",8,"GG",2,0,0,"Mediterranean",8200,true
"I8365","I8365","OlaldeScience2019",2019,"Spain_C","Andalusia, Córdoba, Lucena, Sima del Ángel","Spain",37.24,-4.24,4588,"2706-2569 BCE",9,"GG",2,0,0,"Mediterranean",8200,true
"I3447","I3447","NarasimhanPattersonScience2019",2019,"Kazakhstan_Dali_EBA","Byan Zherek, eastern spur, Dali","Kazakhstan",45.13237778,79.36439444,4577,"2848-2494 calBCE (4075±25 BP, PSUAMS-2071)",20,"GG",2,0,0,"Outside Europe",6500,true
"I6695","I6695","NarasimhanPattersonScience2019",2019,"Czech_CordedWare","Bilina","Czech Republic",50.548056,13.776111,4575,"2900-2350 BCE",19,"GG",2,0,0,"Rhine-Danube",7600,true
"I6696","I6696","NarasimhanPattersonScience2019",2019,"Czech_CordedWare","Velké Žernoseky","Czech Republic",50.542896,14.065942,4575,"2900-2350 BCE",13,"GG",2,0,0,"Rhine-Danube",7600,true
"I2513","I2513","NarasimhanPattersonScience2019",2019,"Iran_C_TepeHissar","Tepe Hissar","Iran",36.15444444,54.38361111,4564,"2847-2492 calBCE (4070±25 BP, PSUAMS-2229)",6,"GG",2,0,0,"Outside Europe",6500,true
"I6671","I6671","NarasimhanPattersonScience2019",2019,"Turkmenistan_EBA_Parkhai","Parkhai II","Turkmenistan",38.348048,56.24543,4550,"3000-2200 BCE",17,"GG",2,0,0,"Outside Europe",6500,true
"RK4002","RK4002","WangNatureCommunications2019",2019,"Russia_Steppe_Catacomb","Kuban steppe, Rasshevatskij 4","Russia",45.535978,41.059517,4510,"2662-2474 calBCE (4050±22 BP, MAMS-29820)",8,"GG",2,0,0,"Outside Europe",6500,true
"I11456_published","I11456","NarasimhanPattersonScience2019",2019,"Iran_ShahrISokhta_BA2_published","Seistan, Shahr-i Sokhta","Iran",30.649857,61.400311,4500,"2600-2500 BCE",7,"GG",2,0,0,"Outside Europe",6500,true
"I11478","I11478","NarasimhanPattersonScience2019",2019,"Iran_BA1_ShahrISokhta","Seistan, Shahr-i Sokhta","Iran",30.649857,61.400311,4500,"3200-1900 BCE",4,"GG",2,0,0,"Outside Europe",6500,true
"I8728_published","I8728","NarasimhanPattersonScience2019",2019,"Iran_ShahrISokhta_BA2_published","Seistan, Shahr-i Sokhta","Iran",30.649857,61.400311,4500,"2600-2500 BCE",1,"G",1,0,0,"Outside Europe",6500,true
"ber2F.SG","ber2","MalmstromProcBiolSci2019",2019,"Sweden_BAC.SG","Bergsgraven","Sweden",58.415833,15.625278,4492,"2625-2469 calBCE (4030±30 BP, Beta-423306)",1,"G",1,0,0,"Baltic",5600,true
"ber1M.SG","ber1","MalmstromProcBiolSci2019",2019,"Sweden_BAC.SG","Bergsgraven","Sweden",58.415833,15.625278,4483,"2622-2467 calBCE (4020±30 BP, Beta-423305)",6,"GG",2,0,0,"Baltic",5600,true
"MK3003","MK3003","WangNatureCommunications2019",2019,"Russia_Steppe_Catacomb","Piedmont, Mar'inskaja 3","Russia",43.925355,43.530317,4477,"2580-2470 calBCE (4020±22 BP, MAMS-29809)",5,"GG",2,0,0,"Outside Europe",6500,true
"LD1174.SG","LD1174","GonzalesFortesProcRoyalSocB2019",2019,"Spain_MN.SG","Lucena, Sima del Angel","Spain",37.406111,-4.416389,4466,"2578-2459 calBCE (3989±30 BP, Beta-441391)",4,"GG",2,0,0,"Mediterranean",8200,true
"Darra.I.Kur_d","Darra.I.Kur","NarasimhanPattersonScience2019",2019,"Afghanistan_DarralKur_MBA","Darra-i-Kur Cave","Afghanistan",36.783333,70,4466,"2581-2411 calBCE (3989±31 BP, OxA-31781)",3,"GA",2,1,0.5,"Outside Europe",6500,true
"I8131","I8131","OlaldeScience2019",2019,"Spain_C","Valencian Community, València/Valencia, La Vital, Gandia","Spain",38.9777,-0.16037,4459,"2576-2356 calBCE (3980±30 BP, Beta-504712)",2,"GG",2,0,0,"Mediterranean",8200,true
"I6713","I6713","NarasimhanPattersonScience2019",2019,"Russia_Afanasievo","Middle Yenisei region, Afanasieva Gora","Russia",54.35661,90.919186,4450,"3000-2000 BCE",2,"GG",2,0,0,"Outside Europe",6500,true
"LD270.SG","LD270","GonzalesFortesProcRoyalSocB2019",2019,"Portugal_MN.SG","Lorga de Din","Portugal",41.708333,-6.927778,4380,"2566-2305 calBCE (3940±30 BP, Beta-441387)",8,"GG",2,0,0,"Mediterranean",8200,true
"I7207","I7207","NarasimhanPattersonScience2019",2019,"Czech_CordedWare","Radosevice","Czech Republic",50.410265,14.074597,4370,"2561-2306 calBCE (3935±25 BP, PSUAMS-3887)",5,"GG",2,0,0,"Rhine-Danube",7600,true
"EHU002","EHU002","OlaldeScience2019",2019,"Spain_C_oSteppe","Castilla y León, Burgos, Monasterio de Rodilla, El Hundido","Spain",42.419214,-3.484745,4367,"2564-2299 calBCE (3933±32 BP, CSIC-1896)",3,"GG",2,0,0,"Mediterranean",8200,true
"I2514","I2514","NarasimhanPattersonScience2019",2019,"Iran_C_TepeHissar","Tepe Hissar","Iran",36.15444444,54.38361111,4347,"2471-2299 calBCE (3915±25 BP, PSUAMS-1918)",18,"GG",2,0,0,"Outside Europe",6500,true
"I11735","I11735","NarasimhanPattersonScience2019",2019,"Kazakhstan_Mereke_MBA","Mereke, Taskala district, Zapadno-Kazahstanskaya Oblast","Kazakhstan",50.77023611,49.34004167,4328,"2460-2296 calBCE (3885±20 BP, PSUAMS-4901)",6,"GG",2,0,0,"Outside Europe",6500,true
"I7208","I7208","NarasimhanPattersonScience2019",2019,"Czech_CordedWare","Radosevice","Czech Republic",50.410265,14.074597,4324,"2464-2290 calBCE (3885±25 BP, PSUAMS-3888)",3,"GG",2,0,0,"Rhine-Danube",7600,true
"SA6003","SA6003","WangNatureCommunications2019",2019,"Russia_Steppe_Catacomb","Kaspi steppe, Šarachalsun 6","Russia",45.725651,43.986933,4318,"2470-2209 calBCE (3890±40 BP, GIN-12400)",3,"GG",2,0,0,"Outside Europe",6500,true
"I4243","I4243","NarasimhanPattersonScience2019",2019,"Iran_BA_HajjiFiruz","Hajji Firuz","Iran",36.9944,45.4744,4312,"2463-2236 calBCE (3875±25 BP, PSUAMS-2113)",17,"GG",2,0,0,"Outside Europe",6500,true
"I8745","I8745","NarasimhanPattersonScience2019",2019,"Russia_MBA_Poltavka","Samara Oblast, Volga River Valley, Nikolaevka Kurgan","Russia",49.96666667,44.66666667,4300,"2500-2200 BCE",2,"GG",2,0,0,"Outside Europe",6500,true
"I3238","I3238","OlaldeScience2019",2019,"Spain_C_oSteppe","Asturias, Soto de las Regueras, Cueva de la Paloma","Spain",43.41022,-5.98496,4300,"2500-2200 BCE",1,"G",1,0,0,"Mediterranean",8200,true
"I7209","I7209","NarasimhanPattersonScience2019",2019,"Czech_CordedWare","Radosevice","Czech Republic",50.410265,14.074597,4269,"2456-2204 calBCE (3850±25 BP, PSUAMS-4026)",11,"GG",2,0,0,"Rhine-Danube",7600,true
"RK4001","RK4001","WangNatureCommunications2019",2019,"Russia_Steppe_Catacomb","Kuban steppe, Rasshevatskij 4","Russia",45.535978,41.059517,4238,"2451-2201 calBCE (3837±22 BP, MAMS-29819)",1,"G",1,0,0,"Outside Europe",6500,true
"I2123","I2123","NarasimhanPattersonScience2019",2019,"Turkmenistan_Gonur_BA_2","Gonur","Turkmenistan",38.21228,62.03443,4211,"2451-2141 calBCE (3815±35 BP, Poz-83491)",1,"G",1,0,0,"Outside Europe",6500,true
"I4246_published","I4246","OlaldeScience2019",2019,"Spain_BellBeaker_oAfrican_published","Madrid, San Fernando de Henares, Camino de las Yeseras","Spain",40.439,-3.501,4209,"2401-2146 BCE (3819±25 BP) [R_combine: (3910±30 BP, PSUAMS-2119); (3650±40 BP, Beta-184837)]",4,"GG",2,0,0,"Mediterranean",8200,true
"I10411","I10411","NarasimhanPattersonScience2019",2019,"Turkmenistan_Gonur_BA_1","Gonur","Turkmenistan",38.21228,62.03443,4200,"2300-2200 BCE",2,"GG",2,0,0,"Outside Europe",6500,true
"EKA1.SG","kar1","MalmstromProcBiolSci2019",2019,"Estonia_CWC.SG","Karlova","Estonia",58.366819,26.7345,4195,"2447-2136 calBCE (3805±35 BP, Poz-15499)",3,"AA",2,2,1,"Baltic",5600,true
"WEHR_1192SkA","WEHR_1192SkA","MittnikScience2019",2019,"Germany_Lech_BellBeaker","Wehringen-Hochfeld","Germany",48.25283,10.80879,4193,"2339-2147 calBCE (3810±19 BP, MAMS-18922)",11,"GG",2,0,0,"Rhine-Danube",7600,true
"R28.SG","SUC004","AntonioGaoMootsScience2019",2019,"Italy_Sardinia_EBA_dup.SUC004.SG","Porto Torres, SAS, Su Crucifissu Mannu, t.16","Italy",40.8101044,8.4422073,4185,"2296-2144 calBCE (3802±19 BP, MAMS-38297)",1,"G",1,0,0,"Mediterranean",8200,true
"I1782","I1782","NarasimhanPattersonScience2019",2019,"Turkmenistan_Gonur_BA_1","Gonur","Turkmenistan",38.21228,62.03443,4163,"2289-2141 calBCE (3785±20 BP, PSUAMS-2309)",1,"G",1,0,0,"Outside Europe",6500,true
"I0244","I0244","NarasimhanPattersonScience2019",2019,"Russia_Potapovka_o1","Samara Oblast, Volga River Valley, Sok River, Grachevka","Russia",53.58975,50.57129167,4154,"2343-2039 BCE (3779±40 BP) [R_combine: (3752±52 BP, AA-53806); (3815±60 BP, Le-6545)]",6,"GG",2,0,0,"Outside Europe",6500,true
"R27.SG","R27","AntonioGaoMootsScience2019",2019,"Italy_C_BA.SG","Su Crocefissu","Italy",40.8101044,8.4422073,4150,"3500-900 BCE",1,"G",1,0,0,"Mediterranean",8200,true
"I6674","I6674","NarasimhanPattersonScience2019",2019,"Turkmenistan_MBA_Parkhai","Parkhai II","Turkmenistan",38.348048,56.24543,4148,"2341-2038 calBCE (3775±40 BP, PSUAMS-2951)",6,"GG",2,0,0,"Outside Europe",6500,true
"EHU001","EHU001","OlaldeScience2019",2019,"Spain_C_oSteppe","Castilla y León, Burgos, Monasterio de Rodilla, El Hundido","Spain",42.419214,-3.484745,4121,"2287-2041 calBCE (3760±30 BP, Beta-492280)",6,"GG",2,0,0,"Mediterranean",8200,true
"I11526","I11526","NarasimhanPattersonScience2019",2019,"Kyrgyzstan_Aygirdjal_BA","Aygirdjal","Kyrgyzstan",41.431467,75.885481,4079,"2204-2038 calBCE (3735±20 BP, PSUAMS-4607)",5,"GG",2,0,0,"Outside Europe",6500,true
"I2121","I2121","NarasimhanPattersonScience2019",2019,"Turkmenistan_Gonur_BA_1","Gonur","Turkmenistan",38.21228,62.03443,4079,"2204-2038 calBCE (3735±20 BP, PSUAMS-2314)",1,"G",1,0,0,"Outside Europe",6500,true
"I1783","I1783","NarasimhanPattersonScience2019",2019,"Turkmenistan_Gonur_BA_1_o1","Gonur","Turkmenistan",38.21228,62.03443,4068,"2276-1985 calBCE (3725±35 BP, Poz-83484)",1,"G",1,0,0,"Outside Europe",6500,true
"I1784","I1784","NarasimhanPattersonScience2019",2019,"Turkmenistan_Gonur_BA_1","Gonur","Turkmenistan",38.21228,62.03443,4060,"2204-2027 calBCE (3720±30 BP, Poz-83485)",2,"GG",2,0,0,"Outside Europe",6500,true
"I11737","I11737","NarasimhanPattersonScience2019",2019,"Kazakhstan_Mereke_MBA","Mereke, Taskala district, Zapadno-Kazahstanskaya Oblast","Kazakhstan",50.77023611,49.34004167,4046,"2197-2032 calBCE (3710±20 BP, PSUAMS-4902)",8,"GG",2,0,0,"Outside Europe",6500,true
"POST_50","POST_50","MittnikScience2019",2019,"Germany_Lech_EBA_contam","Haunstetten-Postillionstraße","Germany",48.29573,10.89103,4045,"2199-2027 calBCE (3707±24 BP, MAMS-18966)",5,"GG",2,0,0,"Rhine-Danube",7600,true
"I2922","I2922","NarasimhanPattersonScience2019",2019,"Iran_C_TepeHissar","Tepe Hissar","Iran",36.15444444,54.38361111,4043,"2198-1985 calBCE (3705±25 BP, PSUAMS-2227)",1,"G",1,0,0,"Outside Europe",6500,true
"I6708","I6708","NarasimhanPattersonScience2019",2019,"Kazakhstan_Kanai_MBA","Northeastern Kazakhstan, Kanai Cemetery","Kazakhstan",48.832683,83.909744,4042,"2196-2029 calBCE (3705±20 BP, PSUAMS-2916)",1,"G",1,0,0,"Outside Europe",6500,true
"I1793","I1793","NarasimhanPattersonScience2019",2019,"Turkmenistan_Gonur_BA_1","Gonur","Turkmenistan",38.21228,62.03443,4038,"2195-2027 calBCE (3700±20 BP, PSUAMS-2312)",2,"GG",2,0,0,"Outside Europe",6500,true
"KBD001","KBD001","WangNatureCommunications2019",2019,"Russia_North_Caucasus_MBA","North Caucasus mountains, Kabardinka","Russia",43.826337,42.716199,4030,"2197-1975 calBCE (3690±30 BP, UGAMS-13455)",29,"GG",2,0,0,"Outside Europe",6500,true
"POST_44","POST_44","MittnikScience2019",2019,"Germany_Lech_EBA_contam","Haunstetten-Postillionstraße","Germany",48.29573,10.89103,4023,"2189-1976 calBCE (3681±23 BP, MAMS-18964)",14,"GG",2,0,0,"Rhine-Danube",7600,true
"OBKR_80","OBKR_80","MittnikScience2019",2019,"Germany_Lech_EBA","Königsbrunn-Obere Kreuzstraße, Baugebiet 110","Germany",48.26656,10.87857,4000,"2136-1955 calBCE (3664±24 BP, MAMS-18901)",10,"GG",2,0,0,"Rhine-Danube",7600,true
"I3770","I3770","NarasimhanPattersonScience2019",2019,"Kazakhstan_Zevakinskiy_BA","Zevakinskiy stone fence","Kazakhstan",50.2249,81.83678333,3968,"2134-1936 calBCE (3645±25 BP, PSUAMS-2079)",3,"GG",2,0,0,"Outside Europe",6500,true
"I3374","I3374","NarasimhanPattersonScience2019",2019,"Turkmenistan_Gonur_BA_1","Gonur","Turkmenistan",38.21228,62.03443,3966,"2131-1942 calBCE (3645±20 BP, PSUAMS-2317)",2,"GG",2,0,0,"Outside Europe",6500,true
"POST_99_d","POST_99","MittnikScience2019",2019,"Germany_Lech_EBA","Haunstetten-Postillionstraße","Germany",48.29573,10.89103,3962,"2133-1931 calBCE (3641±25 BP, MAMS-18969)",2,"GG",2,0,0,"Rhine-Danube",7600,true
"I7670","I7670","NarasimhanPattersonScience2019",2019,"Russia_MLBA_Potapovka","Samara Oblast, Volga River Valley, Sok River, Grachevka","Russia",53.58975,50.57129167,3958,"2129-1940 calBCE (3640±20 BP, PSUAMS-4274)",1,"G",1,0,0,"Outside Europe",6500,true
"I8507","I8507","NarasimhanPattersonScience2019",2019,"Uzbekistan_Kokcha_BA","Kokcha 3","Uzbekistan",40.54,64.99,3950,"2500-1500 BCE",1,"G",1,0,0,"Outside Europe",6500,true
"I1788","I1788","NarasimhanPattersonScience2019",2019,"Turkmenistan_Gonur_BA_1","Gonur","Turkmenistan",38.21228,62.03443,3947,"2130-1896 calBCE (3630±30 BP, PSUAMS-2066)",1,"G",1,0,0,"Outside Europe",6500,true
"NV3001","NV3001","WangNatureCommunications2019",2019,"Russia_Steppe_Lola","North Caucasus steppe, Nevinnommiskij 3","Russia",44.73486,41.938749,3945,"2127-1924 calBCE (3631±22 BP, MAMS-29812)",22,"GG",2,0,0,"Outside Europe",6500,true
"I11527","I11527","NarasimhanPattersonScience2019",2019,"Kyrgyzstan_Aygirdjal_BA","Aygirdjal","Kyrgyzstan",41.431467,75.885481,3943,"2122-1926 calBCE (3630±20 BP, PSUAMS-4750)",5,"GG",2,0,0,"Outside Europe",6500,true
"I7414","I7414","NarasimhanPattersonScience2019",2019,"Uzbekistan_SappaliTepe_BA","Sappali Tepe","Uzbekistan",37.41666667,66.83333333,3925,"2031-1900 calBCE (3615±20 BP, PSUAMS-3106)",8,"GG",2,0,0,"Outside Europe",6500,true
"POST_28","POST_28","MittnikScience2019",2019,"Germany_Lech_EBA","Haunstetten-Postillionstraße","Germany",48.29573,10.89103,3917,"2027-1898 calBCE (3608±20 BP, MAMS-18960)",1,"G",1,0,0,"Rhine-Danube",7600,true
"UNTA85_1412","UNTA85_1412","MittnikScience2019",2019,"Germany_Lech_EBA","Haunstetten-Unterer Talweg 85","Germany",48.31966,10.89153,3910,"2028-1891 calBCE (3602±25 BP, MAMS-18951)",8,"GG",2,0,0,"Rhine-Danube",7600,true
"I4161","I4161","NarasimhanPattersonScience2019",2019,"Uzbekistan_Dzharkutan_BA_1","Dzharkutan","Uzbekistan",37.75,67,3900,"2100-1800 BCE",5,"GG",2,0,0,"Outside Europe",6500,true
"I4901","I4901","NarasimhanPattersonScience2019",2019,"Uzbekistan_Dzharkutan_BA_2","Dzharkutan","Uzbekistan",37.75,67,3900,"2100-1800 BCE",15,"GG",2,0,0,"Outside Europe",6500,true
"I5608","I5608","NarasimhanPattersonScience2019",2019,"Uzbekistan_Dzharkutan_BA_2","Dzharkutan","Uzbekistan",37.75,67,3900,"2100-1800 BCE",21,"GG",2,0,0,"Outside Europe",6500,true
"I2085","I2085","NarasimhanPattersonScience2019",2019,"Turkmenistan_Gonur_BA_1","Gonur","Turkmenistan",38.21228,62.03443,3881,"2020-1882 calBCE (3580±20 BP, PSUAMS-2313)",1,"G",1,0,0,"Outside Europe",6500,true
"I7494","I7494","NarasimhanPattersonScience2019",2019,"Uzbekistan_SappaliTepe_BA2","Sappali Tepe","Uzbekistan",37.41666667,66.83333333,3875,"2016-1830 calBCE (3575±20 BP, PSUAMS-3230)",1,"G",1,0,0,"Outside Europe",6500,true
"POST_6","POST_6","MittnikScience2019",2019,"Germany_Lech_EBA","Haunstetten-Postillionstraße","Germany",48.29573,10.89103,3873,"2015-1830 calBCE (3574±19 BP, MAMS-18955)",31,"GA",2,1,0.5,"Rhine-Danube",7600,true
"WEHR_1415adult_d","WEHR_1415adult","MittnikScience2019",2019,"Germany_Lech_EBA_mother.WEHR_1415child","Wehringen-Hochfeld","Germany",48.25283,10.80879,3872,"2014-1830 calBCE (3573±19 BP, MAMS-18929)",3,"GG",2,0,0,"Rhine-Danube",7600,true
"I0984","I0984","NarasimhanPattersonScience2019",2019,"Russia_MLBA_Sintashta","Kamennyi Ambar 5 Cemetery","Russia",52.81666667,60.46666667,3870,"2024-1779 calBCE (3572±29 BP, OxA-12530)",2,"GG",2,0,0,"Outside Europe",6500,true
"R22.SG","R22","AntonioGaoMootsScience2019",2019,"Italy_C_BA.SG","Su Crocefissu","Italy",40.8101044,8.4422073,3868,"2015-1826 calBCE (3570±20 BP, UCIAMS-198885)",1,"G",1,0,0,"Mediterranean",8200,true
"I3756","I3756","OlaldeScience2019",2019,"Spain_EBA","Ciudad Real, Terrinches, Castillejo del Bonete","Spain",38.5781,-2.8417,3860,"2017-1778 calBCE (3565±25 BP, PSUAMS-2077)",3,"GG",2,0,0,"Mediterranean",8200,true
"I7492","I7492","NarasimhanPattersonScience2019",2019,"Uzbekistan_SappaliTepe_BA","Sappali Tepe","Uzbekistan",37.41666667,66.83333333,3853,"2010-1779 calBCE (3560±20 BP, PSUAMS-3121)",5,"GG",2,0,0,"Outside Europe",6500,true
"I7495","I7495","NarasimhanPattersonScience2019",2019,"Uzbekistan_SappaliTepe_BA2","Sappali Tepe","Uzbekistan",37.41666667,66.83333333,3853,"2010-1779 calBCE (3560±20 BP, PSUAMS-3122)",4,"GG",2,0,0,"Outside Europe",6500,true
"KDC001","KDC001","WangNatureCommunications2019",2019,"Russia_North_Caucasus_MBA","Piedmont/mountains, Kudachurt","Russia",43.354032,43.721893,3838,"1950-1778 BCE (3551±17 BP) [R_combine: (3548±23 BP, MAMS-110560); (3554±23 BP, MAMS-110561)]",21,"GG",2,0,0,"Outside Europe",6500,true
"I1027","I1027","NarasimhanPattersonScience2019",2019,"Russia_MLBA_Sintashta","Kamennyi Ambar 5 Cemetery","Russia",52.81666667,60.46666667,3833,"2008-1773 calBCE (3550±25 BP, PSUAMS-1954)",16,"GG",2,0,0,"Outside Europe",6500,true
"I1781","I1781","NarasimhanPattersonScience2019",2019,"Turkmenistan_Gonur_BA_1","Gonur","Turkmenistan",38.21228,62.03443,3832,"2014-1771 calBCE (3550±30 BP, PSUAMS-2065)",1,"G",1,0,0,"Outside Europe",6500,true
"I1029","I1029","NarasimhanPattersonScience2019",2019,"Russia_MLBA_Sintashta","Kamennyi Ambar 5 Cemetery","Russia",52.81666667,60.46666667,3830,"2012-1772 calBCE (3549±29 BP, OxA-12531)",1,"G",1,0,0,"Outside Europe",6500,true
"I0939","I0939","NarasimhanPattersonScience2019",2019,"Russia_MLBA_Sintashta","Kamennyi Ambar 5 Cemetery","Russia",52.81666667,60.46666667,3825,"2050-1700 BCE",1,"A",1,1,1,"Outside Europe",6500,true
"I0983","I0983","NarasimhanPattersonScience2019",2019,"Russia_MLBA_Sintashta_o1","Kamennyi Ambar 5 Cemetery","Russia",52.81666667,60.46666667,3825,"2050-1700 BCE",2,"GG",2,0,0,"Outside Europe",6500,true
"I0986","I0986","NarasimhanPattersonScience2019",2019,"Russia_MLBA_Sintashta","Kamennyi Ambar 5 Cemetery","Russia",52.81666667,60.46666667,3825,"2050-1700 BCE",1,"G",1,0,0,"Outside Europe",6500,true
"I0987","I0987","NarasimhanPattersonScience2019",2019,"Russia_MLBA_Sintashta_contam","Kamennyi Ambar 5 Cemetery","Russia",52.81666667,60.46666667,3825,"2050-1700 BCE",2,"GG",2,0,0,"Outside Europe",6500,true
"I1003","I1003","NarasimhanPattersonScience2019",2019,"Russia_MLBA_Sintashta","Kamennyi Ambar 5 Cemetery","Russia",52.81666667,60.46666667,3825,"2050-1700 BCE",1,"G",1,0,0,"Outside Europe",6500,true
"I1011","I1011","NarasimhanPattersonScience2019",2019,"Russia_MLBA_Sintashta","Kamennyi Ambar 5 Cemetery","Russia",52.81666667,60.46666667,3825,"2050-1700 BCE",1,"G",1,0,0,"Outside Europe",6500,true
"I1012_published","I1012","NarasimhanPattersonScience2019",2019,"Russia_MLBA_Sintashta_published","Kamennyi Ambar 5 Cemetery","Russia",52.81666667,60.46666667,3825,"2050-1700 BCE",3,"GG",2,0,0,"Outside Europe",6500,true
"I1019","I1019","NarasimhanPattersonScience2019",2019,"Russia_MLBA_Sintashta","Kamennyi Ambar 5 Cemetery","Russia",52.81666667,60.46666667,3825,"2050-1700 BCE",3,"GG",2,0,0,"Outside Europe",6500,true
"I1022","I1022","NarasimhanPattersonScience2019",2019,"Russia_MLBA_Sintashta","Kamennyi Ambar 5 Cemetery","Russia",52.81666667,60.46666667,3825,"2050-1700 BCE",1,"G",1,0,0,"Outside Europe",6500,true
"I1024","I1024","NarasimhanPattersonScience2019",2019,"Russia_MLBA_Sintashta","Kamennyi Ambar 5 Cemetery","Russia",52.81666667,60.46666667,3825,"2050-1700 BCE",1,"G",1,0,0,"Outside Europe",6500,true
"I1055","I1055","NarasimhanPattersonScience2019",2019,"Russia_MLBA_Sintashta","Kamennyi Ambar 5 Cemetery","Russia",52.81666667,60.46666667,3825,"2050-1700 BCE",4,"GG",2,0,0,"Outside Europe",6500,true
"I1061","I1061","NarasimhanPattersonScience2019",2019,"Russia_MLBA_Sintashta","Kamennyi Ambar 5 Cemetery","Russia",52.81666667,60.46666667,3825,"2050-1700 BCE",1,"G",1,0,0,"Outside Europe",6500,true
"I1063","I1063","NarasimhanPattersonScience2019",2019,"Russia_MLBA_Sintashta","Kamennyi Ambar 5 Cemetery","Russia",52.81666667,60.46666667,3825,"2050-1700 BCE",1,"G",1,0,0,"Outside Europe",6500,true
"I1082","I1082","NarasimhanPattersonScience2019",2019,"Russia_MLBA_Sintashta","Kamennyi Ambar 5 Cemetery","Russia",52.81666667,60.46666667,3825,"2050-1700 BCE",2,"GG",2,0,0,"Outside Europe",6500,true
"I1084","I1084","NarasimhanPattersonScience2019",2019,"Russia_MLBA_Sintashta","Kamennyi Ambar 5 Cemetery","Russia",52.81666667,60.46666667,3825,"2050-1700 BCE",2,"GG",2,0,0,"Outside Europe",6500,true
"I1089","I1089","NarasimhanPattersonScience2019",2019,"Russia_MLBA_Sintashta","Kamennyi Ambar 5 Cemetery","Russia",52.81666667,60.46666667,3825,"2050-1700 BCE",8,"GG",2,0,0,"Outside Europe",6500,true
"I1090","I1090","NarasimhanPattersonScience2019",2019,"Russia_MLBA_Sintashta","Kamennyi Ambar 5 Cemetery","Russia",52.81666667,60.46666667,3825,"2050-1700 BCE",1,"G",1,0,0,"Outside Europe",6500,true
"I7480","I7480","NarasimhanPattersonScience2019",2019,"Russia_MLBA_Sintashta","Kamennyi Ambar 5 Cemetery","Russia",52.81666667,60.46666667,3825,"2050-1700 BCE",10,"GG",2,0,0,"Outside Europe",6500,true
"I7416","I7416","NarasimhanPattersonScience2019",2019,"Uzbekistan_SappaliTepe_BA","Sappali Tepe","Uzbekistan",37.41666667,66.83333333,3824,"1949-1774 calBCE (3545±20 BP, PSUAMS-3117)",14,"GG",2,0,0,"Outside Europe",6500,true
"I1057","I1057","NarasimhanPattersonScience2019",2019,"Russia_MLBA_Sintashta_o2","Kamennyi Ambar 5 Cemetery","Russia",52.81666667,60.46666667,3814,"1951-1770 calBCE (3540±25 BP, PSUAMS-1953)",8,"GG",2,0,0,"Outside Europe",6500,true
"I4289","I4289","NarasimhanPattersonScience2019",2019,"Uzbekistan_SappaliTepe_BA","Sappali Tepe","Uzbekistan",37.41666667,66.83333333,3790,"1935-1751 calBCE (3525±25 BP, PSUAMS-2125)",3,"GG",2,0,0,"Outside Europe",6500,true
"I7421","I7421","NarasimhanPattersonScience2019",2019,"Uzbekistan_SappaliTepe_BA","Sappali Tepe","Uzbekistan",37.41666667,66.83333333,3790,"1935-1751 calBCE (3525±25 BP, PSUAMS-3120)",2,"GG",2,0,0,"Outside Europe",6500,true
"oll009.SG","oll009","MalmstromProcBiolSci2019",2019,"Sweden_Late_N.SG","Olljso","Sweden",56.014689,14.068039,3787,"1931-1749 calBCE (3520±30 BP, Beta-417631)",2,"GG",2,0,0,"Baltic",5600,true
"I1017","I1017","NarasimhanPattersonScience2019",2019,"Russia_MLBA_Sintashta_o1","Kamennyi Ambar 5 Cemetery","Russia",52.81666667,60.46666667,3787,"1931-1749 calBCE (3520±30 BP, Beta-436294)",2,"GG",2,0,0,"Outside Europe",6500,true
"I1053","I1053","NarasimhanPattersonScience2019",2019,"Russia_MLBA_Sintashta","Kamennyi Ambar 5 Cemetery","Russia",52.81666667,60.46666667,3785,"1928-1751 calBCE (3520±25 BP, PSUAMS-2064)",20,"GG",2,0,0,"Outside Europe",6500,true
"I3494","I3494","OlaldeScience2019",2019,"Spain_EBA","Valencian Community, València/Valencia, La Font de la Figuera, Coveta del Frare","Spain",38.8494,-0.87138,3781,"1928-1747 calBCE (3515±30 BP, CNA-1661.1.1)",3,"GA",2,1,0.5,"Mediterranean",8200,true
"AITI_72","AITI_72","MittnikScience2019",2019,"Germany_Lech_EBA","Kleinaitingen-Gewerbegebiet Nord","Germany",48.22281,10.84499,3776,"1931-1742 calBCE (3508±34 BP, MAMS-21583)",20,"GG",2,0,0,"Rhine-Danube",7600,true
"I4286","I4286","NarasimhanPattersonScience2019",2019,"Uzbekistan_SappaliTepe_BA","Sappali Tepe","Uzbekistan",37.41666667,66.83333333,3768,"1886-1750 calBCE (3500±20 BP, PSUAMS-2165)",11,"GG",2,0,0,"Outside Europe",6500,true
"I7542","I7542","NarasimhanPattersonScience2019",2019,"Uzbekistan_SappaliTepe_BA","Sappali Tepe","Uzbekistan",37.41666667,66.83333333,3766,"1886-1747 calBCE (3495±20 BP, PSUAMS-3231)",2,"GG",2,0,0,"Outside Europe",6500,true
"I6796","I6796","NarasimhanPattersonScience2019",2019,"Kazakhstan_Maitan_MLBA_Alakul","Maitan","Kazakhstan",50.09,74.44,3761,"1882-1745 calBCE (3485±20 BP, PSUAMS-2928)",8,"GG",2,0,0,"Outside Europe",6500,true
"AITI_43","AITI_43","MittnikScience2019",2019,"Germany_Lech_EBA","Kleinaitingen-Gewerbegebiet Nord","Germany",48.22281,10.84499,3760,"1888-1700 calBCE (3486±27 BP, MAMS-21571)",16,"GG",2,0,0,"Rhine-Danube",7600,true
"I7419","I7419","NarasimhanPattersonScience2019",2019,"Uzbekistan_SappaliTepe_BA","Sappali Tepe","Uzbekistan",37.41666667,66.83333333,3754,"1881-1700 calBCE (3475±20 BP, PSUAMS-3229)",8,"GG",2,0,0,"Outside Europe",6500,true
"AITI_2","AITI_2","MittnikScience2019",2019,"Germany_Lech_EBA","Kleinaitingen-Gewerbegebiet Nord","Germany",48.22281,10.84499,3753,"1885-1696 calBCE (3477±28 BP, MAMS-21562)",12,"GG",2,0,0,"Rhine-Danube",7600,true
"KDC002","KDC002","WangNatureCommunications2019",2019,"Russia_North_Caucasus_MBA","Piedmont/mountains, Kudachurt","Russia",43.354032,43.721893,3750,"1900-1700 BCE",8,"GG",2,0,0,"Outside Europe",6500,true
"I4288","I4288","NarasimhanPattersonScience2019",2019,"Uzbekistan_SappaliTepe_BA","Sappali Tepe","Uzbekistan",37.41666667,66.83333333,3750,"2000-1600 BCE",2,"GG",2,0,0,"Outside Europe",6500,true
"I7420","I7420","NarasimhanPattersonScience2019",2019,"Uzbekistan_SappaliTepe_BA","Sappali Tepe","Uzbekistan",37.41666667,66.83333333,3750,"2000-1600 BCE",3,"GG",2,0,0,"Outside Europe",6500,true
"I7493","I7493","NarasimhanPattersonScience2019",2019,"Uzbekistan_SappaliTepe_BA_o","Sappali Tepe","Uzbekistan",37.41666667,66.83333333,3750,"2000-1600 BCE",2,"GG",2,0,0,"Outside Europe",6500,true
"AITI_78","AITI_78","MittnikScience2019",2019,"Germany_Lech_EBA","Kleinaitingen-Gewerbegebiet Nord","Germany",48.22281,10.84499,3748,"1891-1690 calBCE (3474±34 BP, MAMS-21586)",4,"GG",2,0,0,"Rhine-Danube",7600,true
"AITI_40","AITI_40","MittnikScience2019",2019,"Germany_Lech_EBA","Kleinaitingen-Gewerbegebiet Nord","Germany",48.22281,10.84499,3746,"1883-1693 calBCE (3469±28 BP, MAMS-21570)",1,"G",1,0,0,"Rhine-Danube",7600,true
"I5604","I5604","NarasimhanPattersonScience2019",2019,"Uzbekistan_Bustan_BA","Bustan","Uzbekistan",37.66666667,67,3745,"1880-1695 calBCE (3465±20 BP, PSUAMS-2774)",3,"GG",2,0,0,"Outside Europe",6500,true
"I4262","I4262","NarasimhanPattersonScience2019",2019,"Kazakhstan_MLBA_Karagash","Karagash 2","Kazakhstan",48.78176667,76.45303333,3743,"1881-1693 calBCE (3465±25 BP, PSUAMS-2122)",9,"GG",2,0,0,"Outside Europe",6500,true
"I1064","I1064","NarasimhanPattersonScience2019",2019,"Russia_MLBA_Sintashta","Kamennyi Ambar 5 Cemetery","Russia",52.81666667,60.46666667,3739,"1879-1693 calBCE (3460±20 BP, PSUAMS-2102)",7,"GG",2,0,0,"Outside Europe",6500,true
"I6618","I6618","OlaldeScience2019",2019,"Spain_EBA","Madrid, Humanejos","Spain",40.22,-3.76,3735,"1880-1691 calBCE (3458±24 BP, MAMS-32475)",2,"GG",2,0,0,"Mediterranean",8200,true
"I6789","I6789","NarasimhanPattersonScience2019",2019,"Kazakhstan_Maitan_MLBA_Alakul","Maitan","Kazakhstan",50.09,74.44,3732,"1879-1691 calBCE (3455±20 BP, PSUAMS-2922)",13,"GG",2,0,0,"Outside Europe",6500,true
"AITI_65adult_d","AITI_65adult","MittnikScience2019",2019,"Germany_Lech_EBA","Kleinaitingen-Gewerbegebiet Nord","Germany",48.22281,10.84499,3728,"1885-1642 calBCE (3456±34 BP, MAMS-21578)",1,"G",1,0,0,"Rhine-Danube",7600,true
"I6792","I6792","NarasimhanPattersonScience2019",2019,"Kazakhstan_Maitan_MLBA_Alakul_o1","Maitan","Kazakhstan",50.09,74.44,3724,"1878-1689 calBCE (3450±20 BP, PSUAMS-2924)",20,"GG",2,0,0,"Outside Europe",6500,true
"I6794","I6794","NarasimhanPattersonScience2019",2019,"Kazakhstan_Maitan_MLBA_Alakul","Maitan","Kazakhstan",50.09,74.44,3715,"1876-1687 calBCE (3445±20 BP, PSUAMS-2926)",10,"GG",2,0,0,"Outside Europe",6500,true
"I6799","I6799","NarasimhanPattersonScience2019",2019,"Kazakhstan_MLBA_Alakul_Satan","Satan","Kazakhstan",49.12,75.81,3715,"1876-1687 calBCE (3445±20 BP, PSUAMS-2981)",14,"GG",2,0,0,"Outside Europe",6500,true
"OTTM_154","OTTM_154","MittnikScience2019",2019,"Germany_Lech_MBA","Oberottmarshausen-Kiesgrube Lauter","Germany",48.22519,10.84977,3709,"1943-1543 calBCE (3449±72 BP, MAMS-21558)",3,"GG",2,0,0,"Rhine-Danube",7600,true
"I1028","I1028","NarasimhanPattersonScience2019",2019,"Russia_MLBA_Sintashta_o3","Kamennyi Ambar 5 Cemetery","Russia",52.81666667,60.46666667,3704,"1879-1632 calBCE (3440±30 BP, Beta-436293)",2,"GG",2,0,0,"Outside Europe",6500,true
"I3448","I3448","NarasimhanPattersonScience2019",2019,"Kazakhstan_MLBA_Dali","Byan Zherek, eastern spur, Dali","Kazakhstan",45.13237778,79.36439444,3700,"1900-1600 BCE",1,"A",1,1,1,"Outside Europe",6500,true
"I3861","I3861","NarasimhanPattersonScience2019",2019,"Kazakhstan_MLBA_OyDzhaylau","Oy-Dzhaylau III","Kazakhstan",42.68943333,73.11748333,3695,"1874-1642 calBCE (3435±20 BP, PSUAMS-3115)",2,"GG",2,0,0,"Outside Europe",6500,true
"I6790","I6790","NarasimhanPattersonScience2019",2019,"Kazakhstan_Maitan_MLBA_Alakul","Maitan","Kazakhstan",50.09,74.44,3695,"1874-1642 calBCE (3435±20 BP, PSUAMS-2980)",9,"GG",2,0,0,"Outside Europe",6500,true
"I6797","I6797","NarasimhanPattersonScience2019",2019,"Kazakhstan_Maitan_MLBA_Alakul","Maitan","Kazakhstan",50.09,74.44,3695,"1874-1642 calBCE (3435±20 BP, PSUAMS-2929)",16,"GG",2,0,0,"Outside Europe",6500,true
"I4285","I4285","NarasimhanPattersonScience2019",2019,"Uzbekistan_SappaliTepe_BA","Sappali Tepe","Uzbekistan",37.41666667,66.83333333,3685,"1873-1630 calBCE (3430±25 BP, PSUAMS-2536)",3,"GG",2,0,0,"Outside Europe",6500,true
"I11541_published","I11541","NarasimhanPattersonScience2019",2019,"Kazakhstan_Georgievsky_MBA_published","Georgievsky Bugor","Kazakhstan",50.4501,57.04005556,3684,"1872-1636 calBCE (3430±20 BP, PSUAMS-5724)",1,"G",1,0,0,"Outside Europe",6500,true
"I3767","I3767","NarasimhanPattersonScience2019",2019,"Kazakhstan_AkMoustafa_MLBA1","Ak-Moustafa","Kazakhstan",47.77798333,72.00968333,3684,"1872-1636 calBCE (3430±20 BP, PSUAMS-2496)",4,"GG",2,0,0,"Outside Europe",6500,true
"I6791","I6791","NarasimhanPattersonScience2019",2019,"Kazakhstan_Maitan_MLBA_Alakul","Maitan","Kazakhstan",50.09,74.44,3674,"1870-1631 calBCE (3425±20 BP, PSUAMS-2923)",13,"GA",2,1,0.5,"Outside Europe",6500,true
"I0507","I0507","NarasimhanPattersonScience2019",2019,"Kazakhstan_MLBA_Dali","Byan Zherek, eastern spur, Dali","Kazakhstan",45.13237778,79.36439444,3668,"1873-1622 calBCE (3420±30 BP, Beta-391199)",12,"GA",2,1,0.5,"Outside Europe",6500,true
"I4263","I4263","NarasimhanPattersonScience2019",2019,"Kazakhstan_MLBA_Karagash","Karagash 2","Kazakhstan",48.78176667,76.45303333,3658,"1867-1625 calBCE (3415±25 BP, PSUAMS-2123)",5,"GA",2,1,0.5,"Outside Europe",6500,true
"I4318","I4318","NarasimhanPattersonScience2019",2019,"Kazakhstan_MLBA_Kairan","Kairan","Kazakhstan",48.74175,76.99573333,3656,"1863-1628 calBCE (3415±20 BP, PSUAMS-2961)",11,"GG",2,0,0,"Outside Europe",6500,true
"I4776","I4776","NarasimhanPattersonScience2019",2019,"Kazakhstan_MLBA_Kairan","Kairan","Kazakhstan",48.74175,76.99573333,3656,"1863-1628 calBCE (3415±20 BP, PSUAMS-2912)",11,"GG",2,0,0,"Outside Europe",6500,true
"I6800","I6800","NarasimhanPattersonScience2019",2019,"Kazakhstan_MLBA_Alakul_Lisakovskiy","Lisakovskiy","Kazakhstan",52.61,62.69,3656,"1863-1628 calBCE (3415±20 BP, PSUAMS-2942)",1,"G",1,0,0,"Outside Europe",6500,true
"I1312_d","I1312","OlaldeScience2019",2019,"Spain_EBA","Barcelona, Sabadell, Can Roquetes","Spain",41.5373,2.1329,3650,"2000-1400 BCE",8,"GG",2,0,0,"Mediterranean",8200,true
"I1313_d","I1313","OlaldeScience2019",2019,"Spain_EBA","Barcelona, Sabadell, Can Roquetes","Spain",41.5373,2.1329,3650,"2000-1400 BCE",26,"GA",2,1,0.5,"Mediterranean",8200,true
"I4780","I4780","NarasimhanPattersonScience2019",2019,"Kazakhstan_MLBA_Kairan_o","Kairan","Kazakhstan",48.74175,76.99573333,3649,"1862-1624 calBCE (3410±20 BP, PSUAMS-2913)",1,"G",1,0,0,"Outside Europe",6500,true
"I6795","I6795","NarasimhanPattersonScience2019",2019,"Kazakhstan_Maitan_MLBA_Alakul_o2","Maitan","Kazakhstan",50.09,74.44,3642,"1748-1624 calBCE (3405±20 BP, PSUAMS-2927)",18,"GG",2,0,0,"Outside Europe",6500,true
"I7412","I7412","NarasimhanPattersonScience2019",2019,"Uzbekistan_Dzharkutan_BA_3","Dzharkutan","Uzbekistan",37.75,67,3642,"1748-1624 calBCE (3405±20 BP, PSUAMS-3228)",1,"G",1,0,0,"Outside Europe",6500,true
"I3997","I3997","OlaldeScience2019",2019,"Spain_EBA","Valencian Community, València/Valencia, Paterna, Lloma de Betxí","Spain",39.526799,-0.509749,3642,"1874-1544 calBCE (3400±40 BP, Beta-195318)",6,"GG",2,0,0,"Mediterranean",8200,true
"VAD001","VAD001","OlaldeScience2019",2019,"Spain_EBA","La Rioja, Hervías, Valdescusa","Spain",42.44,-2.8867,3641,"1872-1547 calBCE (3400±35 BP, Ua-36345)",3,"GG",2,0,0,"Mediterranean",8200,true
"COV20126.SG","COV20126","GonzalesFortesProcRoyalSocB2019",2019,"Spain_BA.SG","Lucena, Covacha del Angel","Spain",37.406111,-4.416389,3632,"1751-1615 calBCE (3395±26 BP, MAMS-28613)",1,"G",1,0,0,"Mediterranean",8200,true
"I4779","I4779","NarasimhanPattersonScience2019",2019,"Kazakhstan_MLBA_Kairan","Kairan","Kazakhstan",48.74175,76.99573333,3631,"1743-1623 calBCE (3395±20 BP, PSUAMS-2939)",12,"GG",2,0,0,"Outside Europe",6500,true
"I6793","I6793","NarasimhanPattersonScience2019",2019,"Kazakhstan_Maitan_MLBA_Alakul","Maitan","Kazakhstan",50.09,74.44,3631,"1743-1623 calBCE (3395±20 BP, PSUAMS-2925)",15,"GG",2,0,0,"Outside Europe",6500,true
"I4323","I4323","NarasimhanPattersonScience2019",2019,"Kazakhstan_Kyzlbulak_MLBA1","Kyzyl Bulak 1","Kazakhstan",43.24655,77.813814,3622,"1741-1619 calBCE (3385±20 BP, PSUAMS-2963)",10,"GG",2,0,0,"Outside Europe",6500,true
"I11538_published","I11538","NarasimhanPattersonScience2019",2019,"Kazakhstan_Chanchar_MBA_published","Chanchar","Kazakhstan",50.66865833,57.71856944,3614,"1741-1613 calBCE (3375±20 BP, PSUAMS-5722)",9,"GG",2,0,0,"Outside Europe",6500,true
"I8506","I8506","NarasimhanPattersonScience2019",2019,"Uzbekistan_Kokcha_BA","Kokcha 3","Uzbekistan",40.54,64.99,3614,"1741-1613 calBCE (3375±20 BP, PSUAMS-5275)",3,"GG",2,0,0,"Outside Europe",6500,true
"I4562","I4562","OlaldeScience2019",2019,"Spain_EBA","Tarragona, Galls Carboners","Spain",41.2916,1.0638,3614,"1741-1613 calBCE (3375±20 BP, PSUAMS-3191)",4,"GG",2,0,0,"Mediterranean",8200,true
"I4312","I4312","NarasimhanPattersonScience2019",2019,"Uzbekistan_Dzharkutan_BA_1","Dzharkutan","Uzbekistan",37.75,67,3609,"1741-1549 calBCE (3370±20 BP, PSUAMS-2516)",7,"GG",2,0,0,"Outside Europe",6500,true
"I4782","I4782","NarasimhanPattersonScience2019",2019,"Kazakhstan_MLBA_KazakhMys","Kazakh Mys","Kazakhstan",46.94785,79.98808333,3609,"1741-1549 calBCE (3370±20 BP, PSUAMS-2915)",11,"GG",2,0,0,"Outside Europe",6500,true
"I6470","I6470","OlaldeScience2019",2019,"Spain_EBA","Castilla y León, Burgos, Tablada de Rudrón, Virgazal","Spain",42.725112,3.84239,3609,"1746-1540 calBCE (3375±35 BP, Poz-49177)",2,"GG",2,0,0,"Mediterranean",8200,true
"I3860","I3860","NarasimhanPattersonScience2019",2019,"Kazakhstan_MLBA_OyDzhaylau_o","Oy-Dzhaylau III","Kazakhstan",42.68943333,73.11748333,3603,"1739-1546 calBCE (3365±20 BP, PSUAMS-2492)",1,"G",1,0,0,"Outside Europe",6500,true
"I3389","I3389","NarasimhanPattersonScience2019",2019,"Russia_MLBA_Krasnoyarsk","Krasnoyarsk Krai, near Orak Ulus, Orak burial place","Russia",55.1924,89.3053,3600,"1900-1400 BCE",18,"GA",2,1,0.5,"Outside Europe",6500,true
"I3390","I3390","NarasimhanPattersonScience2019",2019,"Russia_MLBA_Krasnoyarsk","Krasnoyarsk Krai, near Orak Ulus, Orak burial place","Russia",55.1924,89.3053,3600,"1900-1400 BCE",12,"GG",2,0,0,"Outside Europe",6500,true
"I3391","I3391","NarasimhanPattersonScience2019",2019,"Russia_MLBA_Krasnoyarsk","Krasnoyarsk Krai, near Orak Ulus, Orak burial place","Russia",55.1924,89.3053,3600,"1900-1400 BCE",3,"GG",2,0,0,"Outside Europe",6500,true
"I3392","I3392","NarasimhanPattersonScience2019",2019,"Russia_MLBA_Krasnoyarsk","Krasnoyarsk Krai, near Orak Ulus, Orak burial place","Russia",55.1924,89.3053,3600,"1900-1400 BCE",10,"GA",2,1,0.5,"Outside Europe",6500,true
"I3394","I3394","NarasimhanPattersonScience2019",2019,"Russia_MLBA_Krasnoyarsk","Krasnoyarsk Krai, near Orak Ulus, Orak burial place","Russia",55.1924,89.3053,3600,"1900-1400 BCE",15,"GG",2,0,0,"Outside Europe",6500,true
"I3395","I3395","NarasimhanPattersonScience2019",2019,"Russia_MLBA_Krasnoyarsk","Krasnoyarsk Krai, near Orak Ulus, Orak burial place","Russia",55.1924,89.3053,3600,"1900-1400 BCE",18,"GG",2,0,0,"Outside Europe",6500,true
"I3396","I3396","NarasimhanPattersonScience2019",2019,"Russia_MLBA_Krasnoyarsk","Krasnoyarsk Krai, near Orak Ulus, Orak burial place","Russia",55.1924,89.3053,3600,"1900-1400 BCE",12,"GG",2,0,0,"Outside Europe",6500,true
"I10939","I10939","OlaldeScience2019",2019,"Gibraltar_EBA","Bray Cave","Gibraltar",36.132004,-5.343773,3600,"1900-1400 BCE",1,"G",1,0,0,"Mediterranean",8200,true
"I10941","I10941","OlaldeScience2019",2019,"Gibraltar_EBA","Bray Cave","Gibraltar",36.132004,-5.343773,3600,"1900-1400 BCE",1,"G",1,0,0,"Mediterranean",8200,true
"VAD005","VAD005","OlaldeScience2019",2019,"Spain_EBA","La Rioja, Hervías, Valdescusa","Spain",42.44,-2.8867,3590,"1740-1539 calBCE (3360±30 BP, Beta-479535)",3,"GG",2,0,0,"Mediterranean",8200,true
"I4566","I4566","NarasimhanPattersonScience2019",2019,"Kazakhstan_MLBA_Kairan_o","Kairan","Kazakhstan",48.74175,76.99573333,3573,"1732-1542 calBCE (3350±20 BP, PSUAMS-2991)",1,"A",1,1,1,"Outside Europe",6500,true
"I6716","I6716","NarasimhanPattersonScience2019",2019,"Russia_MLBA_Krasnoyarsk","Krasnoyarsk Krai, near Orak Ulus, Orak burial place","Russia",55.1924,89.3053,3571,"1731-1542 BCE (3349±16 BP) [R_combine: (3370±25 BP, PSUAMS-3910); (3335±20 BP, PSUAMS-4254)]",9,"GG",2,0,0,"Outside Europe",6500,true
"I3864","I3864","NarasimhanPattersonScience2019",2019,"Kazakhstan_MLBA_Solyanka","Solyanka Vodokhranilische, West Kazakhstan","Kazakhstan",50.8,49.95,3562,"1729-1538 calBCE (3345±20 BP, PSUAMS-3183)",3,"GG",2,0,0,"Outside Europe",6500,true
"I4264","I4264","NarasimhanPattersonScience2019",2019,"Kazakhstan_MLBA_Aktogai","Aktogai","Kazakhstan",46.96586667,80.03473333,3551,"1731-1520 calBCE (3335±30 BP, PSUAMS-2124)",16,"GG",2,0,0,"Outside Europe",6500,true
"I4559","I4559","OlaldeScience2019 (the correct coverage is shown here but is underreported in Table S1 of the publication)",2019,"Spain_EBA","Tarragona, Galls Carboners","Spain",41.2916,1.0638,3550,"1700-1500 BCE",3,"GG",2,0,0,"Mediterranean",8200,true
"I4560","I4560","OlaldeScience2019 (the correct coverage is shown here but is underreported in Table S1 of the publication)",2019,"Spain_EBA","Tarragona, Galls Carboners","Spain",41.2916,1.0638,3550,"1700-1500 BCE",6,"GG",2,0,0,"Mediterranean",8200,true
"I4561","I4561","OlaldeScience2019 (the correct coverage is shown here but is underreported in Table S1 of the publication)",2019,"Spain_EBA","Tarragona, Galls Carboners","Spain",41.2916,1.0638,3550,"1700-1500 BCE",9,"GG",2,0,0,"Mediterranean",8200,true
"I7411","I7411","NarasimhanPattersonScience2019",2019,"Uzbekistan_Dzharkutan_BA_1","Dzharkutan","Uzbekistan",37.75,67,3542,"1681-1533 calBCE (3335±20 BP, PSUAMS-3227)",2,"GG",2,0,0,"Outside Europe",6500,true
"I1856","I1856","NarasimhanPattersonScience2019",2019,"Russia_MLBA_Krasnoyarsk","Minusinsk Basin, Potroshilovo II","Russia",53.87313333,91.46046667,3540,"1686-1518 calBCE (3330±25 BP, PSUAMS-2067)",6,"GG",2,0,0,"Outside Europe",6500,true
"I3788","I3788","NarasimhanPattersonScience2019",2019,"Kazakhstan_MLBA_OyDzhaylau","Oy-Dzhaylau III","Kazakhstan",42.68943333,73.11748333,3536,"1675-1532 calBCE (3330±20 BP, PSUAMS-2499)",1,"G",1,0,0,"Outside Europe",6500,true
"I1836","I1836","OlaldeScience2019",2019,"Spain_EBA","Sitges, Barcelona, Cova del Gegant","Spain",41.223,1.7742,3527,"1684-1503 calBCE (3310±35 BP, Poz-83482)",1,"G",1,0,0,"Mediterranean",8200,true
"I11027","I11027","NarasimhanPattersonScience2019",2019,"Uzbekistan_Bustan_BA","Bustan","Uzbekistan",37.66666667,67,3526,"1631-1508 calBCE (3315±25 BP, PSUAMS-6198)",5,"GG",2,0,0,"Outside Europe",6500,true
"I4265","I4265","NarasimhanPattersonScience2019",2019,"Kazakhstan_MLBA_Aktogai","Aktogai","Kazakhstan",46.96586667,80.03473333,3522,"1621-1518 calBCE (3310±20 BP, PSUAMS-2511)",13,"GG",2,0,0,"Outside Europe",6500,true
"I4321","I4321","NarasimhanPattersonScience2019",2019,"Kazakhstan_MLBA_KazakhMys","Kazakh Mys","Kazakhstan",46.94785,79.98808333,3522,"1621-1518 calBCE (3310±20 BP, PSUAMS-2962)",11,"GG",2,0,0,"Outside Europe",6500,true
"ASH029","ASH029","FeldmanScienceAdvances2019",2019,"Israel_Ashkelon_LBA","Ashkelon","Israel",31.666667,34.566667,3513,"1614-1514 calBCE (3296±18 BP, MAMS-30689)",1,"G",1,0,0,"Outside Europe",6500,true
"I1852","I1852","NarasimhanPattersonScience2019",2019,"Russia_MLBA_Krasnoyarsk","Minusinsk Basin, Ust-Bir IV","Russia",54.17931667,91.57886667,3512,"1614-1511 calBCE (3295±20 BP, PSUAMS-2865)",1,"G",1,0,0,"Outside Europe",6500,true
"I4773","I4773","NarasimhanPattersonScience2019",2019,"Kazakhstan_MLBA_Aktogai","Aktogai","Kazakhstan",46.96586667,80.03473333,3508,"1613-1508 calBCE (3290±20 BP, PSUAMS-2607)",15,"GG",2,0,0,"Outside Europe",6500,true
"I4784","I4784","NarasimhanPattersonScience2019",2019,"Kazakhstan_MLBA_Kyzlbulak_o1","Kyzyl Bulak 1","Kazakhstan",43.24655,77.813814,3508,"1613-1508 calBCE (3290±20 BP, PSUAMS-2613)",17,"GG",2,0,0,"Outside Europe",6500,true
"I4258","I4258","NarasimhanPattersonScience2019",2019,"Tajikistan_BA_DashtiKozy","Dashty-Kozy","Tajikistan",39.44805556,68.03138889,3504,"1615-1504 calBCE (3285±25 BP, PSUAMS-2121)",10,"GG",2,0,0,"Outside Europe",6500,true
"I4774","I4774","NarasimhanPattersonScience2019",2019,"Kazakhstan_MLBA_Aktogai","Aktogai","Kazakhstan",46.96586667,80.03473333,3503,"1612-1506 calBCE (3285±20 BP, PSUAMS-2608)",22,"GG",2,0,0,"Outside Europe",6500,true
"I10112","I10112","NarasimhanPattersonScience2019",2019,"Kazakhstan_Shoendykol_MLBA_Fedorovo","Shoendykol","Kazakhstan",50.82,75.6,3497,"1613-1503 calBCE (3280±20 BP, PSUAMS-6929)",16,"GG",2,0,0,"Outside Europe",6500,true
"I11520","I11520","NarasimhanPattersonScience2019",2019,"Uzbekistan_Bustan_BA_o2","Bustan","Uzbekistan",37.66666667,67,3497,"1613-1503 calBCE (3280±20 BP, PSUAMS-4605)",7,"GG",2,0,0,"Outside Europe",6500,true
"I6718","I6718","NarasimhanPattersonScience2019",2019,"Russia_MLBA_Krasnoyarsk","Krasnoyarsk Krai, near Orak Ulus, Orak burial place","Russia",55.1924,89.3053,3493,"1615-1466 calBCE (3275±25 BP, PSUAMS-3911)",14,"GG",2,0,0,"Outside Europe",6500,true
"I1821","I1821","NarasimhanPattersonScience2019",2019,"Russia_MLBA_Krasnoyarsk","Minusinsk Basin, Potroshilovo II","Russia",53.87313333,91.46046667,3490,"1612-1501 calBCE (3275±20 BP, PSUAMS-2435)",1,"G",1,0,0,"Outside Europe",6500,true
"I4789","I4789","NarasimhanPattersonScience2019",2019,"Kazakhstan_MLBA_OyDzhaylau","Oy-Dzhaylau III","Kazakhstan",42.68943333,73.11748333,3487,"1614-1461 calBCE (3270±25 BP, PSUAMS-2964)",12,"GG",2,0,0,"Outside Europe",6500,true
"I4160","I4160","NarasimhanPattersonScience2019",2019,"Tajikistan_BA_DashtiKozy","Dashty-Kozy","Tajikistan",39.44805556,68.03138889,3475,"1650-1400 BCE",4,"GG",2,0,0,"Outside Europe",6500,true
"I1840","I1840","OlaldeScience2019",2019,"Spain_EBA","Basque Country, Araba/Álava, Laguardia, El Sotillo","Spain",42.57,-2.62,3475,"1613-1450 calBCE (3260±30 BP, Beta-299302)",2,"GG",2,0,0,"Mediterranean",8200,true
"I1977","I1977","OlaldeScience2019",2019,"Spain_EBA","Basque Country, Araba/Álava, Laguardia, El Sotillo","Spain",42.57,-2.62,3475,"1613-1450 calBCE (3260±30 BP, Beta-299312)",1,"G",1,0,0,"Mediterranean",8200,true
"I1851","I1851","NarasimhanPattersonScience2019",2019,"Russia_MLBA_Krasnoyarsk","Minusinsk Basin, Ust-Bir IV","Russia",54.17931667,91.57886667,3463,"1607-1450 calBCE (3255±20 BP, PSUAMS-2436)",1,"G",1,0,0,"Outside Europe",6500,true
"I4315","I4315","NarasimhanPattersonScience2019",2019,"Uzbekistan_Dzharkutan_BA_1","Dzharkutan","Uzbekistan",37.75,67,3461,"1540-1455 calBCE (3255±15 BP, PSUAMS-2518)",10,"GG",2,0,0,"Outside Europe",6500,true
"I4163","I4163","NarasimhanPattersonScience2019",2019,"Uzbekistan_Dzharkutan_BA_1","Dzharkutan","Uzbekistan",37.75,67,3458,"1607-1444 calBCE (3250±25 BP, PSUAMS-2112)",2,"GG",2,0,0,"Outside Europe",6500,true
"I4783","I4783","NarasimhanPattersonScience2019",2019,"Kazakhstan_MLBA_KazakhMys","Kazakh Mys","Kazakhstan",46.94785,79.98808333,3456,"1600-1447 calBCE (3250±20 BP, PSUAMS-2612)",10,"GG",2,0,0,"Outside Europe",6500,true
"I3492","I3492","OlaldeScience2019",2019,"Spain_EBA","Salamanca, Aldeaseca de la Frontera, Tordillos","Spain",40.8586,-5.3518,3450,"1850-1150 BCE",1,"G",1,0,0,"Mediterranean",8200,true
"I3763","I3763","NarasimhanPattersonScience2019",2019,"Kazakhstan_MLBA_Zevakinskiy","Zevakinskiy stone fence","Kazakhstan",50.2249,81.83678333,3445,"1599-1436 calBCE (3240±25 BP, PSUAMS-2502)",8,"GG",2,0,0,"Outside Europe",6500,true
"I7060","I7060","NarasimhanPattersonScience2019",2019,"Kazakhstan_MLBA_OyDzhaylau","Oy-Dzhaylau III","Kazakhstan",42.68943333,73.11748333,3439,"1537-1436 calBCE (3235±25 BP, PSUAMS-3728)",4,"GG",2,0,0,"Outside Europe",6500,true
"I6707","I6707","NarasimhanPattersonScience2019",2019,"Kazakhstan_MLBA_Bylkyldak","Karaganda region, Bylkyldak","Kazakhstan",49.709894,73.882838,3432,"1531-1442 calBCE (3230±20 BP, PSUAMS-2978)",7,"GG",2,0,0,"Outside Europe",6500,true
"I8136","I8136","OlaldeScience2019",2019,"Spain_EBA","Granada, Orce","Spain",37.7263,-2.5141,3426,"1534-1422 calBCE (3216±33 BP, Ua-39408)",1,"G",1,0,0,"Mediterranean",8200,true
"I4790","I4790","NarasimhanPattersonScience2019",2019,"Kazakhstan_MLBA_OyDzhaylau","Oy-Dzhaylau III","Kazakhstan",42.68943333,73.11748333,3425,"1516-1436 calBCE (3220±20 BP, PSUAMS-2547)",13,"GG",2,0,0,"Outside Europe",6500,true
"I4257","I4257","NarasimhanPattersonScience2019",2019,"Tajikistan_BA_DashtiKozy","Dashty-Kozy","Tajikistan",39.44805556,68.03138889,3423,"1511-1432 calBCE (3215±20 BP, PSUAMS-2510)",13,"GA",2,1,0.5,"Outside Europe",6500,true
"I4313","I4313","NarasimhanPattersonScience2019",2019,"Uzbekistan_Dzharkutan_BA_1","Dzharkutan","Uzbekistan",37.75,67,3421,"1508-1434 calBCE (3210±20 BP, PSUAMS-2517)",7,"GG",2,0,0,"Outside Europe",6500,true
"I11521","I11521","NarasimhanPattersonScience2019",2019,"Uzbekistan_Bustan_BA_o1","Bustan","Uzbekistan",37.66666667,67,3400,"1600-1300 BCE",2,"GG",2,0,0,"Outside Europe",6500,true
"I4157","I4157","NarasimhanPattersonScience2019",2019,"Uzbekistan_Bustan_BA","Bustan","Uzbekistan",37.66666667,67,3400,"1600-1300 BCE",1,"G",1,0,0,"Outside Europe",6500,true
"I5605","I5605","NarasimhanPattersonScience2019",2019,"Uzbekistan_Bustan_BA","Bustan","Uzbekistan",37.66666667,67,3400,"1600-1300 BCE",1,"G",1,0,0,"Outside Europe",6500,true
"I6667","I6667","NarasimhanPattersonScience2019",2019,"Turkmenistan_LBA_Parkhai_o","Parkhai I","Turkmenistan",38.348048,56.24543,3400,"1498-1413 calBCE (3170±20 BP, PSUAMS-2998)",8,"GG",2,0,0,"Outside Europe",6500,true
"I10111","I10111","NarasimhanPattersonScience2019",2019,"Kazakhstan_Shoendykol_MLBA_Fedorovo","Shoendykol","Kazakhstan",50.82,75.6,3396,"1498-1409 calBCE (3165±20 BP, PSUAMS-6971)",12,"GA",2,1,0.5,"Outside Europe",6500,true
"I6717","I6717","NarasimhanPattersonScience2019",2019,"Russia_MLBA_Krasnoyarsk_o","Krasnoyarsk Krai, near Orak Ulus, Orak burial place","Russia",55.1924,89.3053,3391,"1498-1403 calBCE (3160±20 BP, PSUAMS-4447)",14,"GG",2,0,0,"Outside Europe",6500,true
"I12499","I12499","NarasimhanPattersonScience2019",2019,"Uzbekistan_Kokcha_BA","Kokcha 3","Uzbekistan",40.54,64.99,3369,"1497-1316 calBCE (3145±25 BP, PSUAMS-5284)",19,"GG",2,0,0,"Outside Europe",6500,true
"I1931","I1931","NarasimhanPattersonScience2019",2019,"Kazakhstan_MLBA_Dali","Byan Zherek, eastern spur, Dali","Kazakhstan",45.13237778,79.36439444,3343,"1496-1298 calBCE (3130±30 BP, Beta-391198)",1,"G",1,0,0,"Outside Europe",6500,true
"I3493","I3493","OlaldeScience2019",2019,"Spain_MBA","Salamanca, Aldeaseca de la Frontera, Tordillos","Spain",40.8586,-5.3518,3301,"1422-1281 calBCE (3090±25 BP, PSUAMS-2072)",1,"G",1,0,0,"Mediterranean",8200,true
"I2051","I2051","WangNatureCommunications2019",2019,"Russia_Caucasus_LBA_Dolmen","North Caucasus, Marchenkova Gora","Russia",44.58333333,38.16666667,3275,"1450-1200 BCE",1,"G",1,0,0,"Outside Europe",6500,true
"I2470_published","I2470","OlaldeScience2019",2019,"Spain_MBA_published","Basque Country, Araba/Álava, Laguardia, El Sotillo","Spain",42.57,-2.62,3275,"1412-1227 calBCE (3060±30 BP, Beta-299307)",2,"GG",2,0,0,"Mediterranean",8200,true
"I10140","I10140","NarasimhanPattersonScience2019",2019,"Kazakhstan_MLBA_Aktogai","Aktogai","Kazakhstan",46.96586667,80.03473333,3250,"1400-1200 BCE",3,"GG",2,0,0,"Outside Europe",6500,true
"I6668","I6668","NarasimhanPattersonScience2019",2019,"Turkmenistan_LBA_Parkhai","Parkhai II","Turkmenistan",38.348048,56.24543,3250,"1600-1000 BCE",8,"GG",2,0,0,"Outside Europe",6500,true
"I6675","I6675","NarasimhanPattersonScience2019",2019,"Turkmenistan_LBA_Sumbar","Sumbar","Turkmenistan",37.9316,58.432537,3250,"1600-1000 BCE",1,"G",1,0,0,"Outside Europe",6500,true
"I12208","I12208","OlaldeScience2019",2019,"Spain_MBA","Castilla y León, Valladolid, San Román de Hornija, La Requejada","Spain",41.4584,-5.2872,3250,"1400-1200 BCE",15,"GG",2,0,0,"Mediterranean",8200,true
"I12209","I12209","OlaldeScience2019",2019,"Spain_MBA","Castilla y León, Valladolid, San Román de Hornija, La Requejada","Spain",41.4584,-5.2872,3250,"1400-1200 BCE",15,"GG",2,0,0,"Mediterranean",8200,true
"I6047","I6047","NarasimhanPattersonScience2019",2019,"Russia_LBA_Priobrazhenka","Priobrazhenka 3","Russia",55.51,77.05,3234,"1386-1212 calBCE (3025±20 BP, PSUAMS-2917)",1,"A",1,1,1,"Outside Europe",6500,true
"I4787","I4787","NarasimhanPattersonScience2019",2019,"Kazakhstan_Taldysay_MLBA1","Aktobe, Koboda, Taldysay","Kazakhstan",48.2144,67.0205,3216,"1382-1134 calBCE (3015±20 BP, PSUAMS-2614)",16,"GG",2,0,0,"Outside Europe",6500,true
"ASH066","ASH066","FeldmanScienceAdvances2019",2019,"Israel_Ashkelon_IA1","Ashkelon","Israel",31.666667,34.566667,3184,"1376-1127 calBCE (2998±23 BP, MAMS-33789)",1,"G",1,0,0,"Outside Europe",6500,true
"I3769","I3769","NarasimhanPattersonScience2019",2019,"Kazakhstan_LBA_Molaly","Talpaty II, Almaty, Karasu, Molaly Kurgan","Kazakhstan",43.37376667,76.5845,3150,"1400-1000 BCE",7,"GG",2,0,0,"Outside Europe",6500,true
"I8193","I8193","NarasimhanPattersonScience2019",2019,"Pakistan_Gogdara_IA","Swat Valley, Gogdara","Pakistan",34.74876389,72.30835833,3128,"1376-1018 calBCE (2964±45 BP, CEDAD-LTL12131A)",3,"GG",2,0,0,"Outside Europe",6500,true
"ASH087","ASH087","FeldmanScienceAdvances2019",2019,"Israel_Ashkelon_IA2","Ashkelon","Israel",31.666667,34.566667,3100,"1200-1100 BCE",2,"GG",2,0,0,"Outside Europe",6500,true
"I10110","I10110","NarasimhanPattersonScience2019",2019,"Kazakhstan_Shoendykol_MLBA_Fedorovo","Shoendykol","Kazakhstan",50.82,75.6,3100,"1400-900 BCE",10,"AA",2,2,1,"Outside Europe",6500,true
"I4295","I4295","NarasimhanPattersonScience2019",2019,"Kazakhstan_Zevakinskiy_LBA","Zevakinskiy stone fence","Kazakhstan",50.2249,81.83678333,3090,"1216-1052 calBCE (2935±20 BP, PSUAMS-2515)",4,"GG",2,0,0,"Outside Europe",6500,true
"s19_V9_2.SG","V9","SaagCurrentBiology2019",2019,"Estonia_BA.SG","Harju, Jõelähtme 7, cist","Estonia",59.4403,25.1349,3072,"1217-1016 calBCE (2924±32 BP, Hela-2365)",1,"G",1,0,0,"Baltic",5600,true
"I12147","I12147","NarasimhanPattersonScience2019",2019,"Pakistan_Katelai_IA","Swat Valley, Katelai","Pakistan",34.76584167,72.34913333,3052,"1203-1014 calBCE (2910±25 BP, PSUAMS-5426)",1,"G",1,0,0,"Outside Europe",6500,true
"I2327","I2327","NarasimhanPattersonScience2019",2019,"Iran_IA_HajjiFiruz","Hajji Firuz","Iran",36.9944,45.4744,3050,"1201-1015 calBCE (2910±20 BP, PSUAMS-4413)",3,"GG",2,0,0,"Outside Europe",6500,true
"I4153","I4153","NarasimhanPattersonScience2019",2019,"Uzbekistan_Kashkarchi_BA","Ferghana, Burial Kashkarchi","Uzbekistan",40.37722222,71.855,3050,"1200-1000 BCE",1,"G",1,0,0,"Outside Europe",6500,true
"I4255","I4255","NarasimhanPattersonScience2019",2019,"Uzbekistan_Kashkarchi_BA","Ferghana, Burial Kashkarchi","Uzbekistan",40.37722222,71.855,3050,"1200-1000 BCE",6,"GG",2,0,0,"Outside Europe",6500,true
"I4267","I4267","NarasimhanPattersonScience2019",2019,"Kazakhstan_Zevakinskiy_LBA","Zevakinskiy stone fence","Kazakhstan",50.2249,81.83678333,3042,"1200-1012 calBCE (2905±20 BP, PSUAMS-2512)",12,"GG",2,0,0,"Outside Europe",6500,true
"I7949","I7949","NarasimhanPattersonScience2019",2019,"Czech_BA_Veterov_1","Bilina","Czech Republic",50.548056,13.776111,3022,"1192-1005 calBCE (2890±20 BP, PSUAMS-6927)",19,"GG",2,0,0,"Rhine-Danube",7600,true
"I3977","I3977","NarasimhanPattersonScience2019",2019,"Kazakhstan_Zevakinskiy_LBA","Zevakinskiy stone fence","Kazakhstan",50.2249,81.83678333,3015,"1190-999 calBCE (2885±20 BP, PSUAMS-2507)",4,"GG",2,0,0,"Outside Europe",6500,true
"I1799","I1799","NarasimhanPattersonScience2019",2019,"Pakistan_Udegram_IA","Swat Valley, Udegram","Pakistan",34.74319444,72.31421667,3003,"1124-984 BCE (2876±19 BP) [R_combine: (2830±20 BP, PSUAMS-2632); (3098±45 BP, CEDAD-LTL13335A)]",17,"GG",2,0,0,"Outside Europe",6500,true
"I3753","I3753","NarasimhanPattersonScience2019",2019,"Kazakhstan_Zevakinskiy_LBA","Zevakinskiy stone fence","Kazakhstan",50.2249,81.83678333,2977,"1115-932 calBCE (2860±20 BP, PSUAMS-2540)",9,"GG",2,0,0,"Outside Europe",6500,true
"I6194","I6194","NarasimhanPattersonScience2019",2019,"Pakistan_Udegram_IA","Swat Valley, Udegram","Pakistan",34.74319444,72.31421667,2950,"1200-800 BCE",7,"GG",2,0,0,"Outside Europe",6500,true
"I6197","I6197","NarasimhanPattersonScience2019",2019,"Pakistan_Udegram_IA","Swat Valley, Udegram","Pakistan",34.74319444,72.31421667,2950,"1200-800 BCE",12,"GG",2,0,0,"Outside Europe",6500,true
"I6198","I6198","NarasimhanPattersonScience2019",2019,"Pakistan_Udegram_IA","Swat Valley, Udegram","Pakistan",34.74319444,72.31421667,2950,"1200-800 BCE",2,"GG",2,0,0,"Outside Europe",6500,true
"I6897","I6897","NarasimhanPattersonScience2019",2019,"Pakistan_Udegram_IA","Swat Valley, Udegram","Pakistan",34.74319444,72.31421667,2950,"1200-800 BCE",2,"GG",2,0,0,"Outside Europe",6500,true
"I6901","I6901","NarasimhanPattersonScience2019",2019,"Pakistan_Udegram_IA","Swat Valley, Udegram","Pakistan",34.74319444,72.31421667,2950,"1200-800 BCE",3,"GG",2,0,0,"Outside Europe",6500,true
"I8194","I8194","NarasimhanPattersonScience2019",2019,"Pakistan_Gogdara_IA","Swat Valley, Gogdara","Pakistan",34.74876389,72.30835833,2950,"1100-900 BCE",17,"GG",2,0,0,"Outside Europe",6500,true
"I12138_published","I12138","NarasimhanPattersonScience2019",2019,"Pakistan_Loebanr_IA_o_published","Swat Valley, Loebanr","Pakistan",34.75146111,72.40193611,2949,"1107-924 calBCE (2845±20 BP, PSUAMS-5277)",8,"GG",2,0,0,"Outside Europe",6500,true
"I1985","I1985","NarasimhanPattersonScience2019",2019,"Pakistan_Udegram_IA","Swat Valley, Udegram","Pakistan",34.74319444,72.31421667,2939,"1107-913 BCE (2837±25 BP) [R_combine: (2880±30 BP, Beta-428667); (2758±40 BP, CEDAD-LTL13334A)]",14,"GG",2,0,0,"Outside Europe",6500,true
"I12457","I12457","NarasimhanPattersonScience2019",2019,"Pakistan_Loebanr_IA","Swat Valley, Loebanr","Pakistan",34.75146111,72.40193611,2928,"1048-920 calBCE (2830±20 BP, PSUAMS-5280)",1,"G",1,0,0,"Outside Europe",6500,true
"I1994","I1994","NarasimhanPattersonScience2019",2019,"Pakistan_Udegram_IA","Swat Valley, Udegram","Pakistan",34.74319444,72.31421667,2921,"1108-833 calBCE [union of two dates: 1044-841 calBCE (2800±30 BP, Beta-428666); 1108-833 calBCE (2808±45 BP, CEDAD-LTL13329A]",1,"G",1,0,0,"Outside Europe",6500,true
"I13226","I13226","NarasimhanPattersonScience2019",2019,"Pakistan_Loebanr_IA","Swat Valley, Loebanr","Pakistan",34.75146111,72.40193611,2911,"1012-906 calBCE (2810±20 BP, PSUAMS-5503)",1,"G",1,0,0,"Outside Europe",6500,true
"I3772","I3772","NarasimhanPattersonScience2019",2019,"Kazakhstan_Zevakinskiy_LBA","Zevakinskiy stone fence","Kazakhstan",50.2249,81.83678333,2911,"1046-900 calBCE (2810±25 BP, PSUAMS-2080)",9,"GG",2,0,0,"Outside Europe",6500,true
"I10974","I10974","NarasimhanPattersonScience2019",2019,"Pakistan_Loebanr_IA","Swat Valley, Loebanr","Pakistan",34.75146111,72.40193611,2903,"1011-901 calBCE (2800±20 BP, PSUAMS-4867)",1,"G",1,0,0,"Outside Europe",6500,true
"I10000","I10000","NarasimhanPattersonScience2019",2019,"Pakistan_Loebanr_IA","Swat Valley, Loebanr","Pakistan",34.75146111,72.40193611,2850,"1000-800 BCE",5,"GG",2,0,0,"Outside Europe",6500,true
"I10523","I10523","NarasimhanPattersonScience2019",2019,"Pakistan_Katelai_IA","Swat Valley, Katelai","Pakistan",34.76584167,72.34913333,2850,"1000-800 BCE",8,"GG",2,0,0,"Outside Europe",6500,true
"I12134_published","I12134","NarasimhanPattersonScience2019",2019,"Pakistan_Loebanr_IA_published","Swat Valley, Loebanr","Pakistan",34.75146111,72.40193611,2850,"1000-800 BCE",8,"GG",2,0,0,"Outside Europe",6500,true
"I12136_published","I12136","NarasimhanPattersonScience2019",2019,"Pakistan_Loebanr_IA_mother.I6555_published","Swat Valley, Loebanr","Pakistan",34.75146111,72.40193611,2850,"1000-800 BCE",7,"GG",2,0,0,"Outside Europe",6500,true
"I12142_published","I12142","NarasimhanPattersonScience2019",2019,"Pakistan_Katelai_IA_published","Swat Valley, Katelai","Pakistan",34.76584167,72.34913333,2850,"1000-800 BCE",2,"GG",2,0,0,"Outside Europe",6500,true
"I12143_published","I12143","NarasimhanPattersonScience2019",2019,"Pakistan_Katelai_IA_published","Swat Valley, Katelai","Pakistan",34.76584167,72.34913333,2850,"1000-800 BCE",2,"GG",2,0,0,"Outside Europe",6500,true
"I12146_published","I12146","NarasimhanPattersonScience2019",2019,"Pakistan_Katelai_IA_published","Swat Valley, Katelai","Pakistan",34.76584167,72.34913333,2850,"1000-800 BCE",4,"GG",2,0,0,"Outside Europe",6500,true
"I12149_published","I12149","NarasimhanPattersonScience2019",2019,"Pakistan_Katelai_IA_published","Swat Valley, Katelai","Pakistan",34.76584167,72.34913333,2850,"1000-800 BCE",8,"GG",2,0,0,"Outside Europe",6500,true
"I12444","I12444","NarasimhanPattersonScience2019",2019,"Pakistan_Katelai_IA","Swat Valley, Katelai","Pakistan",34.76584167,72.34913333,2850,"1000-800 BCE",1,"G",1,0,0,"Outside Europe",6500,true
"I12445","I12445","NarasimhanPattersonScience2019",2019,"Pakistan_Katelai_IA","Swat Valley, Katelai","Pakistan",34.76584167,72.34913333,2850,"1000-800 BCE",11,"GG",2,0,0,"Outside Europe",6500,true
"I12446","I12446","NarasimhanPattersonScience2019",2019,"Pakistan_Katelai_IA","Swat Valley, Katelai","Pakistan",34.76584167,72.34913333,2850,"1000-800 BCE",2,"GG",2,0,0,"Outside Europe",6500,true
"I12447","I12447","NarasimhanPattersonScience2019",2019,"Pakistan_Katelai_IA","Swat Valley, Katelai","Pakistan",34.76584167,72.34913333,2850,"1000-800 BCE",4,"GG",2,0,0,"Outside Europe",6500,true
"I12451","I12451","NarasimhanPattersonScience2019",2019,"Pakistan_Butkara_IA","Swat Valley, Butkara II","Pakistan",34.76584167,72.34913333,2850,"1000-800 BCE",1,"G",1,0,0,"Outside Europe",6500,true
"I12454","I12454","NarasimhanPattersonScience2019",2019,"Pakistan_Katelai_IA","Swat Valley, Katelai","Pakistan",34.76584167,72.34913333,2850,"1000-800 BCE",12,"GG",2,0,0,"Outside Europe",6500,true
"I12455","I12455","NarasimhanPattersonScience2019",2019,"Pakistan_Loebanr_IA","Swat Valley, Loebanr","Pakistan",34.75146111,72.40193611,2850,"1000-800 BCE",1,"G",1,0,0,"Outside Europe",6500,true
"I12456","I12456","NarasimhanPattersonScience2019",2019,"Pakistan_Loebanr_IA","Swat Valley, Loebanr","Pakistan",34.75146111,72.40193611,2850,"1000-800 BCE",2,"GG",2,0,0,"Outside Europe",6500,true
"I12458","I12458","NarasimhanPattersonScience2019",2019,"Pakistan_Loebanr_IA","Swat Valley, Loebanr","Pakistan",34.75146111,72.40193611,2850,"1000-800 BCE",7,"GG",2,0,0,"Outside Europe",6500,true
"I12459","I12459","NarasimhanPattersonScience2019",2019,"Pakistan_Loebanr_IA","Swat Valley, Loebanr","Pakistan",34.75146111,72.40193611,2850,"1000-800 BCE",5,"GG",2,0,0,"Outside Europe",6500,true
"I12460","I12460","NarasimhanPattersonScience2019",2019,"Pakistan_Katelai_IA","Swat Valley, Katelai","Pakistan",34.76584167,72.34913333,2850,"1000-800 BCE",3,"GG",2,0,0,"Outside Europe",6500,true
"I12461","I12461","NarasimhanPattersonScience2019",2019,"Pakistan_Katelai_IA","Swat Valley, Katelai","Pakistan",34.76584167,72.34913333,2850,"1000-800 BCE",2,"GG",2,0,0,"Outside Europe",6500,true
"I12462","I12462","NarasimhanPattersonScience2019",2019,"Pakistan_Katelai_IA","Swat Valley, Katelai","Pakistan",34.76584167,72.34913333,2850,"1000-800 BCE",6,"GG",2,0,0,"Outside Europe",6500,true
"I12463","I12463","NarasimhanPattersonScience2019",2019,"Pakistan_Katelai_IA","Swat Valley, Katelai","Pakistan",34.76584167,72.34913333,2850,"1000-800 BCE",1,"G",1,0,0,"Outside Europe",6500,true
"I12464","I12464","NarasimhanPattersonScience2019",2019,"Pakistan_Katelai_IA","Swat Valley, Katelai","Pakistan",34.76584167,72.34913333,2850,"1000-800 BCE",2,"GG",2,0,0,"Outside Europe",6500,true
"I12465","I12465","NarasimhanPattersonScience2019",2019,"Pakistan_Katelai_IA","Swat Valley, Katelai","Pakistan",34.76584167,72.34913333,2850,"1000-800 BCE",1,"G",1,0,0,"Outside Europe",6500,true
"I12470","I12470","NarasimhanPattersonScience2019",2019,"Pakistan_Katelai_IA","Swat Valley, Katelai","Pakistan",34.76584167,72.34913333,2850,"1000-800 BCE",7,"GG",2,0,0,"Outside Europe",6500,true
"I12471","I12471","NarasimhanPattersonScience2019",2019,"Pakistan_Katelai_IA","Swat Valley, Katelai","Pakistan",34.76584167,72.34913333,2850,"1000-800 BCE",2,"GG",2,0,0,"Outside Europe",6500,true
"I12477","I12477","NarasimhanPattersonScience2019",2019,"Pakistan_Katelai_IA","Swat Valley, Katelai","Pakistan",34.76584167,72.34913333,2850,"1000-800 BCE",3,"GG",2,0,0,"Outside Europe",6500,true
"I12968","I12968","NarasimhanPattersonScience2019",2019,"Pakistan_Butkara_IA","Swat Valley, Butkara II","Pakistan",34.76584167,72.34913333,2850,"1000-800 BCE",5,"GG",2,0,0,"Outside Europe",6500,true
"I12979","I12979","NarasimhanPattersonScience2019",2019,"Pakistan_Loebanr_IA","Swat Valley, Loebanr","Pakistan",34.75146111,72.40193611,2850,"1000-800 BCE",6,"GG",2,0,0,"Outside Europe",6500,true
"I12981","I12981","NarasimhanPattersonScience2019",2019,"Pakistan_Loebanr_IA","Swat Valley, Loebanr","Pakistan",34.75146111,72.40193611,2850,"1000-800 BCE",14,"GG",2,0,0,"Outside Europe",6500,true
"I12983_published","I12983","NarasimhanPattersonScience2019",2019,"Pakistan_Loebanr_IA_published","Swat Valley, Loebanr","Pakistan",34.75146111,72.40193611,2850,"1000-800 BCE",9,"GG",2,0,0,"Outside Europe",6500,true
"I12984","I12984","NarasimhanPattersonScience2019",2019,"Pakistan_Loebanr_IA","Swat Valley, Loebanr","Pakistan",34.75146111,72.40193611,2850,"1000-800 BCE",10,"GG",2,0,0,"Outside Europe",6500,true
"I12987","I12987","NarasimhanPattersonScience2019",2019,"Pakistan_Loebanr_IA","Swat Valley, Loebanr","Pakistan",34.75146111,72.40193611,2850,"1000-800 BCE",8,"GG",2,0,0,"Outside Europe",6500,true
"I12988","I12988","NarasimhanPattersonScience2019",2019,"Pakistan_Loebanr_IA","Swat Valley, Loebanr","Pakistan",34.75146111,72.40193611,2850,"1000-800 BCE",8,"GG",2,0,0,"Outside Europe",6500,true
"I13219","I13219","NarasimhanPattersonScience2019",2019,"Pakistan_Butkara_IA","Swat Valley, Butkara II","Pakistan",34.76584167,72.34913333,2850,"1000-800 BCE",3,"GG",2,0,0,"Outside Europe",6500,true
"I13220","I13220","NarasimhanPattersonScience2019",2019,"Pakistan_Loebanr_IA","Swat Valley, Loebanr","Pakistan",34.75146111,72.40193611,2850,"1000-800 BCE",2,"GG",2,0,0,"Outside Europe",6500,true
"I13222","I13222","NarasimhanPattersonScience2019",2019,"Pakistan_Loebanr_IA","Swat Valley, Loebanr","Pakistan",34.75146111,72.40193611,2850,"1000-800 BCE",2,"GG",2,0,0,"Outside Europe",6500,true
"I13223","I13223","NarasimhanPattersonScience2019",2019,"Pakistan_Loebanr_IA","Swat Valley, Loebanr","Pakistan",34.75146111,72.40193611,2850,"1000-800 BCE",2,"GG",2,0,0,"Outside Europe",6500,true
"I13224","I13224","NarasimhanPattersonScience2019",2019,"Pakistan_Loebanr_IA","Swat Valley, Loebanr","Pakistan",34.75146111,72.40193611,2850,"1000-800 BCE",1,"G",1,0,0,"Outside Europe",6500,true
"I13227","I13227","NarasimhanPattersonScience2019",2019,"Pakistan_Loebanr_IA","Swat Valley, Loebanr","Pakistan",34.75146111,72.40193611,2850,"1000-800 BCE",1,"G",1,0,0,"Outside Europe",6500,true
"I13228","I13228","NarasimhanPattersonScience2019",2019,"Pakistan_Loebanr_IA","Swat Valley, Loebanr","Pakistan",34.75146111,72.40193611,2850,"1000-800 BCE",4,"GG",2,0,0,"Outside Europe",6500,true
"I5398","I5398","NarasimhanPattersonScience2019",2019,"Pakistan_Katelai_IA","Swat Valley, Katelai","Pakistan",34.76584167,72.34913333,2850,"1000-800 BCE",7,"GG",2,0,0,"Outside Europe",6500,true
"I5399_published","I5399","NarasimhanPattersonScience2019",2019,"Pakistan_Katelai_IA_published","Swat Valley, Katelai","Pakistan",34.76584167,72.34913333,2850,"1000-800 BCE",5,"GG",2,0,0,"Outside Europe",6500,true
"I8997","I8997","NarasimhanPattersonScience2019",2019,"Pakistan_Loebanr_IA_brother.I8998","Swat Valley, Loebanr","Pakistan",34.75146111,72.40193611,2850,"1000-800 BCE",12,"GG",2,0,0,"Outside Europe",6500,true
"I8998","I8998","NarasimhanPattersonScience2019",2019,"Pakistan_Loebanr_IA","Swat Valley, Loebanr","Pakistan",34.75146111,72.40193611,2850,"1000-800 BCE",20,"GG",2,0,0,"Outside Europe",6500,true
"I8190","I8190","NarasimhanPattersonScience2019",2019,"Pakistan_Udegram_IA","Swat Valley, Udegram","Pakistan",34.74319444,72.31421667,2847,"990-826 calBCE (2760±30 BP, Beta-428664)",4,"GG",2,0,0,"Outside Europe",6500,true
"I6546","I6546","NarasimhanPattersonScience2019",2019,"Pakistan_Barikot_IA","Swat Valley, Barikot","Pakistan",34.75700556,72.36238056,2841,"978-831 calBCE (2760±20 BP, PSUAMS-2787)",1,"G",1,0,0,"Outside Europe",6500,true
"I8219_published","I8219","NarasimhanPattersonScience2019",2019,"Pakistan_Aligrama_IA_published","Swat Valley, Aligrama","Pakistan",34.80489444,72.31816944,2841,"978-831 calBCE (2760±20 BP, PSUAMS-4853)",8,"GG",2,0,0,"Outside Europe",6500,true
"R1.SG","R1","AntonioGaoMootsScience2019",2019,"Italy_IA_Republic_o.SG","Martinsicuro","Italy",42.8801396,13.8937652,2832,"963-832 calBCE (2755±15 BP, UCIAMS-198573)",5,"GG",2,0,0,"Mediterranean",8200,true
"I5397","I5397","NarasimhanPattersonScience2019",2019,"Pakistan_Katelai_IA","Swat Valley, Katelai","Pakistan",34.76584167,72.34913333,2829,"967-827 calBCE (2750±20 BP, PSUAMS-2791)",11,"GG",2,0,0,"Outside Europe",6500,true
"I5400","I5400","NarasimhanPattersonScience2019",2019,"Pakistan_Loebanr_IA","Swat Valley, Loebanr","Pakistan",34.75146111,72.40193611,2824,"928-827 calBCE (2745±20 BP, PSUAMS-2793)",3,"GG",2,0,0,"Outside Europe",6500,true
"s19_X17_2.SG","X17","SaagCurrentBiology2019",2019,"Estonia_BA.SG","Harju, Kangru 8 at Väo, cist?","Estonia",59.4383,24.8853,2819,"927-812 calBCE (2732±28 BP, SUERC-80020 (GU47831)",1,"G",1,0,0,"Baltic",5600,true
"I3451","I3451","NarasimhanPattersonScience2019",2019,"Kazakhstan_IA_Tasbas","Tasbas, Byan Zherek","Kazakhstan",45.13427,79.36794,2816,"930-806 calBCE (2720±35 BP, OS-97172)",1,"G",1,0,0,"Outside Europe",6500,true
"I8999","I8999","NarasimhanPattersonScience2019",2019,"Pakistan_Loebanr_IA","Swat Valley, Loebanr","Pakistan",34.75146111,72.40193611,2813,"911-816 calBCE (2725±20 BP, PSUAMS-4851)",4,"GG",2,0,0,"Outside Europe",6500,true
"I6555","I6555","NarasimhanPattersonScience2019",2019,"Pakistan_Loebanr_IA_1d.rel.I12136","Swat Valley, Loebanr","Pakistan",34.75146111,72.40193611,2811,"906-816 calBCE (2720±20 BP, PSUAMS-2797)",21,"GG",2,0,0,"Outside Europe",6500,true
"I6899","I6899","NarasimhanPattersonScience2019",2019,"Pakistan_Udegram_IA","Swat Valley, Udegram","Pakistan",34.74319444,72.31421667,2811,"915-808 BCE (2715±30 BP) [R_combine: (2785±45 BP, CEDAD-LTL13328A); (2659±40 BP, CEDAD-LTL13328A)]",11,"GG",2,0,0,"Outside Europe",6500,true
"I5396","I5396","NarasimhanPattersonScience2019",2019,"Pakistan_Katelai_IA","Swat Valley, Katelai","Pakistan",34.76584167,72.34913333,2809,"904-814 calBCE (2715±20 BP, PSUAMS-2790)",2,"GG",2,0,0,"Outside Europe",6500,true
"R1015.SG","R1015","AntonioGaoMootsScience2019",2019,"Italy_IA_Republic.SG","Veio Grotta Gramiccia","Italy",42.0168382,12.1004147,2800,"900-800 BCE",3,"GG",2,0,0,"Mediterranean",8200,true
"I6292","I6292","NarasimhanPattersonScience2019",2019,"Pakistan_Loebanr_IA","Swat Valley, Loebanr","Pakistan",34.75146111,72.40193611,2781,"898-800 calBCE (2675±20 BP, PSUAMS-2794)",11,"GG",2,0,0,"Outside Europe",6500,true
"I6556","I6556","NarasimhanPattersonScience2019",2019,"Pakistan_Loebanr_IA","Swat Valley, Loebanr","Pakistan",34.75146111,72.40193611,2776,"897-798 calBCE (2670±20 BP, PSUAMS-2792)",2,"GG",2,0,0,"Outside Europe",6500,true
"I12450","I12450","NarasimhanPattersonScience2019",2019,"Pakistan_Butkara_IA","Swat Valley, Butkara II","Pakistan",34.76584167,72.34913333,2751,"819-785 calBCE (2630±20 BP, PSUAMS-5279)",3,"GG",2,0,0,"Outside Europe",6500,true
"I6888","I6888","NarasimhanPattersonScience2019",2019,"Pakistan_Aligrama_IA","Swat Valley, Aligrama","Pakistan",34.80489444,72.31816944,2747,"811-780 calBCE (2620±20 BP, PSUAMS-4423)",3,"GG",2,0,0,"Outside Europe",6500,true
"R473.SG","R473","AntonioGaoMootsScience2019",2019,"Italy_IA_Republic.SG","Civitavecchia","Italy",42.0888597,11.7656459,2600,"700-600 BCE",2,"GG",2,0,0,"Mediterranean",8200,true
"R475.SG","R475","AntonioGaoMootsScience2019",2019,"Italy_IA_Republic_oEasternMediterranean_o.SG","Civitavecchia","Italy",42.0888597,11.7656459,2600,"700-600 BCE",1,"G",1,0,0,"Mediterranean",8200,true
"R851.SG","R851","AntonioGaoMootsScience2019",2019,"Italy_IA_Republic.SG","Ardea","Italy",41.6026782,12.508636,2600,"800-500 BCE",1,"G",1,0,0,"Mediterranean",8200,true
"s19_X14_1.SG","X14","SaagCurrentBiology2019",2019,"Estonia_BA.SG","Harju, Lastekangur 2 at Rebala, cist","Estonia",59.4708,25.0972,2580,"773-478 calBCE (2481±30 BP, Hela-2061)",1,"A",1,1,1,"Baltic",5600,true
"I8220","I8220","NarasimhanPattersonScience2019",2019,"Pakistan_H_Aligrama","Swat Valley, Aligrama","Pakistan",34.80489444,72.31816944,2566,"755-420 calBCE (2460±20 BP, PSUAMS-6196)",7,"GG",2,0,0,"Outside Europe",6500,true
"I11537_published","I11537","NarasimhanPattersonScience2019",2019,"Kazakhstan_IA_Chanchar_published","Chanchar","Kazakhstan",50.66865833,57.71856944,2554,"752-417 calBCE (2455±20 BP, PSUAMS-5721)",4,"GG",2,0,0,"Outside Europe",6500,true
"I8209","I8209","OlaldeScience2019",2019,"Spain_Greek_oLocal","Girona, Empuries, necropolis Centre de Visitants","Spain",42.1333,3.1083,2554,"752-417 calBCE (2455±20 BP, PSUAMS-8221)",5,"GG",2,0,0,"Mediterranean",8200,true
"I12560","I12560","OlaldeScience2019",2019,"Spain_IA_Tartessian_lc","Sevilla, Alcalá del Río, La Angorrilla","Spain",37.51833,-5.97833,2550,"700-500 BCE",1,"G",1,0,0,"Mediterranean",8200,true
"I4556_published","I4556","OlaldeScience2019",2019,"Spain_IA_published","Catalonia, Barcelona, Avinyonet del Penedés, Font de la Canya","Spain",41.372858,1.771534,2550,"700-500 BCE",1,"G",1,0,0,"Mediterranean",8200,true
"I8215","I8215","OlaldeScience2019",2019,"Spain_Greek_oAegean","Girona, Empuries, necropolis Centre de Visitants","Spain",42.1333,3.1083,2526,"746-415 calBCE (2445±15 BP, PSUAMS-8174)",2,"GG",2,0,0,"Mediterranean",8200,true
"I3322","I3322","OlaldeScience2019",2019,"Spain_IA","Valencian Community, Castelló/Castellón, Vinaròs, Puig de la Misericordia","Spain",40.5067,0.4314,2500,"600-500 BCE",2,"GG",2,0,0,"Mediterranean",8200,true
"MJ-13.SG","MJ-13","JarveCurrentBiology2019",2019,"Ukraine_IA_WesternScythian_o1.SG","Kup'evaha, Mound 25, burial 1, skeleton 3","Ukraine",50.207055,35.285673,2495,"750-404 calBCE (2430±30 BP, Poz-)",1,"G",1,0,0,"Outside Europe",6500,true
"I12877","I12877","OlaldeScience2019",2019,"Spain_IA","Barcelona, Pacs del Penedès, Mas d'en Boixos-1","Spain",41.3616,1.6694,2400,"550-350 BCE",1,"G",1,0,0,"Mediterranean",8200,true
"I12410","I12410","OlaldeScience2019",2019,"Spain_IA","Catalonia, Barcelona, Pacs del Penedès, Mas d'en Boixos-1","Spain",41.3616,1.6694,2375,"537-381 calBCE (2350±30 BP, Beta-495153)",18,"GG",2,0,0,"Mediterranean",8200,true
"I8214","I8214","OlaldeScience2019",2019,"Spain_Greek_oLocal","Girona, Empuries, necropolis Centre de Visitants","Spain",42.1333,3.1083,2375,"500-350 BCE",1,"G",1,0,0,"Mediterranean",8200,true
"R435.SG","R435","AntonioGaoMootsScience2019",2019,"Italy_IA_Republic.SG","Palestrina Colombella","Italy",41.7952421,12.7789564,2350,"600-200 BCE",3,"GG",2,0,0,"Mediterranean",8200,true
"LS-13.SG","LS-13","JarveCurrentBiology2019",2019,"Russia_EarlySarmatian_SouthernUrals.SG","Novo-Muraptalovo-7, Mound 1, burial 2","Russia",52.469131,55.775705,2324,"481-210 calBCE (2320±35 BP, Poz- )",1,"G",1,0,0,"Outside Europe",6500,true
"MJ-43.SG","MJ-43","JarveCurrentBiology2019",2019,"Russia_EarlySarmatian_SouthernUrals.SG","Sibai-1, Mound 1, burial 1, skeleton 2","Russia",52.753393,58.667696,2312,"413-229 calBCE (2310±30 BP, Poz-)",1,"G",1,0,0,"Outside Europe",6500,true
"I7717","I7717","NarasimhanPattersonScience2019",2019,"Pakistan_H_SaiduSharif","Swat Valley, Saidu Sharif","Pakistan",34.75700556,72.36238056,2283,"406-209 calBCE (2292±31 BP, CIRCE-DSH-5625)",12,"GG",2,0,0,"Outside Europe",6500,true
"R437.SG","R437","AntonioGaoMootsScience2019",2019,"Italy_IA_Republic_oEasternMediterranean.SG","Palestrina Selciata","Italy",41.7952421,12.7789564,2250,"400-200 BCE",1,"G",1,0,0,"Mediterranean",8200,true
"I6894","I6894","NarasimhanPattersonScience2019",2019,"Pakistan_H_SaiduSharif","Swat Valley, Saidu Sharif","Pakistan",34.75700556,72.36238056,2250,"400-200 BCE",19,"GG",2,0,0,"Outside Europe",6500,true
"I7718","I7718","NarasimhanPattersonScience2019",2019,"Pakistan_H_SaiduSharif","Swat Valley, Saidu Sharif","Pakistan",34.75700556,72.36238056,2250,"400-200 BCE",7,"GG",2,0,0,"Outside Europe",6500,true
"I7719","I7719","NarasimhanPattersonScience2019",2019,"Pakistan_H_SaiduSharif","Swat Valley, Saidu Sharif","Pakistan",34.75700556,72.36238056,2250,"400-200 BCE",8,"GA",2,1,0.5,"Outside Europe",6500,true
"I7720","I7720","NarasimhanPattersonScience2019",2019,"Pakistan_H_SaiduSharif","Swat Valley, Saidu Sharif","Pakistan",34.75700556,72.36238056,2250,"400-200 BCE",13,"GG",2,0,0,"Outside Europe",6500,true
"I7721","I7721","NarasimhanPattersonScience2019",2019,"Pakistan_H_SaiduSharif","Swat Valley, Saidu Sharif","Pakistan",34.75700556,72.36238056,2250,"400-200 BCE",24,"GG",2,0,0,"Outside Europe",6500,true
"I7722","I7722","NarasimhanPattersonScience2019",2019,"Pakistan_H_SaiduSharif","Swat Valley, Saidu Sharif","Pakistan",34.75700556,72.36238056,2250,"400-200 BCE",15,"GG",2,0,0,"Outside Europe",6500,true
"I7723","I7723","NarasimhanPattersonScience2019",2019,"Pakistan_H_SaiduSharif","Swat Valley, Saidu Sharif","Pakistan",34.75700556,72.36238056,2250,"400-200 BCE",19,"GA",2,1,0.5,"Outside Europe",6500,true
"I6891","I6891","NarasimhanPattersonScience2019",2019,"Pakistan_H_SaiduSharif","Swat Valley, Saidu Sharif","Pakistan",34.75700556,72.36238056,2242,"387-208 BCE (2247±14 BP) [R_combine: (2346±21 BP, CIRCE-DSH-6526); (2180±30 BP, PSUAMS-3984); (2185±20 BP, PSUAMS-4424)]",14,"GG",2,0,0,"Outside Europe",6500,true
"MJ-34.SG","MJ-34","JarveCurrentBiology2019",2019,"Ukraine_IA_WesternScythian.SG","Kolomak hillfort, №1842, pit 68, excavation IV","Ukraine",49.864876,35.277719,2231,"386-198 calBCE (2225±30 BP, Poz-)",2,"GA",2,1,0.5,"Outside Europe",6500,true
"I6896","I6896","NarasimhanPattersonScience2019",2019,"Pakistan_H_SaiduSharif","Swat Valley, Saidu Sharif","Pakistan",34.75700556,72.36238056,2227,"356-174 BCE (2190±15 BP) [R_combine: (2175±20 BP, PSUAMS-3761); (2205±20 BP, PSUAMS-4425)]",2,"GG",2,0,0,"Outside Europe",6500,true
"I3323","I3323","OlaldeScience2019",2019,"Spain_IA","Girona, Ullastret, Puig de Sant Andreu","Spain",42.006615,3.078667,2226,"373-199 calBCE (2215±20 BP, PSUAMS-2158)",3,"GG",2,0,0,"Mediterranean",8200,true
"I3758","I3758","OlaldeScience2019",2019,"Spain_IA_Celt","Basque Country, Araba/Álava, Laguardia, La Hoya","Spain",42.565,-2.58635,2226,"373-199 calBCE (2215±20 BP, PSUAMS-3466)",23,"GG",2,0,0,"Mediterranean",8200,true
"I8208","I8208","OlaldeScience2019",2019,"Spain_Hellenistic_oAegean","Girona, Empuries, necropolis Centre de Visitants","Spain",42.1333,3.1083,2226,"376-201 calBCE (2220±20 BP, PSUAMS-4277)",3,"GG",2,0,0,"Mediterranean",8200,true
"I6893","I6893","NarasimhanPattersonScience2019",2019,"Pakistan_H_SaiduSharif_o2","Swat Valley, Saidu Sharif","Pakistan",34.75700556,72.36238056,2225,"370-197 calBCE (2210±20 BP, PSUAMS-3721)",2,"GG",2,0,0,"Outside Europe",6500,true
"I3324","I3324","OlaldeScience2019",2019,"Spain_IA_o","Girona, Ullastret, Puig de Sant Andreu","Spain",42.006615,3.078667,2223,"359-172 calBCE (2190±20 BP, PSUAMS-2159)",1,"G",1,0,0,"Mediterranean",8200,true
"I3759","I3759","OlaldeScience2019",2019,"Spain_IA_Celt","Basque Country, Araba/Álava, Laguardia, La Hoya","Spain",42.565,-2.58635,2222,"361-173 calBCE (2195±25 BP, PSUAMS-2078)",3,"GG",2,0,0,"Mediterranean",8200,true
"MJ-46.SG","MJ-46","JarveCurrentBiology2019",2019,"Ukraine_IA_WesternScythian.SG","Mamai-Gora, The eastern sector of the burial. Object 165, burial 1","Ukraine",47.4333333,34.2666667,2220,"366-171 calBCE (2195±30 BP, Poz-)",1,"G",1,0,0,"Other Europe",6500,true
"MJ-44.SG","MJ-44","JarveCurrentBiology2019",2019,"Russia_MiddleSarmatian_SouthernUrals.SG","Chumarovo-1, Mound 10, burial 10","Russia",53.858661,55.448732,2213,"367-155 calBCE (2185±30 BP, Poz-)",1,"G",1,0,0,"Outside Europe",6500,true
"I8245","I8245","NarasimhanPattersonScience2019",2019,"Pakistan_H_Aligrama","Swat Valley, Aligrama","Pakistan",34.80489444,72.31816944,2197,"355-114 calBCE (2165±20 BP, PSUAMS-6197)",13,"GG",2,0,0,"Outside Europe",6500,true
"I3327","I3327","OlaldeScience2019",2019,"Spain_IA","Girona, Ullastret, Puig de Sant Andreu","Spain",42.006615,3.078667,2175,"250-200 BCE",1,"G",1,0,0,"Mediterranean",8200,true
"I3320_published","I3320","OlaldeScience2019",2019,"Spain_IA_published","Valencian Community, Castelló/Castellón, Vilafamés, Els Estrets de la Rata","Spain",40.138,-0.07,2150,"300-100 BCE",4,"AA",2,2,1,"Mediterranean",8200,true
"I3321_published","I3321","OlaldeScience2019",2019,"Spain_IA_published","Valencian Community, Castelló/Castellón, Vilafamés, Els Estrets de la Rata","Spain",40.138,-0.07,2150,"300-100 BCE",1,"G",1,0,0,"Mediterranean",8200,true
"I8206","I8206","OlaldeScience2019",2019,"Spain_Hellenistic_oLocal","Girona, Empuries, necropolis Centre de Visitants","Spain",42.1333,3.1083,2103,"340-57 calBCE (2130±15 BP, PSUAMS-8173)",2,"GA",2,1,0.5,"Mediterranean",8200,true
"I6549","I6549","NarasimhanPattersonScience2019",2019,"Pakistan_H_Butkara","Swat Valley, Butkara IV","Pakistan",34.76140556,72.37008056,2041,"165-2 calBCE (2080±20 BP, PSUAMS-2788)",2,"GG",2,0,0,"Outside Europe",6500,true
"I12292","I12292","NarasimhanPattersonScience2019",2019,"Tajikistan_Ksirov_Kushan","Ksirov","Tajikistan",37.41563,68.17371,2036,"160 calBCE - 1 calCE (2075±31 BP, SUERC-73991)",2,"GG",2,0,0,"Outside Europe",6500,true
"I12294","I12294","NarasimhanPattersonScience2019",2019,"Tajikistan_Ksirov_Kushan","Ksirov","Tajikistan",37.41563,68.17371,1958,"51 calBCE - 61 calCE (2020±20 BP, PSUAMS-6160)",1,"G",1,0,0,"Outside Europe",6500,true
"I8218","I8218","NarasimhanPattersonScience2019",2019,"Pakistan_H_Aligrama","Swat Valley, Aligrama","Pakistan",34.80489444,72.31816944,1949,"47 calBCE - 62 calCE (2010±20 BP, PSUAMS-6195)",14,"GG",2,0,0,"Outside Europe",6500,true
"I10866","I10866","OlaldeScience2019",2019,"Spain_Roman_oMixed","Girona, Empuries, necropolis Centre de Visitants","Spain",42.1333,3.1083,1947,"44 calBCE - 61 calCE (2005±15 BP, PSUAMS-5281)",7,"GG",2,0,0,"Mediterranean",8200,true
"I7714","I7714","NarasimhanPattersonScience2019",2019,"Pakistan_H_Barikot","Swat Valley, Barikot","Pakistan",34.75700556,72.36238056,1944,"46 calBCE - 66 calCE (2005±20 BP, PSUAMS-6207)",2,"GG",2,0,0,"Outside Europe",6500,true
"I6550","I6550","NarasimhanPattersonScience2019",2019,"Pakistan_H_Butkara","Swat Valley, Butkara IV","Pakistan",34.76140556,72.37008056,1926,"42 calBCE - 108 calCE (1990±20 BP, PSUAMS-2789)",5,"GG",2,0,0,"Outside Europe",6500,true
"R42.SG","R42","AntonioGaoMootsScience2019",2019,"Italy_Imperial_o4.SG","Isola Sacra","Italy",41.7478821,12.2594749,1863,"26-126 calCE (1940±15 BP, UCIAMS-198587)",2,"GG",2,0,0,"Mediterranean",8200,true
"R113.SG","R113","AntonioGaoMootsScience2019",2019,"Italy_Imperial.SG","Via Paisiello (Necropoli Salaria)","Italy",41.9179937,12.4912439,1850,"1-200 CE",1,"G",1,0,0,"Mediterranean",8200,true
"R114.SG","R114","AntonioGaoMootsScience2019",2019,"Italy_Imperial.SG","Via Paisiello (Necropoli Salaria)","Italy",41.9179937,12.4912439,1850,"1-200 CE",1,"G",1,0,0,"Mediterranean",8200,true
"R115.SG","R115","AntonioGaoMootsScience2019",2019,"Italy_Imperial.SG","Via Paisiello (Necropoli Salaria)","Italy",41.9179937,12.4912439,1850,"1-200 CE",2,"GG",2,0,0,"Mediterranean",8200,true
"R116.SG","R116","AntonioGaoMootsScience2019",2019,"Italy_Imperial_oCentralEuropean.SG","Via Paisiello (Necropoli Salaria)","Italy",41.9179937,12.4912439,1850,"1-200 CE",1,"G",1,0,0,"Mediterranean",8200,true
"R131.SG","R131","AntonioGaoMootsScience2019",2019,"Italy_Imperial.SG","Via Paisiello (Necropoli Salaria)","Italy",41.9179937,12.4912439,1850,"1-200 CE",1,"G",1,0,0,"Mediterranean",8200,true
"R436.SG","R436","AntonioGaoMootsScience2019",2019,"Italy_Imperial.SG","Palestrina Antina","Italy",41.7952421,12.7789564,1850,"1-200 CE",2,"GG",2,0,0,"Mediterranean",8200,true
"R76.SG","R76","AntonioGaoMootsScience2019",2019,"Italy_Imperial.SG","Viale Rossini (Necropoli Salaria)","Italy",41.9206851,12.4894765,1850,"1-200 CE",3,"GG",2,0,0,"Mediterranean",8200,true
"R80.SG","R80","AntonioGaoMootsScience2019",2019,"Italy_Imperial_o1.SG","Viale Rossini (Necropoli Salaria)","Italy",41.9206851,12.4894765,1840,"27-206 calCE (1925±25 BP, UCIAMS-213628)",1,"G",1,0,0,"Mediterranean",8200,true
"R1547.SG","R1547","AntonioGaoMootsScience2019",2019,"Italy_Imperial_o4.SG","Monterotondo","Italy",42.0659019,12.5866474,1814,"27 BCE - 300 CE",2,"GG",2,0,0,"Mediterranean",8200,true
"R1548.SG","R1548","AntonioGaoMootsScience2019",2019,"Italy_Imperial.SG","Monterotondo","Italy",42.0659019,12.5866474,1814,"27 BCE - 300 CE",1,"A",1,1,1,"Mediterranean",8200,true
"R1549.SG","R1549","AntonioGaoMootsScience2019",2019,"Italy_Imperial.SG","Monterotondo","Italy",42.0659019,12.5866474,1814,"27 BCE - 300 CE",3,"GG",2,0,0,"Mediterranean",8200,true
"R1550.SG","R1550","AntonioGaoMootsScience2019",2019,"Italy_Imperial_o4.SG","Monterotondo","Italy",42.0659019,12.5866474,1814,"27 BCE - 300 CE",1,"G",1,0,0,"Mediterranean",8200,true
"I8475","I8475","OlaldeScience2019",2019,"Spain_Roman_oMixed","Girona, Empuries, necropolis Centre de Visitants","Spain",42.1333,3.1083,1800,"100-200 CE",4,"GA",2,1,0.5,"Mediterranean",8200,true
"R39.SG","R39","AntonioGaoMootsScience2019",2019,"Italy_Imperial.SG","Isola Sacra","Italy",41.7478821,12.2594749,1798,"81-210 calCE (1900±15 BP, UCIAMS-198887)",3,"GG",2,0,0,"Mediterranean",8200,true
"R123.SG","R123","AntonioGaoMootsScience2019",2019,"Italy_Imperial.SG","Casale del dolce","Italy",41.684979,13.149861,1780,"124-217 calCE (1875±15 BP, UCIAMS-198889)",2,"GG",2,0,0,"Mediterranean",8200,true
"I8339","I8339","OlaldeScience2019",2019,"Spain_Roman_oLocal","Girona, Empuries, necropolis Centre de Visitants","Spain",42.1333,3.1083,1777,"125-220 calCE (1870±15 BP, PSUAMS-8175)",1,"G",1,0,0,"Mediterranean",8200,true
"R125.SG","R125","AntonioGaoMootsScience2019",2019,"Italy_Imperial.SG","Casale del dolce","Italy",41.684979,13.149861,1750,"1-400 CE",3,"GG",2,0,0,"Mediterranean",8200,true
"R1543.SG","R1543","AntonioGaoMootsScience2019",2019,"Italy_Imperial.SG","Mazzano Romano","Italy",42.1961852,12.3253177,1750,"1-400 CE",1,"G",1,0,0,"Mediterranean",8200,true
"R1544.SG","R1544","AntonioGaoMootsScience2019",2019,"Italy_Imperial.SG","Mazzano Romano","Italy",42.1961852,12.3253177,1750,"1-400 CE",2,"GG",2,0,0,"Mediterranean",8200,true
"R1545.SG","R1545","AntonioGaoMootsScience2019",2019,"Italy_Imperial.SG","Mazzano Romano","Italy",42.1961852,12.3253177,1750,"1-400 CE",7,"GG",2,0,0,"Mediterranean",8200,true
"R37.SG","R37","AntonioGaoMootsScience2019",2019,"Italy_Imperial_oCentralEuropean.SG","Isola Sacra","Italy",41.7478821,12.2594749,1750,"1-400 CE",1,"G",1,0,0,"Mediterranean",8200,true
"R38.SG","R38","AntonioGaoMootsScience2019",2019,"Italy_Imperial.SG","Isola Sacra","Italy",41.7478821,12.2594749,1750,"1-400 CE",7,"GG",2,0,0,"Mediterranean",8200,true
"R41.SG","R41","AntonioGaoMootsScience2019",2019,"Italy_Imperial.SG","Isola Sacra","Italy",41.7478821,12.2594749,1750,"1-400 CE",2,"GG",2,0,0,"Mediterranean",8200,true
"R49.SG","R49","AntonioGaoMootsScience2019",2019,"Italy_Imperial.SG","Centocelle","Italy",41.844153,12.5490107,1750,"1-400 CE",4,"GG",2,0,0,"Mediterranean",8200,true
"R51.SG","R51","AntonioGaoMootsScience2019",2019,"Italy_Imperial.SG","Centocelle","Italy",41.844153,12.5490107,1750,"1-400 CE",1,"G",1,0,0,"Mediterranean",8200,true
"R67.SG","R67","AntonioGaoMootsScience2019",2019,"Italy_Imperial_o5.SG","ANAS (Azienda Nazionale Autonoma delle Strada)","Italy",41.8336869,12.468561,1750,"100-300 CE",4,"GG",2,0,0,"Mediterranean",8200,true
"R68.SG","R68","AntonioGaoMootsScience2019",2019,"Italy_Imperial_o3.SG","ANAS (Azienda Nazionale Autonoma delle Strada)","Italy",41.8336869,12.468561,1750,"100-300 CE",3,"GG",2,0,0,"Mediterranean",8200,true
"R69.SG","R69","AntonioGaoMootsScience2019",2019,"Italy_Imperial.SG","ANAS (Azienda Nazionale Autonoma delle Strada)","Italy",41.8336869,12.468561,1750,"100-300 CE",2,"GG",2,0,0,"Mediterranean",8200,true
"R70.SG","R70","AntonioGaoMootsScience2019",2019,"Italy_Imperial_o4.SG","ANAS (Azienda Nazionale Autonoma delle Strada)","Italy",41.8336869,12.468561,1750,"100-300 CE",2,"GG",2,0,0,"Mediterranean",8200,true
"R71.SG","R71","AntonioGaoMootsScience2019",2019,"Italy_Imperial.SG","ANAS (Azienda Nazionale Autonoma delle Strada)","Italy",41.8336869,12.468561,1750,"100-300 CE",2,"GG",2,0,0,"Mediterranean",8200,true
"R72.SG","R72","AntonioGaoMootsScience2019",2019,"Italy_Imperial.SG","ANAS (Azienda Nazionale Autonoma delle Strada)","Italy",41.8336869,12.468561,1750,"100-300 CE",2,"GG",2,0,0,"Mediterranean",8200,true
"R73.SG","R73","AntonioGaoMootsScience2019",2019,"Italy_Imperial.SG","ANAS (Azienda Nazionale Autonoma delle Strada)","Italy",41.8336869,12.468561,1750,"100-300 CE",2,"GG",2,0,0,"Mediterranean",8200,true
"I8202","I8202","OlaldeScience2019",2019,"Spain_Roman_oLocal","Girona, Empuries, necropolis Centre de Visitants","Spain",42.1333,3.1083,1750,"100-300 CE",1,"G",1,0,0,"Mediterranean",8200,true
"I11540_published","I11540","NarasimhanPattersonScience2019",2019,"Kazakhstan_LIA_Georgievsky_published","Georgievsky Bugor","Kazakhstan",50.4501,57.04005556,1723,"131-318 calCE (1825±20 BP, PSUAMS-5723)",8,"GG",2,0,0,"Outside Europe",6500,true
"R50.SG","R50","AntonioGaoMootsScience2019",2019,"Italy_Imperial.SG","Centocelle","Italy",41.844153,12.5490107,1699,"211-320 calCE (1810±15 BP, UCIAMS-198888)",1,"G",1,0,0,"Mediterranean",8200,true
"R132.SG","R132","AntonioGaoMootsScience2019",2019,"Italy_Imperial_oAfrican.SG","Marcellino & Pietro","Italy",41.8891604,12.500705,1670,"215-338 calCE (1790±25 BP, UCIAMS-213630)",1,"G",1,0,0,"Mediterranean",8200,true
"R126.SG","R126","AntonioGaoMootsScience2019",2019,"Italy_Imperial.SG","Casale del dolce","Italy",41.684979,13.149861,1650,"242-350 calCE (1755±15 BP, UCIAMS-198589)",1,"G",1,0,0,"Mediterranean",8200,true
"I3982","I3982","OlaldeScience2019",2019,"Spain_Roman","Granada, Plaza Einstein","Spain",37.1775,-3.609166667,1650,"200-400 CE",6,"GG",2,0,0,"Mediterranean",8200,true
"R130.SG","R130","AntonioGaoMootsScience2019",2019,"Italy_LA.SG","Marcellino & Pietro","Italy",41.8891604,12.500705,1550,"300-500 CE",1,"G",1,0,0,"Mediterranean",8200,true
"R134.SG","R134","AntonioGaoMootsScience2019",2019,"Italy_LA.SG","Marcellino & Pietro","Italy",41.8891604,12.500705,1550,"300-500 CE",1,"G",1,0,0,"Mediterranean",8200,true
"R136.SG","R136","AntonioGaoMootsScience2019",2019,"Italy_LA.SG","Marcellino & Pietro","Italy",41.8891604,12.500705,1550,"300-500 CE",1,"G",1,0,0,"Mediterranean",8200,true
"I3983","I3983","OlaldeScience2019",2019,"Spain_Roman","Granada, Plaza Einstein","Spain",37.1775,-3.609166667,1550,"261-531 calCE (1660±25 BP, PSUAMS-2081)",7,"GG",2,0,0,"Mediterranean",8200,true
"R31.SG","R31","AntonioGaoMootsScience2019",2019,"Italy_LA_oCentralEuropean_o3CentralEuropean.SG","Mausoleo di Augusto","Italy",41.9060311,12.4742324,1538,"261-535 calCE (1655±25 BP, UCIAMS-213627)",4,"GG",2,0,0,"Mediterranean",8200,true
"I3576","I3576","OlaldeScience2019",2019,"Spain_Visigoth_Granada","Granada, Montefrío, El Castillón","Spain",37.3244444,-4.005833333,1468,"421-542 calCE (1595±25 BP, PSUAMS-2117)",12,"GA",2,1,0.5,"Mediterranean",8200,true
"R105.SG","R105","AntonioGaoMootsScience2019",2019,"Italy_LA_oCentralEuropean_o1CentralEuropean.SG","Crypta Balbi","Italy",41.8947764,12.4762658,1450,"400-600 CE",2,"GG",2,0,0,"Mediterranean",8200,true
"R106.SG","R106","AntonioGaoMootsScience2019",2019,"Italy_LA_oCentralEuropean_o2CentralEuropean.SG","Crypta Balbi","Italy",41.8947764,12.4762658,1450,"400-600 CE",1,"A",1,1,1,"Mediterranean",8200,true
"R108.SG","R108","AntonioGaoMootsScience2019",2019,"Italy_LA_oCentralEuropean_o1CentralEuropean.SG","Crypta Balbi","Italy",41.8947764,12.4762658,1450,"400-600 CE",1,"G",1,0,0,"Mediterranean",8200,true
"R109.SG","R109","AntonioGaoMootsScience2019",2019,"Italy_LA_oCentralEuropean_o1CentralEuropean.SG","Crypta Balbi","Italy",41.8947764,12.4762658,1450,"400-600 CE",2,"GA",2,1,0.5,"Mediterranean",8200,true
"R118.SG","R118","AntonioGaoMootsScience2019",2019,"Italy_LA.SG","San Ercolano","Italy",41.7552257,12.2948926,1450,"400-600 CE",1,"G",1,0,0,"Mediterranean",8200,true
"R120.SG","R120","AntonioGaoMootsScience2019",2019,"Italy_LA.SG","San Ercolano","Italy",41.7552257,12.2948926,1450,"400-600 CE",1,"G",1,0,0,"Mediterranean",8200,true
"R30.SG","R30","AntonioGaoMootsScience2019",2019,"Italy_LA.SG","Mausoleo di Augusto","Italy",41.9060311,12.4742324,1450,"300-700 CE",3,"GG",2,0,0,"Mediterranean",8200,true
"R33.SG","R33","AntonioGaoMootsScience2019",2019,"Italy_LA_oCentralEuropean_o1CentralEuropean.SG","Mausoleo di Augusto","Italy",41.9060311,12.4742324,1450,"300-700 CE",5,"GG",2,0,0,"Mediterranean",8200,true
"R34.SG","R34","AntonioGaoMootsScience2019",2019,"Italy_LA.SG","Mausoleo di Augusto","Italy",41.9060311,12.4742324,1450,"300-700 CE",3,"GG",2,0,0,"Mediterranean",8200,true
"R35.SG","R35","AntonioGaoMootsScience2019",2019,"Italy_LA.SG","Celio","Italy",41.8863476,12.4898133,1450,"400-600 CE",1,"G",1,0,0,"Mediterranean",8200,true
"R36.SG","R36","AntonioGaoMootsScience2019",2019,"Italy_LA.SG","Celio","Italy",41.8863476,12.4898133,1450,"400-600 CE",3,"GG",2,0,0,"Mediterranean",8200,true
"I3575","I3575","OlaldeScience2019",2019,"Spain_Visigoth_Granada","Granada, Montefrío, El Castillón","Spain",37.3244444,-4.005833333,1450,"400-600 CE",1,"G",1,0,0,"Mediterranean",8200,true
"I3581","I3581","OlaldeScience2019",2019,"Spain_Visigoth_Granada","Granada, Montefrío, El Castillón","Spain",37.3244444,-4.005833333,1450,"400-600 CE",2,"GG",2,0,0,"Mediterranean",8200,true
"I3583_published","I3583","OlaldeScience2019",2019,"Spain_Visigoth_Granada_published","Granada, Montefrío, El Castillón","Spain",37.3244444,-4.005833333,1450,"400-600 CE",1,"G",1,0,0,"Mediterranean",8200,true
"I3981","I3981","OlaldeScience2019",2019,"Spain_Roman","Andalusia, Granada, Paseíllos universitarios-Fuentenueva","Spain",37.1775,-3.609166667,1450,"400-600 CE",4,"GG",2,0,0,"Mediterranean",8200,true
"I12031","I12031","OlaldeScience2019",2019,"Spain_Girona_Visigoth","Girona, Pla de l'Horta","Spain",42.01656,2.814897,1350,"500-700 CE",2,"GA",2,1,0.5,"Mediterranean",8200,true
"I12032_published","I12032","OlaldeScience2019",2019,"Spain_Girona_Visigoth_published","Girona, Pla de l'Horta","Spain",42.01656,2.814897,1350,"500-700 CE",1,"G",1,0,0,"Mediterranean",8200,true
"I12033_published","I12033","OlaldeScience2019",2019,"Spain_Girona_Visigoth_published","Girona, Pla de l'Horta","Spain",42.01656,2.814897,1350,"500-700 CE",1,"G",1,0,0,"Mediterranean",8200,true
"I12034","I12034","OlaldeScience2019",2019,"Spain_Girona_Visigoth","Girona, Pla de l'Horta","Spain",42.01656,2.814897,1350,"500-700 CE",3,"AA",2,2,1,"Mediterranean",8200,true
"I12162","I12162","OlaldeScience2019",2019,"Spain_Girona_Visigoth","Girona, Pla de l'Horta","Spain",42.01656,2.814897,1350,"500-700 CE",1,"A",1,1,1,"Mediterranean",8200,true
"I8343","I8343","OlaldeScience2019",2019,"Spain_Roman_oMixed","Girona, Empuries, necropolis Centre de Visitants","Spain",42.1333,3.1083,1287,"647-676 calCE (1355±15 BP, PSUAMS-8223)",1,"G",1,0,0,"Mediterranean",8200,true
"I3585","I3585","OlaldeScience2019",2019,"Spain_Visigoth_Granada","Granada, Ventas de Zafarraya","Spain",36.9572222,-4.12,1195,"675-876 calCE (1250±25 BP, PSUAMS-2074)",11,"GG",2,0,0,"Mediterranean",8200,true
"R1283.SG","R1283","AntonioGaoMootsScience2019",2019,"Italy_Medieval_EarlyModern.SG","Cancelleria","Italy",41.8964977,12.4718662,1095,"772-955 calCE (1175±25 BP, UCIAMS-213633)",2,"GG",2,0,0,"Mediterranean",8200,true
"R59.SG","R59","AntonioGaoMootsScience2019",2019,"Italy_Medieval_EarlyModern.SG","Villa Magna","Italy",41.6877312,13.0864953,1045,"820-990 calCE",1,"G",1,0,0,"Mediterranean",8200,true
"R60.SG","R60","AntonioGaoMootsScience2019",2019,"Italy_Medieval_EarlyModern.SG","Villa Magna","Italy",41.6877312,13.0864953,1045,"820-990 CE",1,"G",1,0,0,"Mediterranean",8200,true
"I10895","I10895","OlaldeScience2019",2019,"Spain_Medieval","Catalonia, Girona, Sant Julià de Ramis","Spain",42.0507,2.867,1038,"774-992 calCE (1140±30 BP, Beta-448953)",4,"GG",2,0,0,"Mediterranean",8200,true
"I12516","I12516","OlaldeScience2019",2019,"Spain_Islamic","Valencian Community, Castelló/Castellón, Vinaròs, Plaza Parroquial","Spain",40.4703,0.4756,937,"899-1147 calCE (1030±30 BP, Beta-372984)",1,"G",1,0,0,"Mediterranean",8200,true
"R1285.SG","R1285","AntonioGaoMootsScience2019",2019,"Italy_Medieval_EarlyModern.SG","Cancelleria","Italy",41.8964977,12.4718662,935,"978-1120 calCE (1025±25 BP, UCIAMS-213634)",1,"G",1,0,0,"Mediterranean",8200,true
"I10852_published","I10852","OlaldeScience2019",2019,"Spain_Medieval_published","Catalonia, Girona, Sant Julià de Ramis","Spain",42.0507,2.867,908,"990-1154 calCE (1010±30 BP, Beta-458692)",2,"GG",2,0,0,"Mediterranean",8200,true
"I7497","I7497","OlaldeScience2019",2019,"Spain_Muslim_Zira","Granada, Huéscar, Cueva Romero","Spain",37.8071083,-2.543041667,900,"1000-1100 CE",2,"AA",2,2,1,"Mediterranean",8200,true
"I7498","I7498","OlaldeScience2019",2019,"Spain_Muslim_Zira","Granada, Huéscar, Cueva Romero","Spain",37.8071083,-2.543041667,900,"1000-1100 CE",7,"GG",2,0,0,"Mediterranean",8200,true
"I7499","I7499","OlaldeScience2019",2019,"Spain_Muslim_Zira","Granada, Huéscar, Cueva Romero","Spain",37.8071083,-2.543041667,900,"1000-1100 CE",13,"GA",2,1,0.5,"Mediterranean",8200,true
"I10853_published","I10853","OlaldeScience2019",2019,"Spain_Medieval_published","Catalonia, Girona, Sant Julià de Ramis","Spain",42.0507,2.867,876,"993-1155 calCE (990±30 BP, Beta-448950)",1,"A",1,1,1,"Mediterranean",8200,true
"I12514","I12514","OlaldeScience2019",2019,"Spain_Islamic","Valencian Community, Castelló/Castellón, Betxí, Palau Castell de Betxí","Spain",39.9333,-0.2,854,"1025-1160 calCE (960±30 BP, Beta-459794)",3,"GG",2,0,0,"Mediterranean",8200,true
"I6890","I6890","NarasimhanPattersonScience2019",2019,"Pakistan_H_Barikot","Swat Valley, Barikot","Pakistan",34.75700556,72.36238056,853,"1028-1157 calCE (960±20 BP, PSUAMS-6206)",14,"GG",2,0,0,"Outside Europe",6500,true
"R58.SG","R58","AntonioGaoMootsScience2019",2019,"Italy_Medieval_EarlyModern.SG","Villa Magna","Italy",41.6877312,13.0864953,850,"700-1500 CE",3,"GG",2,0,0,"Mediterranean",8200,true
"R64.SG","R64","AntonioGaoMootsScience2019",2019,"Italy_Medieval_EarlyModern.SG","Villa Magna","Italy",41.6877312,13.0864953,840,"1070-1150 calCE",1,"G",1,0,0,"Mediterranean",8200,true
"R65.SG","R65","AntonioGaoMootsScience2019",2019,"Italy_Medieval_EarlyModern.SG","Villa Magna","Italy",41.6877312,13.0864953,840,"1070-1150 calCE",4,"GA",2,1,0.5,"Mediterranean",8200,true
"I2959","I2959","NarasimhanPattersonScience2019",2019,"Pakistan_Medieval_Udegram_Ghaznavid","Swat Valley, Udegram","Pakistan",34.74319444,72.31421667,822,"1041-1217 calCE (905±30 BP, Poz-83508)",2,"GG",2,0,0,"Outside Europe",6500,true
"I2960","I2960","NarasimhanPattersonScience2019",2019,"Pakistan_Medieval_Udegram_Ghaznavid_father.or.son.I2959","Swat Valley, Udegram","Pakistan",34.74319444,72.31421667,822,"1000-1250 CE",1,"G",1,0,0,"Outside Europe",6500,true
"I12515","I12515","OlaldeScience2019",2019,"Spain_Islamic","Valencian Community, Castelló/Castellón, Betxí, Palau Castell de Betxí","Spain",39.9333,-0.2,750,"1100-1300 CE",5,"GA",2,1,0.5,"Mediterranean",8200,true
"I12644","I12644","OlaldeScience2019",2019,"Spain_Islamic","Valencia, Carrer Sagunto 49","Spain",39.4697,-0.3774,750,"1100-1300 CE",2,"GG",2,0,0,"Mediterranean",8200,true
"I12647","I12647","OlaldeScience2019",2019,"Spain_Islamic","Valencia, Carrer Sagunto 49","Spain",39.4697,-0.3774,750,"1100-1300 CE",3,"GG",2,0,0,"Mediterranean",8200,true
"I7457","I7457","OlaldeScience2019",2019,"Spain_Muslim_Almohade","Granada, Alhama de Granada, Casa Cuartel Guardia Civil","Spain",37.0010611,-3.9930305,750,"1100-1300 CE",1,"G",1,0,0,"Mediterranean",8200,true
"R62.SG","R62","AntonioGaoMootsScience2019",2019,"Italy_Medieval_EarlyModern_oCentralEuropean.SG","Villa Magna","Italy",41.6877312,13.0864953,735,"1130-1300 CE",1,"G",1,0,0,"Mediterranean",8200,true
"I7716","I7716","NarasimhanPattersonScience2019",2019,"Pakistan_Medieval_RajaGira","Swat Valley, Raja Gira","Pakistan",34.75700556,72.36238056,728,"1176-1264 calCE (835±15 BP, PSUAMS-4428)",19,"GG",2,0,0,"Outside Europe",6500,true
"I7715","I7715","NarasimhanPattersonScience2019",2019,"Pakistan_Barikot_Medieval_2","Swat Valley, Barikot","Pakistan",34.75700556,72.36238056,619,"1279-1389 calCE (670±25 BP, PSUAMS-4427)",20,"GA",2,1,0.5,"Outside Europe",6500,true
"I6889","I6889","NarasimhanPattersonScience2019",2019,"Pakistan_H_Barikot","Swat Valley, Barikot","Pakistan",34.75700556,72.36238056,605,"1290-1395 calCE (640±20 BP, PSUAMS-6205)",13,"GG",2,0,0,"Outside Europe",6500,true
"R1290.SG","R1290","AntonioGaoMootsScience2019",2019,"Italy_Medieval_EarlyModern.SG","Cancelleria","Italy",41.8964977,12.4718662,602,"1299-1400 calCE (615±25 BP, UCIAMS-213636)",2,"GG",2,0,0,"Mediterranean",8200,true
"R52.SG","R52","AntonioGaoMootsScience2019",2019,"Italy_Medieval_EarlyModern.SG","Villa Magna","Italy",41.6877312,13.0864953,595,"1280-1430 CE",1,"G",1,0,0,"Mediterranean",8200,true
"R53.SG","R53","AntonioGaoMootsScience2019",2019,"Italy_Medieval_EarlyModern.SG","Villa Magna","Italy",41.6877312,13.0864953,595,"1280-1430 CE",3,"GG",2,0,0,"Mediterranean",8200,true
"R54.SG","R54","AntonioGaoMootsScience2019",2019,"Italy_Medieval_EarlyModern.SG","Villa Magna","Italy",41.6877312,13.0864953,595,"1280-1430 calCE",2,"GG",2,0,0,"Mediterranean",8200,true
"R55.SG","R55","AntonioGaoMootsScience2019",2019,"Italy_Medieval_EarlyModern_oCentralEuropean.SG","Villa Magna","Italy",41.6877312,13.0864953,595,"1280-1430 CE",2,"GA",2,1,0.5,"Mediterranean",8200,true
"R57.SG","R57","AntonioGaoMootsScience2019",2019,"Italy_Medieval_EarlyModern.SG","Villa Magna","Italy",41.6877312,13.0864953,595,"1280-1430 CE",2,"GG",2,0,0,"Mediterranean",8200,true
"R61.SG","R61","AntonioGaoMootsScience2019",2019,"Italy_Medieval_EarlyModern_oCentralEuropean.SG","Villa Magna","Italy",41.6877312,13.0864953,595,"1280-1430 CE",4,"AA",2,2,1,"Mediterranean",8200,true
"R1287.SG","R1287","AntonioGaoMootsScience2019",2019,"Italy_Medieval_EarlyModern.SG","Cancelleria","Italy",41.8964977,12.4718662,525,"1350-1500 CE",2,"GG",2,0,0,"Mediterranean",8200,true
"R1286.SG","R1286","AntonioGaoMootsScience2019",2019,"Italy_Medieval_EarlyModern_oCentralEuropean.SG","Cancelleria","Italy",41.8964977,12.4718662,520,"1409-1450 calCE (485±25 BP, UCIAMS-213635)",1,"A",1,1,1,"Mediterranean",8200,true
"R1221.SG","R1221","AntonioGaoMootsScience2019",2019,"Italy_Medieval_EarlyModern_oCentralEuropean.SG","Cancelleria","Italy",41.8964977,12.4718662,465,"1480-1490 CE",4,"GA",2,1,0.5,"Mediterranean",8200,true
"I3808","I3808","OlaldeScience2019",2019,"Spain_NazariPeriod_Muslim","Andalusia, Granada, Mondújar (Lecrín), Nécropolis de Torna Alta","Spain",36.9508333,-3.547222222,400,"1500-1600 CE",3,"GG",2,0,0,"Mediterranean",8200,true
"I7424","I7424","OlaldeScience2019",2019,"Spain_NazariPeriod_Muslim","Andalusia, Granada, Mondújar (Lecrín), Nécropolis de Torna Alta","Spain",36.9508333,-3.547222222,400,"1500-1600 CE",2,"GG",2,0,0,"Mediterranean",8200,true
"I7425","I7425","OlaldeScience2019",2019,"Spain_NazariPeriod_Muslim","Andalusia, Granada, Mondújar (Lecrín), Nécropolis de Torna Alta","Spain",36.9508333,-3.547222222,400,"1500-1600 CE",6,"GG",2,0,0,"Mediterranean",8200,true
"R970.SG","R970","AntonioGaoMootsScience2019",2019,"Italy_Medieval_EarlyModern_o.SG","Tivoli Palazzo Cianti","Italy",41.9559175,12.7542816,300,"1600-1700 CE",1,"G",1,0,0,"Mediterranean",8200,true
"I6547","I6547","NarasimhanPattersonScience2019",2019,"Pakistan_Barikot_IA_o","Swat Valley, Barikot","Pakistan",34.75700556,72.36238056,200,"200 BCE - 100 CE",1,"A",1,1,1,"Outside Europe",6500,true
"Iboussieres25-1","Iboussieres25-1","MathiesonNature2018",2018,"France_Iboussieres25_1","Aven des Iboussières à Malataverne, Rhône-Alpes","France",44.29,4.46,11675,"10050-9400 BCE",4,"GG",2,0,0,"Mediterranean",8200,true
"Iboussieres31-2","Iboussieres31-2","MathiesonNature2018",2018,"France_Iboussieres31_2","Aven des Iboussières à Malataverne, Rhône-Alpes","France",44.29,4.46,11675,"10050-9400 BCE",1,"G",1,0,0,"Mediterranean",8200,true
"Sidelkino.SG","I8743","DamgaardScience2018",2018,"Russia_Sidelkino_HG.SG","Sidelkino","Russia",54.53,51.11,11456,"9776-9235 calBCE [union of two dates: 9443-9235 calBCE (9836±48 BP, UBA-31465); 9776-9317 calBCE (9995±50 BP, PSUAMS-6189)]",2,"GG",2,0,0,"Outside Europe",6500,true
"I5235","I5235","MathiesonNature2018",2018,"Serbia_IronGates_Mesolithic","Padina","Serbia",44.595879,22.010568,10835,"9221-8548 calBCE (9480±110 BP, AA-57771)",11,"GG",2,0,0,"Mediterranean",8200,true
"I5240","I5240","MathiesonNature2018",2018,"Serbia_IronGates_Mesolithic","Padina","Serbia",44.595879,22.010568,10805,"9140-8570 calBCE (9469±70 BP, PSUAMS-2377)",13,"GG",2,0,0,"Mediterranean",8200,true
"I5244","I5244","MathiesonNature2018",2018,"Serbia_IronGates_Mesolithic","Padina","Serbia",44.595879,22.010568,10785,"9115-8555 calBCE (9424±55 BP, PSUAMS-2376)",12,"GG",2,0,0,"Mediterranean",8200,true
"I5242","I5242","MathiesonNature2018",2018,"Serbia_IronGates_Mesolithic","Padina","Serbia",44.595879,22.010568,10530,"8805-8355 calBCE (9363±64 BP, PSUAMS-2408)",5,"GG",2,0,0,"Mediterranean",8200,true
"I5239","I5239","MathiesonNature2018",2018,"Serbia_IronGates_Mesolithic","Padina","Serbia",44.595879,22.010568,10333,"8535-8230 calBCE (9105±62 BP, PSUAMS-2375)",6,"GG",2,0,0,"Mediterranean",8200,true
"I1763","I1763","MathiesonNature2018",2018,"Ukraine_Mesolithic","Vasil'evka","Ukraine",47.434167,35.276389,10081,"8282-7960 calBCE (8960±50 BP, Poz-81127)",15,"GG",2,0,0,"Outside Europe",6500,true
"I5236","I5236","MathiesonNature2018",2018,"Serbia_IronGates_Mesolithic","Padina","Serbia",44.595879,22.010568,10038,"8291-7826 calBCE (8943±77 BP, BM-1146)",8,"GG",2,0,0,"Mediterranean",8200,true
"I5238","I5238","MathiesonNature2018",2018,"Serbia_IronGates_Mesolithic","Padina","Serbia",44.595879,22.010568,9993,"8265-7820 calBCE (8907±66 BP, PSUAMS-2407)",10,"GG",2,0,0,"Mediterranean",8200,true
"I5234","I5234","MathiesonNature2018",2018,"Serbia_IronGates_Mesolithic","Padina","Serbia",44.595879,22.010568,9500,"9300-5800 BCE",2,"GG",2,0,0,"Mediterranean",8200,true
"I5237","I5237","MathiesonNature2018",2018,"Serbia_IronGates_Mesolithic","Padina","Serbia",44.595879,22.010568,9500,"9300-5800 BCE",14,"GG",2,0,0,"Mediterranean",8200,true
"I5409_published","I5409","MathiesonNature2018",2018,"Serbia_IronGates_Mesolithic_o_published","Padina","Serbia",44.595879,22.010568,9500,"9300-5800 BCE",1,"G",1,0,0,"Mediterranean",8200,true
"I4081_published","I4081","MathiesonNature2018",2018,"Romania_IronGates_Mesolithic_published","Iron Gates, Ostrovul Corbului","Romania",44.517,22.722,9361,"7581-7191 calBCE (8369±73 BP, OxA-31595)",3,"GG",2,0,0,"Rhine-Danube",7600,true
"I4630","I4630","MathiesonNature2018",2018,"Latvia_HG","Zvejnieki","Latvia",56.2833,25.1333,9218,"7471-7073 calBCE (8240±70 BP)",8,"GG",2,0,0,"Baltic",5600,true
"I1734","I1734","MathiesonNature2018",2018,"Ukraine_N","Vasil'evka","Ukraine",47.434167,35.276389,9159,"7451-7056 calBCE (8190±60 BP, Poz-81129)",13,"GG",2,0,0,"Outside Europe",6500,true
"I1875","I1875","MathiesonNature2018",2018,"Croatia_Mesolithic_HG","Vela Spila","Croatia",42.96723,16.70719,9056,"7321-6834 calBCE (8110±50 BP, Poz-90130)",1,"G",1,0,0,"Mediterranean",8200,true
"I5436","I4654","MathiesonNature2018",2018,"Romania_IronGates_Mesolithic_published_dup.I4654","Iron Gates, Schela Cladovei","Romania",44.626111,22.605833,9025,"7451-6698 calBCE",1,"G",1,0,0,"Rhine-Danube",7600,true
"I5876","I5876","MathiesonNature2018",2018,"Ukraine_Mesolithic","Dereivka I","Ukraine",48.91422,33.76493,8832,"7040-6699 calBCE (7960±30 BP, PSUAMS-2811)",4,"GG",2,0,0,"Other Europe",6500,true
"I4916","I4916","MathiesonNature2018",2018,"Serbia_IronGates_Mesolithic","Hajduka Vodenica","Serbia",44.640262,22.30333,8763,"7035-6590 calBCE (7874±72 BP, PSUAMS-2369)",7,"GG",2,0,0,"Mediterranean",8200,true
"I4870","I4870","MathiesonNature2018",2018,"Serbia_IronGates_Mesolithic","Vlasac","Serbia",44.53368,22.05032,8740,"7045-6535 calBCE (7870±78 BP, PSUAMS-2295)",4,"GG",2,0,0,"Mediterranean",8200,true
"I4582","I4582","MathiesonNature2018",2018,"Romania_IronGates_Mesolithic","Iron Gates, Ostrovul Corbului","Romania",44.517,22.722,8618,"7026-6470 calBCE (7812±69 BP) [R_combine after marine calibration: (8305±50 BP, OxA-31598); (8300±40 BP, PSUAMS-1749); (8335±45 BP, PSUAMS-1904)]",8,"GG",2,0,0,"Rhine-Danube",7600,true
"I5411","I5411","MathiesonNature2018",2018,"Romania_IronGates_Mesolithic","Iron Gates, Schela Cladovei","Romania",44.626111,22.605833,8600,"7000-6300 BCE",3,"GG",2,0,0,"Rhine-Danube",7600,true
"I4877","I4877","MathiesonNature2018",2018,"Serbia_IronGates_Mesolithic","Vlasac","Serbia",44.53368,22.05032,8505,"6645-6465 calBCE (7728±51 BP, PSUAMS-2382)",11,"GG",2,0,0,"Mediterranean",8200,true
"I4874","I4874","MathiesonNature2018",2018,"Serbia_IronGates_Mesolithic","Vlasac","Serbia",44.53368,22.05032,8499,"6640-6471 calBCE (7725±40 BP, OxA-20702)",14,"GG",2,0,0,"Mediterranean",8200,true
"I4550","I4550","MathiesonNature2018",2018,"Latvia_HG","Zvejnieki","Latvia",56.2833,25.1333,8489,"6633-6470 calBCE (7715±25 BP, PSUAMS-2835)",16,"GG",2,0,0,"Baltic",5600,true
"I4875","I4875","MathiesonNature2018",2018,"Serbia_IronGates_Mesolithic","Vlasac","Serbia",44.53368,22.05032,8458,"6615-6400 calBCE (7643±63 BP, PSUAMS-2380)",13,"GG",2,0,0,"Mediterranean",8200,true
"I4876","I4876","MathiesonNature2018",2018,"Serbia_IronGates_Mesolithic","Vlasac","Serbia",44.53368,22.05032,8455,"6635-6375 calBCE (7625±71 BP, PSUAMS-2381)",11,"GG",2,0,0,"Mediterranean",8200,true
"I4871","I4871","MathiesonNature2018",2018,"Serbia_IronGates_Mesolithic","Vlasac","Serbia",44.53368,22.05032,8450,"7100-5900 BCE",3,"GG",2,0,0,"Mediterranean",8200,true
"I4872","I4872","MathiesonNature2018",2018,"Serbia_IronGates_Mesolithic","Vlasac","Serbia",44.53368,22.05032,8450,"7100-5900 BCE",1,"G",1,0,0,"Mediterranean",8200,true
"I4881_published","I4881","MathiesonNature2018",2018,"Serbia_IronGates_Mesolithic_published","Vlasac","Serbia",44.53368,22.05032,8363,"6570-6255 calBCE (7570±63 BP, PSUAMS-2385)",14,"GG",2,0,0,"Mediterranean",8200,true
"I5402","I5402","MathiesonNature2018",2018,"Serbia_IronGates_Mesolithic","Hajduka Vodenica","Serbia",44.640262,22.30333,8156,"6361-6050 calBCE (7315±63 BP, OxA-16942)",6,"GG",2,0,0,"Mediterranean",8200,true
"I4915","I4915","MathiesonNature2018",2018,"Serbia_IronGates_Mesolithic","Hajduka Vodenica","Serbia",44.640262,22.30333,8115,"6340-5990 calBCE (7260±76 BP, PSUAMS-2360)",14,"GG",2,0,0,"Mediterranean",8200,true
"I1736","I1736","MathiesonNature2018",2018,"Ukraine_N","Vasil'evka","Ukraine",47.434167,35.276389,8110,"6242-6072 calBCE (7320±40 BP, Poz-81154)",2,"GG",2,0,0,"Outside Europe",6500,true
"I5885_published","I5885","MathiesonNature2018",2018,"Ukraine_Mesolithic_published","Dereivka I","Ukraine",48.91422,33.76493,8099,"6392-5921 calBCE (7270±110 BP, OxA-6161)",1,"G",1,0,0,"Other Europe",6500,true
"I4914_published","I4914","MathiesonNature2018",2018,"Serbia_IronGates_Mesolithic_published","Hajduka Vodenica","Serbia",44.640262,22.30333,8088,"6360-5986 calBCE (7264±80 BP, OxA-16941)",15,"GG",2,0,0,"Mediterranean",8200,true
"I4917","I4917","MathiesonNature2018",2018,"Serbia_IronGates_Mesolithic","Hajduka Vodenica","Serbia",44.640262,22.30333,8058,"6220-5995 calBCE (7209±57 BP, PSUAMS-2374)",7,"GG",2,0,0,"Mediterranean",8200,true
"I5233","I5233","MathiesonNature2018",2018,"Serbia_IronGates_Mesolithic","Padina","Serbia",44.595879,22.010568,8001,"6224-5878 calBCE (7158±85 BP, AA-57770)",10,"GG",2,0,0,"Mediterranean",8200,true
"I5407","I5407","MathiesonNature2018",2018,"Serbia_IronGates_Mesolithic","Lepenski Vir","Serbia",44.552924,22.027563,8000,"6300-5800 BCE",8,"GG",2,0,0,"Mediterranean",8200,true
"I1113","I1113","MathiesonNature2018",2018,"Bulgaria_MalakPreslavets_N","Malak Preslavets","Bulgaria",43.98,26.4,7976,"6076-5928 calBCE (7162±35 BP, OxA-32532)",1,"G",1,0,0,"Mediterranean",8200,true
"I4596","I4596","MathiesonNature2018",2018,"Latvia_HG","Zvejnieki","Latvia",56.2833,25.1333,7970,"6069-5984 calBCE (7150±25 BP, PSUAMS-2839)",14,"GG",2,0,0,"Baltic",5600,true
"I4432","I4432","MathiesonNature2018",2018,"Latvia_HG","Zvejnieki","Latvia",56.2833,25.1333,7958,"6072-5920 calBCE (7140±40 BP, PSUAMS-2230)",7,"GG",2,0,0,"Baltic",5600,true
"DA245.SG","DA245","DamgaardScience2018",2018,"Russia_Shamanka_Eneolithic.SG","Shamanka II","Russia",51.698333,103.703056,7944,"6069-5914 calBCE (7123±37 BP, OxA-26456)",1,"G",1,0,0,"Outside Europe",6500,true
"I5232","I5232","MathiesonNature2018",2018,"Serbia_IronGates_Mesolithic_o","Padina","Serbia",44.595879,22.010568,7901,"6061-5841 calBCE (7078±85 BP, AA-57769)",15,"GG",2,0,0,"Mediterranean",8200,true
"I0698_published","I0698","MathiesonNature2018",2018,"Bulgaria_N_published","Yabalkovo, Dimitrovgrad, Haskovo","Bulgaria",42.1,25.75,7900,"6000-5900 BCE",6,"GG",2,0,0,"Mediterranean",8200,true
"I0706","I0706","MathiesonNature2018",2018,"Bulgaria_N","Veliko Tarnovo, Dzhulyunitsa","Bulgaria",43.16089,25.88341,7899,"6025-5847 calBCE (7075±37 BP, OxA-32777)",1,"G",1,0,0,"Mediterranean",8200,true
"I5427","I5427","MathiesonNature2018",2018,"Greece_N","Diros, Alepotrypa Cave","Greece",36.63833333,22.3825,7883,"6009-5845 calBCE (7050±30 BP, PSUAMS-2682)",3,"GG",2,0,0,"Mediterranean",8200,true
"I1108","I1108","MathiesonNature2018",2018,"Bulgaria_MalakPreslavets_N_oLowEEF","Malak Preslavets","Bulgaria",43.98,26.4,7875,"6010-5841 calBCE (7044±38 BP, OxA-32530)",1,"G",1,0,0,"Mediterranean",8200,true
"I4873","I4873","MathiesonNature2018",2018,"Serbia_IronGates_Mesolithic","Vlasac","Serbia",44.53368,22.05032,7867,"6012-5806 calBCE (7035±40 BP, OxA-16544)",17,"GG",2,0,0,"Mediterranean",8200,true
"DA249.SG","DA249","DamgaardScience2018",2018,"Russia_Shamanka_Eneolithic.SG","Shamanka II","Russia",51.698333,103.703056,7840,"5987-5782 calBCE (7005±40 BP, OxA-21535)",3,"GG",2,0,0,"Outside Europe",6500,true
"I3879","I3879","MathiesonNature2018",2018,"Bulgaria_MalakPreslavets_N_oHighEEF","Malak Preslavets","Bulgaria",43.98,26.4,7823,"5982-5755 calBCE (6990±40 BP, PSUAMS-2221)",1,"G",1,0,0,"Mediterranean",8200,true
"I4880","I4880","MathiesonNature2018",2018,"Serbia_IronGates_Mesolithic","Vlasac","Serbia",44.53368,22.05032,7813,"6000-5725 calBCE (6979±75 BP, PSUAMS-2384)",12,"GG",2,0,0,"Mediterranean",8200,true
"I4878","I4878","MathiesonNature2018",2018,"Serbia_IronGates_Mesolithic","Vlasac","Serbia",44.53368,22.05032,7803,"5995-5710 calBCE (6955±76 BP, PSUAMS-2383)",7,"GG",2,0,0,"Mediterranean",8200,true
"I0676","I0676","MathiesonNature2018",2018,"Macedonia_N","Skopje, Sopište, Govrlevo","North Macedonia",41.9,21.35,7792,"5979-5732 calBCE (6960±50 BP, Poz-82188)",25,"GG",2,0,0,"Mediterranean",8200,true
"DA357.SG","DA357","DamgaardScience2018",2018,"Russia_Lokomotiv_Eneolithic.SG","Lokomotiv","Russia",52.286944,104.249167,7785,"5981-5723 calBCE (6950±60 BP)",2,"GG",2,0,0,"Outside Europe",6500,true
"DA246.SG","DA246","DamgaardScience2018",2018,"Russia_Shamanka_Eneolithic.SG","Shamanka II","Russia",51.698333,103.703056,7723,"5884-5669 calBCE (6886±43 BP, OxA-24774)",4,"GG",2,0,0,"Outside Europe",6500,true
"DA247.SG","DA247","DamgaardScience2018",2018,"Russia_Shamanka_Eneolithic.SG","Shamanka II","Russia",51.698333,103.703056,7689,"5837-5660 calBCE (6856±40 BP, OxA-21526)",7,"GG",2,0,0,"Outside Europe",6500,true
"I5405","I5405","MathiesonNature2018",2018,"Serbia_IronGates_N","Lepenski Vir","Serbia",44.552924,22.027563,7684,"5836-5632 calBCE (6829±53 BP, AA-58320)",1,"G",1,0,0,"Mediterranean",8200,true
"I4551","I4551","MathiesonNature2018",2018,"Latvia_HG","Zvejnieki","Latvia",56.2833,25.1333,7670,"5788-5663 calBCE (6845±25 BP, PSUAMS-2836)",8,"GG",2,0,0,"Baltic",5600,true
"I4439","I4439","MathiesonNature2018",2018,"Latvia_HG","Zvejnieki","Latvia",56.2833,25.1333,7646,"5769-5628 calBCE (6815±40 BP, PSUAMS-2236)",11,"GG",2,0,0,"Baltic",5600,true
"DA248.SG","DA248","DamgaardScience2018",2018,"Russia_Shamanka_Eneolithic.SG","Shamanka II","Russia",51.698333,103.703056,7646,"5762-5629 calBCE (6815±38 BP, OxA-25327)",3,"GG",2,0,0,"Outside Europe",6500,true
"I4595","I4595","MathiesonNature2018",2018,"Latvia_HG","Zvejnieki","Latvia",56.2833,25.1333,7637,"5729-5638 calBCE (6800±25 BP, PSUAMS-2683)",11,"GG",2,0,0,"Baltic",5600,true
"I0679_d","I0679","MathiesonNature2018",2018,"Bulgaria_Krepost_N","Krepost","Bulgaria",42.02,25.6,7617,"5723-5623 calBCE (6760±33 BP, OxA-31444)",22,"GG",2,0,0,"Mediterranean",8200,true
"I2532","I2532","MathiesonNature2018",2018,"Romania_EN","Cotatcu","Romania",45.466,27.01,7614,"5721-5623 calBCE (6755±30 BP, PSUAMS-1747)",5,"GG",2,0,0,"Rhine-Danube",7600,true
"I2529_published","I2529","MathiesonNature2018",2018,"Bulgaria_N_published","Yabalkovo, Dimitrovgrad, Haskovo","Bulgaria",42.1,25.75,7610,"5723-5571 calBCE (6750±40 BP, Poz-81117)",9,"GG",2,0,0,"Mediterranean",8200,true
"I4918","I4918","MathiesonNature2018",2018,"Serbia_EN_Starcevo","Saraorci-Jezava","Serbia",44.48638889,21.07611111,7600,"6000-5300 BCE",12,"GG",2,0,0,"Mediterranean",8200,true
"I5071","I5071","MathiesonNature2018",2018,"Croatia_EN_Impressa","Kargadur","Croatia",43.35141,16.461788,7582,"5708-5566 calBCE (6720±20 BP, UCIAMS-174934)",1,"G",1,0,0,"Mediterranean",8200,true
"DA341.SG","DA341","DamgaardScience2018",2018,"Russia_Lokomotiv_Eneolithic.SG","Lokomotiv","Russia",52.286944,104.249167,7577,"5714-5561 calBCE (6713±35 BP)",5,"GG",2,0,0,"Outside Europe",6500,true
"I5072","I5072","MathiesonNature2018",2018,"Croatia_EN_Impressa","Kargadur","Croatia",43.35141,16.461788,7545,"5657-5558 calBCE (6685±20 BP, UCIAMS-174935)",4,"GG",2,0,0,"Mediterranean",8200,true
"I3715","I3715","MathiesonNature2018",2018,"Ukraine_N","Volniensky, Vilnianka","Ukraine",47.9543,35.3893,7526,"5636-5483 calBCE (6655±35 BP, PSUAMS-1907)",2,"GG",2,0,0,"Outside Europe",6500,true
"I2521","I2521","MathiesonNature2018",2018,"Bulgaria_N","Veliko Tarnovo, Dzhulyunitsa","Bulgaria",43.16089,25.88341,7503,"5621-5481 calBCE (6615±30 BP, PSUAMS-1836)",24,"GG",2,0,0,"Mediterranean",8200,true
"I4434","I4434","MathiesonNature2018",2018,"Latvia_HG","Zvejnieki","Latvia",56.2833,25.1333,7441,"5611-5382 calBCE (6530±35 BP, PSUAMS-2231)",7,"GG",2,0,0,"Baltic",5600,true
"I0633","I0633","MathiesonNature2018",2018,"Serbia_EN","Vojvodina, Hrtkovci, Gomolova","Serbia",44.9,19.75,7424,"5610-5376 calBCE (6520±40 BP, Poz-82186)",1,"G",1,0,0,"Mediterranean",8200,true
"DA250.SG","DA250","DamgaardScience2018",2018,"Russia_Shamanka_Eneolithic.SG","Shamanka II","Russia",51.698333,103.703056,7377,"5524-5365 calBCE (6483±37 BP, OxA-27054)",1,"G",1,0,0,"Outside Europe",6500,true
"I2533","I2533","MathiesonNature2018",2018,"Romania_EN","Carcea","Romania",44.266667,23.9,7371,"5480-5372 calBCE (6470±30 BP, PSUAMS-1748)",15,"GG",2,0,0,"Rhine-Danube",7600,true
"I4553","I4553","MathiesonNature2018",2018,"Latvia_HG","Zvejnieki","Latvia",56.2833,25.1333,7370,"5480-5375 calBCE (6470±25 BP, PSUAMS-2838)",1,"G",1,0,0,"Baltic",5600,true
"I4552","I4552","MathiesonNature2018",2018,"Latvia_HG","Zvejnieki","Latvia",56.2833,25.1333,7369,"5477-5374 calBCE (6460±25 BP, PSUAMS-2837)",5,"GG",2,0,0,"Baltic",5600,true
"I5870","I5870","MathiesonNature2018",2018,"Ukraine_N","Volniensky, Vilnianka","Ukraine",47.9543,35.3893,7363,"5475-5331 calBCE (6430±25 BP, PSUAMS-2684)",1,"G",1,0,0,"Outside Europe",6500,true
"I4114","I4114","MathiesonNature2018",2018,"Ukraine_N","Dereivka I","Ukraine",48.91422,33.76493,7350,"5474-5324 calBCE (6420±35 BP, PSUAMS-1911)",4,"GG",2,0,0,"Other Europe",6500,true
"I1738","I1738","MathiesonNature2018",2018,"Ukraine_N","Vovnigi","Ukraine",48.133333,35.083333,7348,"5475-5320 calBCE (6420±40 BP, Poz-81153)",10,"GG",2,0,0,"Outside Europe",6500,true
"DA252.SG","DA252","DamgaardScience2018",2018,"Russia_Shamanka_Eneolithic.SG","Shamanka II","Russia",51.698333,103.703056,7317,"5473-5229 calBCE (6386±34 BP, OxA-26192)",4,"GG",2,0,0,"Outside Europe",6500,true
"I2526","I2526","MathiesonNature2018",2018,"Bulgaria_C","Samovodene","Bulgaria",43.139507,25.610236,7293,"5468-5225 calBCE (6370±25 BP, PSUAMS-2342)",1,"G",1,0,0,"Mediterranean",8200,true
"I4438","I4438","MathiesonNature2018",2018,"Latvia_HG","Zvejnieki","Latvia",56.2833,25.1333,7248,"5375-5216 calBCE (6335±35 BP, PSUAMS-2235)",7,"GG",2,0,0,"Baltic",5600,true
"DA253.SG","DA253","DamgaardScience2018",2018,"Russia_Shamanka_Eneolithic.SG","Shamanka II","Russia",51.698333,103.703056,7240,"5371-5216 calBCE (6329±33 BP, OxA-20562)",2,"GG",2,0,0,"Outside Europe",6500,true
"I1732","I1732","MathiesonNature2018",2018,"Ukraine_N","Vovnigi","Ukraine",48.133333,35.083333,7218,"5372-5134 calBCE (6300±40 BP, Poz-81130)",8,"GG",2,0,0,"Outside Europe",6500,true
"I3718","I3718","MathiesonNature2018",2018,"Ukraine_N","Dereivka I","Ukraine",48.91422,33.76493,7217,"5359-5212 calBCE (6300±35 BP, PSUAMS-1909)",1,"G",1,0,0,"Other Europe",6500,true
"mur.SG","mur","ValdioseraPNAS2018",2018,"Spain_EN.SG","Andalusia, Murciélagos de Zuheros","Spain",37.542182,-4.30388,7127,"5299-5066 calBCE (6226±20 BP, wk-40844)",4,"GG",2,0,0,"Mediterranean",8200,true
"I5875","I5875","MathiesonNature2018",2018,"Ukraine_N","Dereivka I","Ukraine",48.91422,33.76493,7095,"5295-5053 calBCE (6210±25 BP, PSUAMS-2810)",3,"GG",2,0,0,"Other Europe",6500,true
"I5890","I5890","MathiesonNature2018",2018,"Ukraine_N","Dereivka I","Ukraine",48.91422,33.76493,7092,"5291-5058 calBCE (6210±20 BP, PSUAMS-2830)",1,"G",1,0,0,"Other Europe",6500,true
"I5068","I5068","MathiesonNature2018",2018,"Austria_EN_LBK","Kleinhadersdorf Flur Marchleiten","Austria",48.663197,16.589687,7088,"5500-4775 BCE",4,"GG",2,0,0,"Rhine-Danube",7600,true
"I4440","I4440","MathiesonNature2018",2018,"Latvia_HG","Zvejnieki","Latvia",56.2833,25.1333,7074,"5216-5016 calBCE (6180±30 BP, PSUAMS-2264)",10,"GG",2,0,0,"Baltic",5600,true
"I5070","I5070","MathiesonNature2018",2018,"Austria_EN_LBK","Schletz","Austria",48.579752,16.46931,7048,"5209-4998 calBCE (6140±25 BP, PSUAMS-4224)",11,"GG",2,0,0,"Rhine-Danube",7600,true
"I5883","I5883","MathiesonNature2018",2018,"Ukraine_N","Dereivka I","Ukraine",48.91422,33.76493,7048,"5209-4998 calBCE (6140±25 BP, PSUAMS-2827)",1,"G",1,0,0,"Other Europe",6500,true
"I5077","I5077","MathiesonNature2018",2018,"Croatia_MN_Sopot","Osijek, Hermanov Vinograd","Croatia",45.55101,18.746617,7001,"5208-4942 calBCE (6110±25 BP, PSUAMS-2691)",11,"GG",2,0,0,"Rhine-Danube",7600,true
"I5069","I5069","MathiesonNature2018",2018,"Austria_EN_LBK","Kleinhadersdorf Flur Marchleiten","Austria",48.663197,16.589687,6961,"5205-4907 calBCE (6090±25 BP, PSUAMS-4326)",13,"GG",2,0,0,"Rhine-Danube",7600,true
"I5204","I5204","MathiesonNature2018",2018,"Austria_EN_LBK","Schletz","Austria",48.579752,16.46931,6950,"5500-4500 BCE",19,"GG",2,0,0,"Rhine-Danube",7600,true
"I5205","I5205","MathiesonNature2018",2018,"Austria_EN_LBK","Schletz","Austria",48.579752,16.46931,6950,"5500-4500 BCE",14,"GG",2,0,0,"Rhine-Danube",7600,true
"I5206","I5206","MathiesonNature2018",2018,"Austria_EN_LBK","Schletz","Austria",48.579752,16.46931,6950,"5500-4500 BCE",5,"GG",2,0,0,"Rhine-Danube",7600,true
"I5207","I5207","MathiesonNature2018",2018,"Austria_EN_LBK","Schletz","Austria",48.579752,16.46931,6950,"5500-4500 BCE",11,"GG",2,0,0,"Rhine-Danube",7600,true
"I5208","I5208","MathiesonNature2018",2018,"Austria_EN_LBK","Schletz","Austria",48.579752,16.46931,6950,"5500-4500 BCE",23,"GG",2,0,0,"Rhine-Danube",7600,true
"I3719_published","I3719","MathiesonNature2018",2018,"Ukraine_N_o2_published","Dereivka I","Ukraine",48.91422,33.76493,6831,"4983-4795 calBCE (5995±25 BP, PSUAMS-2303)",4,"GG",2,0,0,"Other Europe",6500,true
"I4441","I4441","MathiesonNature2018",2018,"Latvia_HG","Zvejnieki","Latvia",56.2833,25.1333,6718,"4841-4711 calBCE (5900±30 BP, PSUAMS-2265)",11,"GG",2,0,0,"Baltic",5600,true
"I4305","I4305","OlaldeNature2018",2018,"France_MN_1","Clos de Roque","France",43.457,5.863,6680,"4833-4612 calBCE (5860±35 BP, PSUAMS-2225)",9,"GG",2,0,0,"Mediterranean",8200,true
"I4304","I4304","OlaldeNature2018",2018,"France_MN_1","Clos de Roque","France",43.457,5.863,6637,"4791-4555 calBCE (5830±35 BP, PSUAMS-2226)",13,"GG",2,0,0,"Mediterranean",8200,true
"I2431","I2431","MathiesonNature2018",2018,"Bulgaria_C","Ivanovo","Bulgaria",43.09916667,26.71944444,6624,"4784-4552 calBCE (5820±30 BP, Beta-432807)",13,"GG",2,0,0,"Mediterranean",8200,true
"I4303","I4303","OlaldeNature2018",2018,"France_MN_1","Clos de Roque","France",43.457,5.863,6624,"4784-4552 calBCE (5820±30 BP, PSUAMS-2260)",8,"GG",2,0,0,"Mediterranean",8200,true
"I4111","I4111","MathiesonNature2018",2018,"Ukraine_N","Dereivka I","Ukraine",48.91422,33.76493,6593,"4725-4542 calBCE (5795±35 BP, PSUAMS-1910)",5,"GG",2,0,0,"Other Europe",6500,true
"I5078","I5078","MathiesonNature2018",2018,"Croatia_MN_Sopot","Osijek, Hermanov Vinograd","Croatia",45.55101,18.746617,6571,"4699-4545 calBCE (5770±25 BP, PSUAMS-2615)",13,"GG",2,0,0,"Rhine-Danube",7600,true
"ANI159-ANI181","merge_ANI159_ANI181","MathiesonNature2018",2018,"Bulgaria_Varna_C","Varna","Bulgaria",43.2131,27.8644,6566,"4714-4506 calBCE (5766±36 BP, OxA 13848)",1,"G",1,0,0,"Mediterranean",8200,true
"ANI163","ANI163","MathiesonNature2018",2018,"Bulgaria_Varna_C_contam","Varna","Bulgaria",43.2131,27.8644,6561,"4713-4509 calBCE [union of two dates: 4713-4549 calBCE (5787±30 BP, OxA-13688); 4692-4509 calBCE (5755±24 BP, OxA-13688)]",2,"GA",2,1,0.5,"Mediterranean",8200,true
"I0634","I0634","MathiesonNature2018",2018,"Serbia_EN","Vojvodina, Hrtkovci, Gomolova","Serbia",44.9,19.75,6560,"4712-4502 calBCE (5760±40 BP, Poz-82185)",9,"GG",2,0,0,"Mediterranean",8200,true
"I3708","I3708","MathiesonNature2018",2018,"Greece_Peloponnese_N","Diros, Alepotrypa Cave","Greece",36.63833333,22.3825,6500,"5500-3600 BCE",4,"GG",2,0,0,"Mediterranean",8200,true
"I1131","I1131","MathiesonNature2018",2018,"Serbia_EN","Vojvodina, Hrtkovci, Gomolova","Serbia",44.9,19.75,6482,"4653-4452 calBCE (5700±30 BP, Beta-432798)",18,"GG",2,0,0,"Mediterranean",8200,true
"I2430","I2430","MathiesonNature2018",2018,"Bulgaria_C","Smyadovo","Bulgaria",43.05777778,26.98361111,6448,"4602-4403 calBCE (5670±30 BP, Beta-432806)",4,"GG",2,0,0,"Mediterranean",8200,true
"I7197","I7197","OlaldeNature2018",2018,"Czech_MN","Prague 5, Jinonice, Zahradnictví","Czech Republic",50.0504153,14.3667267,6438,"4549-4401 calBCE (5660±25 BP, PSUAMS-4344)",7,"GG",2,0,0,"Rhine-Danube",7600,true
"I2423","I2423","MathiesonNature2018",2018,"Bulgaria_C","Smyadovo","Bulgaria",43.05777778,26.98361111,6381,"4536-4354 calBCE (5610±40 BP, Poz-83493)",2,"GG",2,0,0,"Mediterranean",8200,true
"I4894","I4894","OlaldeNature2018",2018,"Czech_N","Prague 8, Kobylisy, Ke Stírce Street","Czech Republic",50.1217475,14.4569508,6371,"4494-4361 calBCE (5610±20 BP, PSUAMS-2851)",17,"GG",2,0,0,"Rhine-Danube",7600,true
"I2509","I2509","MathiesonNature2018",2018,"Bulgaria_C","Veliko Tarnovo, Dzhulyunitsa","Bulgaria",43.16089,25.88341,6350,"4449-4352 calBCE (5565±25 BP, PSUAMS-1812)",28,"GG",2,0,0,"Mediterranean",8200,true
"I4893","I4893","OlaldeNature2018",2018,"Czech_N","Prague 8, Kobylisy, Ke Stírce Street","Czech Republic",50.1217475,14.4569508,6345,"4446-4347 calBCE (5550±20 BP, PSUAMS-2850)",20,"GG",2,0,0,"Rhine-Danube",7600,true
"I2427","I2427","MathiesonNature2018",2018,"Bulgaria_C","Sushina","Bulgaria",43.05888889,26.76722222,6326,"4446-4331 calBCE (5520±30 BP, Beta-432805)",7,"GG",2,0,0,"Mediterranean",8200,true
"I2424","I2424","MathiesonNature2018",2018,"Bulgaria_C","Smyadovo","Bulgaria",43.05777778,26.98361111,6288,"4445-4253 calBCE (5490±40 BP, Poz-93494)",5,"GG",2,0,0,"Mediterranean",8200,true
"I2519","I2519","MathiesonNature2018",2018,"Bulgaria_C","Veliko Tarnovo, Dzhulyunitsa","Bulgaria",43.16089,25.88341,6237,"4341-4245 calBCE (5425±25 BP, PSUAMS-1813)",16,"GG",2,0,0,"Mediterranean",8200,true
"I4088","I4088","MathiesonNature2018",2018,"Romania_C_Bodrogkeresztur","Urziceni","Romania",47.7467,22.395,6191,"4332-4064 calBCE (5380±25 BP, PSUAMS-1832)",2,"GG",2,0,0,"Rhine-Danube",7600,true
"I4437","I4437","MathiesonNature2018",2018,"Latvia_MN","Zvejnieki","Latvia",56.2833,25.1333,6164,"4330-4057 calBCE (5370±30 BP, PSUAMS-2234)",9,"GG",2,0,0,"Baltic",5600,true
"I4436","I4436","MathiesonNature2018",2018,"Latvia_MN_o2","Zvejnieki","Latvia",56.2833,25.1333,6109,"4318-4051 calBCE (5335±30 BP, PSUAMS-2233)",5,"GG",2,0,0,"Baltic",5600,true
"I7042","I7042","OlaldeNature2018",2018,"Hungary_MN","Szigetszentmiklós-Üdülősor","Hungary",47.429954,19.051966,6086,"4239-4046 calBCE (5300±25 BP, PSUAMS-4035)",13,"GG",2,0,0,"Rhine-Danube",7600,true
"I4435","I4435","MathiesonNature2018",2018,"Latvia_MN_o3","Zvejnieki","Latvia",56.2833,25.1333,5972,"4214-3958 calBCE (5210±30 BP, PSUAMS-2232)",11,"GG",2,0,0,"Baltic",5600,true
"I1152","I1152","HarneyMayNatureCommunications2018",2018,"Israel_C","Upper Galilee, Pki'in","Israel",32.974167,35.331389,5950,"4500-3500 BCE",1,"G",1,0,0,"Outside Europe",6500,true
"I1155_published","I1155","HarneyMayNatureCommunications2018",2018,"Israel_C_published","Upper Galilee, Pki'in","Israel",32.974167,35.331389,5950,"4500-3500 BCE",1,"G",1,0,0,"Outside Europe",6500,true
"I1160","I1160","HarneyMayNatureCommunications2018",2018,"Israel_C","Upper Galilee, Pki'in","Israel",32.974167,35.331389,5950,"4500-3500 BCE",7,"GG",2,0,0,"Outside Europe",6500,true
"I1165","I1165","HarneyMayNatureCommunications2018",2018,"Israel_C","Upper Galilee, Pki'in","Israel",32.974167,35.331389,5950,"4500-3500 BCE",1,"G",1,0,0,"Outside Europe",6500,true
"I1168","I1168","HarneyMayNatureCommunications2018",2018,"Israel_C","Upper Galilee, Pki'in","Israel",32.974167,35.331389,5950,"4500-3500 BCE",4,"GG",2,0,0,"Outside Europe",6500,true
"I1169","I1169","HarneyMayNatureCommunications2018",2018,"Israel_C","Upper Galilee, Pki'in","Israel",32.974167,35.331389,5950,"4500-3500 BCE",27,"GG",2,0,0,"Outside Europe",6500,true
"I1170","I1170","HarneyMayNatureCommunications2018",2018,"Israel_C","Upper Galilee, Pki'in","Israel",32.974167,35.331389,5950,"4500-3500 BCE",1,"G",1,0,0,"Outside Europe",6500,true
"I1172","I1172","HarneyMayNatureCommunications2018",2018,"Israel_C","Upper Galilee, Pki'in","Israel",32.974167,35.331389,5950,"4500-3500 BCE",1,"G",1,0,0,"Outside Europe",6500,true
"I1178","I1178","HarneyMayNatureCommunications2018",2018,"Israel_C","Upper Galilee, Pki'in","Israel",32.974167,35.331389,5950,"4500-3500 BCE",12,"GG",2,0,0,"Outside Europe",6500,true
"I1182","I1182","HarneyMayNatureCommunications2018",2018,"Israel_C","Upper Galilee, Pki'in","Israel",32.974167,35.331389,5950,"4500-3500 BCE",3,"GG",2,0,0,"Outside Europe",6500,true
"I1184","I1184","HarneyMayNatureCommunications2018",2018,"Israel_C","Upper Galilee, Pki'in","Israel",32.974167,35.331389,5950,"4500-3500 BCE",2,"GG",2,0,0,"Outside Europe",6500,true
"I4554","I4554","MathiesonNature2018",2018,"Latvia_MN_o3","Zvejnieki","Latvia",56.2833,25.1333,5946,"4048-3951 calBCE (5180±30 BP, PSUAMS-2237)",7,"GG",2,0,0,"Baltic",5600,true
"I2318","I2318","MathiesonNature2018",2018,"Greece_Peloponnese_N","Argolid, Franchthi Cave","Greece",37.423333,23.132222,5935,"4049-3820 calBCE (5170±30 BP, Poz-81125)",1,"G",1,0,0,"Mediterranean",8200,true
"I3709","I3709","MathiesonNature2018",2018,"Greece_Peloponnese_N","Diros, Alepotrypa Cave","Greece",36.63833333,22.3825,5860,"4036-3804 calBCE (5130±30 BP, UCIAMS-186358)",9,"GG",2,0,0,"Mediterranean",8200,true
"Steigen.SG","Steigen","GuntherPLoSBiology2018",2018,"Norway_N_HG.SG","Steigen","Norway",67.81,14.681000000000001,5857,"4000-3814 calBCE",2,"GG",2,0,0,"Outside Europe",6500,true
"I2657","I2657","OlaldeNature2018",2018,"Scotland_N","Scotland, Macarthur Cave","Great Britain",56.42,-5.472,5814,"3955-3773 calBCE (5052±30 BP, SUERC-68701)",1,"G",1,0,0,"British Isles",6100,true
"I1926","I1926","MathiesonNature2018",2018,"Ukraine_Eneolithic_Trypillia_published","Verteba Cave","Ukraine",48.7225,25.880833,5757,"3982-3632 calBCE [union of two dates: 3763-3632 calBCE (4890±30 BP, Beta-432808); 3982-3653 calBCE (4985±30 BP, OxA-25991)]",1,"G",1,0,0,"Other Europe",6500,true
"I3920","I3920","MathiesonNature2018",2018,"Greece_Peloponnese_N","Diros, Alepotrypa Cave","Greece",36.63833333,22.3825,5734,"3938-3658 calBCE (5000±25 BP, UCIAMS-186359)",4,"GG",2,0,0,"Mediterranean",8200,true
"I6762","I6762","OlaldeNature2018",2018,"England_N","England, Gloucestershire, Chipping Norton, Upper Swell","Great Britain",51.56105,-1.445923,5700,"4000-3500 BCE",6,"GG",2,0,0,"British Isles",6100,true
"I2110","I2110","MathiesonNature2018",2018,"Ukraine_Eneolithic_Trypillia","Verteba Cave","Ukraine",48.7225,25.880833,5697,"3911-3650 calBCE (4976±33 BP, OxA-26203)",1,"G",1,0,0,"Other Europe",6500,true
"I6751","I6751","OlaldeNature2018",2018,"England_N","England, Wiltshire, Salisbury, Fussell's Lodge","Great Britain",51.091224,-1.72751,5650,"3800-3600 BCE",7,"GG",2,0,0,"British Isles",6100,true
"I6750","I6750","OlaldeNature2018",2018,"England_N","England, Wiltshire, Salisbury, Fussell's Lodge","Great Britain",51.091224,-1.72751,5650,"3800-3600 BCE",1,"G",1,0,0,"British Isles",6100,true
"I2633","I2633","OlaldeNature2018",2018,"Scotland_N","Scotland, Tulloch of Assery","Great Britain",58.53,-3.603,5639,"3768-3638 calBCE (4911±32 BP, SUERC-68634)",6,"GG",2,0,0,"British Isles",6100,true
"I2659","I2659","OlaldeNature2018",2018,"Scotland_N","Scotland, Distillery Cave","Great Britain",56.41,-5.471,5637,"3766-3640 calBCE (4914±27 BP, SUERC-68702)",6,"GG",2,0,0,"British Isles",6100,true
"I4089","I4089","MathiesonNature2018",2018,"Romania_C_Bodrogkeresztur","Urziceni","Romania",47.7467,22.395,5636,"3765-3640 calBCE (4915±25 BP, PSUAMS-1746)",11,"GG",2,0,0,"Rhine-Danube",7600,true
"DA342.SG","DA342","DamgaardScience2018",2018,"Russia_UstIda_LN.SG","Ust'-Ida","Russia",53.188889,103.368056,5617,"3793-3526 calBCE (4880±60 BP)",3,"GG",2,0,0,"Outside Europe",6500,true
"I3041","I3041","OlaldeNature2018",2018,"Scotland_N_mediumlowEEF","Scotland, Argyll and Bute, Oban, Raschoille Cave","Great Britain",56.414567,-5.469178,5600,"3942-3037 BCE",1,"G",1,0,0,"British Isles",6100,true
"I5370","I5370","OlaldeNature2018",2018,"Scotland_N","Scotland, Oban, Raschoille","Great Britain",56.414567,-5.469178,5600,"4000-3300 BCE",1,"G",1,0,0,"British Isles",6100,true
"I5371","I5371","OlaldeNature2018",2018,"Scotland_N","Scotland, Oban, Raschoille","Great Britain",56.414567,-5.469178,5600,"4000-3300 BCE",1,"G",1,0,0,"British Isles",6100,true
"I5359","I5359","OlaldeNature2018",2018,"Wales_N","Wales, Glamorgan, Tinkinswood","Great Britain",51.451447,-3.307873,5600,"4000-3300 BCE",1,"G",1,0,0,"British Isles",6100,true
"I6561","I6561","MathiesonNature2018",2018,"Ukraine_MBA","Alexandria","Ukraine",49.54067778,37.69799444,5600,"3900-3400 BCE",8,"GA",2,1,0.5,"Outside Europe",6500,true
"I2634","I2634","OlaldeNature2018",2018,"Scotland_N","Scotland, Tulach an t'Sionnach","Great Britain",58.54,-3.598,5567,"3707-3528 calBCE (4851±34 BP, SUERC-68638)",2,"GG",2,0,0,"British Isles",6100,true
"I3068","I3068","OlaldeNature2018",2018,"England_N","England, Derbyshire, Brassington, Carsington Pasture Cave","Great Britain",53.079803,-1.640942,5533,"3648-3528 calBCE (4820±34 BP, UBA-29003)",3,"GG",2,0,0,"British Isles",6100,true
"I6759","I6759","OlaldeNature2018",2018,"England_N","England, North Yorkshire, Kelco Cave, Giggleswick Scar","Great Britain",54.0744391,-2.2872841,5527,"3641-3526 calBCE (4801±31 BP)",7,"GG",2,0,0,"British Isles",6100,true
"I2635","I2635","OlaldeNature2018",2018,"Scotland_N","Scotland, Tulloch of Assery","Great Britain",58.53,-3.603,5523,"3647-3517 calBCE (4796±37 BP, SUERC-68639)",6,"GG",2,0,0,"British Isles",6100,true
"I5366","I5366","OlaldeNature2018",2018,"England_N","England, Sussex, Cissbury","Great Britain",50.860903,-0.399007,5516,"3641-3384 calBCE (4775±34 BP, OxA-34470)",3,"GG",2,0,0,"British Isles",6100,true
"DA355.SG","DA355","DamgaardScience2018",2018,"Russia_UstIda_LN.SG","Ust'-Ida","Russia",53.188889,103.368056,5469,"3644-3372 calBCE (4750±70 BP)",1,"G",1,0,0,"Outside Europe",6500,true
"I3134","I3134","OlaldeNature2018",2018,"Scotland_N","Scotland, Argyll and Bute, Oban, Raschoille Cave","Great Britain",56.4033333,-5.478056,5461,"3630-3377 calBCE (4730±25 BP, PSUAMS-2155)",13,"GG",2,0,0,"British Isles",6100,true
"DA345.SG","DA345","DamgaardScience2018",2018,"Russia_UstIda_LN.SG","Ust'-Ida","Russia",53.188889,103.368056,5454,"3637-3371 calBCE (4730±70 BP)",1,"G",1,0,0,"Outside Europe",6500,true
"I4308","I4308","OlaldeNature2018",2018,"France_MN_1","Collet Redon","France",43.34,5.06,5450,"3600-3400 BCE",1,"G",1,0,0,"Mediterranean",8200,true
"I4110","I4110","MathiesonNature2018",2018,"Ukraine_Eneolithic","Dereivka I","Ukraine",48.91422,33.76493,5448,"3629-3377 calBCE (4725±25 BP, UCIAMS-186349)",3,"GG",2,0,0,"Other Europe",6500,true
"BOT2016.SG","BOT2016","DamgaardScience2018",2018,"Kazakhstan_Botai_Eneolithic.SG","Botai","Kazakhstan",53.305983,67.648166,5448,"3627-3368 calBCE [union of two dates: 3516-3368 calBCE (4660±25 BP); 3627-3369 calBCE (4695±50 BP, UBA-32666)]",18,"GG",2,0,0,"Outside Europe",6500,true
"I3133","I3133","OlaldeNature2018",2018,"Scotland_N","Scotland, Argyll and Bute, Oban, Raschoille Cave","Great Britain",56.4033333,-5.478056,5446,"3627-3377 calBCE (4725±20 BP, PSUAMS-2154)",15,"GG",2,0,0,"British Isles",6100,true
"I5079","I5079","MathiesonNature2018",2018,"Croatia_N_Starcevo","Radovanci","Croatia",45.488514,17.641285,5421,"3651-3110 calBCE (4700±90 BP, Beta-187421)",13,"GG",2,0,0,"Rhine-Danube",7600,true
"I7272","I7272","OlaldeNature2018",2018,"Czech_Eneolithic","Brandýsek","Czech Republic",50.19,14.158,5417,"3624-3376 calBCE (4715±20 BP, PSUAMS-4239)",9,"GG",2,0,0,"Rhine-Danube",7600,true
"I2636","I2636","OlaldeNature2018",2018,"Scotland_N","Scotland, Orkney, Holm of Papa Westray North","Great Britain",59.35,-2.873,5397,"3516-3365 calBCE (4651±33 BP, SUERC-68640)",18,"GG",2,0,0,"British Isles",6100,true
"I2660","I2660","OlaldeNature2018",2018,"Scotland_N_mediumlowEEF","Scotland, Distillery Cave","Great Britain",56.41,-5.471,5394,"3515-3357 calBCE (4631±29 BP, SUERC-68703)",11,"GG",2,0,0,"British Isles",6100,true
"I2650","I2650","OlaldeNature2018",2018,"Scotland_N","Scotland, Orkney, Holm of Papa Westray North","Great Britain",59.35,-2.873,5380,"3500-3360 calBCE (4754±36 BP, SUERC-68642)",2,"GG",2,0,0,"British Isles",6100,true
"I2637","I2637","OlaldeNature2018",2018,"Scotland_N","Scotland, Orkney, Holm of Papa Westray North","Great Britain",59.35,-2.873,5375,"3510-3340 calBCE (4697±33 BP, SUERC-68641)",11,"GG",2,0,0,"British Isles",6100,true
"BOT14.SG","BOT14","DamgaardScience2018",2018,"Kazakhstan_Botai_Eneolithic.SG","Botai","Kazakhstan",53.305983,67.648166,5314,"3628-3099 calBCE [union of two dates: 3519-3104 calBCE (4598±46 BP, UBA-32662); 3628-3099 calBCE (4620±80 BP, OxA-4316)]",4,"GG",2,0,0,"Outside Europe",6500,true
"I2605","I2605","OlaldeNature2018",2018,"England_N","England, Eton Rowing Course","Great Britain",51.49275,-0.665402,5233,"3628-2938 calBCE [union of two dates: 3628-3373 calBCE (4710±35 BP, Poz-83483); 3370-2938 calBCE (4500±60 BP, BM-3173)]",1,"G",1,0,0,"British Isles",6100,true
"I7554","I7554","OlaldeNature2018",2018,"Scotland_N","Scotland, Orkney, Unstan Chamber Tomb","Great Britain",58.9863,-3.249,5182,"3368-3102 calBCE (4541±32 BP, SUERC-73433 )",18,"GG",2,0,0,"British Isles",6100,true
"I0519","I0519","OlaldeNature2018",2018,"England_N","England, Northampton, Banbury Lane","Great Britain",52.21725278,-0.940216667,5180,"3360-3100 BCE",1,"G",1,0,0,"British Isles",6100,true
"DA381_final.SG","DA381","DamgaardScience2018",2018,"Turkmenistan_C_Namazga.SG","Geoksyur","Turkmenistan",37.455728,60.74589,5174,"3367-3098 calBCE (4530±40 BP, UBA-33660)",1,"G",1,0,0,"Outside Europe",6500,true
"I2980","I2980","OlaldeNature2018",2018,"Scotland_N","Scotland, Orkney, Point of Cott","Great Britain",59.3101,-2.940715,5173,"3364-3101 calBCE (4530±33 BP, SUERC-69073)",19,"GG",2,0,0,"British Isles",6100,true
"DA380_final.SG","DA380","DamgaardScience2018",2018,"Turkmenistan_C_Namazga.SG","Kara-Depe","Turkmenistan",37.60098,59.328411,5173,"3366-3098 calBCE (4528±40 BP, UBA-33659)",1,"G",1,0,0,"Outside Europe",6500,true
"I2651","I2651","OlaldeNature2018",2018,"Scotland_N","Scotland, Orkney, Holm of Papa Westray North","Great Britain",59.35,-2.873,5160,"3330-3090 calBCE (4525±36 BP, SUERC-68643)",4,"GG",2,0,0,"British Isles",6100,true
"I2520","I2520","MathiesonNature2018",2018,"Bulgaria_EBA","Veliko Tarnovo, Dzhulyunitsa","Bulgaria",43.16089,25.88341,5153,"3336-3029 calBCE (4470±25 BP, PSUAMS-1814)",21,"GG",2,0,0,"Mediterranean",8200,true
"I3085","I3085","OlaldeNature2018",2018,"Scotland_N","Scotland, Orkney, Isbister","Great Britain",58.74,-2.916,5149,"3340-3027 calBCE (4471±29 BP, SUERC-68724)",8,"GG",2,0,0,"British Isles",6100,true
"I2176_published","I2176","MathiesonNature2018",2018,"Bulgaria_EBA_published_contam","Smyadovo","Bulgaria",43.05777778,26.98361111,5146,"3340-3026 calBCE (4470±30 BP, Ly-5516)",3,"GG",2,0,0,"Mediterranean",8200,true
"I2978","I2978","OlaldeNature2018",2018,"Scotland_N","Scotland, Orkney, Isbister","Great Britain",58.74,-2.916,5140,"3336-3024 calBCE (4464±29 BP, SUERC-68725)",12,"GG",2,0,0,"British Isles",6100,true
"I2934","I2934","OlaldeNature2018",2018,"Scotland_N","Scotland, Orkney, Isbister","Great Britain",58.74,-2.916,5138,"3340-3023 calBCE (4466±33 BP, SUERC-69071)",15,"GG",2,0,0,"British Isles",6100,true
"I2405_published","I2405","MathiesonNature2018",2018,"Poland_Globular_Amphora_published","Kierzkowo","Poland",52.85,17.88333333,5132,"3337-3021 calBCE (4460±30 BP, Beta-430713)",1,"G",1,0,0,"Rhine-Danube",7600,true
"I2935","I2935","OlaldeNature2018",2018,"Scotland_N","Scotland, Orkney, Isbister","Great Britain",58.74,-2.916,5115,"3336-2939 calBCE (4451±29 BP, SUERC-68723)",15,"GG",2,0,0,"British Isles",6100,true
"I2979","I2979","OlaldeNature2018",2018,"Scotland_N","Scotland, Orkney, Isbister","Great Britain",58.74,-2.916,5104,"3334-2935 calBCE (4447±29 BP, SUERC-68726)",18,"GG",2,0,0,"British Isles",6100,true
"I5118","I5118","OlaldeNature2018",2018,"Hungary_LateC_EBA_Baden_Yamnaya","Mezőcsát-Hörcsögös","Hungary",47.809892,20.889267,5100,"3300-3000 BCE",1,"G",1,0,0,"Rhine-Danube",7600,true
"I2175","I2175","MathiesonNature2018",2018,"Bulgaria_EBA","Smyadovo","Bulgaria",43.05777778,26.98361111,5097,"3335-2932 calBCE (4445±35 BP, Ly-5515)",2,"GG",2,0,0,"Mediterranean",8200,true
"I5119","I5119","OlaldeNature2018",2018,"Hungary_LateC_EBA_Baden_Yamnaya","Mezőcsát-Hörcsögös","Hungary",47.809892,20.889267,5097,"3330-3013 calBCE (4445±20 BP, PSUAMS-4034)",7,"GG",2,0,0,"Rhine-Danube",7600,true
"I2606","I2606","OlaldeNature2018",2018,"England_N","England, Eton Rowing Course","Great Britain",51.49275,-0.665402,5065,"3330-2900 BCE",3,"GG",2,0,0,"British Isles",6100,true
"I2441","I2441","MathiesonNature2018",2018,"Poland_Globular_Amphora","Kierzkowo","Poland",52.85,17.88333333,5050,"3400-2800 BCE",3,"GG",2,0,0,"Rhine-Danube",7600,true
"I5882","I5882","MathiesonNature2018",2018,"Ukraine_Eneolithic","Dereivka I","Ukraine",48.91422,33.76493,5005,"3308-2925 calBCE (4420±20 BP, PSUAMS-2826)",2,"GG",2,0,0,"Other Europe",6500,true
"I3138","I3138","OlaldeNature2018",2018,"Scotland_N","Scotland, Argyll and Bute, Oban, Raschoille Cave","Great Britain",56.4033333,-5.478056,4998,"3312-2920 calBCE (4415±25 BP, PSUAMS-2156)",12,"GG",2,0,0,"British Isles",6100,true
"I2631","I2631","OlaldeNature2018",2018,"Scotland_N","Scotland, Orkney, Quoyness","Great Britain",59.23,-2.568,4957,"3263-2905 calBCE (4384±36 BP, SUERC-68633)",5,"GG",2,0,0,"British Isles",6100,true
"I1917","I1917","MathiesonNature2018",2018,"Ukraine_Ozera_EBA_Yamnaya","Ozera, OAE-99","Ukraine",48.991214,33.950515,4955,"3096-2913 calBCE (4390±30 BP, Beta-432809)",4,"GG",2,0,0,"Other Europe",6500,true
"I2433","I2433","MathiesonNature2018",2018,"Poland_Globular_Amphora","Kierzkowo","Poland",52.85,17.88333333,4950,"3100-2900 BCE",4,"GG",2,0,0,"Rhine-Danube",7600,true
"I2440","I2440","MathiesonNature2018",2018,"Poland_Globular_Amphora","Kierzkowo","Poland",52.85,17.88333333,4950,"3100-2900 BCE",1,"G",1,0,0,"Rhine-Danube",7600,true
"I5358","I5358","OlaldeNature2018",2018,"Wales_N","Wales, Denbighshire, Rhos Ddigre","Great Britain",53.058706,-3.245086,4918,"3076-2902 calBCE (4354±27 BP, OxA-17562)",1,"G",1,0,0,"British Isles",6100,true
"I2165","I2165","MathiesonNature2018",2018,"Bulgaria_EBA_o2","Merichleri, Kairyaka necropolis","Bulgaria",42.132897,25.496288,4910,"3072-2895 calBCE (4340±30 BP, Beta-432797)",21,"GG",2,0,0,"Mediterranean",8200,true
"Bul4","Bul4","MathiesonNature2018",2018,"Bulgaria_EBA_Yamnaya_o","Nova Zagora, Mednikarovo","Bulgaria",42.4296241,25.8983541,4895,"3011-2898 calBCE (4333±20 BP, MAMS-26834)",2,"GG",2,0,0,"Mediterranean",8200,true
"Damgaard2018Yamnaya.SG","Yamnaya","DamgaardScience2018",2018,"Kazakhstan_EBA_Yamnaya.SG","Karagash","Kazakhstan",49.134217,75.851817,4890,"3016-2885 calBCE (4315±34 BP, UBA-32667)",33,"GG",2,0,0,"Outside Europe",6500,true
"I2105","I2105","MathiesonNature2018",2018,"Ukraine_EBA_Yamnaya","Shevchenko, OAE-2003","Ukraine",48.220364,37.146114,4850,"3300-2500 BCE",17,"GG",2,0,0,"Outside Europe",6500,true
"I2977","I2977","OlaldeNature2018",2018,"Scotland_N","Scotland, Orkney, Isbister","Great Britain",58.74,-2.916,4843,"3010-2708 calBCE (4275±33 BP, SUERC-69072)",19,"GG",2,0,0,"British Isles",6100,true
"DA343.SG","DA343","DamgaardNature2018",2018,"Russia_UstIda_EBA.SG","Ust'-Ida","Russia",53.188889,103.368056,4819,"3083-2638 calBCE (4270±60 BP)",1,"G",1,0,0,"Outside Europe",6500,true
"I2510","I2510","MathiesonNature2018",2018,"Bulgaria_EBA_o1","Veliko Tarnovo, Dzhulyunitsa","Bulgaria",43.16089,25.88341,4794,"2907-2704 calBCE (4235±25 BP, PSUAMS-1815)",19,"GG",2,0,0,"Mediterranean",8200,true
"ILK003","ILK003","MathiesonNature2018",2018,"Ukraine_Globular_Amphora","Ilatka","Ukraine",49.55777778,27.68861111,4781,"2901-2703 calBCE (4225±22 BP, MAMS-30074)",25,"GG",2,0,0,"Other Europe",6500,true
"ILK001","ILK001","MathiesonNature2018",2018,"Ukraine_Globular_Amphora","Ilatka","Ukraine",49.55777778,27.68861111,4773,"2900-2701 calBCE (4221±22 BP, MAMS-30072)",43,"GG",2,0,0,"Other Europe",6500,true
"I5884_published","I5884","MathiesonNature2018",2018,"Ukraine_EBA_published","Dereivka I","Ukraine",48.91422,33.76493,4735,"2886-2680 BCE (4189±17 BP) [R_combine: (4195±20 BP, PSUAMS-2828); (4175±30 BP, PSUAMS-7830)]",3,"GG",2,0,0,"Other Europe",6500,true
"ILK002","ILK002","MathiesonNature2018",2018,"Ukraine_EBA_GlobularAmphora","Ilatka","Ukraine",49.55777778,27.68861111,4734,"2889-2675 calBCE (4192±22 BP, MAMS-30073)",38,"GG",2,0,0,"Other Europe",6500,true
"I3499","I3499","MathiesonNature2018",2018,"Croatia_LateC_EBA_Vucedol","Beli Manastir-Popova zemlja","Croatia",45.338767,18.698861,4718,"2885-2635 calBCE (4176±28 BP, BRAMS-1304)",2,"GG",2,0,0,"Rhine-Danube",7600,true
"MA2210_final.SG","MA2210","DamgaardScience2018",2018,"Turkey_EBA.SG","Ovaören","Turkey",38.629306,34.297718,4700,"3000-2500 BCE",1,"G",1,0,0,"Other Europe",6500,true
"MA2212_final.SG","MA2212","DamgaardScience2018",2018,"Turkey_EBA.SG","Ovaören","Turkey",38.629306,34.297718,4700,"3000-2500 BCE",4,"GG",2,0,0,"Other Europe",6500,true
"MA2213_final.SG","MA2213","DamgaardScience2018",2018,"Turkey_EBA.SG","Ovaören","Turkey",38.629306,34.297718,4700,"3000-2500 BCE",2,"GG",2,0,0,"Other Europe",6500,true
"I2792","I2792","MathiesonNature2018",2018,"Croatia_Vucedol","Vučedol Tell","Croatia",45.335618,19.060547,4676,"2872-2580 calBCE (4130±35 BP, Poz-90126)",1,"G",1,0,0,"Rhine-Danube",7600,true
"I6601","I6601","OlaldeNature2018",2018,"Portugal_C","Estremadura, Bolores","Portugal",39.09,-9.29,4650,"2800-2600 BCE",2,"GG",2,0,0,"Mediterranean",8200,true
"I6617","I6617","OlaldeNature2018",2018,"Spain_C","Madrid, Humanejos","Spain",40.22,-3.76,4550,"2900-2300 BCE",1,"G",1,0,0,"Mediterranean",8200,true
"I0826","I0826","OlaldeNature2018",2018,"Spain_C","Barcelona, Cerdanyola, Paris Street","Spain",41.49194444,2.138888889,4522,"2835-2473 calBCE (4051±28 BP, MAMS-25940)",1,"G",1,0,0,"Mediterranean",8200,true
"I1392","I1392","OlaldeNature2018",2018,"France_BellBeaker_NoSteppe","Haut-Rhin, Hégenheim Necropole","France",47.56,7.52,4516,"2835-2472 calBCE (4047±29 BP, MAMS-25935)",3,"GG",2,0,0,"Rhine-Danube",7600,true
"I0263","I0263","OlaldeNature2018",2018,"Spain_C","Barcelona, Cerdanyola, Paris Street","Spain",41.49194444,2.138888889,4500,"2850-2250 BCE",1,"G",1,0,0,"Mediterranean",8200,true
"I0823","I0823","OlaldeNature2018",2018,"Spain_C","Barcelona, Cerdanyola, Paris Street","Spain",41.49194444,2.138888889,4500,"2850-2250 BCE",1,"G",1,0,0,"Mediterranean",8200,true
"EBA2.SG","EBA2","DamgaardScience2018",2018,"Kazakhstan_Central_Steppe_EMBA.SG","Sjolpan 4","Kazakhstan",52.629778,76.727647,4480,"2622-2465 calBCE (4013±33 BP, UBA-32664)",10,"GG",2,0,0,"Outside Europe",6500,true
"I2630","I2630","OlaldeNature2018",2018,"Scotland_N","Scotland, Orkney, Isbister","Great Britain",58.74,-2.916,4471,"2618-2461 calBCE (3999±32 BP, SUERC-68632)",13,"GG",2,0,0,"British Isles",6100,true
"Bul6","Bul6","MathiesonNature2018",2018,"Bulgaria_BeliBreyag_EBA","Nova Zagora, Beli Breyag","Bulgaria",42.429624,25.898354,4450,"3400-1600 BCE",2,"GG",2,0,0,"Mediterranean",8200,true
"I2932","I2932","OlaldeNature2018",2018,"Scotland_N","Scotland, Orkney, Isbister","Great Britain",58.74,-2.916,4433,"2572-2348 calBCE (3962±29 BP, SUERC-68721)",15,"GG",2,0,0,"British Isles",6100,true
"I5748","I5748","OlaldeNature2018",2018,"Netherlands_BellBeaker","Noord-Holland, Oostwoud, De Tuithoorn","Netherlands",52.733563,5.096183,4383,"2579-2211 calBCE (3945±55 BP, GrN-6650C)",5,"GG",2,0,0,"Rhine-Danube",7600,true
"I0459","I0459","OlaldeNature2018",2018,"Spain_C","Burgos, Arroyal I","Spain",42.4,-3.75,4350,"2600-2200 BCE",3,"GT",2,1,0.5,"Mediterranean",8200,true
"I5379","I5379","OlaldeNature2018",2018,"England_BellBeaker_mediumEEF","England, Dorset, Sixpenny Handley, Canada Farm","Great Britain",50.919204,-2.015441,4333,"2468-2294 calBCE (3900±30 BP, SUERC-32210)",7,"GG",2,0,0,"British Isles",6100,true
"I7278","I7278","OlaldeNature2018",2018,"Czech_BellBeaker","Brandýsek","Czech Republic",50.19,14.158,4333,"2462-2298 calBCE (3890±20 BP, PSUAMS-4349)",8,"GG",2,0,0,"Rhine-Danube",7600,true
"DA337.SG","DA337","DamgaardScience2018",2018,"Russia_Shamanka_EBA.SG","Shamanka II","Russia",51.698333,103.703056,4328,"2461-2295 calBCE (3886±21 BP)",1,"G",1,0,0,"Outside Europe",6500,true
"I5367","I5367","OlaldeNature2018",2018,"Scotland_BellBeaker","Scotland, Coll, Sorisdale","Great Britain",56.680948,-6.45982,4312,"2466-2209 calBCE (3879±32 BP, OxA-14722)",10,"GA",2,1,0.5,"British Isles",6100,true
"UNTA58_68Sk1","UNTA58_68Sk1","MittnikScience2019 (higher coverage version of E09538, first published in OlaldeNature2018)",2018,"Germany_Lech_BellBeaker","Haunstetten-Unterer Talweg 58–62","Germany",48.31611,10.892,4302,"2462-2209 calBCE (3870±30 BP, MAMS-29075)",4,"GG",2,0,0,"Rhine-Danube",7600,true
"I4247","I4247","OlaldeNature2018",2018,"Spain_C","Madrid, San Fernando de Henares, Camino de las Yeseras","Spain",40.426,-3.535,4302,"2462-2209 calBCE (3870±30 BP, PSUAMS-2120)",1,"G",1,0,0,"Mediterranean",8200,true
"I3529","I3529","OlaldeNature2018",2018,"Hungary_EBA_BellBeaker","Budakalász, Csajerszke, M0 Site 12","Hungary",47.62094,19.04494,4300,"2500-2200 BCE",3,"GG",2,0,0,"Rhine-Danube",7600,true
"I4178","I4178","OlaldeNature2018",2018,"Hungary_EBA_BellBeaker","Szigetszentmiklós, Felső-Ürge-hegyi-dűlő","Hungary",47.383224,19.020252,4300,"2500-2200 BCE",1,"G",1,0,0,"Rhine-Danube",7600,true
"I7040","I7040","OlaldeNature2018",2018,"Hungary_EBA_Protonagyrev","Szigetszentmiklós-Üdülősor","Hungary",47.429954,19.051966,4300,"2900-1800 BCE",1,"G",1,0,0,"Rhine-Danube",7600,true
"I7044","I7044","OlaldeNature2018",2018,"Hungary_EBA_BellBeaker","Szigetszentmiklós-Üdülősor","Hungary",47.429954,19.051966,4300,"2900-1800 BCE",10,"GG",2,0,0,"Rhine-Danube",7600,true
"RISE667.SG","RISE667","DamgaardScience2018",2018,"Russia_BA_Okunevo.SG","Verkhni Askiz","Russia",53.156486,90.207811,4300,"2900-1800 BCE",1,"G",1,0,0,"Outside Europe",6500,true
"RISE671.SG","RISE671","DamgaardScience2018",2018,"Russia_BA_Okunevo.SG","Verkhni Askiz","Russia",53.156486,90.207811,4300,"2900-1800 BCE",1,"G",1,0,0,"Outside Europe",6500,true
"RISE672.SG","RISE672","DamgaardScience2018",2018,"Russia_BA_Okunevo.SG","Verkhni Askiz","Russia",53.156486,90.207811,4300,"2900-1800 BCE",2,"GG",2,0,0,"Outside Europe",6500,true
"RISE680.SG","RISE680","DamgaardScience2018",2018,"Russia_BA_Okunevo.SG","Khakassia, Ust'-Abakan, Uybat V","Russia",53.708561,90.359808,4300,"2900-1800 BCE",1,"G",1,0,0,"Outside Europe",6500,true
"RISE681.SG","RISE681","DamgaardScience2018",2018,"Russia_BA_Okunevo.SG","Khakassia, Ust'-Abakan, Uybat V","Russia",53.708561,90.359808,4300,"2900-1800 BCE",1,"G",1,0,0,"Outside Europe",6500,true
"RISE685.SG","RISE685","DamgaardScience2018",2018,"Russia_BA_Okunevo.SG","Khakassia, Ust'-Abakan, Uybat V","Russia",53.708561,90.359808,4300,"2900-1800 BCE",2,"GG",2,0,0,"Outside Europe",6500,true
"RISE719.SG","RISE719","DamgaardScience2018",2018,"Russia_BA_Okunevo.SG","Sayan Mountain, Minusinskaya Intermountain Basin, Syda 5","Russia",54.371767,91.506856,4300,"2900-1800 BCE",3,"GG",2,0,0,"Outside Europe",6500,true
"I2365","I2365","OlaldeNature2018",2018,"Hungary_EBA_BellBeaker","Budapest-Békásmegyer","Hungary",47.59916,19.05456,4299,"2459-2209 calBCE (3865±22 BP) [R_combine: (3858±32 BP, DeA-6762); (3871±29 BP, DeA-7220)]",4,"GG",2,0,0,"Rhine-Danube",7600,true
"HUGO_180Sk1_d","HUGO_180Sk1","MittnikScience2019 (higher coverage version of E09568, first published in OlaldeNature2018)",2018,"Germany_Lech_BellBeaker","Augsburg-Hugo-Eckener-Straße","Germany",48.32852,10.89819,4289,"2457-2209 calBCE (3860±25 BP, MAMS-18918)",1,"G",1,0,0,"Rhine-Danube",7600,true
"I2786","I2786","OlaldeNature2018",2018,"Hungary_EBA_BellBeaker","Szigetszentmiklós, Felső Ürge-hegyi dűlő","Hungary",47.383224,19.020252,4270,"2457-2204 calBCE (3850±35 BP, Poz-83639)",7,"GA",2,1,0.5,"Rhine-Danube",7600,true
"I1381","I1381","OlaldeNature2018",2018,"France_BellBeaker","Moselle, Mondelange, PAC de la Sente","France",49.153,6.102,4250,"2500-2100 BCE",2,"GG",2,0,0,"Rhine-Danube",7600,true
"I2417","I2417","OlaldeNature2018",2018,"England_BellBeaker_lowEEF","England, Wiltshire, Amesbury Down","Great Britain",51.16,-1.77,4250,"2500-2100 BCE",7,"GG",2,0,0,"British Isles",6100,true
"I4950","I4950","OlaldeNature2018",2018,"England_BellBeaker","England, Wiltshire, Upavon, RFC Central Flying School","Great Britain",51.289876,-1.807234,4250,"2800-1800 BCE",1,"G",1,0,0,"British Isles",6100,true
"I5512","I5512","OlaldeNature2018",2018,"England_BellBeaker","England, Wiltshire, Netheravon, Flying School","Great Britain",51.24,-1.76,4250,"2800-1800 BCE",22,"GG",2,0,0,"British Isles",6100,true
"I5513","I5513","OlaldeNature2018",2018,"England_BellBeaker","England, North Ablington, Figheldean","Great Britain",51.22,-1.77,4250,"2800-1800 BCE",14,"GG",2,0,0,"British Isles",6100,true
"I5520","I5520","OlaldeNature2018",2018,"Germany_BellBeaker","Augsburg","Germany",48.33,10.895,4250,"2800-1800 BCE",2,"GG",2,0,0,"Rhine-Danube",7600,true
"I5521","I5521","OlaldeNature2018",2018,"Germany_BellBeaker","Augsburg","Germany",48.33,10.895,4250,"2800-1800 BCE",1,"G",1,0,0,"Rhine-Danube",7600,true
"I5523","I5523","OlaldeNature2018",2018,"Germany_BellBeaker","Landau, DGF-Lan","Germany",48.663000000000004,12.707,4250,"2800-1800 BCE",4,"GG",2,0,0,"Rhine-Danube",7600,true
"I5525","I5525","OlaldeNature2018",2018,"Germany_BellBeaker","Landau, DGF-Lan","Germany",48.663000000000004,12.707,4250,"2800-1800 BCE",8,"GG",2,0,0,"Rhine-Danube",7600,true
"I5529","I5529","OlaldeNature2018",2018,"Germany_BellBeaker","Osterhofen-Altenmarkt","Germany",48.691,13.016,4250,"2800-1800 BCE",4,"GG",2,0,0,"Rhine-Danube",7600,true
"I5531","I5531","OlaldeNature2018",2018,"Germany_BellBeaker","Weichering","Germany",48.705913,11.325375,4250,"2800-1800 BCE",3,"AA",2,2,1,"Rhine-Danube",7600,true
"I5836","I5836","OlaldeNature2018",2018,"Germany_BellBeaker","Worms-Herrnsheim","Germany",49.652887,8.327682,4250,"2800-1800 BCE",1,"G",1,0,0,"Rhine-Danube",7600,true
"I7195","I7195","OlaldeNature2018",2018,"Czech_EBA","Prague 5, Jinonice, Zahradnictví","Czech Republic",50.0504153,14.3667267,4250,"2800-1800 BCE",4,"GG",2,0,0,"Rhine-Danube",7600,true
"I7196","I7196","OlaldeNature2018",2018,"Czech_EBA","Prague 5, Jinonice, Zahradnictví","Czech Republic",50.0504153,14.3667267,4250,"2800-1800 BCE",7,"GA",2,1,0.5,"Rhine-Danube",7600,true
"I7200","I7200","OlaldeNature2018",2018,"Czech_EBA","Prague 5, Jinonice, Zahradnictví","Czech Republic",50.0504153,14.3667267,4250,"2800-1800 BCE",14,"GG",2,0,0,"Rhine-Danube",7600,true
"I7201","I7201","OlaldeNature2018",2018,"Czech_EBA","Prague 5, Jinonice, Zahradnictví","Czech Republic",50.0504153,14.3667267,4250,"2800-1800 BCE",4,"GA",2,1,0.5,"Rhine-Danube",7600,true
"I7202","I7202","OlaldeNature2018",2018,"Czech_EBA","Prague 5, Jinonice, Zahradnictví","Czech Republic",50.0504153,14.3667267,4250,"2800-1800 BCE",5,"GA",2,1,0.5,"Rhine-Danube",7600,true
"I7203","I7203","OlaldeNature2018",2018,"Czech_EBA","Prague 5, Jinonice, Zahradnictví","Czech Republic",50.0504153,14.3667267,4250,"2800-1800 BCE",1,"G",1,0,0,"Rhine-Danube",7600,true
"I2450","I2450","OlaldeNature2018",2018,"England_BellBeaker","England, Oxfordshire, Abington, Spring Road cemetery","Great Britain",51.68,-1.297,4248,"2455-2200 calBCE (3838±30 BP) [R_combine: (3850±21 BP); (3841±40 BP, NZA-15865); (3834±45 BP, NZA-15866)]",24,"GG",2,0,0,"British Isles",6100,true
"I7212","I7212","OlaldeNature2018",2018,"Czech_BellBeaker","Radosevice","Czech Republic",50.410265,14.074597,4247,"2454-2201 calBCE (3840±25 BP, PSUAMS-4346)",13,"GG",2,0,0,"Rhine-Danube",7600,true
"I2741","I2741","OlaldeNature2018",2018,"Hungary_EBA_BellBeaker","Szigetszentmiklós, Felső-Ürge-hegyi-dűlő","Hungary",47.383224,19.020252,4245,"2456-2150 calBCE (3835±35 BP, Poz-83641)",10,"GG",2,0,0,"Rhine-Danube",7600,true
"I0461","I0461","OlaldeNature2018",2018,"Spain_C_oSteppe","Burgos, Arroyal I","Spain",42.4,-3.75,4241,"2453-2201 calBCE (3837±25 BP, MAMS-14857)",2,"GG",2,0,0,"Mediterranean",8200,true
"RISE684.SG","RISE684","DamgaardScience2018",2018,"Russia_BA_Okunevo.SG","Khakassia, Ust'-Abakan, Uybat V","Russia",53.708561,90.359808,4239,"2463-2140 calBCE (3830±55 BP, UBA-31598)",1,"A",1,1,1,"Outside Europe",6500,true
"I2418","I2418","OlaldeNature2018",2018,"England_BellBeaker","England, Wiltshire, Amesbury Down","Great Britain",51.16,-1.77,4237,"2452-2200 calBCE (3835±25 BP, NZA-32788)",5,"GG",2,0,0,"British Isles",6100,true
"I6534","I6534","OlaldeNature2018",2018,"Poland_BellBeaker","Kornice","Poland",50.09,18.1,4237,"2455-2147 calBCE (3830±35 BP, Poz-75936)",1,"G",1,0,0,"Rhine-Danube",7600,true
"I7045","I7045","OlaldeNature2018",2018,"Hungary_EBA_BellBeaker","Szigetszentmiklós-Üdülősor","Hungary",47.429954,19.051966,4231,"2440-2201 calBCE (3835±20 BP, PSUAMS-4040)",12,"GG",2,0,0,"Rhine-Danube",7600,true
"I7213","I7213","OlaldeNature2018",2018,"Czech_BellBeaker","Radosevice","Czech Republic",50.410265,14.074597,4231,"2440-2201 calBCE (3835±20 BP, PSUAMS-4347)",13,"GG",2,0,0,"Rhine-Danube",7600,true
"I5385","I5385","OlaldeNature2018",2018,"Scotland_BellBeaker","Scotland, Wick, Achavanich","Great Britain",58.364762,-3.403508,4230,"2454-2146 calBCE (3827±33 BP, SUERC-71005)",1,"G",1,0,0,"British Isles",6100,true
"I7286","I7286","OlaldeNature2018",2018,"Czech_BellBeaker","Radosevice","Czech Republic",50.410265,14.074597,4221,"2403-2199 calBCE (3830±20 BP, PSUAMS-4352)",17,"GG",2,0,0,"Rhine-Danube",7600,true
"I2364","I2364","OlaldeNature2018",2018,"Hungary_EBA_BellBeaker","Budapest-Békásmegyer","Hungary",47.59916,19.05456,4220,"2403-2153 calBCE (3829±21 BP) [R_combine: (3779±28 BP, DeA-6748); (3883±29 BP, DeA-7215)]",2,"GG",2,0,0,"Rhine-Danube",7600,true
"UNTA85_1343","UNTA85_1343","MittnikScience2019 (higher coverage version of E09569, first published in OlaldeNature2018)",2018,"Germany_Lech_BellBeaker","Haunstetten-Unterer Talweg 85 I, northern group","Germany",48.31966,10.89153,4208,"2401-2146 calBCE (3819±24 BP, MAMS-18949)",5,"GG",2,0,0,"Rhine-Danube",7600,true
"I5014","I5014","OlaldeNature2018",2018,"Germany_BellBeaker","Manching-Oberstimm","Germany",48.711,11.453,4200,"2500-2000 BCE",1,"G",1,0,0,"Rhine-Danube",7600,true
"I5519","I5519","OlaldeNature2018",2018,"Germany_BellBeaker","Augsburg","Germany",48.33,10.895,4200,"2500-2000 BCE",3,"GG",2,0,0,"Rhine-Danube",7600,true
"I5833","I5833","OlaldeNature2018",2018,"Germany_BellBeaker","Irlbach LKR","Germany",48.841,12.75,4200,"2500-2000 BCE",6,"GG",2,0,0,"Rhine-Danube",7600,true
"I5834","I5834","OlaldeNature2018",2018,"Germany_BellBeaker","Irlbach LKR","Germany",48.841,12.75,4200,"2500-2000 BCE",5,"GG",2,0,0,"Rhine-Danube",7600,true
"I6539","I6539","OlaldeNature2018",2018,"Spain_C_oSteppe","Madrid, Humanejos","Spain",40.22,-3.76,4200,"2500-2000 BCE",2,"GG",2,0,0,"Mediterranean",8200,true
"I6588","I6588","OlaldeNature2018",2018,"Spain_C_oSteppe","Madrid, Humanejos","Spain",40.22,-3.76,4200,"2500-2000 BCE",1,"G",1,0,0,"Mediterranean",8200,true
"I6590","I6590","OlaldeNature2018",2018,"Germany_BellBeaker","Irlbach LKR","Germany",48.841,12.75,4200,"2500-2000 BCE",10,"GG",2,0,0,"Rhine-Danube",7600,true
"I6591","I6591","OlaldeNature2018",2018,"Germany_BellBeaker","Irlbach LKR","Germany",48.841,12.75,4200,"2500-2000 BCE",5,"GG",2,0,0,"Rhine-Danube",7600,true
"I6624","I6624","OlaldeNature2018",2018,"Germany_BellBeaker","Irlbach LKR","Germany",48.841,12.75,4200,"2500-2000 BCE",3,"GG",2,0,0,"Rhine-Danube",7600,true
"I7205","I7205","OlaldeNature2018",2018,"Czech_BellBeaker","Radosevice","Czech Republic",50.410265,14.074597,4200,"2500-2000 BCE",11,"GT",2,1,0.5,"Rhine-Danube",7600,true
"I7214","I7214","OlaldeNature2018",2018,"Czech_BellBeaker","Radosevice","Czech Republic",50.410265,14.074597,4200,"2500-2000 BCE",15,"GG",2,0,0,"Rhine-Danube",7600,true
"I7251","I7251","OlaldeNature2018",2018,"Czech_BellBeaker","Brandýsek","Czech Republic",50.19,14.158,4200,"2500-2000 BCE",13,"GG",2,0,0,"Rhine-Danube",7600,true
"I7269","I7269","OlaldeNature2018",2018,"Czech_BellBeaker","Brandýsek","Czech Republic",50.19,14.158,4200,"2500-2000 BCE",6,"GA",2,1,0.5,"Rhine-Danube",7600,true
"I7275","I7275","OlaldeNature2018",2018,"Czech_BellBeaker","Brandýsek","Czech Republic",50.19,14.158,4200,"2500-2000 BCE",5,"GG",2,0,0,"Rhine-Danube",7600,true
"I7276","I7276","OlaldeNature2018",2018,"Czech_BellBeaker","Brandýsek","Czech Republic",50.19,14.158,4200,"2500-2000 BCE",10,"GG",2,0,0,"Rhine-Danube",7600,true
"I7279","I7279","OlaldeNature2018",2018,"Czech_CordedWare","Brandýsek","Czech Republic",50.19,14.158,4200,"2500-2000 BCE",1,"G",1,0,0,"Rhine-Danube",7600,true
"I7280","I7280","OlaldeNature2018",2018,"Czech_CordedWare","Brandýsek","Czech Republic",50.19,14.158,4200,"2500-2000 BCE",5,"GG",2,0,0,"Rhine-Danube",7600,true
"I7282","I7282","OlaldeNature2018",2018,"Czech_BellBeaker","Radosevice","Czech Republic",50.410265,14.074597,4200,"2500-2000 BCE",13,"GG",2,0,0,"Rhine-Danube",7600,true
"I7287","I7287","OlaldeNature2018",2018,"Czech_BellBeaker","Radosevice","Czech Republic",50.410265,14.074597,4200,"2500-2000 BCE",3,"GG",2,0,0,"Rhine-Danube",7600,true
"I7290","I7290","OlaldeNature2018",2018,"Czech_BellBeaker","Radosevice","Czech Republic",50.410265,14.074597,4200,"2500-2000 BCE",12,"GG",2,0,0,"Rhine-Danube",7600,true
"DA336.SG","DA336","DamgaardScience2018",2018,"Russia_Shamanka_EBA.SG","Shamanka II","Russia",51.698333,103.703056,4200,"2500-2000 BCE",1,"G",1,0,0,"Outside Europe",6500,true
"I1388","I1388","OlaldeNature2018",2018,"France_BellBeaker_LowSteppe","Haute-Savoie, Marlens, Sur les Barmes","France",45.46,6.213,4198,"2452-2065 calBCE (3805±40 BP, Lyon-3099)",1,"G",1,0,0,"Rhine-Danube",7600,true
"I1382","I1382","OlaldeNature2018",2018,"France_BellBeaker","Moselle, Mondelange, PAC de la Sente","France",49.153,6.102,4195,"2447-2136 calBCE (3805±35 BP, GrA-4468)",2,"GG",2,0,0,"Rhine-Danube",7600,true
"I7281","I7281","OlaldeNature2018",2018,"Czech_BellBeaker","Prague 5 - Malá Ohrada","Czech Republic",50.044984,14.339296,4194,"2340-2146 calBCE (3810±20 BP, PSUAMS-4350)",17,"GG",2,0,0,"Rhine-Danube",7600,true
"I4946","I4946","OlaldeNature2018",2018,"Czech_BellBeaker","Prague 5, Jinonice, Butovická Street","Czech Republic",50.0504153,14.3667267,4188,"2336-2144 calBCE (3805±20 BP, PSUAMS-2801)",1,"G",1,0,0,"Rhine-Danube",7600,true
"I3590","I3590","OlaldeNature2018",2018,"Germany_BellBeaker","Bavaria, Alburg-Lerchenhaid, Spedition Häring, Stkr. Straubing","Germany",48.8833,12.5332,4186,"2341-2141 calBCE (3802±26 BP, BRAMS-1217)",2,"GT",2,1,0.5,"Rhine-Danube",7600,true
"I7211","I7211","OlaldeNature2018",2018,"Czech_BellBeaker","Radosevice","Czech Republic",50.410265,14.074597,4183,"2296-2143 calBCE (3800±20 BP, PSUAMS-4345)",14,"GG",2,0,0,"Rhine-Danube",7600,true
"I4945","I4945","OlaldeNature2018",2018,"Czech_BellBeaker","Prague 8, Kobylisy, Ke Stírce Street","Czech Republic",50.1217475,14.4569508,4177,"2293-2143 calBCE (3795±20 BP, PSUAMS-2854)",1,"G",1,0,0,"Rhine-Danube",7600,true
"I3589","I3589","OlaldeNature2018",2018,"Germany_BellBeaker","Bavaria, Alburg-Lerchenhaid, Spedition Häring, Stkr. Straubing","Germany",48.8833,12.5332,4175,"2300-2150 BCE",1,"G",1,0,0,"Rhine-Danube",7600,true
"I3594","I3594","OlaldeNature2018",2018,"Germany_BellBeaker","Bavaria, Alburg-Lerchenhaid, Spedition Häring, Stkr. Straubing","Germany",48.8833,12.5332,4175,"2300-2150 BCE",1,"G",1,0,0,"Rhine-Danube",7600,true
"I3601","I3601","OlaldeNature2018",2018,"Germany_BellBeaker","Bavaria, Alburg-Lerchenhaid, Spedition Häring, Stkr. Straubing","Germany",48.8833,12.5332,4175,"2300-2150 BCE",10,"GG",2,0,0,"Rhine-Danube",7600,true
"I6580","I6580","OlaldeNature2018",2018,"Poland_BellBeaker","Jordanów Śląski","Poland",50.87,16.86,4175,"2300-2150 BCE",2,"GG",2,0,0,"Rhine-Danube",7600,true
"I6582","I6582","OlaldeNature2018",2018,"Poland_BellBeaker","Kornice","Poland",50.09,18.1,4171,"2395-2051 calBCE (3790±35 BP, Poz-75951)",8,"GG",2,0,0,"Rhine-Danube",7600,true
"I4885","I4885","OlaldeNature2018",2018,"Czech_BellBeaker","Prague 8, Kobylisy, Ke Stírce Street","Czech Republic",50.1217475,14.4569508,4170,"2291-2142 calBCE (3790±20 BP, PSUAMS-2843)",9,"GG",2,0,0,"Rhine-Danube",7600,true
"HUGO_168_d","HUGO_168","MittnikScience2019 (higher coverage version of E09613_d, first published in OlaldeNature2018)",2018,"Germany_Lech_BellBeaker","Augsburg-Hugo-Eckener-Straße","Germany",48.32852,10.89819,4167,"2291-2140 calBCE (3788±23 BP, MAMS-18913)",1,"G",1,0,0,"Rhine-Danube",7600,true
"I4896","I4896","OlaldeNature2018",2018,"Czech_BellBeaker","Prague 5, Jinonice, Butovická Street","Czech Republic",50.0504153,14.3667267,4163,"2289-2141 calBCE (3785±20 BP, PSUAMS-2853)",13,"GG",2,0,0,"Rhine-Danube",7600,true
"I4229","I4229","OlaldeNature2018",2018,"Portugal_LN_C","Cova da Moura","Portugal",38.745044,-9.21522,4158,"2287-2141 calBCE (3782±17 BP) [R_combine: (3775±25 BP, PSUAMS-1750); (3783±29 BP, OxA-33490); (3790±30 BP, OxA-33491)]",21,"GG",2,0,0,"Mediterranean",8200,true
"I1765_d","I1765","OlaldeNature2018",2018,"England_BellBeaker_lc","England, County Durham, Stockton-on-Tees, Windmill Fields","Great Britain",54.522812,-1.308134,4156,"2344-2039 calBCE (3780±40 BP, OxA-8729)",1,"G",1,0,0,"British Isles",6100,true
"I4252_published","I4252","OlaldeNature2018",2018,"Poland_BellBeaker_published","Samborzec 1","Poland",50.649,20.656,4155,"2287-2140 calBCE (3780±20 BP, PSUAMS-2338)",1,"G",1,0,0,"Rhine-Danube",7600,true
"I5514","I5514","OlaldeNature2018",2018,"Czech_BellBeaker","Prague 5, Jinonice, Butovická Street","Czech Republic",50.0504153,14.3667267,4155,"2287-2140 calBCE (3780±20 BP, PSUAMS-2864)",16,"GG",2,0,0,"Rhine-Danube",7600,true
"I6579","I6579","OlaldeNature2018",2018,"Poland_EBA","Iwiny","Poland",51.04,17.07,4155,"2340-2042 calBCE (3780±35 BP, Poz-75954)",13,"GG",2,0,0,"Rhine-Danube",7600,true
"I6775","I6775","OlaldeNature2018",2018,"England_BellBeaker","England, Somerset, Stogursey, Wick Barrow","Great Britain",51.121284,-3.075648,4150,"2500-1900 BCE",4,"GG",2,0,0,"British Isles",6100,true
"I6778","I6778","OlaldeNature2018",2018,"England_BellBeaker","England, Wiltshire, Wilsford","Great Britain",51.147052,-1.812529,4150,"2500-1900 BCE",5,"GG",2,0,0,"British Isles",6100,true
"I6583","I6583","OlaldeNature2018",2018,"Poland_BellBeaker","Żerniki Wielkie","Poland",50.96,17.02,4138,"2291-2047 calBCE (3770±30 BP, Poz-65207)",12,"GG",2,0,0,"Rhine-Danube",7600,true
"I4889","I4889","OlaldeNature2018",2018,"Czech_BellBeaker","Prague 8, Kobylisy, Ke Stírce Street","Czech Republic",50.1217475,14.4569508,4131,"2284-2056 calBCE (3765±20 BP, PSUAMS-2847)",13,"GG",2,0,0,"Rhine-Danube",7600,true
"I4891","I4891","OlaldeNature2018",2018,"Czech_BellBeaker","Prague 8, Kobylisy, Ke Stírce Street","Czech Republic",50.1217475,14.4569508,4131,"2284-2056 calBCE (3765±20 BP, PSUAMS-2848)",12,"GG",2,0,0,"Rhine-Danube",7600,true
"I6537","I6537","OlaldeNature2018",2018,"Poland_ChopiceVeseleCulture","Racibórz-Stara Wieś","Poland",50.11,18.21,4130,"2293-2039 calBCE (3765±35 BP, Poz-54136)",2,"GG",2,0,0,"Rhine-Danube",7600,true
"DA334.SG","DA334","DamgaardScience2018",2018,"Russia_Shamanka_EBA.SG","Shamanka II","Russia",51.698333,103.703056,4129,"2284-2055 calBCE (3764±20 BP)",1,"G",1,0,0,"Outside Europe",6500,true
"I6774","I6774","OlaldeNature2018",2018,"England_BellBeaker_lowEEF","England, Sussex, Brighton, Ditchling Road","Great Britain",50.862516,-0.121506,4121,"2287-2041 calBCE (3760±30 BP, SUERC-74755)",2,"GG",2,0,0,"British Isles",6100,true
"I2568","I2568","OlaldeNature2018",2018,"Scotland_C_EBA_mediumhighEEF","Scotland, Dryburn Bridge","Great Britain",55.97,-2.444,4113,"2288-2037 calBCE (3755±35 BP, SUERC-4078)",5,"GG",2,0,0,"British Isles",6100,true
"I6531","I6531","OlaldeNature2018",2018,"Poland_ChopiceVeseleCulture","Gmina Cisek, Dzielnica","Poland",50.23,18.22,4113,"2288-2037 calBCE (3755±35 BP, Poz-86947)",15,"GA",2,1,0.5,"Rhine-Danube",7600,true
"EBA1.SG","EBA1","DamgaardScience2018",2018,"Kazakhstan_Central_Steppe_EMBA.SG","Gregorievka 2","Kazakhstan",51.631339,74.66445,4108,"2286-2036 calBCE (3752±35 BP, UBA-32665)",6,"GG",2,0,0,"Outside Europe",6500,true
"I4895","I4895","OlaldeNature2018",2018,"Czech_BellBeaker","Prague 5, Jinonice, Butovická Street","Czech Republic",50.0504153,14.3667267,4106,"2276-2042 calBCE (3750±20 BP, PSUAMS-2852)",17,"GG",2,0,0,"Rhine-Danube",7600,true
"I6476","I6476","OlaldeNature2018",2018,"Czech_BellBeaker","Lovosice","Czech Republic",50.509507,14.04452,4100,"2500-1800 BCE",1,"G",1,0,0,"Rhine-Danube",7600,true
"I6542_published","I6542","OlaldeNature2018",2018,"Spain_C_published","Madrid, San Fernando de Henares, Camino de las Yeseras","Spain",40.439,-3.501,4100,"2600-1700 BCE",1,"G",1,0,0,"Mediterranean",8200,true
"I6609","I6609","OlaldeNature2018",2018,"Spain_C","Madrid, San Fernando de Henares, Camino de las Yeseras","Spain",40.439,-3.501,4100,"2600-1700 BCE",2,"GG",2,0,0,"Mediterranean",8200,true
"I6623","I6623","OlaldeNature2018",2018,"Spain_C_oSteppe","Madrid, San Fernando de Henares, Camino de las Yeseras","Spain",40.439,-3.501,4100,"2600-1700 BCE",5,"GG",2,0,0,"Mediterranean",8200,true
"I2443","I2443","OlaldeNature2018",2018,"England_BellBeaker","England, Oxfordshire, Yarnton","Great Britain",51.79568333,-1.319891667,4091,"2286-2028 calBCE (3740±40 BP, OxA-8868)",20,"GG",2,0,0,"British Isles",6100,true
"I4886","I4886","OlaldeNature2018",2018,"Czech_BellBeaker","Prague 8, Kobylisy, Ke Stírce Street","Czech Republic",50.1217475,14.4569508,4088,"2270-2039 calBCE (3740±20 BP, PSUAMS-2844)",25,"GG",2,0,0,"Rhine-Danube",7600,true
"I2597","I2597","OlaldeNature2018",2018,"England_C_EBA","England, Wiltshire, Amesbury Down","Great Britain",51.16,-1.77,4080,"2276-2033 calBCE (3735±30 BP, SUERC-34539)",12,"GG",2,0,0,"British Isles",6100,true
"I2566","I2566","OlaldeNature2018",2018,"England_C_EBA","England, Wiltshire, Amesbury Down","Great Britain",51.16,-1.77,4078,"2267-2036 calBCE (3734±25 BP, NZA-32490)",1,"G",1,0,0,"British Isles",6100,true
"I5665","I5665","OlaldeNature2018",2018,"Spain_C_oSteppe","Ciempozuelos, Burgos, Virgazal","Spain",42.72503,-3.844537,4077,"2283-1983 calBCE (3730±40 BP, Poz-49174)",1,"G",1,0,0,"Mediterranean",8200,true
"I2604","I2604","OlaldeNature2018",2018,"England_C_EBA","England, Hampshire, Barton-Stacey Pipeline","Great Britain",51.15,-1.36,4073,"2272-2032 calBCE (3730±30 BP, SUERC-26241)",6,"GG",2,0,0,"British Isles",6100,true
"I3874","I3874","OlaldeNature2018",2018,"France_BellBeaker","Villard","France",44.476,6.369,4065,"2201-2035 calBCE (3725±25 BP, PSUAMS-1835)",3,"GG",2,0,0,"Mediterranean",8200,true
"RISE674.SG","RISE674","DamgaardScience2018",2018,"Russia_BA_Okunevo.SG","Verkhni Askiz","Russia",53.156486,90.207811,4064,"2284-1972 calBCE (3719±46 BP, UBA-31596)",3,"GG",2,0,0,"Outside Europe",6500,true
"I3256","I3256","OlaldeNature2018",2018,"England_BellBeaker","England, Cambridgeshire, Trumpington Meadows","Great Britain",52.170279,0.105604,4063,"2269-2027 calBCE (3722±31 BP)",11,"GG",2,0,0,"British Isles",6100,true
"I5471_published","I5471","OlaldeNature2018",2018,"Scotland_C_EBA_mediumhighEEF_published","Scotland, East Lothian, Innerwick, Thurston Mains","Great Britain",55.947339,-2.47072,4063,"2269-1985 calBCE (3721±33 BP,OxA-13097)",1,"G",1,0,0,"British Isles",6100,true
"I2457","I2457","OlaldeNature2018",2018,"England_C_EBA","England, Wiltshire, Amesbury Down","Great Britain",51.16,-1.77,4056,"2201-2029 calBCE (3717±28 BP, SUERC-69975)",14,"GG",2,0,0,"British Isles",6100,true
"I2452","I2452","OlaldeNature2018",2018,"England_BellBeaker","England, South Derbyshire, Willington, Dairy Farm","Great Britain",52.15,-0.38,4052,"2199-2032 calBCE (3715±23 BP) [R_combine: (3735±35 BP, Poz-83405); (3700±30 BP, Beta-444979)]",21,"GG",2,0,0,"British Isles",6100,true
"I5750","I5750","OlaldeNature2018",2018,"Netherlands_BellBeaker","Noord-Holland, Oostwoud, De Tuithoorn","Netherlands",52.733563,5.096183,4050,"2600-1600 BCE",2,"GG",2,0,0,"Rhine-Danube",7600,true
"I6777","I6777","OlaldeNature2018",2018,"England_C_EBA","England, Wiltshire, Wilsford","Great Britain",51.147052,-1.812529,4050,"2300-1900 BCE",14,"GG",2,0,0,"British Isles",6100,true
"I2445","I2445","OlaldeNature2018",2018,"England_BellBeaker","England, Oxfordshire, Yarnton","Great Britain",51.79568333,-1.319891667,4048,"2200-1985 calBCE (3709±27 BP) [R_combine: (3650±35 BP, Poz-83407); (3785±40 BP, OxA-8806)]",23,"GG",2,0,0,"British Isles",6100,true
"I1767","I1767","OlaldeNature2018",2018,"England_BellBeaker_mediumEEF","England, County Durham, Stockton-on-Tees, Windmill Fields","Great Britain",54.522812,-1.308134,4045,"2202-1978 calBCE (3705±35 BP, OxA-8651)",4,"GG",2,0,0,"British Isles",6100,true
"I2454","I2454","OlaldeNature2018",2018,"England_BellBeaker_lowEEF","England, Needingworth Quarry, Over Narrows","Great Britain",52.34,0.03,4042,"2199-1982 calBCE (3703±28 BP, OxA-24595)",15,"GG",2,0,0,"British Isles",6100,true
"I7199","I7199","OlaldeNature2018",2018,"Czech_EBA","Prague 5, Jinonice, Zahradnictví","Czech Republic",50.0504153,14.3667267,4039,"2197-1983 calBCE (3700±25 BP, PSUAMS-3886)",11,"GG",2,0,0,"Rhine-Danube",7600,true
"I4888","I4888","OlaldeNature2018",2018,"Czech_BellBeaker","Prague 8, Kobylisy, Ke Stírce Street","Czech Republic",50.1217475,14.4569508,4038,"2195-2027 calBCE (3700±20 BP, PSUAMS-2846)",16,"GG",2,0,0,"Rhine-Danube",7600,true
"I4074","I4074","OlaldeNature2018",2018,"Netherlands_BellBeaker","Noord-Holland, Oostwoud, De Tuithoorn","Netherlands",52.733563,5.096183,4030,"2281-1899 calBCE (3690±60 BP, GrA-15597)",7,"GG",2,0,0,"Rhine-Danube",7600,true
"I7635","I7635","OlaldeNature2018",2018,"England_C_EBA","England, County Durham, Stockton-on-Tees, Windmill Fields","Great Britain",54.522812,-1.308134,4030,"2196-1976 calBCE (3690±28 BP, BRAMS-1286)",3,"GG",2,0,0,"British Isles",6100,true
"I7198","I7198","OlaldeNature2018",2018,"Czech_EBA","Prague 5, Jinonice, Zahradnictví","Czech Republic",50.0504153,14.3667267,4026,"2193-1977 calBCE (3685±25 BP, PSUAMS-3885)",17,"GG",2,0,0,"Rhine-Danube",7600,true
"I2477","I2477","OlaldeNature2018",2018,"Italy_North_BellBeaker_2","Emilia Romagna, Parma, Via Guidorossi","Italy",44.8,10.333333,4015,"2200-1930 BCE",10,"GG",2,0,0,"Mediterranean",8200,true
"I7043","I7043","OlaldeNature2018",2018,"Hungary_EBA_Protonagyrev","Szigetszentmiklós-Üdülősor","Hungary",47.429954,19.051966,4011,"2138-1973 calBCE (3670±20 BP, PSUAMS-4036)",14,"GG",2,0,0,"Rhine-Danube",7600,true
"I7249","I7249","OlaldeNature2018",2018,"Czech_BellBeaker","Brandýsek","Czech Republic",50.19,14.158,4011,"2138-1973 calBCE (3670±20 BP, PSUAMS-4499)",12,"GG",2,0,0,"Rhine-Danube",7600,true
"I2478","I2478","OlaldeNature2018",2018,"Italy_North_BellBeaker_3","Emilia Romagna, Parma, Via Guidorossi","Italy",44.78,10.29,4006,"2196-1939 calBCE (3671±40 BP, LTL-5035A)",1,"G",1,0,0,"Mediterranean",8200,true
"I2567","I2567","OlaldeNature2018",2018,"Scotland_C_EBA","Scotland, Dryburn Bridge","Great Britain",55.97,-2.444,4004,"2276-1831 calBCE [union of two dates: 2134-1831 calBCE (3615±40 BP, SUERC-4072); 2276-1985 calBCE (3725±35 BP, SUERC-4083)]",7,"GG",2,0,0,"British Isles",6100,true
"I7638","I7638","OlaldeNature2018",2018,"England_C_EBA","England, Oxfordshire, Radley, Barrow Hills","Great Britain",51.405327,-1.150767,3995,"2288-1776 calBCE (3660±80 BP, OxA-4357)",3,"GG",2,0,0,"British Isles",6100,true
"I3255","I3255","OlaldeNature2018",2018,"England_BellBeaker","England, Cambridgeshire, Trumpington Meadows","Great Britain",52.170279,0.105604,3994,"2139-1947 calBCE (3661±31 BP, SUERC-49482)",23,"GG",2,0,0,"British Isles",6100,true
"I2618","I2618","OlaldeNature2018",2018,"England_C_EBA","England, Northumberland, Barrasford, Reaverhill","Great Britain",55.058,-2.1470000000000002,3993,"2137-1950 calBCE (3660±28 BP, OxA-26254)",2,"GG",2,0,0,"British Isles",6100,true
"I4073","I4073","OlaldeNature2018",2018,"Netherlands_BellBeaker","Noord-Holland, Oostwoud, De Tuithoorn","Netherlands",52.733563,5.096183,3992,"2197-1897 calBCE (3660±50 BP, GrA-15598)",14,"GG",2,0,0,"Rhine-Danube",7600,true
"I3875","I3875","OlaldeNature2018",2018,"France_BellBeaker","Villard","France",44.476,6.369,3985,"2136-1946 calBCE (3655±25 BP, PSUAMS-1834)",16,"GG",2,0,0,"Mediterranean",8200,true
"I2569_published","I2569","OlaldeNature2018",2018,"Scotland_C_EBA_published","Scotland, Eweford Cottages","Great Britain",55.99,-2.537,3978,"2140-1901 calBCE (3650±40 BP, SUERC-5318)",1,"G",1,0,0,"British Isles",6100,true
"I2461","I2461","OlaldeNature2018",2018,"England_C_EBA","England, Wiltshire, Porton","Great Britain",51.13,-1.69,3975,"2150-1900 BCE",5,"GG",2,0,0,"British Isles",6100,true
"RISE683.SG","RISE683","DamgaardScience2018",2018,"Russia_BA_Okunevo.SG","Khakassia, Ust'-Abakan, Uybat V","Russia",53.708561,90.359808,3973,"2138-1901 calBCE (3646±40 BP, UBA-31594)",6,"GG",2,0,0,"Outside Europe",6500,true
"I4069","I4069","OlaldeNature2018",2018,"Netherlands_BellBeaker","Noord-Holland, Oostwoud, De Tuithoorn","Netherlands",52.733563,5.096183,3966,"2192-1887 calBCE (3640±50 BP, GrA-6477)",9,"GG",2,0,0,"Rhine-Danube",7600,true
"RISE670.SG","RISE670","DamgaardScience2018",2018,"Russia_BA_Okunevo.SG","Verkhni Askiz","Russia",53.156486,90.207811,3959,"2191-1884 calBCE (3635±50 BP, UBA-31595)",1,"G",1,0,0,"Outside Europe",6500,true
"I1770","I1770","OlaldeNature2018",2018,"England_BellBeaker","England, North Yorkshire, Staxton, Staxton Beacon","Great Britain",54.201949,-0.434355,3950,"2400-1600 BCE",3,"GG",2,0,0,"British Isles",6100,true
"I4075","I4075","OlaldeNature2018",2018,"Netherlands_BellBeaker","Noord-Holland, Oostwoud, De Tuithoorn","Netherlands",52.733563,5.096183,3950,"2127-1933 calBCE (3635±20 BP, PSUAMS-2337)",14,"GG",2,0,0,"Rhine-Danube",7600,true
"I2455","I2455","OlaldeNature2018",2018,"England_BellBeaker","England, Needingworth Quarry, Over Narrows","Great Britain",52.34,0.03,3948,"2128-1900 calBCE (3631±28 BP, OxA-24594)",1,"G",1,0,0,"British Isles",6100,true
"I2462","I2462","OlaldeNature2018",2018,"England_C_EBA_highEEF","England, Kent, Thanet","Great Britain",51.33,1.36,3942,"2131-1890 calBCE (3625±35 BP, SUERC-40718)",11,"GG",2,0,0,"British Isles",6100,true
"I2447","I2447","OlaldeNature2018",2018,"England_BellBeaker","England, Oxfordshire, Yarnton","Great Britain",51.79568333,-1.319891667,3938,"2120-1898 calBCE (3625±25 BP, PSUAMS-2336)",31,"GG",2,0,0,"British Isles",6100,true
"I3132","I3132","OlaldeNature2018",2018,"Scotland_C_EBA","Scotland, Covesea Cave 2","Great Britain",57.721000000000004,-3.3881,3927,"2126-1886 calBCE (3614±33 BP, SUERC-69070)",13,"GG",2,0,0,"British Isles",6100,true
"I2601","I2601","OlaldeNature2018",2018,"England_C_EBA","England, Kent, Thanet","Great Britain",51.33,1.36,3808,"1960-1747 calBCE (3535±35 BP, SUERC-40713)",1,"A",1,1,1,"British Isles",6100,true
"MA2200_final.SG","MA2200","DamgaardScience2018",2018,"Turkey_MLBA.SG","Kalehöyük","Turkey",39.345805,33.78813,3800,"2500-1200 BCE",4,"GG",2,0,0,"Other Europe",6500,true
"MA2205_final.SG","MA2205","DamgaardScience2018",2018,"Turkey_MLBA.SG","Kalehöyük","Turkey",39.345805,33.78813,3800,"2500-1200 BCE",1,"G",1,0,0,"Other Europe",6500,true
"I7639","I7639","OlaldeNature2018",2018,"England_C_EBA","England, Cambridgeshire, Chippenham, Waterhall Farm","Great Britain",52.276938,0.461902,3797,"2033-1635 calBCE (3520±70 BP, HAR-3880)",1,"G",1,0,0,"British Isles",6100,true
"I2421","I2421","OlaldeNature2018",2018,"England_C_EBA","England, Tyne and Wear, Sunderland, Hasting Hill","Great Britain",54.883,-1.452,3790,"1935-1751 calBCE (3524±28 BP, OxA-26256)",3,"GG",2,0,0,"British Isles",6100,true
"I2463","I2463","OlaldeNature2018",2018,"England_C_EBA","England, Kent, Thanet","Great Britain",51.33,1.36,3774,"1930-1701 calBCE (3505±35 BP, SUERC-40721)",2,"GG",2,0,0,"British Isles",6100,true
"I2602","I2602","OlaldeNature2018",2018,"England_C_EBA","England, Kent, Thanet","Great Britain",51.33,1.36,3762,"1892-1699 calBCE (3490±30 BP, SUERC-40290)",3,"GG",2,0,0,"British Isles",6100,true
"I4884","I4884","OlaldeNature2018",2018,"Czech_EBA","Prague 8, Kobylisy, Ke Stírce Street","Czech Republic",50.1217475,14.4569508,3758,"1882-1742 calBCE (3480±20 BP, PSUAMS-2842)",15,"GG",2,0,0,"Rhine-Danube",7600,true
"I5377","I5377","OlaldeNature2018",2018,"England_C_EBA","England, London, Mortlake, River Thames Skulls","Great Britain",51.471197,-0.266408,3758,"1895-1693 calBCE (3485±33 BP, OxA-14731)",7,"GG",2,0,0,"British Isles",6100,true
"mur004.SG","mur004","KrzewinskaScienceAdvances2018",2018,"Russia_Srubnaya_Alakul.SG","Republic of Bashkorstan, Near Usmanovo Village, Muradym 8","Russia",52.583,56.847,3755,"1888-1696 calBCE (3480±30 BP, Beta-451573)",2,"GG",2,0,0,"Outside Europe",6500,true
"I4892","I4892","OlaldeNature2018",2018,"Czech_EBA","Prague 8, Kobylisy, Ke Stírce Street","Czech Republic",50.1217475,14.4569508,3754,"1881-1700 calBCE (3475±20 BP, PSUAMS-2849)",21,"GG",2,0,0,"Rhine-Danube",7600,true
"kzb008.SG","kzb008","KrzewinskaScienceAdvances2018",2018,"Russia_Srubnaya_Alakul.SG","Republic of Bashkorstan, Near Usmanovo village, Kazburun 1","Russia",54.07,55.544000000000004,3754,"1887-1696 calBCE (3479±30 BP, Ua-56448)",2,"GG",2,0,0,"Outside Europe",6500,true
"I5441","I5441","OlaldeNature2018",2018,"England_C_EBA","England, Devon, Paington, Neale's Cave","Great Britain",50.426084,-3.580537,3750,"2000-1600 BCE",2,"GG",2,0,0,"British Isles",6100,true
"BOO001.A0101","BOO001","LamnidisNatureCommunications2018",2018,"Russia_Bolshoy","Murmansk, Bolshoy Oleniy Ostrov","Russia",69.2239,33.4828,3740,"2024-1542 calBCE (3473±87 BP)",3,"GG",2,0,0,"Outside Europe",6500,true
"BOO002.A0101","BOO002","LamnidisNatureCommunications2018",2018,"Russia_Bolshoy","Murmansk, Bolshoy Oleniy Ostrov","Russia",69.2239,33.4828,3725,"2050-1500 BCE",4,"GG",2,0,0,"Outside Europe",6500,true
"BOO003.A0101","BOO003","LamnidisNatureCommunications2018",2018,"Russia_Bolshoy","Murmansk, Bolshoy Oleniy Ostrov","Russia",69.2239,33.4828,3725,"2050-1500 BCE",4,"GG",2,0,0,"Outside Europe",6500,true
"BOO004.A0101","BOO004","LamnidisNatureCommunications2018",2018,"Russia_Bolshoy","Murmansk, Bolshoy Oleniy Ostrov","Russia",69.2239,33.4828,3725,"2050-1500 BCE",22,"GG",2,0,0,"Outside Europe",6500,true
"BOO005.A0101","BOO005","LamnidisNatureCommunications2018",2018,"Russia_Bolshoy","Murmansk, Bolshoy Oleniy Ostrov","Russia",69.2239,33.4828,3725,"2050-1500 BCE",17,"GG",2,0,0,"Outside Europe",6500,true
"BOO006.A0101","BOO006","LamnidisNatureCommunications2018",2018,"Russia_Bolshoy","Murmansk, Bolshoy Oleniy Ostrov","Russia",69.2239,33.4828,3725,"2050-1500 BCE",3,"GG",2,0,0,"Outside Europe",6500,true
"mur003.SG","mur003","KrzewinskaScienceAdvances2018",2018,"Russia_Srubnaya_Alakul.SG","Republic of Bashkorstan, Near Usmanovo Village, Muradym 8","Russia",52.583,56.847,3721,"1881-1642 calBCE (3450±30 BP, Beta-451574)",5,"GA",2,1,0.5,"Outside Europe",6500,true
"I4071","I4071","OlaldeNature2018",2018,"Netherlands_BA","Noord-Holland, Oostwoud, De Tuithoorn","Netherlands",52.733563,5.096183,3717,"1883-1634 calBCE (3450±40 BP, GrA-17226)",16,"GG",2,0,0,"Rhine-Danube",7600,true
"I2981","I2981","OlaldeNature2018",2018,"Scotland_C_EBA","Scotland, Orkney, Lop Ness, Stenchme","Great Britain",59.281,-2.4250000000000003,3711,"1880-1635 BCE (3444±32 BP) [R_combine: (3320±50 BP, AA-51418); (3520±40 BP, AA-43651)]",18,"GG",2,0,0,"British Isles",6100,true
"kzb002.SG","kzb002","KrzewinskaScienceAdvances2018",2018,"Russia_Srubnaya_Alakul.SG","Republic of Bashkorstan, Near Usmanovo village, Kazburun 1","Russia",54.07,55.544000000000004,3704,"1879-1632 calBCE (3440±30 BP, Beta-451579)",3,"GG",2,0,0,"Outside Europe",6500,true
"I4070","I4070","OlaldeNature2018",2018,"Netherlands_BA","Noord-Holland, Oostwoud, De Tuithoorn","Netherlands",52.733563,5.096183,3703,"1880-1627 calBCE (3440±40 BP, GrA-17225)",5,"GG",2,0,0,"Rhine-Danube",7600,true
"kzb007.SG","kzb007","KrzewinskaScienceAdvances2018",2018,"Russia_Srubnaya_Alakul.SG","Republic of Bashkorstan, Near Usmanovo village, Kazburun 1","Russia",54.07,55.544000000000004,3672,"1873-1623 calBCE (3422±30 BP, Ua-56447)",4,"GG",2,0,0,"Outside Europe",6500,true
"I6680","I6680","OlaldeNature2018",2018,"England_BellBeaker_mediumEEF","England, Northumberland, Low Hauxley","Great Britain",55.309983,-1.553328,3671,"1878-1617 calBCE (3420±38 BP, OxA-5555/6)",14,"GG",2,0,0,"British Isles",6100,true
"kzb006.SG","kzb006","KrzewinskaScienceAdvances2018",2018,"Russia_Srubnaya_Alakul.SG","Republic of Bashkorstan, Near Usmanovo village, Kazburun 1","Russia",54.07,55.544000000000004,3648,"1868-1618 calBCE (3407±30 BP, Ua-56446)",1,"G",1,0,0,"Outside Europe",6500,true
"I2163","I2163","MathiesonNature2018",2018,"Bulgaria_MLBA","Merichleri, Kairyaka necropolis","Bulgaria",42.132897,25.496288,3639,"1866-1615 calBCE (3400±30 BP, Beta-432796)",12,"GG",2,0,0,"Mediterranean",8200,true
"I7570","I7570","OlaldeNature2018",2018,"England_C_EBA","England, Lincolnshire, Langtoft","Great Britain",52.696301,-0.34,3569,"1736-1534 calBCE (3347±30 BP, SUERC-74471)",18,"GG",2,0,0,"British Isles",6100,true
"I7573","I7573","OlaldeNature2018",2018,"England_C_EBA","England, Cambridgeshire, Fordham","Great Britain",52.310608,0.386227,3520,"1625-1507 calBCE (3306±27 BP, SUERC-44496)",8,"GG",2,0,0,"British Isles",6100,true
"I4331","I4331","MathiesonNature2018",2018,"Croatia_MBA","Veliki Vanik","Croatia",43.194,17.344,3519,"1618-1517 calBCE (3305±20 BP, PSUAMS-2257)",3,"GG",2,0,0,"Mediterranean",8200,true
"I4332","I4332","MathiesonNature2018",2018,"Croatia_MBA","Veliki Vanik","Croatia",43.194,17.344,3508,"1613-1508 calBCE (3290±20 BP, PSUAMS-2258)",17,"GG",2,0,0,"Mediterranean",8200,true
"DA231.SG","DA231","DamgaardNature2018",2018,"Kazakhstan_Andronovo.SG","Tian Shan, Central Steppe","Kazakhstan",52.49083333,76.83944444,3439,"1610-1416 calBCE (3225±43 BP, UBA-33602)",1,"G",1,0,0,"Outside Europe",6500,true
"I2639","I2639","OlaldeNature2018",2018,"England_MBA","England, Wiltshire, Amesbury Down","Great Britain",51.16,-1.77,3430,"1532-1435 calBCE (3225±25 BP, NZA-32497)",4,"GA",2,1,0.5,"British Isles",6100,true
"I7568","I7568","OlaldeNature2018",2018,"England_MBA","England, Needingworth Quarry, Over Narrows","Great Britain",52.34,0.03,3400,"1600-1300 BCE",16,"GG",2,0,0,"British Isles",6100,true
"esp005.SG","esp005","ValdioseraPNAS2018",2018,"Spain_BA.SG","La Rioja, Cueva de los Lagos","Spain",42.322944,-2.41212,3400,"1600-1300 BCE",3,"GG",2,0,0,"Mediterranean",8200,true
"I3082","I3082","OlaldeNature2018",2018,"England_MBA","England, Dorset, Sixpenny Handley, Canada Farm","Great Britain",50.919204,-2.015441,3386,"1499-1326 calBCE (3157±25 BP, NZA-34643)",5,"GG",2,0,0,"British Isles",6100,true
"I7572","I7572","OlaldeNature2018",2018,"England_MBA","England, Needingworth Quarry, Over Narrows","Great Britain",52.34,0.03,3380,"1507-1306 calBCE (3160±40 BP, SUERC-28365)",6,"GG",2,0,0,"British Isles",6100,true
"I2458","I2458","OlaldeNature2018",2018,"England_MBA_highEEF","England, Wiltshire, Amesbury Down","Great Britain",51.16,-1.77,3331,"1495-1286 calBCE (3122±34 BP, SUERC-49182)",14,"GG",2,0,0,"British Isles",6100,true
"I2655","I2655","OlaldeNature2018",2018,"Scotland_MBA","Scotland, Pabbay Mor","Great Britain",58.23,-6.9350000000000005,3311,"1445-1268 calBCE (3105±35 BP, SUERC-9172)",13,"GG",2,0,0,"British Isles",6100,true
"I7640","I7640","OlaldeNature2018",2018,"England_MBA","England, Cambridgeshire, Trumpington, Clay Farm","Great Britain",52.17839,0.122544,3307,"1434-1278 calBCE (3100±30 BP, SUERC-28349)",7,"GG",2,0,0,"British Isles",6100,true
"I7571","I7571","OlaldeNature2018",2018,"England_MBA","England, Needingworth Quarry, Over Narrows","Great Britain",52.34,0.03,3306,"1489-1260 calBCE (3100±40 BP, SUERC-28364)",11,"GG",2,0,0,"British Isles",6100,true
"I2654","I2654","OlaldeNature2018",2018,"Scotland_MBA","Scotland, Longniddry, Evergreen","Great Britain",55.98,-2.896,3287,"1419-1261 calBCE (3074±29 BP, SUERC-75917)",2,"GG",2,0,0,"British Isles",6100,true
"I7574","I7574","OlaldeNature2018",2018,"England_MBA","England, Cambridgeshire, Trumpington, Clay Farm","Great Britain",52.17839,0.122544,3271,"1408-1226 calBCE (3055±30 BP, SUERC-38250)",20,"GG",2,0,0,"British Isles",6100,true
"I7627","I7627","OlaldeNature2018",2018,"England_MBA","England, Bedfordshire, Biddenham Loop","Great Britain",52.122402,-0.511365,3268,"1412-1222 calBCE (3055±35 BP, SUERC-25538)",20,"GG",2,0,0,"British Isles",6100,true
"DA35.SG","DA35","DamgaardNature2018",2018,"Armenia_LBA_LchashenMetsamor.SG","Caucasus","Armenia",40.52027778,44.93083333,3259,"1421-1134 calBCE (3050±42 BP, UBA-33655)",2,"GG",2,0,0,"Outside Europe",6500,true
"I7626","I7626","OlaldeNature2018",2018,"England_MBA","England, Bedfordshire, Biddenham Loop","Great Britain",52.122402,-0.511365,3231,"1399-1130 calBCE (3025±35 BP, SUERC-25533)",4,"GA",2,1,0.5,"British Isles",6100,true
"I2653","I2653","OlaldeNature2018",2018,"Scotland_MBA","Scotland, Longniddry, Evergreen","Great Britain",55.98,-2.896,3224,"1389-1131 calBCE (3019±26 BP, SUERC-75916)",3,"GG",2,0,0,"British Isles",6100,true
"I7577","I7577","OlaldeNature2018",2018,"England_MBA","England, Bedfordshire, Biddenham Loop","Great Britain",52.122402,-0.511365,3198,"1386-1123 calBCE (3005±35 BP, SUERC-25499)",10,"GG",2,0,0,"British Isles",6100,true
"I7575","I7575","OlaldeNature2018",2018,"England_LBA","England, Bedfordshire, Biddenham Loop","Great Britain",52.122402,-0.511365,3107,"1266-1019 calBCE (2950±35 BP, SUERC-25498)",5,"GG",2,0,0,"British Isles",6100,true
"I7578","I7578","OlaldeNature2018",2018,"England_LBA","England, Bedfordshire, Biddenham Loop","Great Britain",52.122402,-0.511365,3080,"1256-1013 calBCE (2930±35 BP, SUERC-25497)",15,"GG",2,0,0,"British Isles",6100,true
"I7576","I7576","OlaldeNature2018",2018,"England_LBA","England, Bedfordshire, Biddenham Loop","Great Britain",52.122402,-0.511365,3039,"1209-1005 calBCE (2900±30 BP, SUERC-26285)",4,"GG",2,0,0,"British Isles",6100,true
"I5383","I5383","OlaldeNature2018",2018,"England_LBA_lowEEF","England, North Yorkshire, Ingleton, Raven Scar Cave","Great Britain",54.155105,-2.472049,2945,"1090-900 BCE",1,"G",1,0,0,"British Isles",6100,true
"MA2197_final.SG","MA2197","DamgaardScience2018",2018,"Turkey_IA_o2.SG","Kalehöyük","Turkey",39.345805,33.78813,2900,"1300-600 BCE",1,"G",1,0,0,"Other Europe",6500,true
"MA2198_final.SG","MA2198","DamgaardScience2018",2018,"Turkey_IA_o3.SG","Kalehöyük","Turkey",39.345805,33.78813,2900,"1300-600 BCE",1,"A",1,1,1,"Other Europe",6500,true
"cim359.SG","cim359","KrzewinskaScienceAdvances2018",2018,"Moldova_Cimmerian.SG","Rybnitsa District, Mokra","Moldova",47.3753,29.0907,2875,"1011-832 calBCE (2780±35 BP, Poz-91086)",2,"GG",2,0,0,"Other Europe",6500,true
"DA3.SG","DA3","DamgaardNature2018",2018,"Russia_Tagar.SG","Siberia, Tungus & Eastern Steppe","Russia",54.67583333,90.85361111,2850,"1000-800 BCE",1,"G",1,0,0,"Outside Europe",6500,true
"DA4.SG","DA4","DamgaardNature2018",2018,"Russia_Tagar.SG","Siberia, Tungus & Eastern Steppe","Russia",54.67583333,90.85361111,2850,"1000-800 BCE",2,"GG",2,0,0,"Outside Europe",6500,true
"DA6.SG","DA6","DamgaardNature2018",2018,"Russia_Tagar.SG","Siberia, Tungus & Eastern Steppe","Russia",54.67583333,90.85361111,2850,"1000-800 BCE",1,"G",1,0,0,"Outside Europe",6500,true
"DA7.SG","DA7","DamgaardNature2018",2018,"Russia_Tagar.SG","Siberia, Tungus & Eastern Steppe","Russia",54.67583333,90.85361111,2850,"1000-800 BCE",1,"G",1,0,0,"Outside Europe",6500,true
"DA8.SG","DA8","DamgaardNature2018",2018,"Russia_Tagar.SG","Siberia, Tungus & Eastern Steppe","Russia",54.67583333,90.85361111,2850,"1000-800 BCE",1,"G",1,0,0,"Outside Europe",6500,true
"DA9.SG","DA9","DamgaardNature2018",2018,"Russia_Tagar.SG","Siberia, Tungus & Eastern Steppe","Russia",54.67583333,90.85361111,2850,"1000-800 BCE",2,"GG",2,0,0,"Outside Europe",6500,true
"I2861","I2861","OlaldeNature2018",2018,"Scotland_LBA","Scotland, Covesea Cave 2","Great Britain",57.721000000000004,-3.3881,2843,"983-826 calBCE (2757±29 BP, SUERC-68716)",5,"GA",2,1,0.5,"British Isles",6100,true
"I2860","I2860","OlaldeNature2018",2018,"Scotland_LBA","Scotland, Covesea Cave 2","Great Britain",57.721000000000004,-3.3881,2824,"969-812 calBCE (2738±29 BP, SUERC-68715)",15,"GA",2,1,0.5,"British Isles",6100,true
"DA382_final.SG","DA382","DamgaardScience2018",2018,"Turkmenistan_IA.SG","Takhirbai 3","Turkmenistan",38.718548,61.692287,2802,"916-796 calBCE (2690±40 BP, UBA-33661)",2,"GG",2,0,0,"Outside Europe",6500,true
"I3313","I3313","MathiesonNature2018",2018,"Croatia_EIA","Jazinka Cave","Croatia",43.894,15.977,2722,"805-597 calBCE (2570±20 BP, PSUAMS-1831)",18,"GG",2,0,0,"Mediterranean",8200,true
"scy010.SG","scy010","KrzewinskaScienceAdvances2018",2018,"Ukraine_Scythian.SG","Cherkasy Region, Gorodische District, Starosillya","Ukraine",46.323,29.4702,2606,"789-544 calBCE (2520±30 BP, Beta-451571)",1,"G",1,0,0,"Other Europe",6500,true
"I5769","I5769","MathiesonNature2018",2018,"Bulgaria_IA","Veliko Tarnovo, Dzhulyunitsa","Bulgaria",43.16089,25.88341,2592,"771-541 calBCE (2490±20 BP, PSUAMS-4402)",10,"GG",2,0,0,"Mediterranean",8200,true
"DA195.SG","DA195","DamgaardNature2018",2018,"Hungary_IA_Scythian.SG","..","Hungary",46.34444444,20.1625,2572,"772-423 calBCE (2479±35 BP, UBA-33597)",2,"GG",2,0,0,"Rhine-Danube",7600,true
"DA13.SG","DA13","DamgaardNature2018",2018,"Kazakhstan_Central_Saka.SG","Tian Shan, Central Steppe","Kazakhstan",49.060646,75.5032,2568,"767-422 calBCE (2471±31 BP, UBA-31138)",3,"GA",2,1,0.5,"Outside Europe",6500,true
"scy009.SG","scy009","KrzewinskaScienceAdvances2018",2018,"Ukraine_Scythian.SG","Cherkasy Region, Gorodische District, Starosillya","Ukraine",46.323,29.4702,2568,"766-422 calBCE (2470±30 BP, Beta-451570)",5,"GG",2,0,0,"Other Europe",6500,true
"DA14.SG","DA14","DamgaardNature2018",2018,"Kazakhstan_Central_Saka.SG","Tian Shan, Central Steppe","Kazakhstan",49.12309,75.18855,2557,"767-419 calBCE (2468±39 BP, UBA-31139)",1,"G",1,0,0,"Outside Europe",6500,true
"DA221.SG","I7110","DamgaardNature2018",2018,"Kazakhstan_IA_Saka_dup.I7110.SG","Tian Shan, Central Steppe, Kargaly 1","Kazakhstan",43.18222222,76.41305556,2554,"797-411 calBCE [union of two dates: 797-539 calBCE (2526±40 BP, UBA-33605); 748-411 calBCE (2440±20 BP, PSUAMS-3733)]",4,"GG",2,0,0,"Outside Europe",6500,true
"DA18.SG","DA18","DamgaardNature2018",2018,"Kazakhstan_Nomad_IA_o.SG","Tian Shan, Central Steppe","Kazakhstan",51.71055556,74.88416667,2549,"761-416 calBCE (2463±45 BP, UBA-31143)",1,"G",1,0,0,"Outside Europe",6500,true
"DA202.SG","I11523","DamgaardNature2018",2018,"Kazakhstan_Sarmatian.SG","Tengiz, Caspian steppe","Kazakhstan",46.03972222,53.44222222,2476,"769-236 calBCE (2384±71 BP, UBA-33608)",1,"G",1,0,0,"Outside Europe",6500,true
"DA191.SG","DA191","DamgaardNature2018",2018,"Hungary_IA_Scythian.SG","..","Hungary",47.55944444,20.70805556,2472,"749-397 calBCE (2409±37 BP, UBA-33595)",1,"G",1,0,0,"Rhine-Danube",7600,true
"DA197.SG","DA197","DamgaardNature2018",2018,"Hungary_IA_Scythian.SG","..","Hungary",46.34444444,20.1625,2426,"726-389 calBCE (2378±35 BP, UBA-33600)",1,"G",1,0,0,"Rhine-Danube",7600,true
"DA194.SG","DA194","DamgaardNature2018",2018,"Hungary_IA_Scythian.SG","..","Hungary",46.34444444,20.1625,2328,"513-211 calBCE (2322±36 BP, UBA-33596)",1,"G",1,0,0,"Rhine-Danube",7600,true
"DA223.SG","DA223","DamgaardNature2018",2018,"Kazakhstan_Wusun.SG","Tian Shan, Central Steppe","Kazakhstan",43.06861111,68.24888889,2311,"414-211 calBCE (2310±31 BP, UBA-33604)",2,"GG",2,0,0,"Outside Europe",6500,true
"DA134.SG","DA134","DamgaardNature2018",2018,"Russia_Sarmatian.SG","Caspian steppe","Russia",47.293449,39.54598,2300,"800 BCE - 100 CE",2,"GG",2,0,0,"Outside Europe",6500,true
"DA141.SG","DA141","DamgaardNature2018",2018,"Russia_Sarmatian.SG","Caspian steppe","Russia",47.28429,39.533315,2300,"800 BCE - 100 CE",1,"G",1,0,0,"Outside Europe",6500,true
"DA143.SG","DA143","DamgaardNature2018",2018,"Russia_Sarmatian.SG","Caspian steppe","Russia",47.292254,39.543076,2300,"800 BCE - 100 CE",1,"G",1,0,0,"Outside Europe",6500,true
"DA144.SG","DA144","DamgaardNature2018",2018,"Russia_Sarmatian.SG","Caspian steppe","Russia",47.293449,39.54598,2300,"800 BCE - 100 CE",1,"G",1,0,0,"Outside Europe",6500,true
"DA50.SG","DA50","DamgaardNature2018",2018,"Kyrgyzstan_TianShan_Saka.SG","Tian Shan, Central Steppe","Kyrgyzstan",41.42805556,75.32972222,2300,"650-50 BCE",1,"G",1,0,0,"Outside Europe",6500,true
"scy300.SG","scy300","KrzewinskaScienceAdvances2018",2018,"Moldova_Glinoe_Scythian.SG","Slobodzeya District, Glinoe","Moldova",46.6684,29.8001,2250,"395-206 calBCE (2260±30 BP, Poz-91091)",1,"G",1,0,0,"Other Europe",6500,true
"scy301.SG","scy301","KrzewinskaScienceAdvances2018",2018,"Moldova_Glinoe_Scythian.SG","Slobodzeya District, Glinoe","Moldova",46.6684,29.8001,2237,"390-202 calBCE (2240±30 BP, Poz-91092)",2,"GG",2,0,0,"Other Europe",6500,true
"scy303.SG","scy303","KrzewinskaScienceAdvances2018",2018,"Moldova_Glinoe_Scythian_o2.SG","Slobodzeya District, Glinoe","Moldova",46.6684,29.8001,2231,"386-198 calBCE (2225±30 BP, Poz-91115)",1,"G",1,0,0,"Other Europe",6500,true
"DA51.SG","DA51","DamgaardNature2018",2018,"Kyrgyzstan_TianShan_Saka.SG","Tian Shan, Central Steppe","Kyrgyzstan",41.42805556,75.32972222,2229,"386-178 calBCE (2220±37 BP, UBA-31160)",2,"GG",2,0,0,"Outside Europe",6500,true
"scy192.SG","scy192","KrzewinskaScienceAdvances2018",2018,"Moldova_Glinoe_Scythian.SG","Slobodzeya District, Glinoe","Moldova",46.6684,29.8001,2225,"400-150 BCE",2,"GG",2,0,0,"Other Europe",6500,true
"scy193.SG","scy193","KrzewinskaScienceAdvances2018",2018,"Moldova_Glinoe_Scythian_o1.SG","Slobodzeya District, Glinoe","Moldova",46.6684,29.8001,2225,"400-150 BCE",1,"G",1,0,0,"Other Europe",6500,true
"scy304.SG","scy304","KrzewinskaScienceAdvances2018",2018,"Moldova_Glinoe_Scythian.SG","Slobodzeya District, Glinoe","Moldova",46.6684,29.8001,2213,"367-155 calBCE (2185±30 BP, Poz-91116)",1,"A",1,1,1,"Other Europe",6500,true
"DA227.SG","DA227","DamgaardNature2018",2018,"Kazakhstan_Wusun_LateSaka_o_mother.I11525.SG","Tian Shan, Central Steppe, Turgen-2","Kazakhstan",43.06861111,68.24888889,2150,"300-100 BCE",2,"GG",2,0,0,"Outside Europe",6500,true
"DA59.SG","DA59","DamgaardNature2018",2018,"Kyrgyzstan_TianShan_Saka.SG_brother.DA57.SG","Tian Shan, Central Steppe","Kyrgyzstan",43.06861111,68.24888889,2149,"354-53 calBCE (2148±32 BP, UBA-31168)",2,"GA",2,1,0.5,"Outside Europe",6500,true
"DA41.SG","DA41","DamgaardNature2018",2018,"Mongolia_Xiongnu_o2.SG","Siberia, Tungus & Eastern Steppe","Mongolia",49.27444444,101.7158333,2148,"351-54 calBCE (2147±27 BP, UBA-31154)",3,"GG",2,0,0,"Outside Europe",6500,true
"DA43.SG","DA43","DamgaardNature2018",2018,"Mongolia_Xiongnu_o1.SG","Siberia, Tungus & Eastern Steppe","Mongolia",42.52583333,105.18,2100,"400 BCE - 100 CE",1,"G",1,0,0,"Outside Europe",6500,true
"DA201.SG","I11524","DamgaardNature2018",2018,"Kazakhstan_Wusun_LateSaka_dup.I11524.SG","Tian Shan, Central Steppe, Turgen-2","Kazakhstan",43.06861111,68.24888889,2069,"344 calBCE - 5 calCE (2099±38 BP, UBA-33594)",1,"G",1,0,0,"Outside Europe",6500,true
"DA47.SG","DA47","DamgaardNature2018",2018,"Kyrgyzstan_TianShan_Saka.SG","Tian Shan, Central Steppe","Kyrgyzstan",41.42805556,75.32972222,2063,"344 calBCE - 10 calCE (2093±43 BP, UBA-31157)",1,"A",1,1,1,"Outside Europe",6500,true
"DA58.SG","DA58","DamgaardNature2018",2018,"Kyrgyzstan_TianShan_Saka.SG","Tian Shan, Central Steppe","Kyrgyzstan",41.49972222,75.80416667,2060,"334 calBCE - 3 calCE (2099±38 BP, UBA-33594)",3,"GG",2,0,0,"Outside Europe",6500,true
"DA45.SG","DA45","DamgaardNature2018",2018,"Mongolia_Xiongnu_o1.SG","Siberia, Tungus & Eastern Steppe","Mongolia",42.52583333,105.18,2046,"172 calBCE - 3 calCE (2079±34 BP, UBA-31165)",11,"GA",2,1,0.5,"Outside Europe",6500,true
"DA56.SG","DA56","DamgaardNature2018",2018,"Kyrgyzstan_TianShan_Saka_o1.SG","Tian Shan, Central Steppe","Kyrgyzstan",43.06861111,68.24888889,2043,"193 calBCE - 10 calCE (2087±30 BP, SUERC-94988)",2,"GG",2,0,0,"Outside Europe",6500,true
"DA55.SG","DA55","DamgaardNature2018",2018,"Kyrgyzstan_TianShan_Saka.SG","Tian Shan, Central Steppe","Kyrgyzstan",41.42805556,75.32972222,1976,"150 calBCE - 67 calCE (2034±32 BP, UBA-31164)",1,"G",1,0,0,"Outside Europe",6500,true
"DA30.SG","DA30","DamgaardNature2018",2018,"Kazakhstan_Sarmatian.SG","Tian Shan, Central Steppe","Kazakhstan",51.695,65.67138889,1948,"96 calBCE - 114 calCE (2013±32 BP, UBA-31152)",2,"GG",2,0,0,"Outside Europe",6500,true
"DA39.SG","DA39","DamgaardNature2018",2018,"Mongolia_Xiongnu_o1.SG","Siberia, Tungus & Eastern Steppe","Mongolia",48.01777778,101.3533333,1942,"150 calBCE - 125 calCE (2007±46 BP, UBA-33599)",4,"GG",2,0,0,"Outside Europe",6500,true
"chy001.SG","chy001","KrzewinskaScienceAdvances2018",2018,"Russia_Late_Sarmatian.SG","Orenburg Regio, Southern Urals, Cherniy Yar","Russia",51.06666667,55.06666667,1829,"27-210 calCE (1918±28 BP, Ua-56442)",2,"GG",2,0,0,"Outside Europe",6500,true
"DA98.SG","DA98","DamgaardNature2018",2018,"Kyrgyzstan_TianShan_Hun_o.SG","Tian Shan, Central Steppe","Kyrgyzstan",42.159444,77.406389,1802,"26-242 calCE (1890±46 BP, UBA-31211)",1,"G",1,0,0,"Outside Europe",6500,true
"DA123.SG","DA123","DamgaardNature2018",2018,"Kazakhstan_Kangju_o2.SG","Tian Shan, Central Steppe","Kazakhstan",42.73305556,68.32444444,1700,"50-450 CE",2,"GG",2,0,0,"Outside Europe",6500,true
"DA229.SG","I10514","DamgaardNature2018",2018,"Kazakhstan_Kangju_o1.SG","Tian Shan, Central Steppe, Karatuma, Kaynar Bulak 2","Kazakhstan",42.45972222,69.69972222,1700,"50-450 CE",1,"G",1,0,0,"Outside Europe",6500,true
"tem003.SG","tem003","KrzewinskaScienceAdvances2018",2018,"Russia_Late_Sarmatian.SG","Republic of Bashkortostan, Baymak Distict, Temyaysovo-1 burial ground","Russia",52.9851,58.1243,1698,"131-336 calCE (1810±30 BP, Beta-451576)",1,"G",1,0,0,"Outside Europe",6500,true
"DA206.SG","DA206","DamgaardNature2018",2018,"Kazakhstan_Kangju_o3.SG","Tian Shan, Central Steppe","Kazakhstan",42.90194444,68.24888889,1697,"124-375 calCE (1805±49 BP, UBA-33606)",4,"GG",2,0,0,"Outside Europe",6500,true
"DA125.SG","DA125","DamgaardNature2018",2018,"Kazakhstan_Kangju.SG","Tian Shan, Central Steppe","Kazakhstan",42.59305556,68.05055556,1688,"134-340 calCE (1804±28 BP, UBA-31227)",1,"G",1,0,0,"Outside Europe",6500,true
"DA85.SG","DA85","DamgaardNature2018",2018,"Kyrgyzstan_TianShan_Hun_o.SG","Tian Shan, Central Steppe","Kyrgyzstan",41.615,74.98583333,1666,"133-405 calCE (1781±46 BP, UBA-31203)",4,"GG",2,0,0,"Outside Europe",6500,true
"DA101.SG","DA101","DamgaardNature2018",2018,"Kyrgyzstan_TianShan_Hun.SG","Tian Shan, Central Steppe","Kyrgyzstan",42.159444,77.406389,1664,"212-351 calCE (1783±29 BP, UBA-31214)",5,"GA",2,1,0.5,"Outside Europe",6500,true
"DA81.SG","DA81","DamgaardNature2018",2018,"Kyrgyzstan_TianShan_Hun_o.SG","Tian Shan, Central Steppe","Kyrgyzstan",41.615,74.98583333,1656,"166-412 calCE (1770±50 BP, UBA-31201)",2,"GG",2,0,0,"Outside Europe",6500,true
"DA71.SG","DA71","DamgaardNature2018",2018,"Kyrgyzstan_TianShan_Hun.SG_daughter.DA385.SG","Tian Shan, Central Steppe","Kyrgyzstan",43.06861111,68.24888889,1627,"246-405 calCE (1734±32 BP, UBA-31196)",1,"G",1,0,0,"Outside Europe",6500,true
"DA100.SG","DA100","DamgaardNature2018",2018,"Kyrgyzstan_TianShan_Hun.SG","Tian Shan, Central Steppe","Kyrgyzstan",42.156667,77.405556,1615,"235-425 calCE (1719±48 BP, UBA-31213)",3,"GG",2,0,0,"Outside Europe",6500,true
"DA104.SG","DA104","DamgaardNature2018",2018,"Kyrgyzstan_TianShan_Hun.SG","Tian Shan, Central Steppe","Kyrgyzstan",42.156944,77.405556,1600,"1-700 CE",4,"GG",2,0,0,"Outside Europe",6500,true
"DA177.SG","DA177","DamgaardNature2018",2018,"Kazakhstan_Nomad_HP.SG","Tian Shan, Central Steppe","Kazakhstan",52.01583333,77.18611111,1600,"200-500 CE",4,"GG",2,0,0,"Outside Europe",6500,true
"DA80.SG","DA80","DamgaardNature2018",2018,"Kyrgyzstan_TianShan_Hun.SG","Tian Shan, Central Steppe","Kyrgyzstan",41.50138889,75.79472222,1600,"236-531 calCE (1704±52 BP, UBA-31200)",3,"GG",2,0,0,"Outside Europe",6500,true
"DA95.SG","DA95","DamgaardNature2018",2018,"Kazakhstan_Nomad_HP.SG","Tian Shan, Central Steppe","Kazakhstan",52.61805556,76.74944444,1596,"241-530 calCE (1697±45 BP, UBA-31209)",2,"GG",2,0,0,"Outside Europe",6500,true
"DA224.SG","I10141","DamgaardNature2018",2018,"Kazakhstan_Turk.SG","Tian Shan, Central Steppe, Becentshitobe","Kazakhstan",43.06861111,68.24888889,1585,"250-530 calCE (1685±39 BP, UBA-33603)",2,"GG",2,0,0,"Outside Europe",6500,true
"DA72.SG","DA72","DamgaardNature2018",2018,"Kyrgyzstan_TianShan_Hun.SG","Tian Shan, Central Steppe","Kyrgyzstan",41.50138889,75.79472222,1575,"250-535 calCE (1679±44 BP, UBA-31197)",3,"GG",2,0,0,"Outside Europe",6500,true
"DA69.SG","DA69","DamgaardNature2018",2018,"Kyrgyzstan_TianShan_Hun.SG","Tian Shan, Central Steppe","Kyrgyzstan",41.50138889,75.79472222,1509,"266-539 calCE (1642±31 BP, UBA-31194)",1,"G",1,0,0,"Outside Europe",6500,true
"DA27.SG","DA27","DamgaardNature2018",2018,"Kazakhstan_Nomad_Hun_Sarmatian.SG","Tian Shan, Central Steppe","Kazakhstan",52.836944,62.893611,1508,"265-539 calCE (1641±33 BP, UBA-31149)",2,"GG",2,0,0,"Outside Europe",6500,true
"DA65.SG","DA65","DamgaardNature2018",2018,"Kyrgyzstan_TianShan_Hun.SG","Tian Shan, Central Steppe","Kyrgyzstan",41.50138889,75.79472222,1494,"265-547 calCE (1629±40 BP, UBA-31191)",2,"GG",2,0,0,"Outside Europe",6500,true
"DA74.SG","DA74","DamgaardNature2018",2018,"Kyrgyzstan_TianShan_Hun.SG","Tian Shan, Central Steppe","Kyrgyzstan",41.50138889,75.79472222,1492,"264-555 calCE (1624±46 BP, UBA-31199)",1,"G",1,0,0,"Outside Europe",6500,true
"DA52.SG","DA52","DamgaardNature2018",2018,"Kyrgyzstan_TianShan_Hun.SG","Tian Shan, Central Steppe","Kyrgyzstan",41.42805556,75.32972222,1472,"411-547 calCE (1606±33 BP, UBA-31161)",2,"GG",2,0,0,"Outside Europe",6500,true
"DA86.SG","DA86","DamgaardNature2018",2018,"Kyrgyzstan_Turk.SG","Tian Shan, Central Steppe","Kyrgyzstan",43.06861111,68.24888889,1461,"413-573 calCE (1582±42 BP, UBA-31204)",1,"G",1,0,0,"Outside Europe",6500,true
"DA385.SG","DA385","DamgaardNature2018",2018,"Kyrgyzstan_TianShan_Hun.SG","Tian Shan, Central Steppe","Kyrgyzstan",41.50138889,75.79472222,1458,"415-575 calCE (1577±42 BP, UBA-31173)",6,"GG",2,0,0,"Outside Europe",6500,true
"DA228.SG","DA228","DamgaardNature2018",2018,"Kazakhstan_Turk.SG","Tian Shan, Central Steppe","Kazakhstan",43.06861111,68.24888889,1350,"300-900 CE",5,"AA",2,2,1,"Outside Europe",6500,true
"DA162.SG","DA162","DamgaardNature2018",2018,"Russia_Alan.SG","Caucasus","Russia",43.217051,44.53845,1300,"450-850 CE",1,"G",1,0,0,"Outside Europe",6500,true
"DA124.SG","DA124","DamgaardNature2018",2018,"Kazakhstan_Medieval_Nomad.SG","Tian Shan, Central Steppe","Kazakhstan",43.37111111,77.43888889,1245,"648-775 calCE (1332±32 BP, UBA-31226)",1,"G",1,0,0,"Outside Europe",6500,true
"DA89.SG","DA89","DamgaardNature2018",2018,"Kazakhstan_Turk.SG","Tian Shan, Central Steppe","Kazakhstan",43.06861111,68.24888889,1231,"645-822 calCE (1315±45 BP, UBA-31206)",1,"G",1,0,0,"Outside Europe",6500,true
"DA222.SG","I12117","DamgaardNature2018",2018,"Kazakhstan_Karluk_1.SG","Tian Shan, Central Steppe, Butakty","Kazakhstan",43.2025,76.98166667,1100,"750-950 CE",7,"GG",2,0,0,"Outside Europe",6500,true
"DA243.SG","DA243","DamgaardNature2018",2018,"Russia_Alan.SG","Caucasus","Russia",43.958649,42.587303,1050,"450-1350 CE",12,"GG",2,0,0,"Outside Europe",6500,true
"DA126.SG","DA126","DamgaardNature2018",2018,"Kazakhstan_Medieval_Nomad.SG","Tian Shan, Central Steppe","Kazakhstan",43.385,77.54111111,991,"890-1025 calCE (1078±37 BP, UBA-31228)",1,"G",1,0,0,"Outside Europe",6500,true
"DA118.SG","DA118","DamgaardNature2018",2018,"Kyrgyzstan_Medieval_Nomad.SG","Tian Shan, Central Steppe","Kyrgyzstan",42.074444,76.966667,851,"1030-1160 calCE (950±27 BP, UBA-31223)",1,"G",1,0,0,"Outside Europe",6500,true
"DA164.SG","DA164","DamgaardNature2018",2018,"Russia_Alan.SG","Caucasus","Russia",43.327555,44.178391,850,"850-1350 CE",1,"G",1,0,0,"Outside Europe",6500,true
"DA179.SG","DA179","DamgaardNature2018",2018,"Kazakhstan_Kipchak1.SG","Tian Shan, Central Steppe","Kazakhstan",49.04361111,73.62111111,850,"1000-1200 CE",2,"GG",2,0,0,"Outside Europe",6500,true
"DA99.SG","DA99","DamgaardNature2018",2018,"Kyrgyzstan_Medieval_Nomad.SG","Tian Shan, Central Steppe","Kyrgyzstan",42.067222,76.962778,757,"1046-1278 calCE (841±50 BP, UBA-31212)",1,"G",1,0,0,"Outside Europe",6500,true
"DA106.SG","DA106","DamgaardNature2018",2018,"Kyrgyzstan_Medieval_Nomad_o.SG","Tian Shan, Central Steppe","Kyrgyzstan",42.074722,76.963889,735,"1161-1272 calCE (833±34 BP, UBA-31218)",3,"GG",2,0,0,"Outside Europe",6500,true
"DA128.SG","DA128","DamgaardNature2018",2018,"Kazakhstan_Medieval_Nomad.SG","Tian Shan, Central Steppe","Kazakhstan",43.52444444,77.75833333,692,"1224-1284 calCE (761±28 BP, UBA-31230)",2,"GG",2,0,0,"Outside Europe",6500,true
"DA28.SG","DA28","DamgaardNature2018",2018,"Kazakhstan_GoldenHordeAsian.SG","Tian Shan, Central Steppe","Kazakhstan",43.06861111,68.24888889,550,"1200-1600 CE",3,"GG",2,0,0,"Outside Europe",6500,true
"MA2195_final.SG","MA2195","DamgaardScience2018",2018,"Turkey_Ottoman_1.SG","Kalehöyük","Turkey",39.345805,33.78813,375,"1200-1950 CE",1,"G",1,0,0,"Other Europe",6500,true
"CHV001.A0101","CHV001","LamnidisNatureCommunications2018",2018,"Russia_Chalmny_Varre","Murmansk, Chalmny-Varre","Russia",67.1675,37.5864,150,"1700-1900 CE",5,"GA",2,1,0.5,"Outside Europe",6500,true
"CHV002.A0101","CHV002","LamnidisNatureCommunications2018",2018,"Russia_Chalmny_Varre","Murmansk, Chalmny-Varre","Russia",67.1675,37.5864,150,"1700-1900 CE",2,"AA",2,2,1,"Outside Europe",6500,true
"DA117.SG","DA117","DamgaardNature2018",2018,"Kyrgyzstan_Modern_Nomad.SG","Tian Shan, Central Steppe","Kyrgyzstan",42.074444,76.966667,139,"1670-1950 calCE (143±27 BP, UBA-31222)",1,"G",1,0,0,"Outside Europe",6500,true
"Chan.SG","Chan","GonzalesFortesCurrentBiology2017",2017,"Spain_HG.SG","Chan do Lindeiro","Spain",42.7343714,-7.0305368,9109,"7320-7054 calBCE (8155±42 BP, Ua-13398/Ua-38115)",8,"GG",2,0,0,"Mediterranean",8200,true
"I2373_all","I2373","LipsonNature2017",2017,"Hungary_EN_Koros_all","Törökszentmiklos Tiszapüspöki Karanycs haromag 3. lh.","Hungary",47.18283,20.3509,7700,"6000-5500 BCE",1,"G",1,0,0,"Rhine-Danube",7600,true
"I1878_published","I1878","LipsonNature2017",2017,"Hungary_EN_Starcevo_1_published","Alsonyek-Bataszek, Mérnöki telep","Hungary",46.208562,18.700047,7687,"5830-5664 calBCE (6857±31 BP, MAMS-11935)",3,"GG",2,0,0,"Rhine-Danube",7600,true
"Latvia_HG2.SG","I4626","JonesCurrentBiology2017",2017,"Latvia_HG.SG","Zvejnieki","Latvia",56.2833,25.1333,7677,"5838-5631 calBCE (6840±55 BP, Hela-1212)",1,"G",1,0,0,"Baltic",5600,true
"I4971","I4971","LipsonNature2017",2017,"Hungary_EN_HG_Koros","Tiszaszőlős-Domaháza","Hungary",47.559165,20.721246,7599,"5737-5538 calBCE (6740±60 BP, deb-11804)",2,"GG",2,0,0,"Rhine-Danube",7600,true
"I1877_all","I1877","LipsonNature2017",2017,"Hungary_EN_Starcevo_2_all","Alsonyek-Bataszek, Mérnöki telep","Hungary",46.208562,18.700047,7567,"5713-5556 calBCE (6704±34 BP, MAMS-11933)",6,"GG",2,0,0,"Rhine-Danube",7600,true
"I2794","I2794","LipsonNature2017",2017,"Hungary_EN_Koros","Törökszentmiklós, road 4, site 3","Hungary",47.191612,20.402331,7564,"5713-5536 calBCE (6700±40 BP, Poz-83628)",12,"GG",2,0,0,"Rhine-Danube",7600,true
"I2937_all","I2937","LazaridisNature2017",2017,"Greece_Peloponnese_N_all","Diros, Alepotrypa Cave","Greece",36.63833333,22.3825,7360,"5477-5331 calBCE (6441±38 BP, OxA-22012)",7,"GG",2,0,0,"Mediterranean",8200,true
"I2380","I2380","LipsonNature2017",2017,"Hungary_MN_ALPc_Szatmar","Mezőkövesd-Mocsolyás","Hungary",47.78134,20.58258,7350,"5500-5300 BCE",9,"GG",2,0,0,"Rhine-Danube",7600,true
"I1895_published","I1895","LipsonNature2017",2017,"Hungary_MN_Vinca_published","Szederkény-Kukorica-dülö","Hungary",45.5969,18.28247,7195,"5318-5077 calBCE (6267±33 BP, MAMS-14809)",3,"GG",2,0,0,"Rhine-Danube",7600,true
"I2739_published","I2739","LipsonNature2017",2017,"Hungary_MN_LBK_published","Alsónyék-Bátaszék, site 11","Hungary",46.208562,18.700047,7158,"5307-5069 calBCE (6244±34 BP, SUERC-51459)",3,"GG",2,0,0,"Rhine-Danube",7600,true
"I2030_published","I2030","LipsonNature2017",2017,"Germany_EN_LBK_published","Halberstadt-Sonntagsfeld","Germany",51.89583333,11.04666667,7125,"5500-4850 BCE",1,"G",1,0,0,"Rhine-Danube",7600,true
"I2036_published","I2036","LipsonNature2017",2017,"Germany_EN_LBK_published","Halberstadt-Sonntagsfeld","Germany",51.89583333,11.04666667,7125,"5500-4850 BCE",1,"G",1,0,0,"Rhine-Danube",7600,true
"I2038_published","I2038","LipsonNature2017",2017,"Germany_EN_LBK_published","Halberstadt-Sonntagsfeld","Germany",51.89583333,11.04666667,7125,"5350-5000 BCE",1,"G",1,0,0,"Rhine-Danube",7600,true
"I2384_published","I2384","LipsonNature2017",2017,"Hungary_MN_ALPc_published","Hajdúnánás-Eszlári út","Hungary",47.85755,21.43239,7114,"5305-5046 calBCE (6220±40 BP, Poz-83631)",4,"GG",2,0,0,"Rhine-Danube",7600,true
"Canes.SG","Canes","GonzalesFortesCurrentBiology2017",2017,"Spain_HG.SG","Canes","Spain",43.3550277,-4.7166763,7089,"5299-5011 calBCE (6197±45 BP, OxA-7148/AA-5294)",1,"G",1,0,0,"Mediterranean",8200,true
"I3535","I3535","LipsonNature2017",2017,"Hungary_MN_ALPc","Hajdúnánás-Eszlári út","Hungary",47.85755,21.43239,7068,"5217-4997 calBCE (6170±40 BP, Poz-83632)",1,"G",1,0,0,"Rhine-Danube",7600,true
"I2355","I2355","LipsonNature2017",2017,"Hungary_MN_ALBK_Szakalhat","Pusztataskony-Ledence I","Hungary",47.45925,20.51282,7050,"5300-4900 BCE",1,"G",1,0,0,"Rhine-Danube",7600,true
"I2357","I2357","LipsonNature2017",2017,"Hungary_MN_ALBK_Szakalhat","Pusztataskony-Ledence I","Hungary",47.45925,20.51282,7050,"5300-4900 BCE",2,"GG",2,0,0,"Rhine-Danube",7600,true
"I2375","I2375","LipsonNature2017",2017,"Hungary_MN_ALPc_Tiszadob","Tiszadob-Ó-Kenéz","Hungary",48.00363,21.17651,7050,"5300-4900 BCE",2,"GG",2,0,0,"Rhine-Danube",7600,true
"I2376","I2376","LipsonNature2017",2017,"Hungary_MN_ALPc_Tiszadob","Tiszadob-Ó-Kenéz","Hungary",48.00363,21.17651,7050,"5300-4900 BCE",1,"G",1,0,0,"Rhine-Danube",7600,true
"I2743","I2743","LipsonNature2017",2017,"Hungary_MN_ALPc_Szakalhat","Cegléd, site 4/1","Hungary",47.178841,19.860515,7050,"5300-4900 BCE",1,"G",1,0,0,"Rhine-Danube",7600,true
"I4188","I4188","LipsonNature2017",2017,"Hungary_MN_ALPc","Polgár-Piócás","Hungary",47.865071,21.125287,7050,"5300-4900 BCE",1,"G",1,0,0,"Rhine-Danube",7600,true
"I4196","I4196","LipsonNature2017",2017,"Hungary_MN_LBK","Budakeszi, Szőlőskert-Tangazdaság","Hungary",47.50163,18.910468,7050,"5300-4900 BCE",3,"GG",2,0,0,"Rhine-Danube",7600,true
"I4199","I4199","LipsonNature2017",2017,"Hungary_MN_ALPc_Tiszadob","Tiszadob-Ó-Kenéz","Hungary",48.00363,21.17651,7050,"5300-4900 BCE",1,"G",1,0,0,"Rhine-Danube",7600,true
"I2008_published","I2008","LipsonNature2017",2017,"Germany_EN_LBK_published","Halberstadt-Sonntagsfeld","Germany",51.89583333,11.04666667,7041,"5211-4957 calBCE (6137±35 BP, KIA-40342)",1,"G",1,0,0,"Rhine-Danube",7600,true
"Latvia_HG3.SG","I4628","JonesCurrentBiology2017",2017,"Latvia_HG_dup.I4628.SG","Zvejnieki","Latvia",56.2833,25.1333,7033,"5304-4848 calBCE (6145±80 BP, Ua-19883)",1,"G",1,0,0,"Baltic",5600,true
"I1904","I1904","LipsonNature2017",2017,"Hungary_MN_LBK","Bátaszék-Lajvér","Hungary",46.20487,18.7004,7010,"5209-4941 calBCE (6115±35 BP, Poz-82584)",9,"GG",2,0,0,"Rhine-Danube",7600,true
"I2377","I2377","LipsonNature2017",2017,"Hungary_MN_ALPc_Tiszadob","Tiszadob-Ó-Kenéz","Hungary",48.00363,21.17651,7001,"5210-4935 calBCE (6110±40 BP, Poz-83630)",1,"G",1,0,0,"Rhine-Danube",7600,true
"I2379","I2379","LipsonNature2017",2017,"Hungary_MN_ALPc_Tiszadob","Hejőkürt-Lidl logisztikai központ","Hungary",47.86071,21.00058,6984,"5209-4855 calBCE (6100±40 BP, Poz-88115)",6,"GG",2,0,0,"Rhine-Danube",7600,true
"I1889","I1889","LipsonNature2017",2017,"Hungary_MN_Vinca","Szederkény-Kukorica-dülö","Hungary",45.5969,18.28247,6943,"5205-4848 calBCE (6079±33 BP, MAMS-14808)",1,"G",1,0,0,"Rhine-Danube",7600,true
"I1891","I1891","LipsonNature2017",2017,"Hungary_LN_Sopot","Fajsz Garadomb","Hungary",46.41594,18.91974,6913,"5203-4841 calBCE (6060±40 BP, Poz-83633)",1,"G",1,0,0,"Rhine-Danube",7600,true
"I4184","I4184","LipsonNature2017",2017,"Hungary_LN_Sopot","Szemely-Hegyes","Hungary",46.025398,18.325056,6754,"4932-4714 calBCE (5930±40 BP, Beta-310040)",3,"GG",2,0,0,"Rhine-Danube",7600,true
"I1972","I1972","LipsonNature2017",2017,"Spain_EN","Burgos, El Prado de Pancorbo","Spain",42.6282,-3.11649,6703,"4836-4687 calBCE (5880±30 BP, Beta-366569)",1,"G",1,0,0,"Mediterranean",8200,true
"I0449","I0449","LipsonNature2017",2017,"Hungary_LN_Tisza","Hódmezővásárhely-Gorzsa, grave 18","Hungary",46.35587,20.27821,6700,"5000-4500 BCE",30,"GG",2,0,0,"Rhine-Danube",7600,true
"I2358","I2358","LipsonNature2017",2017,"Hungary_LN_Tisza","Pusztataskony-Ledence I","Hungary",47.45925,20.51282,6700,"5000-4500 BCE",2,"GG",2,0,0,"Rhine-Danube",7600,true
"I1905_published","I1905","LipsonNature2017",2017,"Hungary_LN_Lengyel_published","Csabdi-Télizöldes","Hungary",47.51062,18.61693,6664,"4834-4556 calBCE (5850±40 BP, Poz-82582)",4,"GG",2,0,0,"Rhine-Danube",7600,true
"I1899","I1899","LipsonNature2017",2017,"Hungary_LN_Lengyel","Veszprém Jutasi út","Hungary",47.102645,17.912987,6550,"4900-4300 BCE",2,"GG",2,0,0,"Rhine-Danube",7600,true
"I2793_published","I2793","LipsonNature2017",2017,"Hungary_EarlyC_Tiszapolgar_Bodrogkeresztur_published","Törökszentmiklós, road 4, site 3","Hungary",47.191612,20.402331,6273,"4442-4250 calBCE (5480±35 BP, Poz-83629)",9,"GG",2,0,0,"Rhine-Danube",7600,true
"I2356","I2356","LipsonNature2017",2017,"Hungary_EarlyC_Tiszapolgar_contam","Pusztataskony-Ledence I","Hungary",47.45925,20.51282,6200,"4500-4000 BCE",1,"G",1,0,0,"Rhine-Danube",7600,true
"I1907_published","I1907","LipsonNature2017",2017,"Hungary_C_Balaton_Lasinja_published","Enese elkerülő, Kóny, Proletár-dülö, M85, Site 2","Hungary",47.63868,17.36453,6183,"4334-4060 calBCE (5380±30 BP, Beta-310033)",9,"GG",2,0,0,"Rhine-Danube",7600,true
"I1909","I1909","LipsonNature2017",2017,"Hungary_C_Balaton_Lasinja","Lánycsók, Csata-alja","Hungary",45.993,18.58127,6086,"4239-4046 calBCE (5300±23 BP, MAMS-14132)",3,"GG",2,0,0,"Rhine-Danube",7600,true
"Latvia_MN1.SG","I4627","JonesCurrentBiology2017",2017,"Latvia_MN_o1.SG","Zvejnieki","Latvia",56.2833,25.1333,6071,"4311-3978 calBCE (5280±55 BP, Ua-3639)",1,"G",1,0,0,"Baltic",5600,true
"I1908","I1908","LipsonNature2017",2017,"Hungary_C_Balaton_Lasinja","Keszthely-Fenékpuszta, Pusztaszentegyházi-dűlő","Hungary",46.70991,17.23935,6050,"4300-3900 BCE",5,"GG",2,0,0,"Rhine-Danube",7600,true
"I4189","I4189","LipsonNature2017",2017,"Hungary_C_Balaton_Lasinja","Alsónyék, site 11","Hungary",46.204523,18.729916,6050,"4300-3900 BCE",7,"GG",2,0,0,"Rhine-Danube",7600,true
"Latvia_MN2.SG","I4631","JonesCurrentBiology2017",2017,"Latvia_MN_Comb_Ware.SG","Zvejnieki","Latvia",56.2833,25.1333,6043,"4387-3799 calBCE [union of three dates: 4230-3799 calBCE (5180±65 BP, Ua-19813); 4387-3818 calBCE (5290±105 BP); 4230-3799 calBCE (5180±65 BP)]",3,"GG",2,0,0,"Baltic",5600,true
"I2783","I2783","LipsonNature2017",2017,"Hungary_Hunyadihalom_MCHA","Nemesnádudvar-Papföld, M9/7 lh.","Hungary",46.334774,19.053945,6010,"4228-3962 calBCE (5230±40 BP, Poz-83638)",1,"G",1,0,0,"Rhine-Danube",7600,true
"LugarCanto41.SG","LugarCanto41","MartinianoPLoSGenetics2017",2017,"Portugal_MN.SG","Lugar do Canto","Portugal",39.414,-8.822000000000001,5950,"4500-3500 BCE",4,"GG",2,0,0,"Mediterranean",8200,true
"LugarCanto42.SG","LugarCanto42","MartinianoPLoSGenetics2017",2017,"Portugal_MN.SG","Lugar do Canto","Portugal",39.414,-8.822000000000001,5950,"4500-3500 BCE",6,"GG",2,0,0,"Mediterranean",8200,true
"LugarCanto44.SG","LugarCanto44","MartinianoPLoSGenetics2017",2017,"Portugal_MN.SG","Lugar do Canto","Portugal",39.414,-8.822000000000001,5950,"4500-3500 BCE",1,"G",1,0,0,"Mediterranean",8200,true
"I2788","I2788","LipsonNature2017",2017,"Hungary_LateC_Protoboleraz","Abony, Turjányos-dűlő","Hungary",47.189141,20.004795,5685,"3910-3644 calBCE (4960±40 BP, VERA-5402)",8,"GG",2,0,0,"Rhine-Danube",7600,true
"I1565","I1565","LipsonNature2017",2017,"Germany_Blatterhohle_MN_oWHG","Blatterhole Cave","Germany",51.358333,7.551111,5674,"3725-3655 calBCE (4965±15 BP) [R_combine: (4950±30, KIA-45006, Bla8); (4905±25, KIA-45008, Bla9); (5145±30, KIA-45007, Bla11); (4845±35, KIA-37507, Bla24)]",20,"GG",2,0,0,"Rhine-Danube",7600,true
"I2789","I2789","LipsonNature2017",2017,"Hungary_LateC_Protoboleraz","Abony, Turjányos-dűlő","Hungary",47.189141,20.004795,5650,"3800-3600 BCE",5,"GG",2,0,0,"Rhine-Danube",7600,true
"I2790_published","I2790","LipsonNature2017",2017,"Hungary_LateC_Protoboleraz_published","Abony, Turjányos-dűlő","Hungary",47.189141,20.004795,5625,"3768-3543 calBCE (4890±35 BP, Poz-82205)",23,"GG",2,0,0,"Rhine-Danube",7600,true
"I1593","I1593","LipsonNature2017",2017,"Germany_Blatterhohle_MN","Blatterhole Cave","Germany",51.358333,7.551111,5527,"3644-3528 calBCE (4810±23 BP) [R_combine: (4615±30, KIA-28845, Bla16); (5055±35, KIA-37508, Bla27)]",2,"GG",2,0,0,"Rhine-Danube",7600,true
"I2791_published","I2791","LipsonNature2017",2017,"Hungary_LateC_Protoboleraz_published","Abony, Turjányos-dűlő","Hungary",47.189141,20.004795,5523,"3649-3516 calBCE (4800±40 BP, Poz-82206)",5,"GG",2,0,0,"Rhine-Danube",7600,true
"DolmenAnsiao96B.SG","DolmenAnsiao96B","MartinianoPLoSGenetics2017",2017,"Portugal_LN_C.SG","Dolmen de Ansião","Portugal",39.916667,-8.433333,5450,"3700-3300 BCE",4,"GG",2,0,0,"Mediterranean",8200,true
"I1563","I1563","LipsonNature2017",2017,"Germany_Blatterhohle_MN","Blatterhole Cave","Germany",51.358333,7.551111,5448,"3626-3378 calBCE (4726±17 BP) [R_combine: (4580±30, KIA-28844, Bla5); (4860±30, KIA-45011, Bla7); (4730±25, KIA-45010, Bla13)]",16,"GG",2,0,0,"Rhine-Danube",7600,true
"GB.SG","GB","GonzalesFortesCurrentBiology2017",2017,"Romania_C_oHG.SG","Gura Baciului","Romania",46.7877247,23.520877,5389,"3512-3350 calBCE (4621±28 BP, MAMS-28614)",7,"GA",2,1,0.5,"Rhine-Danube",7600,true
"I2369","I2369","LipsonNature2017",2017,"Hungary_LateC_Baden","Budakalász-Luppa csárda","Hungary",47.62094,19.04494,5186,"3370-3101 calBCE (4545±35 BP, Poz-83634)",5,"GG",2,0,0,"Rhine-Danube",7600,true
"I2752","I2752","LipsonNature2017",2017,"Hungary_LateC_Baden","Balatonlelle-Felső-Gamász","Hungary",46.78469,17.731714,5175,"3600-2850 BCE",1,"G",1,0,0,"Rhine-Danube",7600,true
"I2785","I2785","LipsonNature2017",2017,"Hungary_LateC_Baden","Vámosgyörk MHAT telep","Hungary",47.684976,19.918434,5175,"3600-2850 BCE",2,"GG",2,0,0,"Rhine-Danube",7600,true
"I2371","I2371","LipsonNature2017",2017,"Hungary_LateC_Baden","Alsónémedi","Hungary",47.31875,19.16692,5169,"3361-3099 calBCE (4520±35 BP, Poz-83635)",1,"G",1,0,0,"Rhine-Danube",7600,true
"I1838","I1838","LipsonNature2017",2017,"Spain_C","Basque Country, Alava, Las Yurdinas II","Spain",42.63,-2.7,5126,"3356-2936 calBCE (4470±50 BP, Poz-83429)",19,"GG",2,0,0,"Mediterranean",8200,true
"I2370","I2370","LipsonNature2017",2017,"Hungary_LateC_Baden","Alsónémedi","Hungary",47.31875,19.16692,5122,"3345-2937 calBCE (4460±40 BP, Poz-88230)",15,"GG",2,0,0,"Rhine-Danube",7600,true
"I2366_published","I2366","LipsonNature2017",2017,"Hungary_LateC_Baden_published","Budakalász-Luppa csárda","Hungary",47.62094,19.04494,5118,"3340-2937 calBCE (4455±35 BP, Poz-88227)",6,"GG",2,0,0,"Rhine-Danube",7600,true
"I2367_published","I2367","LipsonNature2017",2017,"Hungary_LateC_Baden_published","Budakalász-Luppa csárda","Hungary",47.62094,19.04494,5085,"3333-2928 calBCE (4440±35 BP, Poz-88228)",12,"GG",2,0,0,"Rhine-Danube",7600,true
"I2753","I2753","LipsonNature2017",2017,"Hungary_LateC_Baden","Balatonlelle-Felső-Gamász","Hungary",46.78469,17.731714,5085,"3333-2928 calBCE (4440±35 BP, Poz-88231)",8,"GG",2,0,0,"Rhine-Danube",7600,true
"CabecoArruda117B.SG","CabecoArruda117B","MartinianoPLoSGenetics2017",2017,"Portugal_C.SG","Lisbon, Torres Vedras, Cabeço da Arruda I","Portugal",39.110833,-8.663583,5050,"3350-2850 BCE",1,"G",1,0,0,"Mediterranean",8200,true
"CabecoArruda122A.SG","I11600","MartinianoPLoSGenetics2017",2017,"Portugal_C.SG","Lisbon, Torres Vedras, Cabeço da Arruda I","Portugal",39.110833,-8.663583,5050,"3350-2850 BCE",3,"GG",2,0,0,"Mediterranean",8200,true
"I3276_published","I3276","LipsonNature2017",2017,"Spain_C_published","Basque Country, Alava, Alto de la Huesera","Spain",42.57,-2.57,4955,"3096-2913 calBCE (4390±30 BP, Beta-301225)",2,"GG",2,0,0,"Mediterranean",8200,true
"I1843","I1843","LipsonNature2017",2017,"Spain_C","Basque Country, Alava, Alto de la Huesera","Spain",42.57,-2.57,4904,"3015-2901 BCE (4340±22 BP) [R_combine: (4390±30 BP, Beta-301225); (4290±30 BP, Beta-301226)]",4,"GG",2,0,0,"Mediterranean",8200,true
"I3269","I3269","LipsonNature2017",2017,"Spain_C","Basque Country, Alava, Las Yurdinas II","Spain",42.63,-2.7,4850,"3000-2800 BCE",4,"GG",2,0,0,"Mediterranean",8200,true
"I3270","I3270","LipsonNature2017",2017,"Spain_C","Basque Country, Alava, Las Yurdinas II","Spain",42.63,-2.7,4850,"3000-2800 BCE",1,"G",1,0,0,"Mediterranean",8200,true
"Latvia_LN1.SG","I4629","JonesCurrentBiology2017",2017,"Latvia_LN_CordedWare.SG","Zvejnieki","Latvia",56.2833,25.1333,4842,"3091-2671 calBCE (4280±60 BP, Ua-19811)",1,"G",1,0,0,"Baltic",5600,true
"I2473","I2473","OlaldeScience2019 (supplement of LipsonNature2017)",2017,"Spain_C","Basque Country, Araba/Álava, Laguardia, El Sotillo","Spain",42.57,-2.62,4811,"2916-2704 calBCE (4250±30 BP, Beta-299305)",1,"G",1,0,0,"Mediterranean",8200,true
"MA968.MA976.SG","Ardu1","SaagCurrentBiology2017",2017,"Estonia_CordedWare.SG","Ardu, Harju","Estonia",59.1,25.37,4652,"2872-2501 calBCE (4110±40 BP, Poz-10824)",1,"G",1,0,0,"Baltic",5600,true
"MA969.SG","Ardu2","SaagCurrentBiology2017",2017,"Estonia_CordedWare.SG_o2","Ardu, Harju","Estonia",59.1,25.37,4652,"2872-2501 calBCE (4110±40 BP, Poz-10824)",2,"GG",2,0,0,"Baltic",5600,true
"I5838","I5838","LipsonNature2017",2017,"Spain_C","Burgos, Atapuerca, El Mirador Cave","Spain",42.33333333,-3.5,4550,"2900-2300 BCE",14,"GG",2,0,0,"Mediterranean",8200,true
"I2499","I2499","LazaridisNature2017",2017,"Turkey_EBA","Mediterranean, Isparta, Harmanören-Göndürle Höyük","Turkey",37.91774,30.70839,4514,"2836-2468 calBCE (4040±35 BP, Poz-82213)",1,"G",1,0,0,"Other Europe",6500,true
"I2683","I2683","LazaridisNature2017",2017,"Turkey_EBA","Mediterranean, Isparta, Harmanören-Göndürle Höyük","Turkey",37.91774,30.70839,4479,"2621-2467 calBCE (4015±30 BP, PSUAMS-1988)",12,"GG",2,0,0,"Other Europe",6500,true
"MA973.SG","MA973","SaagCurrentBiology2017",2017,"Estonia_CordedWare.SG","Kursi, Jõgeva","Estonia",58.33,26.15,4416,"2575-2307 calBCE (3960±40 BP, Poz-10825)",2,"GG",2,0,0,"Baltic",5600,true
"MA971.SG","Kunila1","SaagCurrentBiology2017",2017,"Estonia_CordedWare.SG","Kursi, Jõgeva","Estonia",58.33,26.15,4400,"2850-2050 BCE",1,"G",1,0,0,"Baltic",5600,true
"I2495","I2495","LazaridisNature2017",2017,"Turkey_EBA","Mediterranean, Isparta, Harmanören-Göndürle Höyük","Turkey",37.91774,30.70839,4355,"2560-2295 calBCE (3925±35 BP, Poz-81111)",3,"GG",2,0,0,"Other Europe",6500,true
"CovaMoura364.SG","CovaMoura364","MartinianoPLoSGenetics2017",2017,"Portugal_LN_C.SG","Cova da Moura","Portugal",38.745044,-9.21522,4200,"2500-2000 BCE",3,"GG",2,0,0,"Mediterranean",8200,true
"CovaMoura9B.SG","CovaMoura9B","MartinianoPLoSGenetics2017",2017,"Portugal_LN_C.SG","Cova da Moura","Portugal",38.745044,-9.21522,4200,"2500-2000 BCE",3,"GG",2,0,0,"Mediterranean",8200,true
"I0070","I0070","LazaridisNature2017",2017,"Greece_Minoan_Lassithi","Crete, Lassithi","Greece",35.08,25.83,4000,"2400-1700 BCE",7,"GG",2,0,0,"Mediterranean",8200,true
"I0071","I0071","LazaridisNature2017",2017,"Greece_Minoan_Lassithi","Crete, Lassithi","Greece",35.08,25.83,4000,"2400-1700 BCE",21,"GG",2,0,0,"Mediterranean",8200,true
"I0073","I0073","LazaridisNature2017",2017,"Greece_Minoan_Lassithi","Crete, Lassithi","Greece",35.08,25.83,4000,"2400-1700 BCE",8,"GG",2,0,0,"Mediterranean",8200,true
"I0074","I0074","LazaridisNature2017",2017,"Greece_Minoan_Lassithi","Crete, Lassithi","Greece",35.08,25.83,4000,"2400-1700 BCE",1,"G",1,0,0,"Mediterranean",8200,true
"I9005","I9005","LazaridisNature2017",2017,"Greece_Minoan_Lassithi","Crete, Lassithi","Greece",35.08,25.83,4000,"2400-1700 BCE",12,"GG",2,0,0,"Mediterranean",8200,true
"I9129","I9129","LazaridisNature2017",2017,"Greece_Minoan_Odigitria","Crete, Heraklion, Moni Odigitria","Greece",35.05138889,24.81361111,3895,"2210-1680 BCE",3,"GG",2,0,0,"Mediterranean",8200,true
"ERS1790733.SG","ERS1790733","HaberAJHG2017",2017,"Lebanon_MBA.SG","Sidon, College Site","Lebanon",33.561623,35.371184,3775,"1950-1692 calBCE (3505±45 BP, VERA-3890)",2,"GG",2,0,0,"Outside Europe",6500,true
"ERS1790731.SG","ERS1790731","HaberAJHG2017",2017,"Lebanon_MBA.SG","Sidon, College Site","Lebanon",33.561623,35.371184,3750,"1900-1700 BCE",2,"GG",2,0,0,"Outside Europe",6500,true
"ERS1790732.SG","ERS1790732","HaberAJHG2017",2017,"Lebanon_MBA.SG","Sidon, College Site","Lebanon",33.561623,35.371184,3650,"1800-1600 BCE",2,"GG",2,0,0,"Outside Europe",6500,true
"TV32032extra.SG","TV32032extra","MartinianoPLoSGenetics2017",2017,"Portugal_MBA.SG","Torre Velha 3","Portugal",37.199005,-8.587977,3550,"1800-1400 BCE",1,"G",1,0,0,"Mediterranean",8200,true
"MonteGato104.SG","MonteGato104","MartinianoPLoSGenetics2017",2017,"Portugal_MBA.SG","Monte do Gato de Cima 3","Portugal",37.944722,-7.598889,3546,"1728-1520 BCE (3334±26 BP) [R_combine: (3260±50 BP, Sac-2573); (3360±30 BP, Beta-318379)]",2,"GG",2,0,0,"Mediterranean",8200,true
"I9033","I9033","LazaridisNature2017",2017,"Greece_BA_Mycenaean_Pylos","Peristeria Tryfilia, Peloponnese","Greece",36.91666667,21.7,3296,"1418-1278 calBCE (3084±24 BP, DEM-2903, MAMS-25207)",5,"GG",2,0,0,"Mediterranean",8200,true
"I9006","I9006","LazaridisNature2017",2017,"Greece_BA_Mycenaean","Agia Kyriaki, Salamis","Greece",37.966284,23.495244,3283,"1413-1261 calBCE (3067±25 BP, DEM-2905, MAMS-25209)",12,"GG",2,0,0,"Mediterranean",8200,true
"I9010","I9010","LazaridisNature2017",2017,"Greece_BA_Mycenaean","Peloponnese, Galatas Apatheia","Greece",37.501,23.451,3250,"1400-1200 BCE",2,"GG",2,0,0,"Mediterranean",8200,true
"I9041","I9041","LazaridisNature2017",2017,"Greece_BA_Mycenaean","Peloponnese, Galatas Apatheia","Greece",37.501,23.451,3250,"1400-1200 BCE",4,"GG",2,0,0,"Mediterranean",8200,true
"I0577","I0577","UnterlanderNatureCommunications2017",2017,"Russia_Tuva_IA_AldyBel","Arzan","Russia",52.096067,93.711133,2750,"900 -700 BCE",9,"GG",2,0,0,"Outside Europe",6500,true
"Ze6b.SG","Ze6b","UnterlanderNatureCommunications2017",2017,"Kazakhstan_ZevakinoChilikta_IA_2.SG","Zevakino, East Kazakhstan","Kazakhstan",50.2,81.816667,2700,"900-600 BCE",32,"GA",2,1,0.5,"Outside Europe",6500,true
"JK2911","JK2911","ScheunemannNatureCommunications2017",2017,"Egypt_ThirdIntermediatePeriod","Abusir-el Meleq","Egypt",29.9,31.2,2602,"779-544 calBCE (2513±24 BP, MAMS-23617)",10,"GG",2,0,0,"Outside Europe",6500,true
"I0562","I0562","UnterlanderNatureCommunications2017",2017,"Kazakhstan_IA_Berel_Pazyryk","Berel","Kazakhstan",49.3356,86.350367,2300,"400-300 BCE",18,"GG",2,0,0,"Outside Europe",6500,true
"I0575","I0575","UnterlanderNatureCommunications2017",2017,"Russia_IA_EarlySarmatian","Pokrovka","Russia",51.990758,53.870167,2250,"400-200 BCE",1,"G",1,0,0,"Outside Europe",6500,true
"Burkhardtshohle_published_d","Burkhardtshohle","FuNature2016",2016,"Germany_Burkhardtshohle_published","Swabian Jura, Baden-Wurttemberg, Burkhardtshöhle, Westerheim","Germany",48.32,9.35,14620,"13127-12211 calBCE (12450±110 BP, ETH-7613)",2,"GG",2,0,0,"Rhine-Danube",7600,true
"Ranchot88_published_d","Ranchot88","FuNature2016",2016,"France_Ranchot88_published","Ranchot","France",47.91,5.43,10134,"8290-7968 calBCE (8985±40 BP, GrA-38019)",2,"GG",2,0,0,"Rhine-Danube",7600,true
"I1709_published","I1709","LazaridisNature2016",2016,"Jordan_PPNB_published_lc","'Ain Ghazal","Jordan",31.988,35.976,10050,"8300-7900 BCE",1,"G",1,0,0,"Outside Europe",6500,true
"LesCloseaux13_published_d","LesCloseaux13","FuNature2016",2016,"France_LesCloseaux13_published_lc","Les Closeaux","France",48.52,2.11,9933,"8282-7608 calBCE (8870±130 BP, OxA-7109 (Ly-612)",1,"G",1,0,0,"Rhine-Danube",7600,true
"I1290","I1290","LazaridisNature2016",2016,"Iran_GanjDareh_N","Ganj Dareh","Iran",34.45,48.116,9806,"8170-7606 calBCE (8780±50 BP, Poz-81100)",6,"GG",2,0,0,"Outside Europe",6500,true
"I0867","I0867","LazaridisNature2016",2016,"Israel_PPNB","Motza","Israel",31.79,35.168,8700,"7300-6200 BCE",5,"GG",2,0,0,"Outside Europe",6500,true
"I1699","I1699","LazaridisNature2016",2016,"Jordan_PPNC","'Ain Ghazal","Jordan",31.988,35.976,8700,"6800-6700 BCE",1,"G",1,0,0,"Outside Europe",6500,true
"Bar31.SG","Bar31","HofmanovaPNAS2016",2016,"Turkey_N.SG","Northwest Anatolia, Marmara, Barcın","Turkey",40.3037,29.6085,8272,"6417-6236 calBCE (7457±44 BP, UBA-29838)",4,"GG",2,0,0,"Mediterranean",8200,true
"I1671","I1671","LazaridisNature2016",2016,"Iran_LN_SehGabi","Seh Gabi","Iran",34.5,47.96,7686,"5840-5636 calBCE (6850±50 BP, OxA-33168)",1,"G",1,0,0,"Outside Europe",6500,true
"BerryAuBac_published","BerryAuBac","FuNature2016",2016,"France_BerryAuBac_published","Berry Au Bac","France",49.24,3.54,7237,"5368-5216 calBCE (6325±35 BP, SacA-5455)",1,"G",1,0,0,"Rhine-Danube",7600,true
"I1662","I1662","LazaridisNature2016",2016,"Iran_C_SehGabi","Seh Gabi","Iran",34.5,47.96,6677,"4836-4610 calBCE (5860±40 BP, Poz-81105)",1,"G",1,0,0,"Outside Europe",6500,true
"I1661","I1661","LazaridisNature2016",2016,"Iran_C_SehGabi","Seh Gabi","Iran",34.5,47.96,6539,"4700-4461 calBCE (5740±40 BP, Poz-81104)",3,"GG",2,0,0,"Outside Europe",6500,true
"Klei10.SG","Klei10","HofmanovaPNAS2016",2016,"Greece_LN_2.SG","Kleitos","Greece",40.4317,21.8588,6348,"4446-4351 calBCE (5559±22 BP, MAMS-23038)",3,"GG",2,0,0,"Mediterranean",8200,true
"Pal7.SG","Pal7","HofmanovaPNAS2016",2016,"Greece_LN_2.SG","Paliambela","Greece",39.7517,22.0096,6348,"4449-4348 calBCE (5559±29 BP, MAMS-23037)",4,"GG",2,0,0,"Mediterranean",8200,true
"I1634","I1634","LazaridisNature2016",2016,"Armenia_C","Areni 1","Armenia",39.73,45.2,6156,"4330-4056 calBCE (5366±31 BP, OxA-19331)",4,"GG",2,0,0,"Outside Europe",6500,true
"I1631","I1631","LazaridisNature2016",2016,"Armenia_C","Areni 1","Armenia",39.73,45.2,6099,"4311-4049 calBCE (5323±30 BP, OxA-19332)",11,"GG",2,0,0,"Outside Europe",6500,true
"I1632","I1632","LazaridisNature2016",2016,"Armenia_C","Areni 1","Armenia",39.73,45.2,6076,"4236-3994 calBCE (5285±29 BP, OxA-18599)",7,"GG",2,0,0,"Outside Europe",6500,true
"I1409","I1409","LazaridisNature2016",2016,"Armenia_C","Areni 1","Armenia",39.73,45.2,6047,"4230-3984 calBCE (5260±30 BP, Poz-81110)",1,"G",1,0,0,"Outside Europe",6500,true
"I1407","I1407","LazaridisNature2016",2016,"Armenia_C","Areni 1","Armenia",39.73,45.2,5875,"4350-3500 BCE",5,"GG",2,0,0,"Outside Europe",6500,true
"I1665","I1665","LazaridisNature2016",2016,"Iran_C_SehGabi","Seh Gabi","Iran",34.5,47.96,5819,"3957-3792 calBCE (5070±30 BP, Poz-81106)",1,"G",1,0,0,"Outside Europe",6500,true
"I1584","I1584","LazaridisNature2016",2016,"Turkey_C","Marmara, Bursa, Yenişehir, Barcın","Turkey",40.3,29.56,5770,"3946-3660 calBCE (5016±31 BP, OxA-32776)",3,"GG",2,0,0,"Mediterranean",8200,true
"I1658","I1658","LazaridisNature2016",2016,"Armenia_EBA","Talin","Armenia",40.382958,43.873663,5162,"3350-3041 calBCE (4492±29 BP, OxA-31874)",12,"GG",2,0,0,"Outside Europe",6500,true
"bally.SG","bally","CassidyPNAS2016",2016,"Ireland_N.SG","Ballynahatty, County Down","Ireland",54.54222222,-5.956666667,5131,"3346-3014 calBCE (4465±38 BP, UBA-7059)",9,"GA",2,1,0.5,"British Isles",6100,true
"I1635","I1635","LazaridisNature2016",2016,"Armenia_EBA","Kalavan","Armenia",40.65,45.1167,4476,"2623-2461 calBCE (4005±35 BP, Poz-81102)",12,"GG",2,0,0,"Outside Europe",6500,true
"I1633","I1633","LazaridisNature2016",2016,"Armenia_EBA","Kalavan","Armenia",40.65,45.1167,4465,"2621-2354 calBCE (3990±35 BP, Poz-22234)",9,"GG",2,0,0,"Outside Europe",6500,true
"I1730","I1730","LazaridisNature2016",2016,"Jordan_EBA","'Ain Ghazal","Jordan",31.988,35.976,4356,"2557-2296 calBCE (3925±31 BP, OxA-32775)",8,"GG",2,0,0,"Outside Europe",6500,true
"I1706","I1706","LazaridisNature2016",2016,"Jordan_EBA","'Ain Ghazal","Jordan",31.988,35.976,4345,"2490-2300 BCE",8,"GG",2,0,0,"Outside Europe",6500,true
"I1705","I1705","LazaridisNature2016",2016,"Jordan_EBA","'Ain Ghazal","Jordan",31.988,35.976,4029,"2198-1961 calBCE (3690±35 BP, Poz-81096)",10,"GG",2,0,0,"Outside Europe",6500,true
"rath1.SG","rath1","CassidyPNAS2016",2016,"Ireland_EBA.SG","Rathlin Island, County Antrim","Ireland",55.292132,-6.191685,3897,"2031-1830 calBCE (3591±29 BP, UBA-8707)",15,"GA",2,1,0.5,"British Isles",6100,true
"rath2.SG","rath2","CassidyPNAS2016",2016,"Ireland_EBA.SG","Rathlin Island, County Antrim","Ireland",55.292132,-6.191685,3819,"2026-1700 calBCE (3539±54 BP, UBA-8705)",6,"GA",2,1,0.5,"British Isles",6100,true
"rath3.SG","rath3","CassidyPNAS2016",2016,"Ireland_EBA.SG","Rathlin Island, County Antrim","Ireland",55.292132,-6.191685,3580,"1736-1539 calBCE (3354±28 BP, UBA-8706)",1,"G",1,0,0,"British Isles",6100,true
"I1656","I1656","LazaridisNature2016",2016,"Armenia_MBA","Katnaghbiur 1","Armenia",40.377222,43.938333,3397,"1502-1402 calBCE (3168±27 BP, OxA-31674)",13,"GG",2,0,0,"Outside Europe",6500,true
"F38.SG","F38","BroushakiScience2016",2016,"Iran_Hasanlu_IA.SG","Hasanlu","Iran",37.005,45.459,2833,"971-828 calBCE (2753±21 BP, MAMS-22352)",2,"GG",2,0,0,"Outside Europe",6500,true
"I1955","I1955","LazaridisNature2016",2016,"Iran_GanjDareh_Historic","Ganj Dareh","Iran",34.45,48.116,389,"1480-1640 calCE (330±30 BP, Beta-432801)",13,"GG",2,0,0,"Outside Europe",6500,true
"I0736","I0736","MathiesonNature2015",2015,"Turkey_N","Northwest Anatolia, Marmara, Barcın","Turkey",40.3037,29.57,8300,"6500-6200 BCE",4,"GG",2,0,0,"Mediterranean",8200,true
"I1096","I1096","MathiesonNature2015",2015,"Turkey_N","Northwest Anatolia, Marmara, Barcın","Turkey",40.3037,29.57,8300,"6500-6200 BCE",12,"GG",2,0,0,"Mediterranean",8200,true
"I1099","I1099","MathiesonNature2015",2015,"Turkey_N","Northwest Anatolia, Marmara, Barcın","Turkey",40.3037,29.57,8300,"6500-6200 BCE",3,"GG",2,0,0,"Mediterranean",8200,true
"I1100","I1100","MathiesonNature2015",2015,"Turkey_N","Northwest Anatolia, Marmara, Barcın","Turkey",40.3037,29.57,8300,"6500-6200 BCE",1,"G",1,0,0,"Mediterranean",8200,true
"I1101","I1101","MathiesonNature2015",2015,"Turkey_N","Northwest Anatolia, Marmara, Barcın","Turkey",40.3037,29.57,8300,"6500-6200 BCE",3,"GG",2,0,0,"Mediterranean",8200,true
"I1102","I1102","MathiesonNature2015",2015,"Turkey_N","Northwest Anatolia, Marmara, Barcın","Turkey",40.3037,29.57,8300,"6500-6200 BCE",1,"G",1,0,0,"Mediterranean",8200,true
"I1103","I1103","MathiesonNature2015",2015,"Turkey_N","Northwest Anatolia, Marmara, Barcın","Turkey",40.3037,29.57,8300,"6500-6200 BCE",1,"G",1,0,0,"Mediterranean",8200,true
"I1097","I1097","MathiesonNature2015",2015,"Turkey_N","Northwest Anatolia, Marmara, Barcın","Turkey",40.3037,29.57,8282,"6420-6245 calBCE (7475±30 BP, PSUAMS-2297)",7,"GG",2,0,0,"Mediterranean",8200,true
"I1098","I1098","MathiesonNature2015",2015,"Turkey_N","Northwest Anatolia, Marmara, Barcın","Turkey",40.3037,29.57,8282,"6419-6246 calBCE (7475±25 BP, PSUAMS-2947)",16,"GG",2,0,0,"Mediterranean",8200,true
"I1583_published","I1583","MathiesonNature2015",2015,"Turkey_N_published","Northwest Anatolia, Marmara, Barcın","Turkey",40.3037,29.57,8273,"6424-6233 calBCE (7460±50 BP, Poz-82231)",27,"GG",2,0,0,"Mediterranean",8200,true
"I0744","I0744","MathiesonNature2015",2015,"Turkey_N","Northwest Anatolia, Marmara, Barcın","Turkey",40.3037,29.57,8270,"6400-6239 calBCE (7455±30 BP, PSUAMS-2299)",5,"GG",2,0,0,"Mediterranean",8200,true
"I1581_published","I1581","MathiesonNature2015",2015,"Turkey_N_published","Northwest Anatolia, Marmara, Barcın","Turkey",40.3037,29.57,8252,"6386-6228 calBCE (7415±30 BP, PSUAMS-2104)",14,"GG",2,0,0,"Mediterranean",8200,true
"I0745","I0745","MathiesonNature2015",2015,"Turkey_N","Northwest Anatolia, Marmara, Barcın","Turkey",40.3037,29.57,8243,"6387-6111 calBCE (7405±30 BP, PSUAMS-2105)",34,"GG",2,0,0,"Mediterranean",8200,true
"I1580_published","I1580","MathiesonNature2015",2015,"Turkey_N_published","Northwest Anatolia, Marmara, Barcın","Turkey",40.3037,29.57,8205,"6381-6088 calBCE (7385±40 BP, PSUAMS-1964)",5,"GG",2,0,0,"Mediterranean",8200,true
"I0854_published","I0854","MathiesonNature2015",2015,"Turkey_N_sister.I0736_published","Northwest Anatolia, Marmara, Barcın","Turkey",40.3037,29.57,8104,"6228-6081 calBCE (7310±30 BP, PSUAMS-2298)",8,"GG",2,0,0,"Mediterranean",8200,true
"I0708","I0708","MathiesonNature2015",2015,"Turkey_N","Northwest Anatolia, Marmara, Barcın","Turkey",40.3037,29.57,8101,"6224-6074 calBCE (7285±30 BP, PSUAMS-2103)",31,"GG",2,0,0,"Mediterranean",8200,true
"I0707","I0707","MathiesonNature2015",2015,"Turkey_N","Northwest Anatolia, Marmara, Barcın","Turkey",40.3037,29.57,8096,"6225-6065 calBCE (7272±34 BP, Tubitak-0455)",44,"GG",2,0,0,"Mediterranean",8200,true
"I0709","I0709","MathiesonNature2015",2015,"Turkey_N","Northwest Anatolia, Marmara, Barcın","Turkey",40.3037,29.57,8085,"6223-6034 calBCE (7255±30 BP, PSUAMS-2952)",58,"GG",2,0,0,"Mediterranean",8200,true
"I1579_published","I1579","MathiesonNature2015",2015,"Turkey_N_published","Northwest Anatolia, Marmara, Barcın","Turkey",40.3,29.56666667,8072,"6221-6028 calBCE (7245±25 BP, PSUAMS-2954)",8,"GG",2,0,0,"Mediterranean",8200,true
"I1585_published","I1585","MathiesonNature2015",2015,"Turkey_N_published","Northwest Anatolia, Marmara, Barcın","Turkey",40.3,29.56666667,8021,"6217-6007 calBCE (7215±30 BP, PSUAMS-2953)",19,"GG",2,0,0,"Mediterranean",8200,true
"I0724_published","I0724","MathiesonNature2015",2015,"Turkey_N_published","Menteşe","Turkey",40.26,29.65,7950,"6400-5600 BCE",2,"GG",2,0,0,"Mediterranean",8200,true
"I0746","I0746","MathiesonNature2015",2015,"Turkey_N","Northwest Anatolia, Marmara, Barcın","Turkey",40.3037,29.57,7928,"6070-5888 calBCE (7110±50 BP, Poz-82177)",43,"GG",2,0,0,"Mediterranean",8200,true
"I0013","I0013","MathiesonNature2015 (1240k of same same sample with 390k in HaakLazaridis2015)",2015,"Sweden_Motala_HG","Motala, Kanaljorden","Sweden",58.535000000000004,15.046000000000001,7722,"5966-5634 calBCE (6877±69 BP, Ua-42117)",8,"GG",2,0,0,"Baltic",5600,true
"I0015","I0015","MathiesonNature2015 (1240k of same same sample with 390k in HaakLazaridis2015)",2015,"Sweden_Motala_HG","Motala, Kanaljorden","Sweden",58.535000000000004,15.046000000000001,7710,"5967-5627 calBCE (6863±75 BP, Ua-42120)",7,"GG",2,0,0,"Baltic",5600,true
"I0014","I0014","MathiesonNature2015 (1240k of same same sample with 390k in HaakLazaridis2015)",2015,"Sweden_Motala_HG","Motala, Kanaljorden","Sweden",58.535000000000004,15.046000000000001,7686,"5885-5624 calBCE (6842±68 BP, Ua-42118)",8,"GG",2,0,0,"Baltic",5600,true
"I0012","I0012","MathiesonNature2015 (1240k of same same sample with 390k in HaakLazaridis2015)",2015,"Sweden_Motala_HG","Motala, Kanaljorden","Sweden",58.535000000000004,15.046000000000001,7598,"5715-5569 calBCE (6734±30 BP, Ua-51722)",3,"GG",2,0,0,"Baltic",5600,true
"I0011","I0011","MathiesonNature2015 (1240k of same same sample with 390k in HaakLazaridis2015)",2015,"Sweden_Motala_HG","Motala, Kanaljorden","Sweden",58.535000000000004,15.046000000000001,7564,"5721-5484 calBCE (6701±64 BP, Ua-42116)",3,"GG",2,0,0,"Baltic",5600,true
"I0124","I0124","MathiesonNature2015 (1240k of same same sample with 390k in HaakLazaridis2015)",2015,"Russia_HG_Samara","Samara Oblast, Volga River Valley, Sok River, Lebyazhinka","Russia",53.680623,50.675349,7544,"5660-5535 calBCE (6680±30 BP, Beta-392490)",1,"G",1,0,0,"Outside Europe",6500,true
"CB13.SG","CB13","OlaldeMBE2015",2015,"Spain_EN.SG","Cova Bonica, Vallirana, Barcelona","Spain",41.37,1.89,7345,"5474-5318 calBCE (6410±30 BP, Beta-384724)",1,"G",1,0,0,"Mediterranean",8200,true
"I0409","I0409","MathiesonNature2015 (1240k of same same sample with 390k in HaakLazaridis2015)",2015,"Spain_EN","Els Trocs","Spain",42.5,0.5,7210,"5312-5212 calBCE (6280±25 BP, MAMS-16159)",4,"GG",2,0,0,"Mediterranean",8200,true
"I0412","I0412","MathiesonNature2015 (1240k of same same sample with 390k in HaakLazaridis2015)",2015,"Spain_EN","Els Trocs","Spain",42.5,0.5,7177,"5309-5073 calBCE (6249±28 BP, MAMS-16164)",52,"GG",2,0,0,"Mediterranean",8200,true
"I0413","I0413","MathiesonNature2015 (1240k of same same sample with 390k in HaakLazaridis2015)",2015,"Spain_EN","Els Trocs","Spain",42.5,0.5,7143,"5304-5065 calBCE (6234±28 BP, MAMS-16166)",7,"GG",2,0,0,"Mediterranean",8200,true
"I1550_published","I1550","LipsonNature2017 (supplement of MathiesonNature2015, which itself was supplement of HaakLazaridis2015)",2015,"Germany_EN_LBK_published","Halberstadt-Sonntagsfeld","Germany",51.89583333,11.04666667,7125,"5500-4850 BCE",2,"GG",2,0,0,"Rhine-Danube",7600,true
"I0022","I0022","MathiesonNature2015 (1240k of same same sample with 390k in HaakLazaridis2015)",2015,"Germany_EN_LBK","Baden-Württemberg, Stuttgart-Mühlhausen, Viesenhaeuser Hof","Germany",48.78,9.18,7125,"5500-4850 BCE",2,"GG",2,0,0,"Rhine-Danube",7600,true
"I0025","I0025","MathiesonNature2015 (1240k of same same sample with 390k in HaakLazaridis2015)",2015,"Germany_EN_LBK","Baden-Württemberg, Stuttgart-Mühlhausen, Viesenhaeuser Hof","Germany",48.78,9.18,7125,"5500-4850 BCE",10,"GG",2,0,0,"Rhine-Danube",7600,true
"I0026","I0026","MathiesonNature2015 (1240k of same same sample with 390k in HaakLazaridis2015)",2015,"Germany_EN_LBK","Baden-Württemberg, Stuttgart-Mühlhausen, Viesenhaeuser Hof","Germany",48.78,9.18,7125,"5500-4850 BCE",8,"GG",2,0,0,"Rhine-Danube",7600,true
"I0410","I0410","MathiesonNature2015 (1240k of same same sample with 390k in HaakLazaridis2015)",2015,"Spain_EN","Els Trocs","Spain",42.5,0.5,7106,"5298-5057 calBCE (6217±25 BP, MAMS-16161)",5,"GG",2,0,0,"Mediterranean",8200,true
"I0054","I0054","MathiesonNature2015 (1240k of same same sample with 390k in HaakLazaridis2015)",2015,"Germany_EN_LBK","Unterwiederstedt","Germany",51.66,11.53,7074,"5216-5009 calBCE (6180±34 BP, MAMS-21485)",68,"GG",2,0,0,"Rhine-Danube",7600,true
"I0046_published","I0046","LipsonNature2017 (higher.cov.version.of.MathiesonNature2015)",2015,"Germany_EN_LBK_published","Halberstadt-Sonntagsfeld","Germany",51.89583333,11.04666667,7041,"5211-4957 calBCE (6136±34 BP, MAMS-21479)",2,"GG",2,0,0,"Rhine-Danube",7600,true
"I0659_published","I0659","LipsonNature2017 (supplement of MathiesonNature2015, which itself was supplement of HaakLazaridis2015)",2015,"Germany_EN_LBK_published","Halberstadt-Sonntagsfeld","Germany",51.89583333,11.04666667,7031,"5210-4952 calBCE (6130±40 BP, KIA-40350)",1,"G",1,0,0,"Rhine-Danube",7600,true
"I0100","I0100","LipsonNature2017 (supplement of MathiesonNature2015, which itself was supplement of HaakLazaridis2015)",2015,"Germany_EN_LBK","Halberstadt-Sonntagsfeld","Germany",51.89583333,11.04666667,6944,"5205-4850 calBCE (6080±32 BP, KIA-40341)",30,"GG",2,0,0,"Rhine-Danube",7600,true
"I0821_published","I0821","LipsonNature2017 (supplement of MathiesonNature2015, which itself was supplement of HaakLazaridis2015)",2015,"Germany_EN_LBK_published","Halberstadt-Sonntagsfeld","Germany",51.89583333,11.04666667,6938,"5205-4847 calBCE (6076±34 BP, KIA-40348)",1,"G",1,0,0,"Rhine-Danube",7600,true
"I0122","I0122","MathiesonNature2015",2015,"Russia_Khvalynsk_Eneolithic","Samara Oblast, Volga River Valley, Khvalynsk II","Russia",52.35336944,48.07836667,6788,"4936-4730 calBCE (5960±25 BP, PSUAMS-4031)",2,"GG",2,0,0,"Outside Europe",6500,true
"I0807","I0807","MathiesonNature2015 (1240k of same same sample with 390k in HaakLazaridis2015)",2015,"Germany_MN_Baalberge","Esperstedt","Germany",51.42,11.68,5799,"3977-3659 calBCE (5061±62 BP, Erl-7784)",1,"G",1,0,0,"Rhine-Danube",7600,true
"I0405","I0405","MathiesonNature2015 (1240k of same same sample with 390k in HaakLazaridis2015)",2015,"Spain_MLN","La Mina","Spain",41.2522,-2.32622,5700,"3900-3600 BCE",1,"G",1,0,0,"Mediterranean",8200,true
"I0406","I0406","MathiesonNature2015 (1240k of same same sample with 390k in HaakLazaridis2015)",2015,"Spain_MLN","La Mina","Spain",41.2522,-2.32622,5700,"3900-3600 BCE",10,"GG",2,0,0,"Mediterranean",8200,true
"I0407","I0407","MathiesonNature2015 (1240k of same same sample with 390k in HaakLazaridis2015)",2015,"Spain_MLN","La Mina","Spain",41.2522,-2.32622,5700,"3900-3600 BCE",5,"GG",2,0,0,"Mediterranean",8200,true
"I0408","I0408","MathiesonNature2015 (1240k of same same sample with 390k in HaakLazaridis2015)",2015,"Spain_MLN","La Mina","Spain",41.2522,-2.32622,5686,"3895-3651 calBCE (4970±30 BP, Beta-316132)",68,"GG",2,0,0,"Mediterranean",8200,true
"I0560","I0560","MathiesonNature2015 (1240k of same same sample with 390k in HaakLazaridis2015)",2015,"Germany_MN_Baalberge","Quedlinburg Site IX","Germany",51.792,11.142,5471,"3637-3376 calBCE (4745±52 BP, Erl-7856)",3,"GG",2,0,0,"Rhine-Danube",7600,true
"I0172","I0172","MathiesonNature2015 (1240k of same same sample with 390k in HaakLazaridis2015)",2015,"Germany_MN_Esperstedt","Esperstedt","Germany",51.42,11.68,5155,"3363-3029 calBCE (4502±48 BP, Erl-8699)",128,"GG",2,0,0,"Rhine-Danube",7600,true
"I0429","I0429","MathiesonNature2015 (1240k of same same sample with 390k in HaakLazaridis2015)",2015,"Russia_Samara_EBA_Yamnaya","Samara Oblast, Volga River Valley, Sok River, Lopatino I","Russia",53.64,50.655,5074,"3339-2916 calBCE (4432±66 BP, AA-47804)",1,"G",1,0,0,"Outside Europe",6500,true
"I0444","I0444","MathiesonNature2015 (1240k of same same sample with 390k in HaakLazaridis2015)",2015,"Russia_Samara_EBA_Yamnaya","Samara Oblast, Volga River Valley, Kutuluk River, Kutuluk","Russia",53.18116111,51.2225,5003,"3335-2883 calBCE (4370±75 BP, AA-12570)",1,"G",1,0,0,"Outside Europe",6500,true
"atp016.SG","atp016","ValdioseraPNAS2018",2015,"Spain_C.SG","Atapuerca, El Portalón","Spain",42.35267,-3.51832,4971,"3265-2913 calBCE (4400±30 BP, Beta-368289)",18,"GG",2,0,0,"Mediterranean",8200,true
"I0357","I0357","MathiesonNature2015 (1240k of same same sample with 390k in HaakLazaridis2015)",2015,"Russia_Samara_EBA_Yamnaya","Samara Oblast, Volga River Valley, Sok River, Lopatino I","Russia",53.64,50.655,4942,"3093-2911 calBCE (4380±30 BP, Beta-392489)",2,"GG",2,0,0,"Outside Europe",6500,true
"atp12-1420.SG","atp12-1420","ValdioseraPNAS2018",2015,"Spain_C.SG","Atapuerca, El Portalón","Spain",42.35267,-3.51832,4868,"3011-2881 calBCE (4300±30 BP, Beta-368295)",5,"GG",2,0,0,"Mediterranean",8200,true
"I0370","I0370","MathiesonNature2015 (1240k of same same sample with 390k in HaakLazaridis2015)",2015,"Russia_Samara_EBA_Yamnaya","Samara Oblast, Volga River Valley, Eastern Orenburg, Pre-Ural steppe, Ishkinovka I","Russia",51.27,58.18,4850,"3300-2500 BCE",1,"G",1,0,0,"Outside Europe",6500,true
"I0443","I0443","MathiesonNature2015 (1240k of same same sample with 390k in HaakLazaridis2015)",2015,"Russia_Samara_EBA_Yamnaya","Samara Oblast, Volga River Valley, Sok River, Lopatino II","Russia",53.64,50.655,4850,"3300-2500 BCE",7,"GG",2,0,0,"Outside Europe",6500,true
"I0231_published","I0231","NarasimhanPattersonScience2019 (previously MathiesonNature2015 which was 1240k of same sample with 390k in HaakLazaridis2015)",2015,"Russia_Samara_EBA_Yamnaya_published2","Samara Oblast, Volga River Valley, Southern Steppe, Ekaterinovka","Russia",52.71085,49.46685556,4844,"2911-2881 BCE (4270±17 BP) [R_combine: (4260±30 BP, Beta-392487); (4275±20 BP, PSUAMS-4279)]",46,"GG",2,0,0,"Outside Europe",6500,true
"I0438","I0438","MathiesonNature2015 (1240k of same same sample with 390k in HaakLazaridis2015)",2015,"Russia_Samara_EBA_Yamnaya","Samara Oblast, Volga River Valley, Samara River, Luzkhi I","Russia",53.38,50.38,4785,"3020-2631 calBCE (4254±61 BP, AA-47807)",2,"GG",2,0,0,"Outside Europe",6500,true
"I0581_published_d","I0581","MathiesonNature2015",2015,"Spain_C_published","Burgos, Atapuerca, El Mirador Cave","Spain",42.33333333,-3.5,4746,"2900-2675 calBCE (4210±30 BP, Beta-416455)",78,"GG",2,0,0,"Mediterranean",8200,true
"RISE509.SG","I10565","AllentoftNature2015",2015,"Russia_Afanasievo.SG","Bateni","Russia",54.35661,90.919186,4726,"2889-2668 calBCE (4186±27 BP, OxA-31221)",9,"GG",2,0,0,"Outside Europe",6500,true
"I0440","I0440","MathiesonNature2015",2015,"Russia_MBA_Poltavka","Samara Oblast, Volga River Valley, Sok River, Lopatino II","Russia",53.38,50.39,4720,"2887-2636 calBCE (4180±30 BP, Beta-392492)",16,"GG",2,0,0,"Outside Europe",6500,true
"RISE547.SG","RISE547","AllentoftNature2015",2015,"Russia_Kalmykia_EBA_Yamnaya.SG","Temrta IV","Russia",46.539,43.699,4713,"2886-2631 calBCE (4175±35 BP, GrA-58960)",2,"GG",2,0,0,"Outside Europe",6500,true
"RISE1.SG","RISE1","AllentoftNature2015",2015,"Poland_CWC_3.SG","Oblaczkowo","Poland",52.29,17.54,4663,"2866-2577 calBCE (4117±28 BP, UBA-16633)",1,"G",1,0,0,"Rhine-Danube",7600,true
"I1281","I1281","MathiesonNature2015",2015,"Spain_C","Burgos, Atapuerca, El Mirador Cave","Spain",42.33333333,-3.5,4653,"2867-2573 calBCE (4110±30 BP, Beta-416458)",2,"GG",2,0,0,"Mediterranean",8200,true
"I1272","I1272","MathiesonNature2015",2015,"Spain_C","Burgos, Atapuerca, El Mirador Cave","Spain",42.33333333,-3.5,4595,"2857-2492 calBCE (4080±30 BP, Beta-416456)",3,"GG",2,0,0,"Mediterranean",8200,true
"I1300","I1300","MathiesonNature2015",2015,"Spain_C","Burgos, Atapuerca, El Mirador Cave","Spain",42.33333333,-3.5,4550,"2900-2300 BCE",9,"GG",2,0,0,"Mediterranean",8200,true
"I1303","I1303","MathiesonNature2015",2015,"Spain_C","Burgos, Atapuerca, El Mirador Cave","Spain",42.33333333,-3.5,4550,"2900-2300 BCE",5,"GG",2,0,0,"Mediterranean",8200,true
"RISE510.SG","RISE510","AllentoftNature2015",2015,"Russia_Afanasievo.SG","Bateni","Russia",54.35661,90.919186,4531,"2848-2465 calBCE (4040±45 BP, OxA-31222)",2,"GG",2,0,0,"Outside Europe",6500,true
"RISE94.SG","RISE94","AllentoftNature2015",2015,"Sweden_BattleAxe.SG","Viby","Sweden",56.025,14.233,4487,"2623-2468 calBCE (4025±30 BP, OxA-29033)",1,"G",1,0,0,"Baltic",5600,true
"I0103","I0103","MathiesonNature2015 (1240k of same same sample with 390k in HaakLazaridis2015)",2015,"Germany_CordedWare","Esperstedt","Germany",51.42,11.68,4472,"2617-2461 calBCE (4000±31 BP, MAMS-21488)",94,"GG",2,0,0,"Rhine-Danube",7600,true
"MA826.RISE00.SG","Sope","SaagCurrentBiology2017.merge.with.AllentoftNature2015",2015,"Estonia_CordedWare.SG_o1","Jäbara, Ida-Viru, Sope","Estonia",59.408,27.026,4442,"2575-2348 calBCE (3969±32 BP, UBA-29064)",1,"G",1,0,0,"Baltic",5600,true
"I1277","I1277","MathiesonNature2015",2015,"Spain_C","Burgos, Atapuerca, El Mirador Cave","Spain",42.33333333,-3.5,4403,"2570-2342 calBCE (3950±30 BP, Beta-416457)",3,"GG",2,0,0,"Mediterranean",8200,true
"I0108","I0108","MathiesonNature2015 (1240k of same same sample with 390k in HaakLazaridis2015)",2015,"Germany_BellBeaker","Rothenschirmbach","Germany",51.45,11.54,4399,"2575-2297 calBCE (3953±47 BP, Erl-8710)",4,"GG",2,0,0,"Rhine-Danube",7600,true
"RISE552.SG","RISE552","AllentoftNature2015",2015,"Russia_Kalmykia_EBA_Yamnaya.SG","Ulan V","Russia",46.615,43.334,4382,"2846-2144 calBCE (3940±90 BP, IGAN-4079)",1,"G",1,0,0,"Outside Europe",6500,true
"I0104","I0104","MathiesonNature2015 (1240k of same same sample with 390k in HaakLazaridis2015)",2015,"Germany_CordedWare","Esperstedt","Germany",51.42,11.68,4358,"2563-2295 calBCE (3927±37 BP, MAMS-21487)",20,"GG",2,0,0,"Rhine-Danube",7600,true
"I0374","I0374","MathiesonNature2015",2015,"Russia_MBA_Poltavka","Samara Oblast, Volga River Valley, Samara River, Nikolaevka III","Russia",49.96666667,44.66666667,4350,"2800-2000 BCE",6,"GG",2,0,0,"Outside Europe",6500,true
"I0118","I0118","MathiesonNature2015 (1240k of same same sample with 390k in HaakLazaridis2015)",2015,"Germany_LN_Alberstedt","Alberstedt","Germany",51.45,11.63,4325,"2469-2238 calBCE (3892±32 BP, MAMS-21492)",33,"GG",2,0,0,"Rhine-Danube",7600,true
"I0111","I0111","MathiesonNature2015 (1240k of same same sample with 390k in HaakLazaridis2015)",2015,"Germany_BellBeaker","Rothenschirmbach","Germany",51.45,11.54,4303,"2474-2201 calBCE (3881±50 BP, Erl-8712)",6,"GG",2,0,0,"Rhine-Danube",7600,true
"I0106","I0106","MathiesonNature2015 (1240k of same same sample with 390k in HaakLazaridis2015)",2015,"Germany_CordedWare","Esperstedt","Germany",51.42,11.68,4297,"2461-2208 calBCE (3867±32 BP, MAMS-21490)",1,"G",1,0,0,"Rhine-Danube",7600,true
"RISE559.SG","I4124","AllentoftNature2015",2015,"Germany_BellBeaker_dup.I4124.SG","Augsburg","Germany",48.33,10.895,4278,"2459-2204 calBCE (3855±35 BP, Poz-84458)",1,"G",1,0,0,"Rhine-Danube",7600,true
"I0805","I0805","MathiesonNature2015",2015,"Germany_BellBeaker_contam","Quedlinburg Site VII","Germany",51.79,11.14,4252,"2465-2142 calBCE (3839±55 BP, Erl-8558)",1,"G",1,0,0,"Rhine-Danube",7600,true
"I1532","I1532","MathiesonNature2015",2015,"Germany_CordedWare","Esperstedt","Germany",51.42,11.68,4225,"2500-2050 BCE",1,"G",1,0,0,"Rhine-Danube",7600,true
"I1534","I1534","MathiesonNature2015",2015,"Germany_CordedWare","Esperstedt","Germany",51.42,11.68,4225,"2500-2050 BCE",2,"GG",2,0,0,"Rhine-Danube",7600,true
"I1536","I1536","MathiesonNature2015",2015,"Germany_CordedWare","Esperstedt","Germany",51.42,11.68,4225,"2500-2050 BCE",1,"G",1,0,0,"Rhine-Danube",7600,true
"I1542","I1542","MathiesonNature2015",2015,"Germany_CordedWare","Esperstedt","Germany",51.42,11.68,4225,"2500-2050 BCE",1,"G",1,0,0,"Rhine-Danube",7600,true
"I1549","I1549","MathiesonNature2015",2015,"Germany_BellBeaker","Benzingerode-Heimburg","Germany",51.82,10.91,4225,"2500-2050 BCE",14,"GG",2,0,0,"Rhine-Danube",7600,true
"I0112","I0112","MathiesonNature2015 (1240k of same same sample with 390k in HaakLazaridis2015)",2015,"Germany_BellBeaker","Quedlinburg Site XII","Germany",51.791000000000004,11.141,4224,"2455-2141 calBCE (3820±42 BP, Erl-7038)",11,"GA",2,1,0.5,"Rhine-Danube",7600,true
"I0806","I0806","MathiesonNature2015 (1240k of same same sample with 390k in HaakLazaridis2015)",2015,"Germany_BellBeaker","Quedlinburg Site VII","Germany",51.79,11.14,4217,"2433-2147 calBCE (3824±25 BP, MAMS-22820)",2,"GG",2,0,0,"Rhine-Danube",7600,true
"I0059","I0059","MathiesonNature2015 (1240k of same same sample with 390k in HaakLazaridis2015)",2015,"Germany_BenzigerodeHeimburg_LN","Benzingerode-Heimburg","Germany",51.82,10.91,4179,"2343-2137 calBCE (3796±30 BP, MAMS-21486)",5,"GG",2,0,0,"Rhine-Danube",7600,true
"RISE577.SG","I4139","AllentoftNature2015",2015,"Czech_Unetice_EBA_dup.I4139.SG","Velké Přílepy","Czech Republic",50.16,14.311,4150,"2500-1900 BCE",12,"GG",2,0,0,"Rhine-Danube",7600,true
"RISE386.SG","RISE386","AllentoftNature2015",2015,"Russia_MLBA_Sintashta.SG","Bulanovo","Russia",52.453,55.16,4147,"2335-2041 calBCE (3775±34 BP, OxA-30991)",1,"G",1,0,0,"Outside Europe",6500,true
"I0171","I0171","MathiesonNature2015 (1240k of same same sample with 390k in HaakLazaridis2015)",2015,"Germany_BenzigerodeHeimburg_LN","Benzingerode-Heimburg","Germany",51.82,10.91,4118,"2288-2039 calBCE (3758±33 BP, KIA-27952)",2,"GG",2,0,0,"Rhine-Danube",7600,true
"I0117","I0117","MathiesonNature2015 (1240k of same same sample with 390k in HaakLazaridis2015)",2015,"Germany_EBA_Unetice","Esperstedt","Germany",51.42,11.68,4092,"2276-2037 calBCE (3743±25 BP, MAMS-21496)",2,"GG",2,0,0,"Rhine-Danube",7600,true
"RISE98.SG","RISE98","AllentoftNature2015",2015,"Sweden_LN.SG","L Beddinge 56","Sweden",55.381,13.445,4082,"2278-2032 calBCE (3736±32 BP, OxA-28987)",10,"GA",2,1,0.5,"Baltic",5600,true
"I0419","I0419","NarasimhanPattersonScience2019 (supplement of MathiesonNature2018)",2015,"Russia_Potapovka_o2","Samara Oblast, Volga River Valley, Samara River, Utyevka VI","Russia",52.91277778,50.99055556,4000,"2200-1900 BCE",2,"GG",2,0,0,"Outside Europe",6500,true
"I0116","I0116","MathiesonNature2015 (1240k of same same sample with 390k in HaakLazaridis2015)",2015,"Germany_EBA_Unetice","Esperstedt","Germany",51.42,11.68,3978,"2137-1936 calBCE (3650±32 BP, MAMS-21495)",5,"GG",2,0,0,"Rhine-Danube",7600,true
"RISE392.SG","RISE392","AllentoftNature2015",2015,"Russia_MLBA_Sintashta.SG","Stepnoe VII Cemetery","Russia",53.876,59.076,3943,"2131-1891 calBCE (3626±33 BP, OxA-30999)",1,"G",1,0,0,"Outside Europe",6500,true
"I0047_published","I0047","MathiesonNature2015",2015,"Germany_EBA_Unetice_published","Halberstadt-Sonntagsfeld","Germany",51.89583333,11.04666667,3923,"2116-1888 calBCE (3612±30 BP, MAMS-21481)",7,"GG",2,0,0,"Rhine-Danube",7600,true
"I0164","I0164","MathiesonNature2015 (1240k of same same sample with 390k in HaakLazaridis2015)",2015,"Germany_EBA_Unetice","Quedlinburg Site VIII","Germany",51.793,11.143,3906,"2027-1890 calBCE (3599±25 BP, MAMS-21497)",9,"GA",2,1,0.5,"Rhine-Danube",7600,true
"RISE486.SG","RISE486","AllentoftNature2015",2015,"Italy_North_Remedello_EBA.SG","Lombardy, Remedello di Sotto","Italy",45.26,10.379,3902,"2136-1771 calBCE (3595±55 BP, ETH-12913)",2,"GG",2,0,0,"Rhine-Danube",7600,true
"RISE97.SG","RISE97","AllentoftNature2015",2015,"Sweden_LN.SG","Fredriksberg","Sweden",55.557,13.059000000000001,3895,"2030-1830 calBCE (3590±29 BP, OxA-28986)",1,"G",1,0,0,"Baltic",5600,true
"RISE395.SG","RISE395","AllentoftNature2015",2015,"Russia_MLBA_Sintashta.SG","Bol'shekaraganskii","Russia",52.637,59.536,3815,"2008-1750 calBCE (3540±33 BP, OxA-30996)",1,"G",1,0,0,"Outside Europe",6500,true
"I0115","I0115","MathiesonNature2015 (1240k of same same sample with 390k in HaakLazaridis2015)",2015,"Germany_EBA_Unetice","Esperstedt","Germany",51.42,11.68,3815,"1959-1751 calBCE (3540±31 BP, MAMS-21494)",1,"G",1,0,0,"Rhine-Danube",7600,true
"RISE150.SG","RISE150","AllentoftNature2015",2015,"Poland_EBA_Unetice.SG","Przeclawice","Poland",50.918,16.957,3744,"1886-1691 calBCE (3469±31 BP, Ua-42401)",4,"GG",2,0,0,"Rhine-Danube",7600,true
"I0358","I0358","NarasimhanPattersonScience2019 (supplement of MathiesonNature2018)",2015,"Russia_Srubnaya","Samara Oblast, Volga River Valley, Samara River, Spiridonovka IV","Russia",53.03,50.39,3719,"1921-1619 calBCE (3455±56 BP, AA-47808)",1,"G",1,0,0,"Outside Europe",6500,true
"RISE479.SG","RISE479","AllentoftNature2015",2015,"Hungary_MBA_Vatya_o2.SG","Erd 4","Hungary",47.341,18.896,3700,"2000-1500 BCE",1,"G",1,0,0,"Rhine-Danube",7600,true
"I0234","I0234","MathiesonNature2015",2015,"Russia_Srubnaya","Samara Oblast, Volga River Valley, Samara Steppes, Rozhdestveno I","Russia",53.14,50.01,3675,"1850-1600 BCE",1,"G",1,0,0,"Outside Europe",6500,true
"I0424","I0424","NarasimhanPattersonScience2019 (supplement of MathiesonNature2018)",2015,"Russia_Srubnaya","Samara Oblast, Volga River Valley, Samara River, Uvarovka I","Russia",53.12,48.37,3675,"1850-1600 BCE",1,"G",1,0,0,"Outside Europe",6500,true
"I0430","I0430","NarasimhanPattersonScience2019 (supplement of MathiesonNature2018)",2015,"Russia_Srubnaya","Samara Oblast, Volga River Valley, Samara River, Spiridonovka II","Russia",53.08,50.36,3675,"1850-1600 BCE",20,"GA",2,1,0.5,"Outside Europe",6500,true
"RISE505.SG","RISE505","AllentoftNature2015",2015,"Russia_Andronovo.SG","Kytmanovo","Russia",53.456,85.447,3628,"1862-1612 calBCE (3391±27 BP, OxA-31216)",8,"GG",2,0,0,"Outside Europe",6500,true
"RISE503.SG","RISE503","AllentoftNature2015",2015,"Russia_Andronovo.SG","Kytmanovo","Russia",53.456,85.447,3547,"1731-1510 calBCE (3328±38 BP, OxA-31445)",1,"G",1,0,0,"Outside Europe",6500,true
"RISE416.SG","RISE416","AllentoftNature2015",2015,"Armenia_MBA.SG","Nerquin Getashen","Armenia",40.14,45.26,3477,"1616-1443 calBCE (3259±40 BP, UBA-27942)",1,"G",1,0,0,"Outside Europe",6500,true
"I0423","I0423","MathiesonNature2015",2015,"Russia_Srubnaya","Samara Oblast, Volga River Valley, Samara River, Barinovka I","Russia",52.54,50.5,3475,"1850-1200 BCE",1,"A",1,1,1,"Outside Europe",6500,true
"I0232","I0232","NarasimhanPattersonScience2019 (supplement of MathiesonNature2018)",2015,"Russia_Srubnaya","Samara Oblast, Volga River Valley, Tatarstan oblast, forest-steppe zone, Novosel'ki","Russia",48.1,54.44,3475,"1850-1200 BCE",23,"GG",2,0,0,"Outside Europe",6500,true
"I0359","I0359","NarasimhanPattersonScience2019 (supplement of MathiesonNature2018, which itself supplements MathiesonNature2015)",2015,"Russia_Srubnaya","Samara Oblast, Volga River Valley, Samara River, Spiridonovka IV","Russia",53.03,50.39,3475,"1850-1200 BCE",6,"GG",2,0,0,"Outside Europe",6500,true
"I0422","I0422","NarasimhanPattersonScience2019 (supplement of MathiesonNature2018)",2015,"Russia_Srubnaya","Samara Oblast, Volga River Valley, Samara River, Barinovka I","Russia",52.54,50.5,3475,"1850-1200 BCE",8,"GG",2,0,0,"Outside Europe",6500,true
"RISE493.SG","RISE493","AllentoftNature2015",2015,"Russia_Karasuk_oRISE.SG","Sabinka 2","Russia",53.152,91.05,3423,"1518-1427 calBCE (3214±26 BP, OxA-31211)",10,"GG",2,0,0,"Outside Europe",6500,true
"RISE523.SG","RISE523","AllentoftNature2015",2015,"Russia_Mezhovskaya.SG","Kapova cave","Russia",53.043,57.066,3411,"1531-1403 calBCE (3192±37 BP, OxA-31447)",2,"GG",2,0,0,"Outside Europe",6500,true
"RISE502.SG","RISE502","AllentoftNature2015",2015,"Russia_Karasuk_oRISE.SG","Bystrovka","Russia",51.909,88.574,3360,"1497-1308 calBCE (3140±27 BP, OxA-31214)",3,"GG",2,0,0,"Outside Europe",6500,true
"RISE496.SG","RISE496","AllentoftNature2015",2015,"Russia_Karasuk_oRISE.SG","Arban 1","Russia",52.954,90.187,3285,"1416-1260 calBCE (3070±28 BP, OxA-31213)",3,"GA",2,1,0.5,"Outside Europe",6500,true
"RISE495.SG","RISE495","AllentoftNature2015",2015,"Russia_Karasuk_oRISE.SG","Arban 1","Russia",52.954,90.187,3100,"1400-900 BCE",3,"GG",2,0,0,"Outside Europe",6500,true
"RISE497.SG","RISE497","AllentoftNature2015",2015,"Russia_Karasuk_o1.SG","Arban 1","Russia",52.954,90.187,3100,"1400-900 BCE",6,"GG",2,0,0,"Outside Europe",6500,true
"RISE499.SG","RISE499","AllentoftNature2015",2015,"Russia_Karasuk_oRISE.SG","Bystrovka","Russia",51.909,88.574,3100,"1400-900 BCE",2,"GA",2,1,0.5,"Outside Europe",6500,true
"I0099_published","I0099","MathiesonNature2015",2015,"Germany_LBA_Halberstadt_published","Halberstadt-Sonntagsfeld","Germany",51.89583333,11.04666667,3024,"1202-940 calBCE (2889±30 BP, MAMS-21484)",23,"GG",2,0,0,"Rhine-Danube",7600,true
"RISE602.SG","RISE602","AllentoftNature2015",2015,"Russia_IA_3.SG","Sary-Bel","Russia",50.615,86.459,2450,"1000-1 BCE",5,"GG",2,0,0,"Outside Europe",6500,true
"I0247","I0247","MathiesonNature2015",2015,"Russia_IA_Scythian_questionable","Samara Oblast, Volga River Valley, Volga Steppes, Nadezhdinka","Russia",52.43,51.16,2229,"385-197 calBCE (2220±30 BP, Beta-392493)",13,"GG",2,0,0,"Outside Europe",6500,true
"RISE174.SG","RISE174","AllentoftNature2015",2015,"Sweden_IA.SG","Oxie 7","Sweden",55.545,13.098,1405,"433-639 calCE (1521±38 BP, UBA-28275)",4,"GA",2,1,0.5,"Baltic",5600,true
"RISE569.SG","I4137","AllentoftNature2015",2015,"Czech_EarlySlav_dup.I4137.SG","Brandysek","Czech Republic",50.19,14.158,1229,"660-774 calCE (1300±30 BP, Poz-84461)",1,"G",1,0,0,"Rhine-Danube",7600,true
"RISE504.SG","RISE504","AllentoftNature2015",2015,"Russia_IA_2.SG","Kytmanovo","Russia",53.456,85.447,1126,"709-888 calCE (1208±24 BP, OxA-31215)",3,"GG",2,0,0,"Outside Europe",6500,true
"I0585","I0585","MathiesonNature2015 (1240k of same same sample with shotgun in Olalde2014)",2014,"Spain_HG","Leon, La Brana-Arintero","Spain",42.911,-5.3778,7811,"5982-5741 calBCE (6980±50 BP, Beta-226472)",108,"GG",2,0,0,"Mediterranean",8200,true
"I1507","I1507","MathiesonNature2015 (capture of same sample shotgunned in Gamba2014)",2014,"Hungary_EN_HG_Koros","Tiszaszolos-Domaháza","Hungary",47.93,21.2,7661,"5788-5640 calBCE (6835±34 BP, OxA-23757)",13,"GG",2,0,0,"Rhine-Danube",7600,true
"I0017","I0017","MathiesonNature2015 (1240k of same same sample with 390k in HaakLazaridis2015)",2014,"Sweden_Motala_HG","Motala, Kanaljorden","Sweden",58.535000000000004,15.046000000000001,7624,"5722-5628 calBCE (6773±30 BP, Ua-51723)",21,"GG",2,0,0,"Baltic",5600,true
"I1508","I1508","MathiesonNature2015 (capture of same sample shotgunned in Gamba2014)",2014,"Hungary_EN_Koros_o","Berettyóújfalu-Morotva-Liget","Hungary",47.318741,21.527443,7591,"5716-5565 calBCE (6726±35 BP, OxA-28101)",1,"G",1,0,0,"Rhine-Danube",7600,true
"StoraForvar11.SG","StoraForvar11","SkoglundScience2014",2014,"Sweden_HG.SG","Gotland, Stora Karlsö","Sweden",57.285000000000004,17.971,7365,"5557-5230 calBCE (6459±70 BP, Ua-45742)",1,"G",1,0,0,"Baltic",5600,true
"Stuttgart_published.DG","I0018","LazaridisNature2014",2014,"Germany_EN_LBK_Stuttgart_published.DG","Baden-Württemberg, Stuttgart-Mühlhausen, Viesenhaeuser Hof","Germany",48.78,9.18,7168,"5307-5071 calBCE (6246±30 BP, MAMS-24635)",83,"GG",2,0,0,"Rhine-Danube",7600,true
"I1506","I1506","MathiesonNature2015 (capture of same sample shotgunned in Gamba2014)",2014,"Hungary_MN_ALPc","Polgár-Ferenci hát, M3-31","Hungary",47.88,21.19,7146,"5306-5064 calBCE (6237±32 BP, OxA-27861)",2,"GG",2,0,0,"Rhine-Danube",7600,true
"I1498","I1498","MathiesonNature2015 (capture of same sample shotgunned in Gamba2014)",2014,"Hungary_MN_ALPc","Debrecen Tocopart Erdoalja","Hungary",47.524728,21.58557,7094,"5297-5048 calBCE (6207±30 BP, OxA-27858)",12,"GG",2,0,0,"Rhine-Danube",7600,true
"I1499","I1499","MathiesonNature2015 (capture of same sample shotgunned in Gamba2014)",2014,"Hungary_MN_ALPc_Bukk","Garadna","Hungary",48.52,21.168,7077,"5286-5015 calBCE (6185±34 BP, OxA-27732)",16,"GG",2,0,0,"Rhine-Danube",7600,true
"I1500","I1500","MathiesonNature2015 (capture of same sample shotgunned in Gamba2014)",2014,"Hungary_MN_ALPc","Kompolt-Kigyoser","Hungary",47.167,20.833000000000002,7058,"5301-4940 calBCE (6164±64 BP,OxA-23763)",12,"GG",2,0,0,"Rhine-Danube",7600,true
"I1505","I1505","MathiesonNature2015 (capture of same sample shotgunned in Gamba2014)",2014,"Hungary_MN_ALPc","Polgár-Ferenci hát, M3-31","Hungary",47.88,21.19,7057,"5210-5003 calBCE (6153±33 BP, OxA-28020)",10,"GG",2,0,0,"Rhine-Danube",7600,true
"I1496","I1496","MathiesonNature2015 (capture of same sample shotgunned in Gamba2014)",2014,"Hungary_MN_LBK","Apc-Berekalya I","Hungary",47.167,19.833000000000002,7040,"5211-4958 calBCE (6135±33 BP, MAMS-14821)",12,"GG",2,0,0,"Rhine-Danube",7600,true
"I1495","I1495","MathiesonNature2015 (capture of same sample shotgunned in Gamba2014)",2014,"Hungary_LN_Lengyel","Apc-Berekalya I","Hungary",47.167,19.833000000000002,6367,"4496-4353 calBCE (5598±32 BP, MAMS-14819)",17,"GG",2,0,0,"Rhine-Danube",7600,true
"BOT15.SG","BOT15","DamgaardScience2018",2014,"Kazakhstan_Botai.SG","Botai","Kazakhstan",53.305983,67.648166,5143,"3345-3025 calBCE (4474±37 BP, UBA-32663)",2,"GG",2,0,0,"Outside Europe",6500,true
"I1497","I1497","MathiesonNature2015 (capture of same sample shotgunned in Gamba2014)",2014,"Hungary_LateC_Baden","Apc-Berekalya I","Hungary",47.167,19.833000000000002,5019,"3320-2922 calBCE (4421±27 BP, MAMS-14825)",16,"GG",2,0,0,"Rhine-Danube",7600,true
"Gokhem2.SG","Gokhem2","SkoglundScience2014",2014,"Sweden_TRB_MN.SG","Gökhem, Västergötland","Sweden",58.174,13.408,4928,"3086-2907 calBCE (4368±27 BP, UBA-14087)",3,"GG",2,0,0,"Baltic",5600,true
"Ajvide58.SG","Ajvide58","SkoglundScience2014",2014,"Sweden_PWC.SG","Gotland, Stora Karlsö","Sweden",57.287,18.206,4700,"2900-2600 BCE",1,"G",1,0,0,"Baltic",5600,true
"I1502","I1502","MathiesonNature2015 (capture of same sample shotgunned in Gamba2014)",2014,"Hungary_EBA_Mako","Kompolt-Kigyoser","Hungary",47.167,20.833000000000002,4026,"2195-1973 calBCE (3686±28 BP,OxA-23799)",13,"GG",2,0,0,"Rhine-Danube",7600,true
"I1504","I1504","MathiesonNature2015 (capture of same sample shotgunned in Gamba2014)",2014,"Hungary_LBA_Kyjatice","Ludas-Varjú dűlő","Hungary",47.725107,20.086185,2858,"987-833 calBCE (2769±24 BP, OxA-27859)",6,"GA",2,1,0.5,"Rhine-Danube",7600,true
"Iceman.SG","Iceman","KellerNatureCommunications2012",2012,"Italy_North_MN_Iceman_contam.SG","Trentino-South Tyrol, Oetz valley","Italy",46.77,10.83,5199,"3486-3102 calBCE (4555±34 BP, ETH-8345.1-2)",10,"GG",2,0,0,"Rhine-Danube",7600,true
"Ajvide52.SG","Ajvide52","SkoglundScience2014",2012,"Sweden_PWC.SG","Gotland, Stora Karlsö","Sweden",57.287,18.206,4700,"2900-2600 BCE",1,"G",1,0,0,"Baltic",5600,true
