"InitialLatitudeGradient","InitialLongitudeGradient","SelectionBase","SelectionDairying","Migration","SelectionMultiplierBritishIsles","SelectionMultiplierRhineDanube","SelectionMultiplierMediterranean","SelectionMultiplierBaltic","CallErrorRate","InitialFrequency","LogPosterior"
0.0037438713860388113,-0.00208347584851997,0.002998218965916929,0.02412026632081321,0.029850729847226254,1.4449458063363854,1.0270322396731717,0.9080373964390208,1.2400327253845684,0.0054082616703130205,0.0013062547776997193,-2721.212895332863
0.003897053093570229,-0.0023459017653096412,0.0030702301495424906,0.024078877604875787,0.030024040545664966,1.4353919544828597,1.0284215967070953,0.9031544919650621,1.2266746417737893,0.0057834151229947785,0.0013105451106404087,-2720.913132874413
0.0040636467484536,-0.0024498288994488733,0.003065077549851192,0.024071530296170426,0.02996373908215877,1.4239601185782316,1.02571429897932,0.8996271467602541,1.2176388224391674,0.006283887919185167,0.0013425087915598102,-2720.7857073827013
0.004466169329941266,-0.0025035612806621737,0.003106851242029594,0.023830769007715535,0.03069090824469861,1.4204092470712277,1.0214808560619064,0.8994939820975711,1.2074023795506528,0.006553019313217504,0.0013853133215678108,-2721.4516982872888
0.004726825753206723,-0.0025290522409245073,0.0031419970744175265,0.02366802471995932,0.030562952442973898,1.4149714275302465,1.0173810949359705,0.9036060112251756,1.20952289216058,0.006838181516040251,0.0014571734569027292,-2721.707354644452
0.0046458276494199015,-0.0025295898277558574,0.003161734903616931,0.02371599455374198,0.030747271205811458,1.4154566721373283,1.0203927005903557,0.9043732860112783,1.2086897461526573,0.006650194437953575,0.001417331177354552,-2721.6476259411597
0.004708725302114259,-0.002444615917184473,0.0031299564372909445,0.023617215259695,0.030662826566442262,1.410754139462933,1.0249705337099089,0.9116154330198823,1.209602100512206,0.006684743202848218,0.001465422464429179,-2722.500875695493
0.004484169700288625,-0.0023020089626901398,0.0031095320795015763,0.023703755137626854,0.030731204024658,1.4171000694170512,1.02680388084562,0.9111909854936522,1.216128670546311,0.006364421541519184,0.0014372584309489634,-2722.93635601728
0.004415472552279011,-0.002313670530657466,0.0031107583960840674,0.023775366969981206,0.030852221059670656,1.42206470302519,1.0245725071688678,0.906338748451967,1.2159553970718902,0.006316905342156361,0.0014208529790424842,-2722.3946005536172
0.004697488162374424,-0.002437738647223394,0.0031647643553806113,0.023713758095867944,0.03174641458853481,1.414111385903416,1.0207422735191622,0.9107726715848432,1.2044443564874658,0.006451391602275746,0.0014408101545509398,-2722.73864004967
0.004766568724579753,-0.002427475346020228,0.0031580216536264043,0.023660788812403365,0.032040630111965965,1.4179014746423007,1.0178353192080691,0.9183748290100092,1.2090126406034392,0.006340689299194062,0.0014603704295744761,-2722.9794844136277
0.004431585551998487,-0.002366262191480505,0.0030332476782150355,0.023729559352336227,0.03007762981585166,1.4226252457503064,1.023840386000526,0.9218452520392819,1.2173170758490686,0.0062542810685790795,0.0015061749992492498,-2723.6035726328305
0.0043741960487334395,-0.0022778677692485835,0.003016572496036724,0.023804526467289495,0.029936953438233466,1.4260204881551135,1.0254078859634934,0.9169144208401606,1.2170742048840693,0.0062151072827197305,0.0015102412349344689,-2726.264903310806
0.004515544986805224,-0.0024043458164167324,0.0031353454277700285,0.0237890278603229,0.03164080853772594,1.4251220800753184,1.0221540473873827,0.9131150217190136,1.210240102711782,0.006117529093589423,0.001463735748550646,-2723.8654593857786
0.005030024005266585,-0.0026031959453126736,0.003273250625984743,0.02366925167949356,0.034246105417053904,1.4089216653447851,1.0173206618247228,0.9115342465167432,1.1897812880031178,0.006560750398863844,0.0014448150062394034,-2724.2295328548794
0.004786245242860353,-0.002449067788811027,0.003244727829011014,0.02372416822646418,0.0332596677263786,1.4166198856936747,1.0214337437297316,0.9101519842401764,1.2078136632803622,0.006343893339900744,0.0014416388073092603,-2724.966067833793
0.004982828980172953,-0.0025265811166408185,0.0032934991785274446,0.02365189928433193,0.0346014869269351,1.4158163384393014,1.0153657388724626,0.9130264429853817,1.2080517350839772,0.00647429074794075,0.0014497568483566748,-2725.0869500504323
0.004568567592047518,-0.0023690398319150758,0.00325323842020337,0.023762964503287812,0.0326209767713293,1.4194297026422946,1.0234420556373163,0.904758963025971,1.211137686587125,0.006249843721652255,0.001442969802904433,-2725.816336946474
0.004491320095978933,-0.0023719037350916176,0.003242288120841692,0.02382766096052389,0.03250325725699609,1.4198113330516215,1.0227741995817468,0.902670500857876,1.2173524764655546,0.006329462570830652,0.0014257915698955375,-2725.2494915392685
0.004148211539306038,-0.0024249878777561342,0.003263966947752884,0.02398822584011677,0.03195608710875422,1.4298964202786644,1.0243000721769404,0.8935168358303793,1.2232555867499997,0.0062129956918668,0.001378500212609266,-2724.943451829737
0.004113780912350382,-0.0024577596446931985,0.003232542559828288,0.02406576842068206,0.03168322920071534,1.4281475703681203,1.0268306072826616,0.8949660624545089,1.2178916772346142,0.0061783971153047115,0.0013650062305046362,-2724.834739101688
0.004090904549540584,-0.0025475404056793096,0.003293733272753801,0.02399779455435886,0.03217899865931105,1.4355642157115795,1.0303520344391779,0.8931941496446715,1.2248187495879963,0.00592939349403147,0.0012800393835067309,-2723.6222904304327
0.004460598375946633,-0.0026374468763799147,0.0033850827281083186,0.023700371201250223,0.03351023555784559,1.428615260794329,1.0185470920935988,0.8854983947029808,1.2251226741615997,0.006416701238034779,0.0012906847649570277,-2724.699859597287
0.0044511211258363974,-0.0026636898647208647,0.0034318707205162366,0.023668446049405278,0.033995981515391856,1.4288394322281537,1.0192872316462773,0.8852213504025737,1.2234001659002431,0.006412584296124153,0.0012851290130771532,-2724.810898516767
0.004445468921124176,-0.0027247194555850675,0.0034029929229240966,0.023710792424496533,0.03375378695462953,1.4257256884537912,1.02193718506727,0.889800969146582,1.2146743404621243,0.00640462112611282,0.0012761391555393274,-2725.2804967340294
0.004249897042975225,-0.0025435288901178134,0.0033814221656831935,0.0236696425899671,0.033173731554662536,1.4279864085950336,1.0227073033098872,0.8896539217213515,1.230376803671205,0.006259240218064815,0.0013003321259377593,-2722.453151680349
0.004465144271820777,-0.0025805964144948648,0.0034486124537751995,0.023656865796763907,0.03523906806362679,1.4236886738843744,1.0203155844181842,0.8987353634163711,1.227507112898738,0.0061570957090759815,0.0012648929595980253,-2724.5521709234135
0.004652662319093158,-0.002571860643664029,0.003483273540645862,0.023545583881416646,0.036254163178258796,1.4195306050942962,1.015135462328999,0.9031592263123454,1.233917498077964,0.006272153840491485,0.0013441697605073584,-2723.9308147977204
0.0046366421370288395,-0.0025406380793979635,0.0034885243631114084,0.023492944353977994,0.03592612703577514,1.4186616219338184,1.0173013173080514,0.9044915494100894,1.2319798471950822,0.006209003769126668,0.0013473973171334171,-2723.6273915275565
0.004601477726052634,-0.0024944847020625747,0.0034870758007119512,0.023598671305331588,0.03642098525250999,1.417861882073101,1.0171954751863594,0.9051487792394493,1.2276244321805727,0.006135507882743085,0.0013421797361001936,-2723.9389803631652
0.004720868808939885,-0.002558632184210487,0.0034806121762789356,0.02352141678222819,0.036409836903374335,1.4204528916547956,1.0171036661624993,0.9072115450865647,1.2215429386675172,0.006112002377963374,0.0013385883639518842,-2724.2126349323794
0.004478435507649266,-0.0023778214861899984,0.0035107779711029334,0.023648745179752444,0.037547112657317874,1.4250610422744272,1.0232785817726213,0.9112048146056493,1.2210119363738545,0.0056078472105966296,0.001305033752781236,-2724.8342534387193
0.004059023545156613,-0.00225764720599909,0.003438618685022412,0.023764036014362812,0.035908043213400395,1.4299694819207773,1.0288187083964035,0.91294871788661,1.2344180544315124,0.005441407134115006,0.0012856391612710923,-2723.8013658463274
0.003772444475336794,-0.0022642501812870563,0.003432474286146099,0.023955471280456043,0.03547874261062703,1.439961259170746,1.0301915932813697,0.9022554673877898,1.2356040363798715,0.005154756878308305,0.0012231164734024212,-2723.1595413347
0.00419597871786421,-0.0023742332719854957,0.0035499511720341304,0.02372785491550075,0.037538709111914925,1.4316030311868702,1.0280787917599379,0.9086890402703549,1.2235703810983036,0.0052622345804773105,0.001228903860374533,-2723.980995396627
0.004467488023883739,-0.0025129549416869077,0.003668217147673744,0.02362674411166167,0.04010375701033453,1.424446066201098,1.027251096943972,0.9140270278192019,1.2092582442969473,0.005378103020027577,0.001179736462066796,-2726.575090743443
0.004128602067875013,-0.0024493768060892644,0.0035406657057111407,0.02386721772410192,0.037029732272980564,1.4251883256680031,1.0336329937572812,0.9050812049816952,1.2097147556858532,0.005345028725625232,0.001157684966915505,-2725.114246819987
0.003996727643075043,-0.002378002265523118,0.003535362196793132,0.02391183395364473,0.03686238271554173,1.4261658054940014,1.033422081106152,0.9030730264379971,1.2211405288054973,0.005408574391990869,0.0011747368821165625,-2723.779066870389
0.004014508851781586,-0.002387223126373358,0.0034122887926237785,0.023934244701908764,0.03480824580134091,1.4197808948970891,1.0360787704854573,0.9071620019908491,1.2190297552534428,0.005623455039412856,0.0012451618008055823,-2723.245362547642
0.004359229754419698,-0.0026191168715068817,0.0036889474542224237,0.023663045477292477,0.039438994648985176,1.418696562884559,1.0313855276037278,0.9062625547472785,1.2130848029745913,0.0056609630737620275,0.0011913750994567076,-2725.4042666604087
0.004061919607451793,-0.002481381064943583,0.003497280185151557,0.023907099580583305,0.03618111838466884,1.4206107974478188,1.0390667850482254,0.915286110874478,1.2172364650495568,0.005532377360910667,0.0012484814565526044,-2725.3165390814065
0.004438157786524746,-0.002595397352685688,0.0034652756399948027,0.023807947527450773,0.03580404986478247,1.4132375533571446,1.0377818010943858,0.9216379494792205,1.2077991952223284,0.005921454176339657,0.001268831830278348,-2724.4471619251044
0.004287861127452101,-0.002569223806441095,0.003523643531140426,0.023686384411910313,0.036401668173746134,1.4271256425706818,1.0361447590656427,0.9228345120090437,1.229413086765476,0.005672329439912055,0.0012255150129437985,-2724.0761328311423
0.004791487031737183,-0.0027746216414491565,0.0035550072169865535,0.02368832977864978,0.03811117021888292,1.4142608734754092,1.0326595987454914,0.928845023320437,1.2064807852379404,0.005920023641747443,0.0012258473780602558,-2726.3408592567207
0.0050064896392094695,-0.0028623944595801924,0.003433147596427691,0.02357387018929483,0.03547390097568623,1.407429193799927,1.0353226304382932,0.9316194271787596,1.1968591564260274,0.006370938886929248,0.0012780501074907758,-2726.0942093303197
0.005281415241232632,-0.002804102731050453,0.003297088562440917,0.02352783570981905,0.03493782953243436,1.400105029950705,1.030002582829645,0.9451609495840224,1.1952398232037633,0.006720962049568659,0.0013865107577183966,-2724.7440644250623
0.00540165569317768,-0.0028120652657134286,0.0032708242188168677,0.023399771494537813,0.03435056213389233,1.3962483896779698,1.0277157663856256,0.9471605598202579,1.1953227527248034,0.006959929350720915,0.0014535409018052194,-2724.4915447446574
0.005455356620564273,-0.0028768710049523766,0.0032126655594254456,0.02347061806160673,0.03344973788255283,1.3894646230395393,1.0273606596557279,0.9473582500815028,1.1911538335873053,0.007240867550829741,0.001494350996493427,-2724.10947946557
0.005220868597793773,-0.002760952654059556,0.003180275500566692,0.02355301050899111,0.03302289722354445,1.3932580575071234,1.027412973439747,0.9434295044287686,1.199039399503578,0.007098136961997326,0.001500000298172078,-2723.9315494269545
0.005172744105218376,-0.0028409353313151335,0.0031671298179270523,0.023650325979546697,0.032200184243516373,1.3932216477124277,1.0292317214609297,0.9352287694011839,1.1918162908279895,0.0072556989995128975,0.0014685846946324993,-2723.198942482022
0.005208529997769138,-0.0028732175117593354,0.0031409555581033127,0.02368194618638883,0.03209523325574377,1.390607672958267,1.0303428669866805,0.9369406429163046,1.193564816770048,0.007341374969796656,0.0014559962698593356,-2723.1461859694664
0.0049903069885911065,-0.002772191854312789,0.0031317456904397514,0.02382824769671768,0.031641570589702184,1.39045709765744,1.0344509412647294,0.9297140259084954,1.1891230675981506,0.007062770960526861,0.0014130877204836805,-2723.2282162488477
0.00490232717707605,-0.002892955624114766,0.00312843714714725,0.0239633734017359,0.03092589310544935,1.3856479479083492,1.0334336706918168,0.9117753714571873,1.1794491849819229,0.007604808882444789,0.0013710299213382062,-2723.4361851277404
0.004999273918219693,-0.002968949456786674,0.003118300744535172,0.024020365392891204,0.031595385443492136,1.378048946077804,1.0333502150307758,0.9170906959522706,1.172850460505093,0.007737657148712706,0.0013488581174271692,-2724.4003748857212
0.00489870855719653,-0.0029041883829554974,0.0030617433576208856,0.024125161072096092,0.03054948266585733,1.3761091513718426,1.0306292270765414,0.9161150786173549,1.1774654288721313,0.007893063842420986,0.0014281848897090886,-2723.375036853797
0.005045410073127081,-0.0028732997752300453,0.003145299169294706,0.023987040988635824,0.031999167383429464,1.385569048283514,1.0206575917020493,0.9184379260139548,1.1909893385629118,0.007697117855835396,0.001465824151142963,-2723.4454681932575
0.004954620038277482,-0.0028589526106446465,0.003103566382037622,0.023998773016512136,0.03099553516171403,1.3860060665233305,1.0230450921968326,0.9185936325735357,1.1906958265597631,0.00760394848033152,0.0015000832240876587,-2724.127808780816
0.0051013668326691,-0.0029196378776944537,0.003118760610111853,0.02400183804075458,0.031722328543712736,1.3835762702311076,1.0205231452237262,0.9161490702937434,1.1783986166928118,0.007654039067436246,0.0014510723927478974,-2722.9078134713304
0.005007414086360067,-0.002962201015462655,0.00318013396121041,0.024009351590740028,0.03279356285089017,1.3889922882945283,1.0193635521312923,0.9168331460127511,1.1793157284193023,0.007522018651747726,0.0014026310709067708,-2723.200082556431
0.005024351069598041,-0.002948196874674496,0.0031719544140662104,0.02403315664770213,0.03274721038445719,1.3890962910105333,1.0189477628503674,0.9188838099665788,1.1871353239652267,0.007695058166331406,0.0013777269399179802,-2723.3782304388137
0.004664028599749275,-0.002687412359553486,0.003133508575871813,0.02410021436514851,0.03194657198257396,1.3936716601727757,1.0266027058109084,0.9221676923651978,1.1945782068909803,0.007207770733664055,0.001380416340429615,-2722.606483286805
0.004465880858050698,-0.002585730789487271,0.0029777097726344987,0.024212007045444288,0.029522562116027815,1.3964980200536667,1.0304344734108104,0.9235515011919188,1.2072271017320884,0.007148467942357795,0.0014618478144552125,-2726.050417589345
0.004574251746388338,-0.002590189362411485,0.0030373201072567365,0.02407831195331242,0.03036664927120307,1.3984259878854468,1.0285541901499533,0.9281721241000258,1.2083948749340632,0.006926366702807563,0.0014435179712115978,-2723.8764172298606
0.004538333797019083,-0.0025773450564140375,0.0029998146347273917,0.024173026937063826,0.02974086817795494,1.3969014903771195,1.0329946098002232,0.9299884045840136,1.2010098575955468,0.006703468158127744,0.0014399951861207643,-2725.224885787372
0.004814776399021857,-0.002696437246227882,0.0030927226118397616,0.023946189862668214,0.03104549741520031,1.3980477065723824,1.0263951256923454,0.9318223441714584,1.2043285413928952,0.006824050086954183,0.001405014896124299,-2721.9577470538925
0.005128688239280088,-0.0028194714086364507,0.0031457178291426405,0.02379704109510017,0.030910789463680047,1.3894008200025487,1.0232344053975138,0.9320099363526705,1.189841191633737,0.007269388576019093,0.001482663748035763,-2722.7502438605916
0.0050345854567943014,-0.0027794046012757393,0.0031386581109159647,0.02381111847955374,0.030733839413618957,1.3838255047723946,1.0212353614329182,0.9270753626990728,1.190594926895074,0.007391102210794133,0.0014948859189255477,-2722.428897603775
0.005204684665549018,-0.0029042227133333357,0.003233927146108107,0.02364139828458272,0.03185509747844021,1.381901832830867,1.0201451871265688,0.9282305039020304,1.1828872792680036,0.007419834391357752,0.0014516733493638743,-2722.673814308443
0.004999839253019053,-0.002833626840198897,0.003119241484265235,0.023629168119750254,0.030203169891785314,1.3870611619240216,1.0269075239362246,0.9320659419489012,1.1955033204369738,0.007343860942470068,0.0015010203982668583,-2721.630217421291
0.004926832004302106,-0.002932691604382873,0.0032271530933311136,0.023623287646935172,0.03162986408744232,1.3974997072088728,1.025412009666182,0.9315807237161857,1.195951630564995,0.006945443284189658,0.0014018941853623272,-2722.6743549873613
0.004753121650012872,-0.0028415255729292467,0.0031668115853257135,0.02378541051877209,0.031054340705563985,1.3873251583783386,1.0204006944408368,0.9250748331454106,1.2012497701444427,0.007249365343525168,0.0014735738579579316,-2721.425963682137
0.0049283113910875455,-0.0029006479510788243,0.003078707284694615,0.023811549755576266,0.03044157358686997,1.3851810955861166,1.022145201191812,0.9364956050573224,1.1850185272709282,0.007401001434877853,0.0015231835444390219,-2722.232878564858
0.004922443571731541,-0.002793250576177528,0.0030800557227327404,0.0238364216577499,0.030948715629518356,1.3868461974447834,1.019847799386791,0.9401171747468091,1.1909817506824607,0.007249936746298448,0.0015515893821084045,-2723.9036133775276
0.004812942129139675,-0.002743583673807378,0.0031047877475814446,0.023902412049226315,0.03157503200957512,1.3931795714042867,1.0199720344928684,0.9343236433320574,1.1916468727438927,0.0071041470007666245,0.0014776304062884655,-2722.2919151432043
0.004463984053139537,-0.002637553609856922,0.0030786476479367593,0.024051075354685064,0.03143631185281351,1.4073343336274826,1.0218477046889618,0.928540369200171,1.2095084740737105,0.006659334523780602,0.0013609060325698035,-2721.078724544662
0.004509212369980111,-0.0027139772175436725,0.0031647544521839184,0.02402762297089141,0.032386342971795865,1.399410935768878,1.0153619060614867,0.9245729264935596,1.2163788767327692,0.006938062628958797,0.0013583952482496369,-2721.303382475035
0.004271180132213108,-0.002576596156954213,0.0030521559788947274,0.02424267441373434,0.031165818507823684,1.4001044553087518,1.0196202551188303,0.9270670191228407,1.2184443564569456,0.006693702569198022,0.0013764572102828165,-2721.4415115478
0.0046698639307187415,-0.0027358258191304795,0.0031376643812803468,0.024153323234971266,0.03279491611522387,1.3948894111814796,1.0178671408520903,0.9297315992006138,1.2047088342720325,0.006927691588525945,0.0013400980002065657,-2722.0388792262415
0.004772220262101501,-0.002737885079339789,0.0031376287775132395,0.024094745216185952,0.03348984694271946,1.39740642355029,1.019355740067707,0.93755363843857,1.2032106199914823,0.006623762110680165,0.0013472623541119443,-2722.440012258777
0.004776088405024581,-0.0027335605405883513,0.0031114919125328246,0.02413411843227569,0.03321073143794208,1.3948719844424629,1.0213253413256562,0.9393400212263613,1.2076074435163047,0.006641815107416538,0.0013421772824204728,-2722.462072807922
0.004703149210296128,-0.0027207459081683306,0.0031401437460100547,0.024238245418135212,0.0336221337573368,1.3951140569411509,1.0220223690212369,0.9376374403558309,1.2038182274698959,0.006482369465361271,0.0012981735253874804,-2722.9519593501986
0.004809578007108642,-0.002797973988129146,0.0030485504942713623,0.024141743339375375,0.03209232638235022,1.3857935818883915,1.0177482292205395,0.9412982014689674,1.2101305088985392,0.007132646613219452,0.0014216602904701542,-2721.9707652666107
0.004493790865649881,-0.002578104063900598,0.0029468869460616384,0.02418479819375933,0.03127277123432888,1.4007375788684082,1.0163315755567135,0.9485036645684252,1.240248624951028,0.006677993504405011,0.0014016745639575051,-2721.3778932616624
0.0046248080865089105,-0.002740813170075805,0.0029479023522681396,0.024134733634846472,0.03141523340245968,1.388237173483683,1.0097225302439963,0.9513883124561865,1.2382800375187382,0.007268026207926291,0.0014594166381362197,-2721.565136766348
0.004542511472821241,-0.0027478899920950206,0.0027974484657363814,0.02432278552112064,0.029551808587945785,1.3858908471380857,1.0123935938223134,0.9457769042057947,1.238721655658012,0.00770953906042252,0.0014631452139384537,-2721.119440970821
0.00452966821343174,-0.002836788257306786,0.002819988737465278,0.024324055787169792,0.0294947990297669,1.3970541223714497,1.0134475674480645,0.9456036848544258,1.241947676525136,0.007389122139039694,0.0014028522655539495,-2721.5081827152108
0.0044757519614858285,-0.002702428009508935,0.002769220668554298,0.02446830055174127,0.029368658979730417,1.3967338738258894,1.015229642025412,0.9479408582801879,1.2388849655436776,0.007214649755199293,0.0014162892546924623,-2721.277911432784
0.004581051185553272,-0.0028223071834241192,0.002785967554912009,0.024475952681191748,0.029444254136377142,1.3910096796876683,1.0121843146626823,0.944536443356226,1.2301927030211852,0.007445734606213968,0.0014160395217642718,-2721.1845923167007
0.004890146819980869,-0.0029018569783540293,0.0028128926310609557,0.024345539124587742,0.02964220562378954,1.381580601044646,1.0097806769287616,0.9437234441377814,1.226138113206702,0.007886784632869225,0.0014713271372992296,-2721.3835025495728
0.004634976684991533,-0.002846275106411154,0.002714952080759321,0.02448679164118965,0.02839815337093252,1.3841977127376885,1.0123373740645547,0.9394692471332013,1.2308860289755479,0.007971069190129843,0.0015037066055696403,-2722.1931890097626
0.004539061911765757,-0.0029181903539811796,0.002720117750611428,0.024483443862595423,0.028054929036688134,1.385521682125261,1.0149078010783898,0.9367070664920563,1.2242543379222737,0.00795057456323614,0.0014524414915140268,-2721.261024030938
0.004490938623115722,-0.002808985836847646,0.0026821607250948057,0.024478569156539065,0.027599284903733555,1.384702991732347,1.0162354881615514,0.9381827792665596,1.2354525065994926,0.007960954318487127,0.0014900639918853605,-2721.747818110101
0.004341684936112316,-0.0028032582170502167,0.002773397416171339,0.024592126599291008,0.029029745766484948,1.3858306077389053,1.0204811258875548,0.9416511749254272,1.231101919326227,0.007387407289043493,0.0013668248474721096,-2721.589997055865
0.0042579493421772505,-0.002805296934075419,0.0027733343272640714,0.024615125653360853,0.02905514848677173,1.3874332144254264,1.018475170043049,0.9395048891290794,1.228329029512882,0.007297513603787165,0.0013518080039284445,-2721.6729411287934
0.003864666029223961,-0.0027220510668031165,0.0026937632657559564,0.024810233896889442,0.02807059874159612,1.3926123441065765,1.0221695987819972,0.9356026170091322,1.2293088892117243,0.007114270670824995,0.0013472915219178688,-2723.192306078154
0.003956857668524232,-0.002785828582099745,0.0027419265933151518,0.024683605743988236,0.028396809135893472,1.3867362663668834,1.0236250246371628,0.9346434651174887,1.223772243052524,0.007188399941411392,0.0013387545604680558,-2722.761884724776
0.0037767873244115013,-0.0026824462187636363,0.0026667594872806506,0.02469732214355801,0.027229186796034463,1.3823441527269007,1.024234918399821,0.928936452488676,1.2297646483795355,0.0074084854225446375,0.001384945686081018,-2722.899639304847
0.0038627504129453046,-0.0026859810092650805,0.0027336620500857697,0.02461265849048828,0.02806017890948228,1.38626236165929,1.024283474391412,0.9356222999562099,1.2291440743650672,0.00711871431654099,0.0013434032589917577,-2721.7981197162367
0.003655297092228076,-0.002565618253879201,0.0027726416259907303,0.024499945914350025,0.02822976676448692,1.3952123221498622,1.0193832426503209,0.9303765592999906,1.247851594235149,0.006897094855362071,0.0013754480148006594,-2721.967816283491
0.0036698346927524304,-0.002572691238098353,0.002799998348277896,0.024584511417390584,0.02869392256624609,1.40391330957004,1.0148804016633481,0.9228915256821301,1.244539576052704,0.006757426761568312,0.001304329660174144,-2721.343357273922
0.003918221822321922,-0.002691795691734585,0.0027687220016074264,0.02444962241754796,0.028166123513046717,1.401619807977553,1.014346589312603,0.930856487373049,1.2469647077403527,0.00709775258629227,0.0013809444901288189,-2721.217723797034
0.0039145686628859235,-0.0026832672532569584,0.0028608890977593724,0.024325634846673348,0.0291407422960027,1.4080488231359827,1.012499078480207,0.9276493370982654,1.2481799582151898,0.00687472950828023,0.0013251414338497382,-2722.234815964794
0.004136647377342418,-0.0026299519949627087,0.0028923966432828204,0.024189766814326934,0.02994877391338941,1.407621949384283,1.0106208878701737,0.9357331992289663,1.2496446351414132,0.00672955414779656,0.0013327243513881631,-2721.8003037085673
0.0038498152228100893,-0.002395971947817813,0.0028129621457131586,0.024171566493316192,0.028420375124736892,1.4148642659605315,1.0104469828398621,0.9327340130410183,1.2692719338384126,0.006620196211992881,0.0014268686222698502,-2720.266933327173
0.004141304777470456,-0.0025860303680112114,0.0029272227425525803,0.024013137422024617,0.029136700572884512,1.4097270852384958,1.0016592708611354,0.9276853781157781,1.2622546560404846,0.006917445648252545,0.001427552455940312,-2720.166799679314
0.004102944152401375,-0.002631115168522,0.0029559863914564643,0.023963500687248743,0.02889887205299794,1.4076001189704357,1.000298094101569,0.9188829116923973,1.261987122070263,0.007247250299336531,0.001409213215529424,-2720.9342036977428
0.004061153937649092,-0.0025328339768470216,0.002862908436696259,0.023962377879456633,0.02800527020709346,1.4131581736585526,0.9960271468867117,0.9224252248698118,1.2837013500215946,0.007252710543318271,0.0014782988986569343,-2720.7563093906706
0.004251376112517972,-0.002576759733860092,0.002907511536636691,0.023694072900977796,0.028520728984888243,1.4158352541289125,0.9943126717473714,0.9326508079556739,1.289102548701357,0.007028504991242193,0.0015002325124220401,-2721.571426563594
0.004156858731020072,-0.002618307382602678,0.0030391029246838617,0.02375817766140084,0.02968014880603401,1.416389079868809,0.9992962227221087,0.927512343881258,1.2834033829383888,0.00667918144634288,0.0013982852837028938,-2722.779901723002
0.004204664124203592,-0.002494524646797545,0.002980797947735105,0.023799016604900716,0.029694665699824846,1.4147264286865964,1.0006376632084324,0.9369086006149706,1.2846684647032334,0.0065582190759662096,0.001439561856140978,-2721.21520545355
0.0036506581864397935,-0.0023621438554683504,0.0028644436839113745,0.02411398417543051,0.02756702802892768,1.425942042101747,1.0068896334261837,0.924351038517306,1.2918972233885426,0.006320112600267585,0.0014361919402715584,-2722.081518670946
0.0038098303286844236,-0.002367979371545142,0.002934735666209267,0.024018537069578155,0.028671964337292296,1.4273103184950982,1.0001971239854166,0.92602302963093,1.2998669684189665,0.00636608383564258,0.001398959941756063,-2721.598768150801
0.003522555445540053,-0.0022678957862285127,0.002848681634937994,0.024202589251780787,0.027805263448431487,1.4246204744843536,1.002410430633326,0.9220724611786909,1.3051177275532582,0.006323716532152855,0.001414073908604204,-2722.706639497421
0.0036500090797218325,-0.0022286535370829403,0.0028634415796728327,0.02410760443524235,0.02821909766732303,1.4215255231770825,1.0000622064934888,0.9263633263954897,1.3109860482494833,0.006305200024547803,0.0014335759704796405,-2723.3149585503716
0.003705007960719967,-0.0023438948733239106,0.002772928247981225,0.024285226110826848,0.027350131640962522,1.4085677161191241,1.0013747578138292,0.9212915168998161,1.2917647758489677,0.006938265042589301,0.0014664182854487624,-2722.8655486841744
0.0035057802373743077,-0.0023879198747057554,0.002773153134078692,0.024319804198180254,0.02691613622513392,1.4132647738252408,1.0024567622258018,0.9137767475327085,1.291695707872756,0.006859407495423875,0.0014421498688193676,-2722.2137421923576
0.003477795855464441,-0.0023569357945122434,0.0028194111098666717,0.02429998572782908,0.027591522656214826,1.4238232986430195,1.002759941061345,0.9175238633103596,1.2944084168988221,0.0064401105610743,0.0013692239817608108,-2721.046124288186
0.0036834420870195186,-0.002391837363182706,0.0028013116196453623,0.0242563277631128,0.027734058134624998,1.4184888353658538,1.0014800978928686,0.9214955534129217,1.295524155188447,0.0065133192534822205,0.0013768562869789485,-2721.0979712942694
0.004113826947026297,-0.0024192685819064775,0.0027926581174135016,0.02413415943629719,0.02824654396489666,1.4058597965131252,1.0024573754035728,0.9385816783184937,1.2743348620593407,0.006588912218017597,0.0014425118137562868,-2720.1950284407835
0.004121483862359934,-0.002401741703342739,0.002742364248875195,0.02412849363832627,0.027363266560829658,1.4016797730769577,1.002478230180774,0.9374072306300547,1.2716983279238838,0.0067651513383418715,0.0015128038342983668,-2721.0228380990825
0.0040965452720776695,-0.0023742807782700494,0.0027290507027421932,0.024217857006481647,0.027430640620595168,1.4005047692845634,1.002248127229093,0.9371087859263466,1.2706346527224657,0.006871761085009896,0.0014948014435317001,-2721.0753141825035
0.004369537157510603,-0.002502333346872284,0.0027145573652471986,0.024165098954709606,0.027134572014340344,1.391514441064912,1.0022996893168725,0.9383566999467814,1.2577010912159634,0.0072784938398293905,0.001540072876526227,-2720.666492350022
0.004417740825159411,-0.0026329674752839727,0.0027942024826943255,0.023978055261398717,0.027536055623635165,1.395939406723976,1.004636541127011,0.9387446642247319,1.2551366997164777,0.007238987058632283,0.0014992330215874464,-2719.544420424038
0.004324313472464397,-0.002508287873096228,0.002689940869022657,0.02405392586784525,0.026728474127258893,1.397780172660695,1.0086287227933632,0.9446493125450879,1.2604255622101972,0.006914345593328923,0.0015154019668094407,-2719.601091841554
0.004187682009915946,-0.002529789128554557,0.00266503006115873,0.024098138472732185,0.02624415498899765,1.3994429800810617,1.007714589453634,0.942472933928679,1.2577013872715501,0.007032466624529312,0.0014994366097457062,-2719.110775677021
0.004339334672933943,-0.002694575887704714,0.002716001275576653,0.024024635004765243,0.02656800775650687,1.3929160204249715,1.0049709970653218,0.9387446840741079,1.2503908277565086,0.0073246642248056704,0.0014942607912686527,-2719.6684542948333
0.0040611674253819025,-0.002599421368560813,0.002723939644273363,0.024196363601611072,0.02661036260668942,1.395582301012821,1.0121419402605816,0.9351290552103653,1.2426807143720198,0.007070045096936762,0.0014513657229285493,-2719.1790090956792
0.0039260461440728395,-0.0024803898593177293,0.002696455578515964,0.02410661821771338,0.02618508995935228,1.401602124311428,1.0141507393191023,0.9337871733278417,1.2499623648209717,0.006841280803334769,0.001443729754340393,-2718.8793163473993
0.004396078300514682,-0.0026383412498343422,0.0027686534309062363,0.024032420910664903,0.026989261844735497,1.3857267812954999,1.0032791261785383,0.9291013119404183,1.246811865673571,0.00760351895407226,0.001528268639606508,-2719.2645340505915
0.004200279584028126,-0.0025925054253789345,0.0027854718657198195,0.02409694256667719,0.027008219615892396,1.3981664822976096,1.0017020356143507,0.9245230979008086,1.251938809779741,0.0071837233365649915,0.0014645816004132668,-2719.344389096809
0.003939714533143028,-0.002537370409620184,0.0026859446908570356,0.024209186598758335,0.026022470571925485,1.3988231665675128,1.0021471631157721,0.9245048161315307,1.2582617625462915,0.00728214654539431,0.0015035497941464169,-2719.4089957823076
0.0040158834896053455,-0.002555366223706385,0.0026496279571181012,0.024268896586561724,0.025686996044859578,1.3952820404760509,1.0060376289126696,0.9278518707337119,1.2500395261969708,0.007267057523899116,0.0015176342100482179,-2719.661134140886
0.004268447038544889,-0.002595921421918909,0.002739828597058474,0.023905992187038476,0.02615001026214578,1.4011687252621376,1.00390866400406,0.9358728914366887,1.2681016684856656,0.007080970084299285,0.00152230578561809,-2719.5465107197037
0.0038727137397374083,-0.0024155461012815467,0.0026104457077183616,0.024095673637806934,0.02520533854356305,1.4117263541632878,1.0097650642922458,0.9400677709571977,1.282419726502372,0.006729075516494102,0.0015242598520606857,-2720.9069491761434
0.004452839772942575,-0.002581663787492948,0.0026880440986439486,0.023875357784616077,0.02604573135865612,1.3987422019420683,1.0138827481978245,0.9515138629968002,1.249077680752054,0.006666072217134178,0.001501609000001403,-2719.231170829655
0.004445974589494344,-0.0026089054835277212,0.0025813753840366422,0.023859562666665463,0.02523763247353552,1.3960454540525424,1.0154588196446515,0.9548968662116668,1.2449314271284284,0.006671756173641491,0.0015313072241747601,-2719.397061240885
0.004611972861978644,-0.0026858206669273044,0.0026736074756253557,0.023728004842575992,0.025860916889969568,1.3905328507559385,1.0124658908112414,0.9561802695230209,1.2392127208076094,0.006924018854837115,0.0015716688343478595,-2719.299525287419
0.004829013297105831,-0.00273059863004293,0.0027153494875930316,0.023689135317949587,0.026360748138345384,1.3874230296662835,1.0068573199817266,0.9611645864916224,1.2352537009263638,0.007057483805876165,0.001609801455075511,-2719.346679743619
0.005213775443666314,-0.002874401472770804,0.002723193310581626,0.02353173356299076,0.026450404335963983,1.3781840581929068,1.0013561881088333,0.9671798712104255,1.2321844686553267,0.007759976582009489,0.0016788122452585962,-2720.4786064564896
0.005226826858129939,-0.0028191303422544353,0.0026625889047907966,0.02361371802329519,0.025969643535830082,1.3722226094074337,0.9984431515980462,0.9621238445787406,1.2323032639582958,0.008142020557560501,0.0017518615926134173,-2720.748250728426
0.004961384445111371,-0.0026953845459152578,0.0026722976761475634,0.023851339386401722,0.026403002925454586,1.3745096109128374,1.000478243383649,0.9595338312617618,1.2293814632386761,0.0076753949197254055,0.0016576484283899135,-2720.0448232375848
0.004732113342525502,-0.0026542680958794446,0.002631703472061503,0.024199801208632573,0.02652384683828806,1.3784018299806982,1.0053814643384795,0.9594342633460199,1.222043453154473,0.007267321831851029,0.0015741705394471438,-2719.391948519641
0.004807908842915761,-0.002685094640156896,0.002622845021422343,0.02414487015511965,0.026616652015483282,1.377381117383218,1.003805567422345,0.9624448400576193,1.2201913586649962,0.007256795887324628,0.0015733080225442822,-2719.1987678106902
0.004703856914889811,-0.0028439413527975707,0.002680608959674231,0.02438467501556416,0.027308537489583094,1.376989741033864,1.0030084004183035,0.9531468346855176,1.2043178664490688,0.007227994815626723,0.001447985827909826,-2721.038894810072
0.004478385465723524,-0.0028284238373584352,0.0026086309011274862,0.024508140566587962,0.026265043836838572,1.3764367655356868,1.0003818725172768,0.9436112414897455,1.206632811981602,0.007397954370310997,0.001515000868927846,-2719.413018649537
0.0043767241900980434,-0.002799537693798643,0.0026387359547432377,0.024596246965318667,0.02645100690808335,1.3711407092040961,1.0033616517416621,0.9366255965794194,1.201969398846447,0.00757993013578552,0.001503414902634962,-2719.7178128696787
0.004439232189459704,-0.0027368458416373465,0.002682858848912118,0.02449579645133845,0.026955378619476535,1.376102478215194,1.001320086556307,0.9432990525433281,1.2145300343966774,0.007273529399481249,0.0015041472442171686,-2719.2680969950197
0.004219480866768096,-0.0027094715852150368,0.0027175072664107755,0.024560667278804457,0.026925850319707467,1.3812569658227234,1.0039246739928664,0.9358677327785593,1.2185149458570084,0.00713108510461194,0.001473391552273892,-2719.950406664119
0.004162251484131371,-0.0027390495423873914,0.00272689069435235,0.024708137603708446,0.026874280882844177,1.3798201696937311,1.0037384801358988,0.9306463832981924,1.2162054342856794,0.007204288857049862,0.0014796422749510695,-2721.8162883677724
0.004286066785162577,-0.002785154611440804,0.002786568889450448,0.02448650958835193,0.027159564539414708,1.3833178741225902,1.0028494635196532,0.9313826093827797,1.2177013272152686,0.007125808695799939,0.0014549539553617055,-2719.9794941561036
0.003959253983929193,-0.002676001939684533,0.0027597786765236874,0.024622719403381496,0.026974964502839545,1.3930532287280952,1.008315488989603,0.927885089671445,1.2143030702640785,0.006649042196478694,0.0013234974214885733,-2722.222821310193
0.00398358957887089,-0.0026636143143987942,0.002752369700987001,0.024527264402868426,0.02673125306521089,1.393674057046641,1.0094820046888893,0.9357918768126904,1.2121464387452723,0.006757950987744508,0.0014301390570970727,-2720.741863474988
0.004006446841350939,-0.0026266000742091846,0.0027268229180842647,0.024538394077263506,0.026886536435094685,1.396153735570831,1.0066457597984726,0.9382812739369698,1.2125248070074715,0.006722084742741761,0.0014237919195626441,-2720.0564343040714
0.003978863586540879,-0.002664739853971655,0.0027212871770963326,0.024578617990196606,0.026615113337586684,1.3935679103547822,1.009004830824403,0.9318496268440427,1.2069568598161948,0.006789418514537447,0.001393548540439573,-2720.5287640122606
0.003703629765215797,-0.0024808388083180635,0.00265640772413675,0.02464063789429938,0.026142495899792288,1.4039836313423093,1.015005038171725,0.9417795543217148,1.2233777530510468,0.006243032864577989,0.0013967934190561393,-2721.2958625370034
0.0036499372874278704,-0.00243116948224884,0.002667863919783466,0.024694267882618203,0.026406923953312296,1.4057599985646196,1.0198197570928784,0.9430537012941601,1.2150349468382091,0.005976739625262128,0.0013469108913049567,-2721.197771779089
0.0036772342111567238,-0.0025025225248035228,0.0027070487414466884,0.02462160605549839,0.026515645468635177,1.4040657682276318,1.018127194639171,0.9382608505762232,1.2143154272653724,0.006079387297239855,0.0013381893025064852,-2721.1143545910472
0.00372298162406425,-0.0026323540819075406,0.002772479679902323,0.024579464753479306,0.02656669810179749,1.4040415154802472,1.015940573135278,0.9285399506323858,1.2085519734896213,0.006344737152413372,0.0013298554020743166,-2722.6469687371705
0.0034711438655667167,-0.0024968382411660658,0.002663958090412162,0.024705601021235254,0.02565122111703258,1.4083449427379322,1.0232371766015766,0.9343790934871677,1.2150090844921029,0.006041552291587491,0.00136811681828708,-2724.359275978766
0.0037239810271864696,-0.002593156425632153,0.002754433178257403,0.02464708005138294,0.026686379856652544,1.4115968679290511,1.0234695168369594,0.9398018877762758,1.2073635437005297,0.005751028754725944,0.0012849284334748583,-2723.6988723602485
0.0035990615106517385,-0.0024966164932263704,0.002664844879102238,0.024624213356561283,0.025961316360363938,1.418774505122431,1.019908347239179,0.9411968686670752,1.2244093095807034,0.005637591937772663,0.0012890503655925336,-2722.8416159115586
0.003690443266104064,-0.002575229020372609,0.002694663139928006,0.0247305841161283,0.026206924932076138,1.4016066592776886,1.0184421149339697,0.931082186340836,1.2136954194608403,0.006126956836602394,0.0012980478398731071,-2722.4103417410365
0.0034576257943468077,-0.0024582971730512286,0.0026812853018272093,0.024599169978573098,0.025657491091176276,1.411991590636576,1.0158930200987124,0.9325882162205806,1.23603191069599,0.005758659325727641,0.0013423228381628015,-2721.5335809892154
0.003309002340404517,-0.0023738849482588973,0.002675540878689998,0.02456779349557082,0.02540512691722341,1.4115379181481118,1.0148675710315374,0.9240910230159484,1.240965059896833,0.005947152184112301,0.0013815734765258666,-2721.8213897515043
0.003915571563887931,-0.002528103683726992,0.0027155313075977565,0.02439368480020919,0.026278652910037583,1.3976187479966584,1.00569837395146,0.9339159179139201,1.2327339417669934,0.006226776840657397,0.001432054416139178,-2719.151769801413
0.0036262895372683856,-0.00246147085115763,0.0027102737323585722,0.024597752928623734,0.026248883912357746,1.4008125754583762,1.007812991025754,0.9254722662026752,1.2307296319343344,0.00605917008068634,0.0013680374839236322,-2719.8452543024064
0.003624356558684443,-0.002369686456256303,0.002579020064589954,0.024703621800326345,0.025360123880218487,1.393583081843635,1.0106285128090013,0.9296641776054564,1.2265263113378535,0.006183864531456525,0.0014323157584282137,-2720.9078487280094
0.003677443950067265,-0.002298378479590679,0.002683260547240621,0.02471854524119515,0.026362638194562568,1.3940874529320888,1.0077994864376982,0.9233846460049074,1.228947042112441,0.0059438153514736825,0.0013492145393988334,-2718.646923370701
0.003951835894473428,-0.002296973260113049,0.0027241853191042743,0.02466587819646166,0.02717043288306879,1.390796845629655,1.0072377950544746,0.93089958675766,1.2241905919517237,0.0059798760836879405,0.0013802123562638836,-2719.016867443851
0.004052859481687819,-0.0024121411296148306,0.0027719682900574387,0.02448284977393298,0.027414029476987452,1.3850919898918839,1.0020056681594338,0.9340351544285556,1.2250571705083122,0.00622843456775537,0.0014042038579408951,-2718.531589156769
0.0044007777918025175,-0.0025925689835142535,0.0028393954934944473,0.024410386082615445,0.027818184545856883,1.3673539127966663,1.0009983354983283,0.9306020979440055,1.206137892448302,0.0066777769142018165,0.0014157649675261333,-2719.219794659
0.004072364996800181,-0.002613078013627153,0.00267570649048147,0.024612000688632157,0.02573183205861085,1.362776453798412,1.0074566896248969,0.9265744283165195,1.2053948386533186,0.007010408996806117,0.001447678875063227,-2719.380699306377
0.0038047640966518623,-0.002513409003859916,0.0026925437729573318,0.024624447255213382,0.02574301937509184,1.3687249459756694,1.0111253899985462,0.9175734351594607,1.210989774131651,0.006872271742600021,0.001423752035592998,-2720.047466525086
0.0038776370843908205,-0.002553891992830109,0.0027411010714449083,0.024651575960683184,0.026244791405068534,1.3631010776936572,1.009530712446122,0.9125422190518482,1.1973684334538697,0.006997555601254073,0.001389655090640382,-2719.7800793565234
0.003972557261326047,-0.0025662568522762837,0.0027905490950301216,0.024659768211675516,0.02673101987909381,1.3615038463917906,1.0090114206578642,0.9053012029702625,1.1916053438711378,0.007217831804712165,0.0013575534704447058,-2719.907730783138
0.004029599871063216,-0.0024930066670808037,0.002733368100505679,0.02468104156031774,0.026840210056554757,1.36015200100604,1.0087041648475588,0.9132688771809404,1.1903322388722792,0.007112098158898271,0.0013780762160267351,-2719.4335754565554
0.0038677880261151,-0.0023431619653998094,0.0026668355647610437,0.024771473588628547,0.026573832982679388,1.365372897014256,1.00512676873786,0.9106927181132036,1.206647889418237,0.007184872739472259,0.001381814620415157,-2718.8789947334603
0.00401595196308038,-0.002377585705506228,0.0026847881558015986,0.02468584956259417,0.026577219362239356,1.3615952925993933,1.0026954916543118,0.911448563154,1.2163204977958912,0.007381021326677887,0.0014095365658056758,-2718.9090970040065
0.003823461492143179,-0.002209103084761759,0.002676243750683895,0.024652083478988646,0.026620678480696835,1.371733435128601,1.007360229926857,0.9231283237029184,1.2229595936390394,0.006899410008050465,0.0013842715853078537,-2719.455580188508
0.0039343964656036855,-0.0022880017295421823,0.0026924896106073934,0.02461303418255417,0.026591598580989598,1.3702785271454343,1.005532393908269,0.923119854880525,1.2239719518564716,0.0069550309483433735,0.0013806975944557678,-2718.8852845295955
0.0036978876288173354,-0.0022638614137318845,0.0026472558527054694,0.024701894563655707,0.02627566728885147,1.3813209473316088,1.0130574803499608,0.9246313263914627,1.2254402886848021,0.006553864730167462,0.0012768679346453972,-2720.0654231382423
0.0032035621530259253,-0.0020116676787529436,0.0026480361197889915,0.024768931952669295,0.026249585370850894,1.3957589112557964,1.014977380115408,0.9193892543739285,1.245173717481455,0.0059696393553182615,0.0012424398576685468,-2719.1020363704392
0.0029810732825948216,-0.0020122403887601822,0.002564087449603423,0.024833968992465,0.0251682956617936,1.3974865340482157,1.018511858187945,0.9137720961392987,1.2526818271861584,0.0061475846696906365,0.00127313722129048,-2720.202706860123
0.003349154147665812,-0.002104586838900295,0.0026796202113657545,0.024759674833400414,0.02633172176571251,1.3994154410410045,1.0120048343181132,0.9169344202000825,1.2503326970516695,0.005939689190985982,0.0012499016858476516,-2718.838503268394
0.0033069400834471116,-0.00209332956293737,0.002767121025905465,0.024678687263662315,0.02704976506782941,1.403744192046027,1.0130177991721605,0.9133554617960264,1.2514671834197533,0.0057449693015593425,0.0011960590348496216,-2720.408895751263
0.003384632179697573,-0.0020326993597668376,0.0027544794573200818,0.024651969187080923,0.026944004818381898,1.3955944006335335,1.01484488972126,0.9171960645995161,1.251084433705777,0.005879424136311427,0.001254102321264971,-2718.956322926979
0.003995971467377466,-0.00225305754783125,0.0027960992130345095,0.024522968761048206,0.02722649779978384,1.3721138412115845,1.014741561656318,0.9195053327032104,1.2250143607774517,0.006628399508498388,0.0013272363236740768,-2719.614696710216
0.00407996520455535,-0.0023699115724112084,0.0028300478182482175,0.024481005198415357,0.027249107093739646,1.37427028108229,1.01306224782106,0.9156497191927851,1.2235592762711422,0.006685345366566837,0.0013239166273855318,-2719.6880117885116
0.0039534117476519165,-0.0022631636209967656,0.00279278817752162,0.024559148937978535,0.027225066487573744,1.3803355230087124,1.0110350548095666,0.9253381684079776,1.2308994416321857,0.0064050798949250864,0.0013472031229374412,-2719.036274622439
0.0038038568729183275,-0.002239025617707888,0.0026988788051450084,0.02479872759563936,0.026501645359067127,1.3739492450178676,1.0138758577734095,0.9198419624441984,1.2315340042195753,0.006618889071818983,0.0013567544927839514,-2720.275398994957
0.004142825747151921,-0.002302195126905316,0.002818990360905701,0.024460112496922377,0.02775812987413709,1.3759971839885385,1.002711887204992,0.924972359923585,1.242641284433023,0.006754310399145494,0.0013961059008642804,-2719.8249791999874
0.004069860558069025,-0.0023991815812964305,0.0027995778744911138,0.0244777357716324,0.027272241294829164,1.3740953111392256,1.0066119914992144,0.9174757426611109,1.2373930580547916,0.0070036071482745274,0.0013341993302021782,-2720.0256122323203
0.003895913742076155,-0.0023579844259763137,0.0027096856440113146,0.02462959367525973,0.026448693262577722,1.3741168037720608,1.011125499505386,0.9183634388480062,1.2418721569392637,0.006966407182709503,0.001355108860537508,-2719.065272981236
0.0039144801123254715,-0.0023652456973935077,0.002740500452168663,0.024537493742277747,0.026651143524635462,1.374666348235798,1.0087864335993588,0.919412923742749,1.2468970031264748,0.0069696520319919445,0.0013480158314486883,-2719.2811104208204
0.0038731450962131864,-0.002338673327690179,0.0027595787715553586,0.024529436315285306,0.026708763318865472,1.373291693219339,1.0082325380065305,0.9171352754964668,1.2467920806029757,0.0069514896934432715,0.0013435773690151124,-2719.2970432826423
0.0038479607644529117,-0.002256779758383713,0.0028207324640864904,0.024360672084319586,0.027076335946961856,1.3752823505666942,1.0079980470874224,0.9212941787170729,1.2593473567657332,0.0067255484334808185,0.0013641330563449769,-2719.8451002240145
0.0037381799166056207,-0.002132514754818739,0.002782253109042493,0.024448295225883224,0.02708137510902555,1.3780601129710766,0.9969988955252533,0.9145390778659637,1.277854996073329,0.006782131799634309,0.001367997950692809,-2721.0978038173066
0.0033074640660015874,-0.002125593027654538,0.0027804422300884485,0.0245599012804004,0.0265430069998836,1.3793405139573927,0.9930085220383644,0.9047078794917482,1.2866995583634222,0.006726639507702998,0.0013396179247113157,-2720.5334808174894
0.003199813295828866,-0.002072736734818067,0.002746320586348972,0.02458854856466192,0.0261887559755174,1.3775253945671264,0.993468313058185,0.9041162770765337,1.2821214559290968,0.0066882844606740354,0.001357462281583582,-2720.8016886088403
0.003412170679281259,-0.002112864809197745,0.0028120188793637965,0.02441952832375575,0.02659931056156675,1.3694271578507735,0.9904268355233725,0.9016678870188459,1.2870757760235794,0.006956033448142133,0.0013754997155866384,-2721.5073530781083
0.003710348424573814,-0.00221795788822185,0.00279029562993963,0.02433754803548514,0.026175530938685736,1.3630050439174832,0.9940294525743911,0.9016494112900191,1.2725571210735431,0.0070434816161337324,0.0014135654958760807,-2721.049810304558
0.003221122266261518,-0.002152451769440543,0.002742180769091727,0.0245898068347972,0.025873047748543595,1.3768610228113372,0.9991599894020543,0.895941285458609,1.2853675306144077,0.006576559936174866,0.0013030762727132775,-2720.566354830333
0.0032400258318928885,-0.002087779476946991,0.002735302832105667,0.0245468070400078,0.02591486142313499,1.3839013064262935,1.0011320772677645,0.9049496529773308,1.3041453174537387,0.006191823865038453,0.0012986785620675086,-2721.574254080067
0.0031775474063592407,-0.002111229994809149,0.0026926257862652262,0.024615781842497065,0.02549584971212576,1.3693021704583872,1.0055466062735523,0.902431687744764,1.2952564063580208,0.006532937357285419,0.0013474596582761155,-2722.574513788478
0.003680287016122821,-0.002349784280022447,0.0028290990068185655,0.0243781236819884,0.026879114223960818,1.3686870832588967,0.9989763735389272,0.9132675476310828,1.2813768915752344,0.0064199787685330035,0.0013039590079352609,-2723.4028801122718
0.003743769650424408,-0.0023386482908582225,0.002762431337889962,0.02439887024401309,0.026572361405200202,1.3659485246312326,0.9992749592996888,0.9174192926400572,1.2770252675983702,0.006525328598027918,0.0013480387589895112,-2721.8935531965926
0.0037320321493581974,-0.0024187277885347417,0.0026967906581527585,0.024487692232966055,0.025894097722700328,1.3570355032739674,1.0011336589304545,0.9137629366913584,1.2690837798211243,0.006907734471148609,0.0013996100858507643,-2720.8879520813266
0.003586462924769036,-0.0024792897028586454,0.002754865239294596,0.024578092831435406,0.026256299823937262,1.3591592374470678,1.0044613400678242,0.9100114941563732,1.2674284892065069,0.006817804196810189,0.0013292073260511824,-2721.696851600337
0.003235841280092449,-0.0023888035466525168,0.0026889561546965908,0.024757895216601593,0.02540799737843639,1.3714402384258224,1.008776550646964,0.9042312540505614,1.2868660036152444,0.006488818199209145,0.0013375281972077897,-2722.437227232489
0.003235841280092449,-0.0023888035466525168,0.0026889561546965908,0.024757895216601593,0.02540799737843639,1.3714402384258224,1.008776550646964,0.9042312540505614,1.2868660036152444,0.006488818199209145,0.0013375281972077897,-2722.437227232489
0.0036137111567274838,-0.0024880173312828765,0.0027606326869368376,0.024513335664254635,0.026145304516898938,1.367465546297471,1.0078187923189459,0.9097473001122406,1.2830546734950479,0.00647071454814744,0.0013002259025626875,-2723.4144117940978
0.0034891829304252685,-0.002276630764405151,0.0027879189171226984,0.024628656078176055,0.026676333251695016,1.3715815297445753,1.0127565214102372,0.9156312159908978,1.2906868532395812,0.0059983239022794715,0.0012616289669977034,-2722.1345303909734
0.003762199523548511,-0.00239250380782941,0.0027241319896012216,0.02441351297893828,0.025933042942979802,1.3703545190423756,1.012740387185417,0.922006364572905,1.289225721309036,0.00636753369983413,0.001359125985009157,-2721.713306099368
0.0038073293268919683,-0.0022752868027616016,0.0026672552560591924,0.024296053724783634,0.025652582452398147,1.3727902308517286,1.0155850491073077,0.9340384088478836,1.2944441550203456,0.006069943976265041,0.001396854786156447,-2722.3345154318285
0.0035676740205563395,-0.0022435616058044663,0.002708154111844522,0.024436518709039474,0.025877936141037075,1.3780683050652034,1.0131574801412842,0.9253293876496798,1.3031008928038812,0.005887319783956737,0.0013272987214025499,-2722.307965115751
0.0034844240202051395,-0.0024045841708617384,0.0027746888994835696,0.024421579108265704,0.026148915738091732,1.3743418692398448,1.013747729510026,0.9147464074562571,1.290677086374774,0.006094729020479385,0.0013198635457414302,-2722.0181539601003
0.003792146937956223,-0.0024535222420327234,0.0027920151926192544,0.02445336865135411,0.026705933615353845,1.3651405124051994,1.010324183821337,0.9148057794546416,1.2803701661680764,0.006302145994543336,0.0013581652996933133,-2721.5313766131367
0.0036180925796316897,-0.0024470119424924355,0.002718411896200928,0.024617086678624115,0.025888008975196213,1.3654342539332087,1.0119778390333778,0.9141442008741836,1.2773884663549422,0.00640419826104834,0.0013815992115373162,-2722.045403148867
0.003591485211894162,-0.002492312758257972,0.0027218515906526613,0.02471195047177545,0.025993235515457236,1.3662737402863794,1.0139424316022052,0.9135991879558824,1.2715811532984223,0.0062606811012367106,0.001329675795466226,-2721.7054877353144
0.0033921050425303034,-0.002306070625884187,0.0027205227178892654,0.024774352426337163,0.026085011979194314,1.3673198706055278,1.0129807707932401,0.9010905473645568,1.2780088495949067,0.006294274429690604,0.0013030966875757274,-2721.334235835378
0.0032079243202428488,-0.0022107268468078874,0.0026646689675304236,0.024776888656993262,0.02585529700219264,1.3618473857973088,1.0107027551441325,0.9029055584905067,1.2814809927921718,0.006574695584982797,0.0013125441999849918,-2721.8598418460556
0.002759758590588088,-0.0021310472086020302,0.0026869780593105166,0.02482746084399319,0.02570538726304577,1.371581737500506,1.0116910666492087,0.8950040356956315,1.2963373217870282,0.0064575954591024175,0.0012695492383219256,-2723.254559824369
0.0028270746857333925,-0.002140610829850737,0.0026996936549805897,0.02478230632100449,0.02588117979153364,1.370968347796531,1.0092468667942074,0.8916411251149752,1.2988690954204105,0.0065641631569380125,0.0012609690614755564,-2722.4463005538933
0.002723492890279745,-0.002070469943020445,0.0027160968373700165,0.02486923587568465,0.026283481216061413,1.367711862982186,1.005652836505249,0.8888407980399191,1.2940069435462351,0.0065467116701700065,0.001252214718037484,-2722.5714175575886
0.00293537631787261,-0.0021932323849709846,0.002772346653572395,0.024883953966895668,0.027041048292295478,1.357866499572538,1.000518750508841,0.8879814956770837,1.2794217911183856,0.006808554941696413,0.0012170628259951333,-2722.758950633149
0.00286173961827787,-0.002029675977103759,0.0027878465663781363,0.02494475721196739,0.02728683467441937,1.3626161704372006,0.9938701748470273,0.8861793963261143,1.2998424386930525,0.006838985111738599,0.0012394522048435666,-2722.432555882081
0.002731744744070055,-0.0020377681401259513,0.002789346476579164,0.025034415415908173,0.02713471535839059,1.368612057674203,0.9927579401069597,0.8784400536378113,1.3028732492161892,0.006787489419385644,0.0012135976840372351,-2722.176809406563
0.0026983791861759504,-0.0019785031667270405,0.002782936458761588,0.025049575081668513,0.027050984436476876,1.3660553323439897,0.9945533143372083,0.8783540364937226,1.3069901091978802,0.00678621765365932,0.0012246090304220661,-2723.031826019798
0.0025111312793503274,-0.001946681169594391,0.0028648348940332894,0.02508046212763454,0.028311724883389566,1.3724486853371305,0.9938654999332581,0.872082909951265,1.3171342730392506,0.006513741443308655,0.0011278284769501053,-2723.730977948685
0.0023198061516567416,-0.0020278479616536145,0.0026913514960233242,0.025362839670197333,0.026159958982564523,1.3639520488265293,1.0023346461898701,0.8659227703394397,1.2984525410276135,0.007088644948153477,0.0012079904640367523,-2725.843846912144
0.0026692291510353426,-0.00212888559402609,0.002788078759843246,0.02516761847741149,0.027011166671683434,1.3583840883525955,0.993306838890117,0.8630949433488226,1.2824776662892852,0.007329104569101623,0.0012203844781459505,-2721.766872081318
0.0028352246502186384,-0.0021588505036122287,0.002817147931360566,0.025002177643852035,0.027008294533323172,1.352526408758064,0.98884919311809,0.8610473702548311,1.2861175609410374,0.00775934020839672,0.0012771205610522366,-2722.0040410013653
0.002851361695627176,-0.0020680630711071776,0.0028370947582857216,0.025187641445532725,0.028129469174447936,1.3500565092463646,0.9903926822522182,0.8638259481900994,1.2775490166884793,0.007290694051506752,0.0011837096279527538,-2721.8011083580254
0.0032216931320644456,-0.0022133516268680754,0.0028387911046781748,0.025068266543686355,0.0283507501999319,1.3410750059452012,0.9880134031984202,0.8747543984007288,1.2613243576362776,0.007437578930808631,0.001230227750412991,-2721.9903463578944
0.00296955606778305,-0.002094492848867439,0.0028598294800801904,0.025113834131585126,0.028742982972651984,1.3510582300967604,0.9880626002531259,0.873606330994458,1.2687814846328218,0.006900529927393543,0.0011776681495810374,-2722.3186878652946
0.0026684711976128744,-0.0020205511230476855,0.002855824292102345,0.025273034960485777,0.028927255957866087,1.3572979022293041,0.9928063039305887,0.878678260194893,1.2675489658318195,0.006279048466051838,0.0011508136003957972,-2721.3802105351024
0.0026684711976128744,-0.0020205511230476855,0.002855824292102345,0.025273034960485777,0.028927255957866087,1.3572979022293041,0.9928063039305887,0.878678260194893,1.2675489658318195,0.006279048466051838,0.0011508136003957972,-2721.3802105351024
0.002438156205895171,-0.001876158024627577,0.002841469689804877,0.02520669851203433,0.02862818688800219,1.3704352111074907,1.00025010097421,0.8846159995022742,1.2737799189445385,0.005612325774111879,0.0011167831372731404,-2721.776013492478
0.002625492295564927,-0.0019360953756863046,0.002939616722764159,0.024935913682839046,0.029227383616830967,1.367728129379901,0.9996929973148061,0.8920501719932472,1.2813571588657564,0.005667400069370449,0.0011377930076410141,-2722.113052311402
0.002649358832983355,-0.0019168630837832499,0.003036215705034437,0.02495735739212032,0.030698889215336887,1.363597685107117,0.9958574922221957,0.8868410471871815,1.2768694396942022,0.005637909994477006,0.0011089647154633147,-2722.4998523594118
0.002343633792122624,-0.001868949141356155,0.0030641499444496534,0.02501870594342973,0.030566182663879678,1.3688485134699957,0.9966908235743503,0.8828112119295419,1.2757642339610364,0.005483426886626891,0.001093324370037233,-2722.563053243256
0.002343633792122624,-0.001868949141356155,0.0030641499444496534,0.02501870594342973,0.030566182663879678,1.3688485134699957,0.9966908235743503,0.8828112119295419,1.2757642339610364,0.005483426886626891,0.001093324370037233,-2722.563053243256
0.0022462005315211173,-0.0018794435849474747,0.002970283737826623,0.02496410938378653,0.029102312424112625,1.3678177983271094,0.9953877825532299,0.8883006249822144,1.284742513094097,0.0058978614388111895,0.0011504550104171134,-2723.8901868320977
0.002420730948548718,-0.001997821222353962,0.003075309612918054,0.024966403835047477,0.030125483129970418,1.3570795325486726,0.9890900745321708,0.8780679089779805,1.2741277379145524,0.006464038415473466,0.0011574921431867316,-2722.767288125474
0.0028103656709839164,-0.0020906868121442178,0.003148654305144612,0.024896775321644263,0.03130535422608799,1.349574736801653,0.9836804185942145,0.8762825524970304,1.2706794212646213,0.006730401196698754,0.0011928711049865037,-2721.69965110925
0.0029258514624677864,-0.0020811331708106015,0.0030503705064026166,0.024871181031689463,0.029859349344285677,1.3453614530071456,0.9841939723707916,0.8761467741753711,1.2689688812916433,0.0070900165970509774,0.0012599652435783546,-2721.9075216774795
0.0026534113468220776,-0.0020822395255288622,0.003041055939044263,0.024977440350129936,0.0289587786732918,1.3483835695749917,0.9909675173189922,0.8638997502807428,1.2652253242272862,0.0069479299780803175,0.0012202098915727005,-2721.8845791062085
0.0025032090069318728,-0.0020344574169497125,0.0030835379616196592,0.02513851550555437,0.02955311745582751,1.3497238689035664,0.9977680958923068,0.8597262456925039,1.258662511584202,0.006705360914089919,0.0011680810680583062,-2722.724456329627
0.0029380944273231357,-0.0021736258117400096,0.003138619516650945,0.024825444614642027,0.029487987998989107,1.3499268120169352,0.995273571984336,0.8608583165595447,1.2577460770817952,0.00685216279687411,0.0012064391008908268,-2720.6861244836073
0.0032690499628488124,-0.002263168968783795,0.003027385368072704,0.024777868265092443,0.028483430793283977,1.3405493664975319,0.9934099081466394,0.8703205558336784,1.2609633304298473,0.007269692232127931,0.001275901058339301,-2721.1288242004357
0.0034382053799918103,-0.0022728379088162234,0.003064000086468986,0.024756198665165076,0.02921263117885082,1.3429031241987168,0.9873211684460741,0.8711669025696176,1.2533709903095442,0.007323121392557664,0.0013145363819949292,-2720.6748024196336
0.0030508653655465703,-0.0021376580878956263,0.0030080667111618544,0.024965119822853994,0.02847498511158701,1.35037654599147,0.9890935512447007,0.8649227078697509,1.264680973806687,0.007003281100161064,0.0012740662022877496,-2721.199448385959
0.0032372003608148667,-0.0021771630073061906,0.0031454566620995696,0.024693161493971955,0.02996960973594629,1.3569346541926963,0.9825449263520496,0.8719338112521409,1.272589677507923,0.006801464938755515,0.0012843650281416457,-2720.988177627138
0.0028664811841616344,-0.0019999105888031544,0.00311881912936535,0.024999361225924967,0.03006909507795902,1.355797830532337,0.9871970091936562,0.8655797612896379,1.2759738936000922,0.006489055010354294,0.0012356982024342893,-2722.9892260434744
0.0023461036105166186,-0.0020158122424391387,0.0030851974092815583,0.025238744319481917,0.029369544468948017,1.366374642741683,0.991365947570519,0.8562998266384514,1.274933627298756,0.006032201196647593,0.0011379635354327898,-2722.3290351598903
0.0024119839466741483,-0.0020016295579613408,0.003164227672810097,0.025208277846638268,0.030670032063581112,1.3752372813109555,0.9886384104419994,0.8526174538266131,1.271945582533137,0.006082484263635172,0.0011034134911549255,-2721.13106444085
0.00258939869927669,-0.002046165964019819,0.0031976736659754643,0.025243820897824218,0.031315162682760675,1.3694966531824022,0.985906549569725,0.850954473537167,1.2619397927027745,0.006342573518595865,0.0011136947188187247,-2720.585736544507
0.002677698432280792,-0.002062794852099055,0.0033005950458772047,0.025135523797960614,0.03298413226895054,1.3686929302869162,0.9817511499760236,0.8502691722635412,1.2631252670762805,0.0063120846406565555,0.0010777834523093852,-2722.006450685277
0.002699151744717172,-0.002064863358713592,0.0034109041354433117,0.024941979331063086,0.03382817257035698,1.3755145426086495,0.9759633303724864,0.8459199378870679,1.2713394248232879,0.006506921904550737,0.0011063314093593636,-2721.4865896473625
0.0024397246001579675,-0.002059058339869425,0.003431510034035795,0.024907015075788082,0.03298014208097566,1.3845206852700858,0.9785556865710141,0.8491411868356619,1.2827063340461542,0.0061116033050065376,0.0011352717904622237,-2722.085849603715
0.002507402819633549,-0.0020755466191045785,0.0032963549167445544,0.024983364220436222,0.0314577071845184,1.3760206975520513,0.9824698739191966,0.8520072339769296,1.272401132395118,0.0062194424375417645,0.0011497190819639716,-2721.1716455126707
0.002560928413444255,-0.001978848264332288,0.003194175071482353,0.025007792669803765,0.030888749079846407,1.3623319254580162,0.987554599382414,0.8658447393118212,1.2730247074808387,0.0061384927038035594,0.0011774670304769111,-2721.9272344950023
0.0028943964227657083,-0.0020155761171061336,0.0032191668428123445,0.024914590348646407,0.03177742688773441,1.358904756348883,0.9856718645270479,0.8685681949261024,1.2684934193484727,0.006221413119327291,0.001180725835644026,-2720.7599116195556
0.002892713871692619,-0.0020032619180846856,0.0031333956808801363,0.025002887684571814,0.030984304066203713,1.358497291474993,0.9907643895730447,0.8745850867685601,1.2616730007959167,0.006234566628406862,0.0012005686211899438,-2721.1761132117017
0.0032272985163394486,-0.0021203600312279117,0.0032252221958737476,0.024796973275270705,0.03302162217353047,1.3577474799708487,0.9899811488615994,0.8904999462415897,1.262086652309042,0.005957805778360521,0.0011849888455915756,-2721.2504406378575
0.0029406712192769236,-0.002032231670234097,0.003195313320194195,0.024990065679847965,0.03209889905231597,1.3560478047539681,0.9932815974238688,0.8764115688177052,1.2561994382108022,0.005894684109175818,0.0011206118522134225,-2721.078374752575
0.002719160723759294,-0.001966660883515491,0.003350553563972626,0.024879599624225857,0.0339079570526798,1.3654376906309658,0.9898343427598284,0.8662611146493784,1.2637357086180216,0.005822104616322899,0.0010849163848773785,-2721.322851758565
0.0025131104540787666,-0.0019042243178421176,0.0033495919843476267,0.02500856371522681,0.033930203588433995,1.3645771318335913,0.9946808335885218,0.8632477824965819,1.257866758983805,0.005698019069650629,0.00105309737162021,-2721.2817649003587
0.0026458996060813884,-0.0019110221744160754,0.003326497873857556,0.02482964133362524,0.03332934426396045,1.3699547124666163,0.9937277791941654,0.8692052621528185,1.2584084003793268,0.0055627904655982776,0.0010646131637670742,-2721.770182643182
0.002940371347198205,-0.0020180269846472943,0.003401060552999332,0.024647296673932912,0.034679347782383727,1.3626773336260387,0.9927417282895952,0.8748567413817239,1.254192110530819,0.005521815858136063,0.00106878396163695,-2724.455942008288
0.002972081031145185,-0.002009329999930508,0.0034265009582701666,0.024596216792358922,0.03496089052014078,1.3600725403298497,0.9904136727441386,0.8721966861787253,1.2545139146418274,0.0057279940333576345,0.0010926009262467208,-2723.307168335037
0.0025700096208710384,-0.0019319591655099708,0.0033722971057004968,0.02466475870415337,0.03314545642009004,1.363904202183547,0.9945049762565155,0.8682203513916983,1.268058013511952,0.005621201180332185,0.0011118189608532768,-2721.449923459095
0.0020788143566945385,-0.001798966687851746,0.003385950203576002,0.024735980656295037,0.03224675336831142,1.3772064015678267,0.9924925213628886,0.8541785237446815,1.2825252229397162,0.005463739238404649,0.0011024209008332914,-2722.3340542315013
0.002249731862825049,-0.0017641084820189182,0.003474366479670646,0.02471431500649774,0.034004292175422564,1.3766153420860703,0.9901423217842795,0.852882938816719,1.2833795240212835,0.005415799140464983,0.0010599880028297427,-2721.2702045240458
0.002485948481823822,-0.0017510942514238747,0.0035274680554889747,0.024419295288472444,0.03425990706644717,1.3772848460064526,0.9850829558418611,0.8641414648544194,1.2957925949695355,0.00534544067239432,0.001100706609493285,-2722.1073217583335
0.002361403301900567,-0.001733927031195833,0.003522218913538656,0.024446585500129337,0.03448499057106011,1.3856037767420104,0.9851102725354903,0.8660856947279786,1.2988225068527306,0.005055801930168873,0.0010775525217683092,-2722.08245094741
0.0024753810541506254,-0.0017689694720264852,0.0033872002514770435,0.024537218342865,0.03224827158503465,1.3660638201714796,0.9876141385730876,0.8599075865547392,1.2830691875796953,0.005715151218670874,0.001157927083399074,-2722.1922330984307
0.002383275117704099,-0.0016995932495009426,0.003567358132989394,0.02436726553953949,0.034775480433942296,1.3736031509794924,0.9852008906835277,0.8571063464180403,1.293549645095673,0.005322700135244587,0.0010875789562510697,-2722.6638507246125
0.002276601793917442,-0.0016521388524404776,0.0034694560821275653,0.024468418775755608,0.033179152806580625,1.370391071497885,0.9885084907763746,0.8662359755235689,1.2998622618606712,0.005272472146988567,0.0011265146949898323,-2724.6089899158387
0.0023527822268276256,-0.0017186835385939406,0.0036291226256183577,0.024349056141920702,0.036126717221034776,1.380462085640287,0.9817207238298487,0.8685744224075751,1.309593008425865,0.004991648677063167,0.0010506715023138092,-2724.2778152488495
0.002268355258493405,-0.0017206521410957944,0.0035217750667731096,0.02444831741899867,0.03412364717700371,1.3776628350004645,0.9863489453121066,0.8722003822371445,1.306632143621335,0.0050004080057523435,0.0010759075542706926,-2723.297504249537
0.002254664247753767,-0.001784250684653676,0.003486560810324273,0.024462467098770847,0.033081653873024225,1.3712330082962707,0.9885498353978056,0.8653601589730437,1.2992726916591542,0.0051669754195713,0.0010788705098536933,-2723.2554224469495
0.00232604719755288,-0.0017474931174379874,0.0035170707965995673,0.024393481149902852,0.033402412685355,1.3691000029137688,0.9890895550203298,0.8659612776854135,1.2932938757969328,0.005198548920600398,0.001066097128303885,-2723.717558708781
0.002413111704620611,-0.0017483252958214101,0.0035563020745198264,0.024227276596613227,0.034022666347074584,1.366975053251815,0.9823763882648691,0.8636430349686924,1.293766214995034,0.0054113892062766554,0.001095660706515087,-2724.4931541218707
0.0022955481828565473,-0.0016522824152820047,0.003388096923989329,0.024387076783861823,0.03246599048321275,1.370355470923681,0.9875321510640043,0.868506433220082,1.2897832854239595,0.005365871730087085,0.0010945645287337208,-2724.203055750424
0.0022743877651613398,-0.001715065267681756,0.003449017385186396,0.024546329093146805,0.03346638251675409,1.366841229333595,0.9902753590000876,0.8620204648130745,1.260467324110551,0.005360332347287431,0.0010624262765714378,-2723.180510080026
0.0022351607375334006,-0.0017210326296446983,0.003410891376865867,0.02471060427917112,0.032840118386438126,1.358462884583234,0.9905259032933631,0.8615257786287396,1.2646751821907296,0.0054556749000801135,0.0010596263241920369,-2723.0968239735475
0.002888661549132421,-0.0018534003079762095,0.0034762933881698254,0.02455841313551788,0.03541893989331532,1.3378184067842933,0.9827529187734302,0.8791069443973667,1.2555179241054018,0.005841223095518634,0.0011386016517487283,-2724.0351643792374
0.0029703323652219595,-0.002021803050018739,0.003499290927818042,0.02461965706454665,0.035458764955053214,1.3336914866365879,0.979983854710845,0.8794189894567648,1.2511356010725616,0.005857961321517639,0.0011259218740206293,-2723.923443365234
0.003252656432737467,-0.002024981460669894,0.0034964091027240717,0.024537238767260362,0.036092583953781426,1.3227564140192518,0.9703075300140209,0.8807505231951547,1.2468755953009698,0.00634845200303656,0.0012047614591092475,-2724.56950569001
0.0031840809284492937,-0.0019647070556009063,0.003517498464007858,0.024593750578945802,0.03681687018091288,1.3253009261815167,0.9733951067221935,0.8818010655515637,1.2440332611990312,0.006087956575125626,0.0011871579642509368,-2724.4147836887887
0.003480546997802819,-0.002208459401124409,0.003591132555274114,0.02443661842088561,0.03746358941071812,1.3220040324540092,0.9710944212690616,0.8796501438982827,1.2382032997390977,0.006352316424657542,0.0011778874635258042,-2725.6713527878364
0.003229966072424246,-0.002067397858557832,0.0034270181677490794,0.024610527914459425,0.034403406758602005,1.3271570973471913,0.9737986217004926,0.8805473706945381,1.2492683906353872,0.006398369921989835,0.0012634994246249359,-2723.5675461115597
0.002588175290464907,-0.0018735869946940147,0.003276841814774789,0.02497326301379355,0.03219230486864043,1.3362947398272291,0.9848556578262702,0.8729520960361659,1.2569676012564481,0.00617150808107699,0.0011835895998694485,-2724.5838988143855
0.0028730228710000093,-0.002108311487171984,0.003306546313626499,0.02501714436311355,0.0328177577639941,1.3167002217166792,0.9854544749536074,0.8725635376083493,1.229546930599769,0.006843338564156108,0.001172735068870118,-2722.8954640472202
0.0025060667696655634,-0.002074281398246675,0.0033423099355141,0.02519717601511542,0.03356841398936476,1.3196758854681332,0.9878744138172011,0.8614157756644086,1.2276662046718971,0.006953971891767166,0.0011167601845668436,-2724.255468812607
0.0025965139432028075,-0.0021540604071884576,0.003405333048917545,0.025111243394677966,0.03379009630295473,1.3171980815173527,0.987184852230228,0.8522035389172146,1.2246683287344606,0.007181904508917738,0.001110445607190863,-2724.1516154451383
0.002414201176385203,-0.0021688577469637736,0.003398783443465166,0.025217832084614252,0.033212394088031026,1.3174608143675512,0.9897345928813213,0.8506782008717745,1.2300371153820782,0.007148146628871583,0.0010987017630001916,-2725.7005697316417
0.002679899837256668,-0.0021651605495128503,0.0035288615982427534,0.024852010742862706,0.03461124846775224,1.3111228163986752,0.9906194551514678,0.8596055275003223,1.2342251176476557,0.007035608951703928,0.001120628020553889,-2725.0615145991655
0.0031273031372468334,-0.002320497064764001,0.0036198612667876764,0.024882666327301014,0.03679692960483302,1.2984107568653926,0.9768584145486283,0.8522587168595187,1.2264310569776755,0.0075535116790978706,0.0011462793863645697,-2724.286000983956
0.0029217253472464937,-0.0022339736999854717,0.0036069958736652807,0.025048830550729855,0.037018757873674896,1.3032806773746948,0.9799132127709778,0.8515322546935271,1.229863162142971,0.0072142326094170005,0.0011082681942327433,-2724.1689877437007
0.002298196124918356,-0.001895055729113724,0.003526704963600802,0.02505820665701186,0.03650277476807645,1.3322593089006727,0.9866290905961554,0.8645291974359373,1.253582929343548,0.005982122887155092,0.0010636420083955025,-2724.7859508269134
0.002467156424537551,-0.0019460114464505684,0.0035593360950299953,0.025032097798696012,0.037304785592447834,1.332770485368054,0.983895217728018,0.8636677843586417,1.2581800950806472,0.005994130279004857,0.0010241719331168062,-2724.693577536292
0.002519856541529999,-0.0021087294943143136,0.003539552636160939,0.025144385669745545,0.03584681861986659,1.327365950753411,0.9897186856408149,0.8589649584877087,1.237010571102496,0.006089439571782235,0.0010078295253620672,-2726.6284267392416
0.0027636064184686625,-0.002233421492350146,0.0035112035610216793,0.025164669803189026,0.03625879513644718,1.3229113799260448,0.9865329064698921,0.8623781903905379,1.226696457382909,0.006631025394103782,0.001046288468572036,-2725.61538584847
0.0025139078315495073,-0.002209879905369823,0.0033571729038036928,0.025417785863038053,0.03342384447815967,1.3300387246433827,0.9905570121911351,0.8576185311654421,1.2239418175051375,0.006726546025253215,0.0010702784005760311,-2725.152286476533
0.002545142319424947,-0.002153860260849838,0.00327743008552864,0.025471550494348856,0.032507968468032084,1.3210836086303497,0.9922509958116483,0.8633585928639539,1.2283878258606473,0.006865500107766969,0.0011135389446166029,-2725.2494671945346
0.002948249586171991,-0.00220377027754471,0.0034159948947007136,0.025002268773476128,0.03441399786296957,1.319635831436269,0.9821765624157548,0.874998241071782,1.234695576834917,0.007185479939410032,0.001150328993899582,-2722.9185233662915
0.0031472225573323433,-0.0022762086131340193,0.0034120153126791213,0.024980382022597194,0.03442655049573323,1.3128559476767374,0.9756606696607323,0.8740209212975485,1.2320627397923474,0.007664912271419116,0.0011860534182939369,-2722.7957513130264
0.0029502429331373994,-0.0021503610880482804,0.003438225172514907,0.024890771423334433,0.034938586987907326,1.3288620429960778,0.9748881061449133,0.8727461812846603,1.2456038219736545,0.007168719620888508,0.0011552139296330376,-2722.471074644313
0.0032093129067096073,-0.0022635161863186898,0.00350384817825148,0.024782464100068746,0.03518993606939423,1.3235414362665894,0.9721276514534962,0.8644683556957997,1.2399993860782874,0.007770257261193038,0.0011698656064935936,-2722.823159129238
0.0031235417984990833,-0.0022628957445554963,0.003475536187476255,0.025035750167027068,0.03622688407430989,1.3165581749592863,0.9758345301692277,0.8590089963387988,1.224960742126184,0.00813336576669537,0.0011207487002190119,-2723.4776042611466
0.00315474073663523,-0.002125596066776891,0.0034087797780317985,0.025136003129396657,0.035991630807691785,1.312838015377757,0.981396622948473,0.864617059717434,1.2123387929754372,0.008017556598979975,0.0011517131681416863,-2722.517478024867
0.0029373520519658802,-0.0020957808862837705,0.0034124874859745363,0.02536391205742172,0.037576440065143775,1.3142276285712882,0.9859531833724051,0.8698208155217665,1.2208163245884782,0.007762372772389272,0.0010786772358352846,-2723.4049256279072
0.002904135748668067,-0.0020049325837990274,0.0035280346389860644,0.02535282817997353,0.040263581384287914,1.32005338614255,0.9820341820264886,0.8614453433666618,1.2224255959005406,0.007345064329687976,0.001000652940929932,-2724.5765123249466
0.0022379560780480673,-0.0017400391829227617,0.0033469882067513135,0.02556042809844933,0.03570582109988128,1.3307628177965052,0.9864666006864479,0.8535013358393091,1.242620615411561,0.0070082184203364584,0.0009895156375342357,-2723.3475991543414
0.0021231656255786668,-0.0018045712441435852,0.0034084969654018665,0.02556201710659805,0.03638076476341745,1.327885706519086,0.987916571728856,0.845492311914505,1.2342904142759565,0.0072370438914824,0.0009663031035549336,-2724.720150332079
0.0024773067458601413,-0.0019986273331949267,0.0034483427371808564,0.025573427328839972,0.03738702306175547,1.3130270269081048,0.9846494240607457,0.8432053442622286,1.2123219112013197,0.007793963286289839,0.0009744846938790644,-2726.139133420336
0.0025480075385876707,-0.0018696591059531352,0.0033688337837351526,0.025620843504004783,0.03562625310702541,1.3066112247580617,0.9692738366923015,0.8272873817492753,1.2239894554180397,0.008694741175270956,0.00109268930808829,-2723.342756793638
0.0023623351367249943,-0.0018212022473653392,0.003428014192831881,0.025531081323541545,0.03524814573276099,1.3201573991824997,0.9708612525539426,0.8152956774603863,1.229347323323618,0.008452605704897873,0.0010288240445228503,-2722.2535373008077
0.002040563847796035,-0.0017589567630590447,0.003419992633569586,0.02559763115313402,0.03447757703985868,1.326241637233828,0.9778810977401384,0.8118635975762751,1.2282348690753035,0.00822874271387788,0.001000576016166381,-2722.879852636695
0.0020512614732772286,-0.001803779698171636,0.0034005049876251886,0.025481912545694114,0.03356693164251369,1.322659387213423,0.982852211671057,0.8106147704080813,1.2272633909800326,0.008189655842214214,0.0010289754296043982,-2723.7128570787995
0.0021016280355711913,-0.0018613065360958284,0.003447124193730117,0.02546457761563037,0.03382754720799895,1.321574178621502,0.9805507221923341,0.8087831613114871,1.2229201430648955,0.008202818850833548,0.001025478960001706,-2723.4153268821265
0.0023024430662787476,-0.001847521142385759,0.0035675736190021886,0.02544437317899672,0.0365953251347112,1.312952096311807,0.979558388206875,0.8075033671667409,1.2244994844991366,0.008137387217885005,0.0009783719515112084,-2724.412673466425
0.0022100179439655653,-0.0017716319474063973,0.003451811790490742,0.02542013447561365,0.03458595983199833,1.3152498149367589,0.9809612258373294,0.8112926296888763,1.225121815699639,0.008196041710140904,0.0010076881215827207,-2724.0886702471703
0.002142100702901547,-0.0017135618498809466,0.003455372120195861,0.025379780470111756,0.034583504006870026,1.3155773230419685,0.9841562350950037,0.8144817242676026,1.2334250374706102,0.007946636791786275,0.0010138810955054,-2724.5888920654747
0.002329284640376071,-0.0018541122534447736,0.0034583916070628344,0.02524500077034084,0.03415340633671552,1.314429486861827,0.9850496304300387,0.819494679965497,1.2212068344696645,0.007990817830796205,0.0010301312239758813,-2724.4138477662623
0.0021355518923543947,-0.001795091049931803,0.003425882983808088,0.025298113156500372,0.03342495592121231,1.317296246230739,0.9868880292665343,0.816630750857446,1.2265399395389416,0.007896199991410655,0.0010139232398730415,-2725.1403869788514
0.0027131732315487118,-0.001843730088729706,0.003539821464923047,0.02498879693080931,0.03598251764544136,1.3126802755600075,0.97632870011145,0.8180876271788095,1.2151486775055236,0.00824990053720091,0.0010627360247383966,-2725.5325505430314
0.0027951778530421016,-0.0018125918752137718,0.0032817339753014024,0.024945471571589013,0.032144537246231716,1.3116906605096625,0.9777148802422857,0.8329430613619625,1.218351422158972,0.008580410505406212,0.0011629475564382866,-2725.3879145686865
0.0027792014510233023,-0.0019972196822873583,0.0032922306488728575,0.025046084235203537,0.03171614886436621,1.3097917742957037,0.9790224476657216,0.8274574653953013,1.2119286155194444,0.008932433499444234,0.001156998084298443,-2723.5103494543127
0.002785327797333358,-0.0021268613701662864,0.0033772441206621393,0.024813745857760205,0.03129629778490106,1.306209880785016,0.9780751777579836,0.8198066056026019,1.2107766503921409,0.00946175609042736,0.0012225711989338423,-2723.6015280312686
0.0027184478661110914,-0.0021743066175693706,0.003447372202452089,0.024840237640562434,0.03210542402942315,1.3111639019948225,0.9796179214910584,0.8144160999233836,1.2000443018532532,0.009145859537545112,0.0011453506084929935,-2725.194254443693
0.002419496789062588,-0.0020328284676191964,0.0033962456868916204,0.024917550124556716,0.03090825124542277,1.3146915898545317,0.9815602391363629,0.8085604479603621,1.209337063649641,0.00904357737951507,0.001150566569275823,-2724.376285335126
0.0027147146971879775,-0.0018968142392141452,0.0034380428517093676,0.024555263506194084,0.03206691057211827,1.3250891473591149,0.9730177420201943,0.8195831468271512,1.229089373196006,0.008658703890845608,0.0011716041520110317,-2724.571245668963
0.0028604310198572357,-0.0019229479377384506,0.0034138955518382957,0.024455094444556378,0.031217952632311165,1.320989753033214,0.967936101252759,0.8109742129847527,1.2337297926487167,0.009381519568828697,0.0012684106669665967,-2724.312402036632
0.0029123760545444743,-0.001971158208951703,0.0034231107956243143,0.024428454334212833,0.03129073415854451,1.318336924372076,0.9721324873410886,0.8112601080710684,1.2234623363726482,0.009370056597864704,0.0012508108346137828,-2724.419017446232
0.0027817494031946444,-0.0019310115572272243,0.003379181065139393,0.024412363636238412,0.030540031486607687,1.319016011976566,0.9687018923353502,0.8096882719630346,1.22941000685796,0.009503833048327665,0.0012982954986257302,-2725.036746804829
0.003036528752084036,-0.001946396595271552,0.003377253265998395,0.024367852617667947,0.03059243887675029,1.3187057791654702,0.9642388520532812,0.8119742795899921,1.2315119399681298,0.009784194523569798,0.0013481472626528262,-2725.507613421793
0.0032054285951152103,-0.0020712383795204866,0.003462531923280615,0.02424252146292409,0.031774042534139256,1.3134448214781995,0.9628273698574354,0.8173642340890684,1.2267472287686145,0.010003554322402979,0.0013751795419515527,-2725.290663870971
0.0034363382546494323,-0.002106827731327642,0.0034912199548388935,0.024001561875899715,0.032004448408438524,1.312435322545526,0.9628185554206101,0.8222659509747046,1.2273453297465566,0.010066009221700905,0.0014079643897448864,-2726.4241501359566
0.00350215040648825,-0.0022068204003171396,0.003534049645417284,0.02396533087440341,0.03190375506483695,1.3037555642592802,0.9607807499669874,0.8120979326272098,1.2200050668466815,0.010442587505923941,0.001393265389630968,-2726.846191908629
0.0038269603478591364,-0.0022957217717179046,0.0036146689985366177,0.023875993181197364,0.033493678499250674,1.295187212671192,0.955358257192472,0.8136320903020847,1.2129726032657264,0.010804387944042385,0.0014081093328421755,-2729.110388745382
0.0031173626536516418,-0.0021630199334805693,0.003505248678055032,0.02420040451576476,0.03112371314632706,1.2953361611373886,0.9640686007848336,0.8045611789937157,1.2243258330722067,0.01069643087102532,0.0014427005234619694,-2729.1842078660234
0.0029044104213777865,-0.0020794984167180975,0.0034426786480649015,0.024253229819206322,0.030089068654157426,1.3019350217107604,0.966838839052097,0.8049391297149266,1.2337680842572014,0.010518631272617462,0.0014436438004929145,-2731.4878920419524
0.003243707354777997,-0.0023019337273103837,0.0036132537209299606,0.024173267530774346,0.03208968825282048,1.2982168972637371,0.9610396108496242,0.8041640842406088,1.2287762010605727,0.010666291324192818,0.001393394517379325,-2725.201527287425
0.0028027448864893327,-0.002285917709939053,0.0036292550473789884,0.02432966000217861,0.031205786844500163,1.3003047475332543,0.968860930375087,0.7884040995558952,1.226705761527793,0.010699211627348198,0.0013323080334478714,-2725.0598728934406
0.002811285218946181,-0.002285149217838702,0.00359191950000637,0.024309855783197196,0.030837845942473616,1.2998240805105499,0.9698284483831352,0.78845242001124,1.2322380106469792,0.0109607695288047,0.0013422697954954576,-2725.6851736133585
0.0028366093501319273,-0.0023566428413010296,0.0037365678246154502,0.024080960475159646,0.031929284256632114,1.3002325899924405,0.9665564833266109,0.7854016503990425,1.235478408388678,0.011082820786237464,0.0013275460842850821,-2725.4298040013205
0.0030477928458331107,-0.0024353571056013584,0.0038057698415457104,0.023984177365341024,0.03252100399818943,1.2992268478481253,0.9689533834899144,0.7847992375821949,1.2304264860063572,0.010981162314125213,0.0013176081166675077,-2725.0363684566146
0.003051632663983282,-0.0024615672637142098,0.003934382660715984,0.023963257739889797,0.0336256325002536,1.29643334616267,0.9618831249228368,0.7722352711888816,1.235489084946925,0.011185177078492307,0.0013206605124936389,-2725.1273780811134
0.003380372003393516,-0.0027680246203842067,0.004090167464002879,0.023816625229509007,0.03627431238647924,1.297838738386106,0.9584586608029317,0.7870613226109975,1.2191932809821087,0.011285757556945903,0.0013413125625751305,-2725.7152669143907
0.003184658175124618,-0.00264523547982447,0.003913886812605927,0.024001683846961944,0.03405921629460246,1.2955456958842122,0.964590854832317,0.7979270862359671,1.2168212418288324,0.011038938534900893,0.001376920575798764,-2725.38827342338
0.003305372938776866,-0.0026270467536619116,0.00399636743975921,0.023905527599524648,0.035648090146136194,1.2897195683684184,0.9609059886792788,0.8020928200415829,1.217398797897685,0.011039232641148828,0.001359944368182099,-2725.686303683518
0.003547587318880708,-0.0027005425577176024,0.003984251964580614,0.023828032151429184,0.035670147330732274,1.2944721165024966,0.9629047585399574,0.8098777500349177,1.2113949447732397,0.010992579240104328,0.0013467532581366208,-2725.276781936648
0.0033917644592567197,-0.0026279247510636048,0.0038610549357443453,0.023980207879499397,0.03431187776508114,1.3017053386366095,0.9618924118052216,0.8123436171040948,1.2194532487608623,0.010827740493349326,0.0013516641371670878,-2724.3535618608043
0.003227699690446322,-0.002496271487393279,0.003969668634525291,0.024034950295168275,0.03641451058586523,1.303520787625441,0.9530563731026375,0.8007773919224481,1.2192848557353304,0.010984832862012921,0.0013394940699645035,-2724.2995977799746
0.003108717359210372,-0.0024761262423571746,0.003919509838507205,0.024143760646901463,0.03519540435723334,1.3018927382562395,0.9583015712863849,0.797686399669221,1.2142341407479047,0.010914415212418078,0.0013293960698000289,-2724.032828276076
0.002979178319059613,-0.002569685434941395,0.003836736749748436,0.02423153956526089,0.03382628324965351,1.3032665554410157,0.9605509442722509,0.7965588134094292,1.2161505375474246,0.011113032766133695,0.001320232440246524,-2724.691615982533
0.0027104765567971187,-0.002510052155656128,0.0038743217203060744,0.024296806168357277,0.03352126912651142,1.3054855525977325,0.9589071675826959,0.7810387144572692,1.2311110635023175,0.0113542450186386,0.0013106393424546794,-2725.514078005319
0.002719822382717344,-0.002627370640748564,0.003890404892551923,0.024283661212830585,0.03332862197960765,1.3118314313494461,0.9530696833119918,0.776439000347211,1.2309507672679998,0.011640832899834285,0.0013423390655826638,-2726.016613635469
0.002860006185339277,-0.0026524271818263515,0.003758597818308219,0.02436057558493003,0.03236951050678927,1.3104112346578936,0.9510846903477808,0.777047281690321,1.2282973444563465,0.011868240899416167,0.001354182687397387,-2725.303213909096
0.002601079165874702,-0.002526240246438983,0.003646903905443297,0.024355704180330534,0.030544848502160046,1.3134337018633484,0.9543903672891599,0.7745610584737075,1.2411646462239898,0.011912972447497935,0.0014140466833954036,-2726.721284274881
0.0027719041076515512,-0.0026293843901302764,0.0037280963504272412,0.024002431572599243,0.030468019567637138,1.3174435796430914,0.9478518567654926,0.7658675531021799,1.2506878338132452,0.012390365822865845,0.0014655497317861354,-2726.090363602712
0.0026148361035070993,-0.002586835947694279,0.0036895333463194315,0.024043351702990177,0.02961149711418582,1.3158997564414594,0.9471917479957859,0.7607901699983121,1.253768294993453,0.01235344939990384,0.0014736995650876166,-2726.540958240528
0.0026082192783372544,-0.002562884078501396,0.0037577686957772504,0.023846708097882367,0.029711600190106116,1.3228872740671391,0.9366342276703042,0.7481417115706048,1.2653693039463882,0.012670626357419277,0.0014998469355602412,-2726.372031985834
0.0027455301596492274,-0.002663049863394654,0.0038904096457656207,0.023774647108521587,0.030993585600541176,1.3252550904424258,0.9380463711319771,0.7471019502128514,1.253083941004998,0.012381718478759367,0.0014126071620124386,-2726.5623631487647
0.0023777342333716166,-0.002412247156692109,0.0038651245716506545,0.02380855942074328,0.030154168400663713,1.3346948938725185,0.9382798804990984,0.7410795059325374,1.2708824005617552,0.012004362378802263,0.0014324767641437164,-2724.7583145831572
0.0021827957209001932,-0.00239065516821644,0.003892010656886207,0.023916815534618895,0.03040869359765299,1.3419715879310834,0.941280033160699,0.7389431187819695,1.275995534629084,0.011685558515891125,0.001379787493890591,-2724.331951101788
0.00199614490198316,-0.002255073055379639,0.00395965944759499,0.023873512276376668,0.03113240591393076,1.3515586470804322,0.9440981782743239,0.7463940408681466,1.2961245848194396,0.01107478656259851,0.0013306484984623662,-2724.243600749286
0.0018409826619502096,-0.0022400695802501248,0.0040575125186313255,0.02377021212081172,0.03167137893533922,1.3645690685905314,0.9477358469302309,0.7419368085146061,1.2964123615920227,0.010571544735361116,0.0012669170612661595,-2723.3222628310696
0.0015352752943554454,-0.0020648399066846776,0.004071034053117371,0.023764073838206088,0.031318739972693396,1.3726649408266538,0.9433906162584598,0.7375348666613609,1.3146300227792644,0.0103526683281269,0.0012941343668742336,-2725.4105049471286
0.002040818712405643,-0.0021916722866779075,0.004125313551428088,0.02344157048707281,0.03239721425778882,1.3778521223494404,0.9429400394483278,0.7433171668886811,1.3102559339318953,0.01041662032810591,0.0013068343679156315,-2722.7610194945423
0.002055292917771869,-0.002217778069895005,0.0040739834326904215,0.023459642762209403,0.03215404233992715,1.3763055107988238,0.9424117595920767,0.7472383066593514,1.3101282145995616,0.01032116874344633,0.0013108474638591644,-2722.9698096310567
0.0020328710802727783,-0.002172841627405632,0.004068606841168096,0.02327893720711838,0.032041300515712474,1.3828090729995408,0.9447506747091372,0.7578548212930496,1.316057088176668,0.009974112461819363,0.0013275353449567417,-2722.5497231735185
0.0020328710802727783,-0.002172841627405632,0.004068606841168096,0.02327893720711838,0.032041300515712474,1.3828090729995408,0.9447506747091372,0.7578548212930496,1.316057088176668,0.009974112461819363,0.0013275353449567417,-2722.5497231735185
0.0023221698268644647,-0.002251122708111,0.004070701653436648,0.023084663122265738,0.032900361594147096,1.3908887710557245,0.94356140604192,0.7690484218812438,1.3266732689145608,0.009612038446283331,0.001334938985953753,-2724.868390017632
0.0016602354178721513,-0.002132827565897967,0.003964413893734157,0.023456966831994566,0.030956684363778308,1.401818463181765,0.9544215806392942,0.7617107266495257,1.3262458407299937,0.00911046475586881,0.0012178348754682058,-2724.053031018906
0.0015770520381586817,-0.0020521712561904007,0.003899736360263181,0.023332161737396842,0.029811940709164583,1.398163954000387,0.9575536957157633,0.7659473777596635,1.3372336257625776,0.009215943393851997,0.0012754633714683818,-2722.8288196413478
0.00153441389426889,-0.002137831890372379,0.00399805729347342,0.023312502268324743,0.03054436668443645,1.402220429979443,0.9610487807986241,0.7648571528601081,1.3270879222303051,0.008809090700160192,0.001222119772690591,-2724.3122321209844
0.0013988053467869684,-0.002129466590314477,0.004088242743116771,0.023271499913803523,0.031006225140039728,1.412697168705451,0.9616185472270822,0.7630819826080898,1.3361693967687915,0.008408602747764705,0.0011884147930641244,-2725.7231530408003
0.0011742128771090703,-0.0020796234329577053,0.003933622469040296,0.02351916553212172,0.029690341253273154,1.4117376470146366,0.9612719531674743,0.7590486338837872,1.3245251876112714,0.00851414626799565,0.0011963036308745797,-2727.0460181483613
0.0010799198247328085,-0.002004679066274319,0.00393039488400657,0.023634186816344233,0.029902758637511767,1.4081238559174336,0.9607550668628013,0.7535990084040474,1.321607621917913,0.008505644361803908,0.0011701453449241062,-2727.1654250998145
0.0010033429934129985,-0.0018431581615021174,0.0038669852580862324,0.023680084243019373,0.02935958405345349,1.4189165033460367,0.9655018282770709,0.7584165904967581,1.33242457005735,0.007972721202831816,0.0011461936449345383,-2725.5123802074513
0.0010033429934129985,-0.0018431581615021174,0.0038669852580862324,0.023680084243019373,0.02935958405345349,1.4189165033460367,0.9655018282770709,0.7584165904967581,1.33242457005735,0.007972721202831816,0.0011461936449345383,-2725.5123802074513
0.0013691967568271093,-0.0018668470951814023,0.004059155596286953,0.023290992688828272,0.031210070667879578,1.4265974924086593,0.9580145024455937,0.7596116746425052,1.3310911908554783,0.00800199610803779,0.0011764810745226318,-2721.197149021243
0.0015781470847503563,-0.0018745233838040106,0.004100042199522983,0.02312817642190357,0.03142548726362871,1.4249058882194712,0.9540432627719941,0.7589799538853488,1.3287351513860348,0.008212780986399553,0.0012295285042820962,-2719.972290961159
0.0015822445634783907,-0.001843268208576429,0.0040667584742835675,0.023080573782461422,0.030655639189991646,1.4303462352089653,0.9524663631572963,0.7549406687437274,1.3416600537799965,0.008491925903210542,0.001275037555981813,-2720.6721654377943
0.0018171130295240034,-0.001930584798474925,0.004063688170750865,0.023063044602667605,0.030880226758697386,1.4296011879419503,0.9554089947530688,0.7678421285128059,1.3357959921737184,0.008139344900124594,0.001249521735166871,-2720.184004197286
0.0015113265859301606,-0.002044215048218399,0.003983233695661113,0.023041037526400878,0.028352055629475313,1.4208776610774416,0.9558167751692688,0.7528577888924127,1.3458846525264676,0.00890494351037043,0.0013353187449373688,-2722.661241934609
0.0017780309167183279,-0.002143151659817589,0.0040744141771242815,0.022889368449995656,0.029198699210102652,1.4190105464394,0.9509860829318202,0.7511317328735418,1.3499347971104383,0.009008841451331977,0.0013466198899116674,-2721.968784588598
0.0018443623840983855,-0.002168196397067142,0.003980129654599493,0.023063666749380523,0.02890434868654257,1.4172864668415481,0.954097923335845,0.7607351762304855,1.337384305731921,0.008813655226131473,0.0013533133853755625,-2721.3040962464847
0.0019247710985474172,-0.002305370389244595,0.003967924991798964,0.023068611017538643,0.028385216038046543,1.409300281611122,0.9566373982023503,0.7542503742247557,1.3251693972917828,0.009128572434698693,0.0013592981779490534,-2722.0549927356556
0.0016198480375180496,-0.0021146185234777546,0.003830722832907362,0.02321226163241113,0.026987062313708513,1.4111463764090924,0.9609701989639466,0.7501118884997302,1.3380812894368583,0.008936362433850658,0.001366185472794067,-2722.5275043015336
0.00152033443103149,-0.0021542162605952195,0.003907363784777474,0.023094680294721368,0.027118835951868196,1.407741277730798,0.957705301949462,0.7462705991162827,1.351653570281301,0.009131348486264538,0.0013648431835825959,-2723.908976879398
0.0019864606858151414,-0.0023118050078138365,0.00404035595002657,0.022934378233435217,0.028491030137451225,1.4036706933778083,0.9504707254732947,0.7474701704502937,1.3345639022906701,0.009375380316144695,0.0013650334676243044,-2723.156310373157
0.002129154119682699,-0.0024154631834901637,0.004167694704442677,0.02265443436695555,0.028894008478145237,1.4015347736562336,0.9438689546443833,0.7460546872667471,1.3455200072837623,0.009727978578080873,0.001411460631157553,-2725.0894698242946
0.0018747496171538647,-0.002390003408350892,0.004142450199570592,0.022917430106742947,0.02860269269215763,1.3993974299454308,0.9524979111699758,0.7453689381421278,1.350682457556052,0.009576160168273014,0.001355808196106388,-2724.9096774051836
0.0018946198153845274,-0.0023388485007522913,0.004121133945593339,0.02287207522617079,0.028333491891897093,1.4012950328592422,0.9551099913744753,0.746968670177107,1.3524445415659132,0.009449188323465474,0.0013613614080796126,-2723.973134378775
0.002022109410048791,-0.0022908019135264223,0.004061559857029658,0.022931401321132926,0.028379520168007696,1.392607773400636,0.9577652277415238,0.7529263819680472,1.3413504822526454,0.009390690331261975,0.0013705004547191443,-2722.831353267463
0.002022109410048791,-0.0022908019135264223,0.004061559857029658,0.022931401321132926,0.028379520168007696,1.392607773400636,0.9577652277415238,0.7529263819680472,1.3413504822526454,0.009390690331261975,0.0013705004547191443,-2722.831353267463
0.001960568619013522,-0.0022893289625337742,0.004254478901076459,0.02291463461686637,0.030025763877217636,1.4083561970196619,0.9518894729081613,0.7410015929126982,1.343211803504073,0.008903677007136405,0.0012958817847344142,-2723.9910992112236
0.0016305117647178406,-0.002109387664835147,0.004119398788853362,0.0229960535623154,0.028392139842190783,1.4115859330303562,0.9502049506653614,0.7325295324097872,1.3456062577721533,0.008989240431091566,0.001368455313896821,-2722.7025597111146
0.0015107944792886636,-0.001941375209852672,0.004220530450276307,0.023038063740810653,0.02987691033352784,1.4222858353381156,0.9521760118498699,0.7309270220160516,1.340730368631625,0.008405584895392148,0.0013071654434436643,-2721.8970745089623
0.0014372152243515256,-0.0021007832654278994,0.004474780732690978,0.022966243869161056,0.03162436059134572,1.4254579402333007,0.9460368960712754,0.7169523638524439,1.3280863743171272,0.008529449855747459,0.0012339509162193074,-2722.131603289305
0.0013543979816281072,-0.0020504960954793004,0.004574669322546907,0.022911199428751007,0.032832113476928375,1.4184426194893924,0.9419917667281646,0.7102261881913948,1.3253983089333545,0.008702796925411151,0.0012199192679432133,-2722.0203134040885
0.0014177506399617231,-0.002080899094453196,0.004583895930575837,0.022866019660872233,0.03292360980915573,1.4130579894512052,0.9406899206220302,0.7131027026738919,1.3276023605031861,0.008942016918418557,0.0012332302838921347,-2722.218983891662
0.0014431401351542566,-0.002008656980743445,0.004633105114587125,0.022732954361831797,0.03309190658050559,1.4283038751519694,0.9344648345156196,0.7143598189003226,1.345234684185673,0.00843119426269752,0.0012692429420869727,-2721.6680373581094
0.0013121065200687124,-0.0019998858352059754,0.004673038297342655,0.022509289953947707,0.03230385916448872,1.4336831230374723,0.9295677137218716,0.7137409261948834,1.3600166840327552,0.008630936272218557,0.0013146378062155206,-2723.8209601629674
0.0018118985240838346,-0.002182178946707811,0.004789128479562669,0.022320752643417235,0.034129078034596666,1.4264556435877056,0.9282052174876464,0.722767902067754,1.3437236808185842,0.00872543873596743,0.0013134461861524043,-2723.148412707539
0.0015792961698386562,-0.0019196772906123786,0.004882982807167208,0.022303783086093324,0.03645731088071,1.4432121753561493,0.9295367632920997,0.7328829468809046,1.3660620431146122,0.0074921161041599325,0.0012354608331002104,-2721.8612384998264
0.0016151527143412388,-0.0018026118597065889,0.004893813637801663,0.022337796729161936,0.03748858852090995,1.4463711965242831,0.9312695239278257,0.7333612101072626,1.357103247539849,0.007213488744625816,0.0011834077663866384,-2721.4070487617973
0.0014557846626417556,-0.0019026796716920622,0.005028512032106565,0.02216348426374867,0.03775930370684387,1.4437853214126717,0.9292264722199762,0.7262053822770806,1.3609526968563386,0.007385196697851403,0.0011601023792366617,-2724.0423834743788
0.0013522138662784167,-0.0017770166566462905,0.00486207409017548,0.02221687500847219,0.03605872370911528,1.4365138966554087,0.9356660128924768,0.7404238184459937,1.3719227359308364,0.007306815166456672,0.0012196945157290622,-2721.829553801327
0.001273753917284761,-0.00177934312637241,0.004846247113299181,0.022259133500310568,0.03624521435541604,1.4418790025755497,0.9390731479541443,0.7451211110763731,1.3728347239693666,0.007051389115278695,0.0011678115520308782,-2721.968879352222
0.0014142948642640197,-0.0017811059416817767,0.004973575977967995,0.022173791863350625,0.03826842682333231,1.4355019044213402,0.9377378975107127,0.7470299085358443,1.3674303126508347,0.007052221745050678,0.0011668231657411055,-2721.4701012868
0.0014084814441280933,-0.0017452630957416337,0.004915781848248999,0.022126660577666424,0.037418383470463876,1.4298180484659193,0.942144260085806,0.753163532767521,1.371311711742152,0.006860297838490704,0.0011869813324529531,-2721.5507820468233
0.0015734722942979344,-0.0017542159354492883,0.005011784210773741,0.02205979380192988,0.03938892846819922,1.43200595524713,0.9373444946856264,0.7540355056642996,1.3772093258227673,0.006841743990373951,0.0011875392614434305,-2722.082997313053
0.0013935096874645916,-0.0017118087121282743,0.004925818035075484,0.022254209386589202,0.038240876907935255,1.4284795178927503,0.9435154955801072,0.7560913342836537,1.367653979483026,0.006675989853608418,0.001190652081471231,-2721.615124029968
0.0013772658154076797,-0.0018192550430081098,0.005049781078696779,0.022183297971929514,0.038299953655897445,1.4244781851047654,0.9431123162355387,0.7428056426946725,1.3613968702095125,0.006931248956027164,0.0011745957043113972,-2720.776806714538
0.00129695620455254,-0.0018158726927152338,0.005095468137807307,0.022083389627426998,0.03851132196667714,1.4216732337674878,0.9425379157837461,0.7417923758710572,1.3624745056483334,0.007078192128646152,0.0011915846328904513,-2721.766015553984
0.0012877855426646958,-0.0017537295542056474,0.0053094112687170495,0.021915046127236236,0.04235033898233409,1.4327096031290512,0.9411702086940883,0.740081928727589,1.3705545382275488,0.006819479892964242,0.0011338033378422787,-2721.4079263128624
0.0013247504403962537,-0.0018019340942514658,0.005560843778632207,0.021818608851059042,0.046501055532050736,1.4299248832469371,0.9404221350932236,0.7340055590850706,1.3637748087218393,0.006881606336613253,0.0010611736197222068,-2723.3911469034597
0.0010608721487901547,-0.0016460523579889782,0.005437704784786125,0.022199302917969784,0.047915407932618975,1.4270888833774429,0.9454734090754662,0.7340008026804016,1.3457711937247308,0.006634275907012924,0.0009937356818269926,-2723.649552313024
0.0009546674023198122,-0.0015143959616705765,0.0054402577628512245,0.02215789892883845,0.04628954790077098,1.4232634394769192,0.9473949506152681,0.7298131646552846,1.3492189278723843,0.006708092194094626,0.0010304506908650752,-2722.7464234699005
0.000817275770017804,-0.0015383104295637268,0.005185013668628408,0.022409058837807437,0.04225889742517835,1.4231737143978314,0.9585793054703136,0.735539568945281,1.3372110714712062,0.006698201023092674,0.00101581650155339,-2724.4255448387885
0.0011911775128225222,-0.0017256238714366233,0.005228420051438586,0.02238761936760416,0.043886796683754295,1.4094786966917021,0.959338286076753,0.7399431274187622,1.2960953247032585,0.006941638851918273,0.0010049033275913622,-2725.4452835933344
0.0015087837921135428,-0.0017938365240610715,0.005206190897475811,0.022305312710348933,0.044130581368224564,1.405610768590222,0.9566535871899291,0.7537088326155752,1.3000104453701264,0.006941881996362594,0.0010631136119844565,-2722.0237750962974
0.001515280778942663,-0.0017588913501832846,0.005188065604574224,0.022294972044233495,0.04417337669965868,1.4036303587780696,0.951667667814321,0.7519987216354789,1.3151472781941886,0.007280878405438523,0.0010993092658205857,-2720.7658866351862
0.0015743945396191096,-0.001765514939120169,0.00505361134066198,0.022480589130961886,0.04372663486958611,1.400673601372386,0.956475843895953,0.7622264223461718,1.3009210355475045,0.007037479844743129,0.0011048097545087127,-2720.3898360876215
0.0015743945396191096,-0.001765514939120169,0.00505361134066198,0.022480589130961886,0.04372663486958611,1.400673601372386,0.956475843895953,0.7622264223461718,1.3009210355475045,0.007037479844743129,0.0011048097545087127,-2720.3898360876215
0.0015955401880669018,-0.0017777293256923269,0.0050780244447601805,0.02244217680156591,0.04403790857793406,1.4039944028553255,0.9536282520927992,0.7614955489005838,1.3012870171987454,0.006892473822791116,0.001098222071611904,-2720.6098857679167
0.0013003653577367928,-0.001760367690396579,0.005058552795972764,0.022585643769310455,0.04377512913409695,1.4024070541952636,0.9588247120590682,0.7538055091449867,1.2978408294653225,0.007017891092361012,0.0010634493811214852,-2722.105172366508
0.0015891366285382836,-0.0018228235272329156,0.0050368736333426785,0.022443184662274632,0.043281967492773105,1.394600617945989,0.9564330874803666,0.7593273121832083,1.3038459144844374,0.0074811697514635634,0.0011274731845471167,-2720.983898208982
0.001699365603619881,-0.0018573092326028854,0.005040384480816559,0.0224626522530153,0.043565145438979866,1.3867123596467925,0.9595453437797894,0.7613057606272385,1.287424026450439,0.007604329526802038,0.001138108221527995,-2721.2443375325456
0.001579849150752606,-0.0018679686788913262,0.005285322947986047,0.022342152982884254,0.046792326595671146,1.3921885158070166,0.9595215549262477,0.7547350722701787,1.2924118851978317,0.007241013824176452,0.0010936691345133753,-2721.4548876639456
0.0014135514444411166,-0.0018153663239430231,0.005193614539999716,0.022435047707946378,0.04477533358635087,1.3981005919191323,0.9599337923115112,0.7506022027583228,1.3021226574120242,0.00732611613546307,0.0011059730290428177,-2721.3105758518473
0.0016278405612515177,-0.0018623985174732243,0.005266094519831615,0.022317650940619004,0.04648980832549179,1.3979106802682466,0.9591253168883225,0.758933115890908,1.3022792179028793,0.0071871446660017515,0.001104956745352338,-2720.952250362284
0.00166472869749075,-0.0017602436924850778,0.00523559132624978,0.0223001839468024,0.046144429141147525,1.3987945001874977,0.9564587742512407,0.760232736592199,1.305547552251499,0.007167422478750345,0.0011539706623689618,-2721.6787919606645
0.0018474066334719895,-0.0018408957333165329,0.005437546656514024,0.02199359783483898,0.05100869975599043,1.4033405355864679,0.9512522198552029,0.7713219469824192,1.3165835915299173,0.007012223116020578,0.001143671614095653,-2722.4583265138003
0.0020708698661463815,-0.0019010844043581684,0.005559388936945001,0.02196304221271016,0.05422532717623192,1.4050208630020131,0.9504312199522855,0.7766527330571796,1.3091798183636194,0.006649169986147954,0.0011140213338200048,-2723.56684769976
0.0013521844946244154,-0.001516907224549409,0.005474555845786732,0.022399788054309994,0.05401642519655017,1.4246230119979724,0.9580281137692058,0.7693795387830313,1.3323435821519976,0.005622908269605729,0.0010179928406582382,-2722.0802291695913
0.0018250834204080989,-0.0018019821288224715,0.005718189365557775,0.022188021670820617,0.06111172719557127,1.4095194259501165,0.9423264631850945,0.7502759074387593,1.3133371928140358,0.006615796666907994,0.001012006001727727,-2724.475493427893
0.0014803410780698176,-0.0016042758810700672,0.005635504902728619,0.022546811845482455,0.06035792859088167,1.4070715871748327,0.9457653772231558,0.7399261214559023,1.29741633326515,0.006354119686611105,0.000974691203807928,-2721.1241779453685
0.0017139669040531977,-0.0016035519667237843,0.005604081366999128,0.02253201925046119,0.059507126537838836,1.3997818453566122,0.9469205659988364,0.7418782821539939,1.3015381705013955,0.006578887330366211,0.001017645792792687,-2722.8040983312044
0.001347947103133804,-0.0015841857718553185,0.005649687513728425,0.022649175890107176,0.059168726548170056,1.4138664179888956,0.9495569051565431,0.7289400861769102,1.2970402469519884,0.006271069234415571,0.0009470440580675778,-2720.1295517569047
0.0012128346683597958,-0.0014725878871031358,0.005588362961967559,0.022701631238400643,0.05764915622695124,1.416731854211823,0.9488802690507789,0.7299111359591168,1.3077613448310492,0.006114635634713892,0.0009584327905175696,-2720.1285781894844
0.0013813797444901348,-0.0014996032641895023,0.005680986548689808,0.022564818326594547,0.05995774229233418,1.4168754209654404,0.9477698154173674,0.7281114787523428,1.3060089263867678,0.006118095816942705,0.000942791862829521,-2720.148721426662
0.0011576109373281143,-0.0014872851051607157,0.005539166065963934,0.022793808383397847,0.05555414769478345,1.408898063859132,0.9543086871575859,0.7201539049670531,1.3010127009784325,0.006457483978634374,0.0009475465166116004,-2720.082437330733
0.0012473127834345902,-0.0014118945758872905,0.0053885007613954025,0.02295454000336824,0.05371672343830418,1.4061154941539045,0.9520254389712731,0.7193518815981566,1.289977369247489,0.006495875166118551,0.0009474779663983957,-2719.6141204471437
0.0011593056882328,-0.0014487855764837429,0.005213532797529019,0.022956400177383967,0.04887127161433352,1.4074278450889721,0.9554545241015813,0.7230026864601,1.279896025543521,0.006424467324713539,0.000938773575407367,-2720.8231500114453
0.0012353600583975277,-0.0014147478137573853,0.0051773397909916944,0.022886935591663427,0.04787561033086389,1.4046940643474792,0.9556516355424336,0.7287323016918024,1.2840070491552023,0.0065579289853960115,0.001001431737952463,-2720.6827794896303
0.001289631381815955,-0.0015740918224323415,0.005147009685631298,0.022757398358914847,0.04559855010023094,1.4041845411772074,0.956523544957673,0.7320221816515873,1.2837950617219849,0.006780982620462123,0.001018881054471692,-2719.9002828581242
0.0014058754236389512,-0.0014867061043013306,0.005229628739226157,0.022582327254807997,0.0476119857949754,1.412400119651777,0.9526269814064189,0.7322738310625023,1.2902382949336482,0.006635643858356049,0.001025190168335592,-2719.7223462349993
0.0013535740269775744,-0.0014662371395162367,0.005229153676262107,0.02248588863090961,0.046829058416746235,1.420147134662096,0.9542494749722825,0.7352727900160634,1.3000960612184314,0.006485301123117162,0.0010143219666242172,-2719.8379066662087
0.0014598579580140623,-0.0015703318985408861,0.005229479223298289,0.022448935137689106,0.04534915594563397,1.415998649715527,0.9570604875194623,0.7334090268661306,1.2934271103982673,0.006611711355980906,0.0010292120005298737,-2719.4162218905362
0.0015371334889894596,-0.0015454285354451775,0.0051525753538920575,0.022438360938695893,0.0436960717559516,1.4063198229085234,0.9570898225272253,0.733973926694353,1.2859038192290835,0.006930024087229711,0.0010934551009263852,-2719.9246963757832
0.0022887124504621693,-0.0018599854866470228,0.005179001041947675,0.02199736916090707,0.04338457099843926,1.4040214930144994,0.9471022319782181,0.7455787009873988,1.2833401682865846,0.007761122864827661,0.0012389114605430903,-2721.6857518634993
0.0022887124504621693,-0.0018599854866470228,0.005179001041947675,0.02199736916090707,0.04338457099843926,1.4040214930144994,0.9471022319782181,0.7455787009873988,1.2833401682865846,0.007761122864827661,0.0012389114605430903,-2721.6857518634993
0.002521486526997043,-0.0020029921001731626,0.005308591647263352,0.021797719331441347,0.044295742286263845,1.400882144016553,0.9452410764642523,0.7387084902777505,1.286362955621434,0.008035658370927054,0.0012373497680319854,-2722.869377183037
0.0024093383180442685,-0.0021163688019012958,0.0051260469259993705,0.022103819447683824,0.04060918305857504,1.3906380357640267,0.955278734234991,0.736957282165648,1.2551075076625595,0.008112984404905897,0.0012280166926601748,-2721.574350491961
0.0028076967493428726,-0.002049610129518353,0.005092594043502673,0.022143766202921286,0.044272701745626655,1.3891455428827202,0.9498544728226967,0.7559920499677497,1.2396346082585414,0.007940101127582045,0.0012252421430818743,-2723.4484372368333
0.0022652040921428886,-0.0018293891380065323,0.005191168936300791,0.021962475843919207,0.043491844036359015,1.401532614082203,0.9464640876768504,0.7431546460684924,1.2769571293925006,0.007846236086283726,0.001231619402365087,-2722.092537258964
0.001809229041718402,-0.001659652665088356,0.005109970115502254,0.022083863861176417,0.041125105680302546,1.3942927567698769,0.9437498412810887,0.7328212289510656,1.2948943663741346,0.008213100939774821,0.0012597746965097533,-2723.9469848365793
0.0018407965312746168,-0.001763032309831697,0.005182770362075194,0.021995292397489586,0.04168397337560717,1.3907934728461784,0.9465482043694531,0.731730541403171,1.2993008459020183,0.008116258391028397,0.001207954910258945,-2721.8082410955644
0.0016413846141411122,-0.0016289090869260649,0.005069646095965419,0.022060012214468815,0.038419984587115284,1.392561263883438,0.9542320073831183,0.7267904050880214,1.2974686209731616,0.008010329429736536,0.0012038541527842259,-2722.566642148711
0.0018834863497313049,-0.00167734444330389,0.0050597450538650375,0.021901015002071384,0.038788961798106564,1.3910723691837743,0.9528545918795983,0.7340566846287071,1.285758578612154,0.008108840975039543,0.0012469062268362493,-2723.2497238229
0.001673574803631197,-0.0018137675130188114,0.005075298256912235,0.02187863231765846,0.037082225034181945,1.3903127767747874,0.9565844969136461,0.7299015008210603,1.285766754439871,0.008397708287815796,0.0012459844635965076,-2722.0213468921893
0.0018225462164417582,-0.0018251959476141095,0.005153314545233882,0.021732569490628177,0.038427413025257554,1.3935802176862133,0.9562746060904903,0.7360701424225726,1.295798203662547,0.008125973547245074,0.001229511240537552,-2721.7678020994076
0.0017773554694408816,-0.0017582537819207742,0.005203254815351392,0.021638366633049216,0.038861000931423695,1.3880792118818406,0.9551395342731448,0.7405817074534802,1.3128102998297375,0.008181949092512098,0.0012501653394330278,-2723.359833273783
0.001419042557652659,-0.0017531631848192262,0.005107629063719847,0.022188061773522436,0.03850719439539951,1.402343115628074,0.9631657063610957,0.7288844919839954,1.2979813866091034,0.007436680310440258,0.0011190077426291823,-2720.479133035728
0.001673423923965394,-0.0017842401226547911,0.005067944198153792,0.022265925322363517,0.03972459143537205,1.4098608014399563,0.9628430243251616,0.7436221890881584,1.2921189212934385,0.007000751889945431,0.0011269027564443914,-2719.0976661188897
0.001404464334237663,-0.0017359838661321538,0.005106445567320946,0.022389455826825413,0.040452342012878284,1.4099798757801334,0.9640558049772951,0.7384191785717029,1.2984195825989104,0.006873954232824463,0.0010749546813951622,-2719.7902662081606
0.0016288831262950467,-0.0016454234682199472,0.005125486606773436,0.022245932933783606,0.04133312543402962,1.4115996864680849,0.9529817242898881,0.7418043560306026,1.310864652298504,0.007166458238874097,0.0011284330845109704,-2719.528942658515
0.0014131478325991494,-0.0016855696168354521,0.005103350874241507,0.022310331346143485,0.04059486977154837,1.4196944834773018,0.9541109038210229,0.7360168087923344,1.3109415052936149,0.007149770661243443,0.0010998560365038837,-2719.2494071324163
0.001338986846630993,-0.0016764188938054349,0.005142095917436754,0.022301055017725797,0.040680973861390954,1.4192411509796843,0.9540844634347236,0.7332614643290871,1.3066291964892245,0.0070728857099551495,0.0010800826856867687,-2719.86694340431
0.001285515196675512,-0.0016555487565890082,0.005057243947708676,0.022358112833127813,0.03866766598891742,1.416572319391138,0.9567582493554863,0.7277647034380978,1.2995004499731602,0.0073097544824499636,0.0011097300657465618,-2719.9529092776465
0.001603833930744071,-0.0018077727999970556,0.005187811288055585,0.022065208396594583,0.04043015424081946,1.4142824186389602,0.9494474194416391,0.7299601202257469,1.3049261953653808,0.007741800730875012,0.0011443521323919927,-2720.123765755734
0.0017759146723284065,-0.0018979617914448542,0.0054703391815805,0.021926297774469965,0.044183904107674296,1.4148961508184963,0.9410636500783061,0.7131871606594449,1.289744258445619,0.00829919677615842,0.0011376141761907726,-2721.29887805565
0.0017197685252600108,-0.0018199636098174647,0.005481362003696228,0.022013471494085207,0.044607555512713976,1.419039558703223,0.9482516182604448,0.7172836141403205,1.2855908868456742,0.007873775359834382,0.0011266256835222141,-2719.322224787674
0.0014944143508647551,-0.0016658342155721623,0.005398798164873044,0.022075750063588948,0.04414685820211378,1.430188935279857,0.9527252104275992,0.7283203924643313,1.306504970635118,0.007193915128752474,0.0011128412409942751,-2718.6834592607147
0.0013512610797827302,-0.0016737240485081416,0.005544301767883004,0.022041342330807262,0.04655394912382568,1.44488038841805,0.9508469081132476,0.7244213619431592,1.3175626759853083,0.006893396144204216,0.0010447248070772877,-2718.8444075568304
0.0015818262290654885,-0.0015809631344250149,0.00545305311295744,0.022034243945530586,0.047069764570347415,1.4460988363773493,0.9482289920109581,0.7340710941012122,1.3236674147779313,0.006914388793097007,0.0011070039389761194,-2719.6198884382297
0.00135035362544751,-0.0015003148525049893,0.005424967422338594,0.02227239853236475,0.0474651563054196,1.4498364285828997,0.9552329895648819,0.7311382188285255,1.3178303495228232,0.006415141205551504,0.0010291633726144539,-2718.1437016038417
0.0010825750245792212,-0.0015054314816440213,0.005413293150658644,0.022511977297740196,0.04625441625786609,1.4474220726554947,0.9613449745240075,0.7190239385573334,1.3081892003446212,0.006270791963044722,0.0009518068201268931,-2718.7982351638757
0.0012881457798547043,-0.0015779884316331448,0.0054081821314725395,0.022457131952760914,0.04540620051974327,1.4307221626557303,0.9523134473652559,0.7181217320605585,1.3077679794267403,0.006833372021532897,0.0010237315790856886,-2718.0697359271444
0.001332626986470872,-0.0016078532162473302,0.005622938186769506,0.022422543996210974,0.050025872022797416,1.4299623378123565,0.9454335211110878,0.7137693714709126,1.3067823704077317,0.006723008833965125,0.0009809992417685277,-2718.825934092249
0.0009510669109831053,-0.0013768909583933451,0.00547248155476046,0.02269945431341768,0.04679515475461883,1.434349470292112,0.9548187450632342,0.7112849575106399,1.3116900521807078,0.006087248280827665,0.0009395539095990989,-2719.2937102026576
0.0011821343160858724,-0.0014566488295507801,0.005435848495959963,0.02256706878815355,0.046416345729077754,1.4308560892906146,0.9510723937798509,0.7182251459938862,1.3068925755563918,0.0063409272641277705,0.0009963048621528948,-2718.4094888837017
0.0012096366099705238,-0.0014251596153966118,0.005494737377588821,0.022392542823283908,0.046967157320886514,1.4425472447022107,0.9523003703770851,0.7180215550992073,1.3215926539263658,0.006007084056447105,0.000969311718924227,-2717.7432036139
0.001279531983854611,-0.0014318756168039603,0.005357544962824989,0.02236568650312931,0.043666786103757446,1.4398677481867304,0.9473303679502696,0.7139349311292398,1.325195317076236,0.006528589999772804,0.001046544378729348,-2718.844405242638
0.0014021210692496244,-0.001477982740452419,0.005471331795217816,0.022196533838969367,0.04508469738849377,1.437576987513165,0.9491328594593431,0.7116750019922911,1.3159821562807572,0.006499861511836028,0.0010215184870142812,-2718.1531196045094
0.0014021210692496244,-0.001477982740452419,0.005471331795217816,0.022196533838969367,0.04508469738849377,1.437576987513165,0.9491328594593431,0.7116750019922911,1.3159821562807572,0.006499861511836028,0.0010215184870142812,-2718.1531196045094
0.0014257820929249598,-0.0014576060102427426,0.005757226852386538,0.021895091003940454,0.051156078658949465,1.4489376252034594,0.9364760991027982,0.710573800760405,1.3293104752519005,0.006208728651007168,0.0010097971519797092,-2719.7509189383227
0.001398226438734886,-0.0015526562792396083,0.005467403147747601,0.022016520891106044,0.04279576409493563,1.4410636655555684,0.9478475388274848,0.7268030783347955,1.3109209907420576,0.005883302766969712,0.0010570810806107935,-2717.7070014197475
0.0011985217045700804,-0.0015043209321743932,0.005278373226420125,0.02228529286098024,0.03955514337544905,1.437927269024907,0.9508766762425913,0.7251776544897488,1.3076143853900966,0.0060537087097133815,0.0010829523634543466,-2719.047605669225
0.0016076398765712558,-0.0016663301192786405,0.005228315496468938,0.02215353229440854,0.039637421383792934,1.4388817339731061,0.9449406424928541,0.7315750083474478,1.3103459569536238,0.006397283374511701,0.001114953729427948,-2718.0024511007196
0.0016605419867810854,-0.0017044370425166166,0.0050882926797351504,0.022365091992351194,0.03815690679276304,1.430794133039179,0.9431412054944137,0.7344025448189897,1.3133503898758483,0.006705605366868365,0.0011640704181795525,-2717.9136601486566
0.0016216158020294271,-0.00170641408876461,0.0050984711852970635,0.022406789688235843,0.03810976517102228,1.429205152279156,0.9434764612876716,0.7367525862889133,1.3101313325411124,0.00658291120166562,0.0011691530362579366,-2717.990925713256
0.0012350274653474703,-0.0016148677849246668,0.005134329892133753,0.022596738177577298,0.03809365080716281,1.4374936745571383,0.9527041240858625,0.7301875923283712,1.308681829501075,0.00603700750419844,0.0010607750363145125,-2717.7211641479635
0.0016021754797148676,-0.0017657423630250343,0.005337726044183076,0.022319840319064678,0.04106869548937343,1.4245517418555824,0.9419614053001609,0.726910422694311,1.3025777466014774,0.0064375774225564186,0.0010825675247227785,-2718.798520787981
0.001569321626951151,-0.001600491574539899,0.005191023368528412,0.02244365978229613,0.040616870419723616,1.4235504839274382,0.9465649610396094,0.733659379419521,1.2979601631171342,0.0063154590553079195,0.0010957085472815434,-2717.5588395380723
0.0014339395779947254,-0.001590556499051922,0.00520382760152902,0.022498353410324093,0.04018151567136792,1.4264554001103549,0.940872286850231,0.727286610132105,1.3044757311518398,0.006332876472567139,0.001108611299141625,-2717.7682367282073
0.001553433038916854,-0.00164411056959835,0.005290062722200453,0.022455367886031363,0.041704946897189815,1.4239801410416897,0.9375348926755087,0.7227953005958752,1.2975947070262712,0.00635936897603986,0.0010834231219495182,-2717.7508570139103
0.0014097515026148325,-0.0015226047170762494,0.005214904910443117,0.02241729368381401,0.04101915863193113,1.4294533921616064,0.9377390940749843,0.7261274329203459,1.318183448178659,0.006361202543008475,0.0010839224190527547,-2718.3514820963255
0.0013098326899205759,-0.0014840577901678786,0.005168697737516194,0.022416715568757996,0.0397289456434175,1.4357902579241133,0.9377585062904423,0.7232752033864046,1.3197126315856091,0.0062762666544588265,0.0010802414059160573,-2718.525726189437
0.001391419416362956,-0.0015917326298525002,0.00520755979700729,0.022273481202218177,0.038947452162813534,1.4332504669686699,0.9279560796517777,0.7119738984571959,1.3236881033232655,0.006912129414624816,0.0011372777263752663,-2719.0171027532433
0.001391419416362956,-0.0015917326298525002,0.00520755979700729,0.022273481202218177,0.038947452162813534,1.4332504669686699,0.9279560796517777,0.7119738984571959,1.3236881033232655,0.006912129414624816,0.0011372777263752663,-2719.0171027532433
0.0014167609379629308,-0.0016368891148541478,0.005304221281266034,0.02210555935967699,0.039259897693595544,1.4262681617335458,0.9227280165655263,0.707071875603869,1.3290010939400299,0.007287897556131897,0.0011714015755114838,-2719.9469554801
0.0011589301593534652,-0.001665842869702813,0.005425349286420037,0.022038703046045438,0.03927590769890124,1.429440587629469,0.9294495918016044,0.7036289205827106,1.3282427561178722,0.006959884611749374,0.0011468924701733096,-2719.9894387901604
0.0011846111842795642,-0.0017364580734144219,0.005560357199747478,0.02200304113307017,0.04210751956354382,1.4287508018239428,0.926909268879917,0.6977160927889408,1.3139293581206233,0.0069185610582144,0.001086480851082465,-2720.70116022137
0.0009756729559715384,-0.0015690372279309724,0.005464540255670854,0.022193467627513175,0.04124126092816138,1.4286606985897463,0.9334614390776882,0.7038856699445042,1.306686365779731,0.006693733625998867,0.0011129778736327061,-2722.2281099534143
0.0019212822991814364,-0.0018901620828193633,0.0055292149336175515,0.02206185168040318,0.04489642130602185,1.3939630864479664,0.9224733763185504,0.7178028259303566,1.2769532009348363,0.007460647315472391,0.0012393025176283207,-2720.2884133578195
0.001830014913616694,-0.001973853408517301,0.0056051651714381055,0.022230283256901687,0.04609288378524478,1.3908535488791343,0.9250215928982963,0.711086785661617,1.2658001771254204,0.0076531329204470745,0.0011937810334045908,-2719.9723422122324
0.0019263604450577496,-0.002024603494600245,0.005663171154105974,0.021909070334690136,0.044743973539491395,1.3988681298030712,0.9252060674751807,0.7065429205151379,1.2685966110188844,0.007410127482272416,0.0011767905253775974,-2721.0148922803296
0.0019263604450577496,-0.002024603494600245,0.005663171154105974,0.021909070334690136,0.044743973539491395,1.3988681298030712,0.9252060674751807,0.7065429205151379,1.2685966110188844,0.007410127482272416,0.0011767905253775974,-2721.0148922803296
0.001236176133492771,-0.0017555357973605924,0.005522656427930705,0.0222959614741667,0.04040840448419747,1.3964528984158324,0.9284386012097459,0.6893669294766609,1.2905081900366282,0.007661226864980907,0.0011690435524701417,-2721.389381915422
0.0014519267414714303,-0.00178697290742627,0.0055071602695817975,0.022177006511189194,0.04092774897448332,1.392126789086229,0.9291012732338,0.6947615555118372,1.2870974159752795,0.007581526350545791,0.0011481944106010503,-2718.876423116696
0.0013836902700580765,-0.001728799272375397,0.005563454184653822,0.02219581230806609,0.04215926093006663,1.3957278529599781,0.9256115429274128,0.6863841394702017,1.285010437659238,0.0074757020613417935,0.0010958256013743528,-2719.6600304459407
0.0017925627854155513,-0.0019939897663925005,0.005533527363110457,0.022017438337747657,0.040443956760345505,1.385414464370621,0.9181341245358284,0.681391732873435,1.2803264049872725,0.008599012894854999,0.0011968973145626723,-2721.465095894421
0.0017362445840694105,-0.0020329927444942466,0.005484478329283634,0.022060982574427377,0.039899335626762525,1.388915599189728,0.9172573859892016,0.6867281361679631,1.2834231704594574,0.008652132902286114,0.0012168458970180738,-2721.0044757346623
0.0019672365745391617,-0.0022042005237659906,0.005501522647509805,0.022119709849116275,0.041038822940364206,1.3995329600054212,0.9137241337657532,0.6822604174698496,1.2706149542254486,0.008663768483662652,0.0011993791302873276,-2725.742928013286
0.001695183884068063,-0.0021259819885779806,0.005321230984440579,0.02209307515218455,0.03597765048709409,1.4060717619985281,0.9118213880557762,0.6789138603037589,1.3045545677614858,0.009198361248852285,0.0013134738296829587,-2721.5609883368147
0.001960310346322911,-0.0021389697662575723,0.005363108934600777,0.021973891033014285,0.03757373076103711,1.4045746918374284,0.908205631428471,0.6879898984422742,1.3140541468184999,0.009250429595182684,0.001340178363069038,-2722.820557382152
0.0021720857251567513,-0.0021610501944717446,0.0053932119742422105,0.02186017857738304,0.03844186907125105,1.3978190466267986,0.9077515196701982,0.6922453878990138,1.3117948092976301,0.009329057540008288,0.0013553291980673242,-2723.806003040515
0.002104276325914598,-0.002178801357314128,0.005446066183570599,0.021787495292642626,0.038668623637481095,1.4030913426042966,0.9109017682897821,0.6899408588469975,1.307086540198711,0.009080458414161555,0.0013266260444725632,-2723.0873833557685
0.0018006694181884018,-0.002071687591437366,0.005506320740473539,0.021888838890115333,0.039268310963249245,1.410882887675291,0.9095836501528767,0.6875250319610867,1.3054534662085802,0.008437063264345051,0.0012949836777551378,-2721.1080033271023
0.001394341010388666,-0.0019482134213072728,0.005769952702121786,0.02199080797494581,0.0423072210436055,1.41692537460017,0.9098997458339448,0.676633847592148,1.320358654735498,0.00791000974953009,0.0012159327595026262,-2722.406199555396
0.001438817709268429,-0.002017628373872966,0.00569814335915448,0.022017677658445346,0.04235091805670511,1.41520474480919,0.9145759661696746,0.6791520304373924,1.3079004603769817,0.007935353232030314,0.0011670853594017714,-2721.8244742739407
0.0014018983677673864,-0.002075964305093411,0.005429457680118815,0.021898421560569335,0.036417599819060315,1.4151825009491628,0.9179833871668934,0.6828604332594397,1.320526738495116,0.008399650451091825,0.00126687300482861,-2721.6910523889615
0.0013047137488247148,-0.002009794014584867,0.005390349881774531,0.021986367882080082,0.03627413815027924,1.4220934204797753,0.9210827825804108,0.6838792949399048,1.32564372344682,0.007865416920739285,0.0012088824296312207,-2721.768483053001
0.0015046735941033808,-0.0019384601879975831,0.0054589049661619305,0.02178812936126622,0.03663941261121206,1.4234815707753885,0.9166645800021003,0.6793660263908805,1.3233244028165652,0.008117119169931259,0.0012349741313203728,-2720.5896828911314
0.0012447939741138218,-0.0019184243649745247,0.005506561690651161,0.021670002484864052,0.03551480253516667,1.426010255840983,0.9153595477382777,0.6699171065737425,1.330753116525013,0.00832803720639124,0.0012559900888307945,-2721.4091477879897
0.001282418245940907,-0.0018309085840928314,0.00555097487291036,0.02148335781879244,0.036289420192401056,1.4286488472332781,0.9110716693925178,0.6757316476708741,1.3519024158863062,0.008069977947560394,0.0012525015592464352,-2722.05347120235
0.0009640339001537913,-0.0016522025486477463,0.005358457731937945,0.02166264292479019,0.03393060152587122,1.4328933371453823,0.9252093076965597,0.6801615083207893,1.3310997109533749,0.007351513854878972,0.001202574513209992,-2722.5754359386683
0.0009524336781679601,-0.0017374658374482536,0.005416844515782038,0.021686868131591677,0.034165520726181994,1.430726828391443,0.925851208086339,0.6739826001405759,1.3182255992201832,0.007429033293288951,0.0011658416104866382,-2722.85487893726
0.001147456029852837,-0.0017861350406260064,0.005468872162108366,0.021623526699442314,0.03504051942448147,1.4277554060433977,0.9202050423825823,0.6727650971089081,1.3131023673252364,0.007714339808317046,0.0011794027316785662,-2722.61077629083
0.001014001776752902,-0.0016695861955934414,0.005460947003031602,0.021806278433813164,0.03621315022972391,1.4307858391794266,0.9203875447978841,0.6803434175353624,1.3136791969358954,0.007199491556310107,0.0011507487988970057,-2721.6121661209395
0.0009476688918966802,-0.0015277343198093997,0.005413348795527,0.021843137376614415,0.03632429564869062,1.443428195955297,0.9280359009136907,0.6950153308777526,1.3231117998111208,0.006373401284416804,0.0011349201679193431,-2721.4276959724807
0.0009476688918966802,-0.0015277343198093997,0.005413348795527,0.021843137376614415,0.03632429564869062,1.443428195955297,0.9280359009136907,0.6950153308777526,1.3231117998111208,0.006373401284416804,0.0011349201679193431,-2721.4276959724807
0.0009445777519088393,-0.0015405120874930267,0.005626799692726763,0.021774182968696355,0.039165993562088844,1.4478567280572547,0.9242482722310457,0.6883866188990069,1.3272145482004234,0.00628359305261168,0.0010770403810703155,-2720.476099834168
0.001040208446398327,-0.0014746459556010637,0.005700586276014143,0.021816817729995115,0.040875284795584305,1.4439009209497526,0.9209924959862306,0.6844450792728005,1.324176070121746,0.006204583554306027,0.0010729294795199407,-2719.5811762026424
0.0009207152076700122,-0.0015498490957175804,0.005724635993546264,0.021778753853060707,0.03953978568003172,1.4469549291357608,0.9173863561240225,0.6802484491820022,1.327539697760702,0.006394633401031328,0.0010778698244096302,-2720.393736425384
0.0009207152076700122,-0.0015498490957175804,0.005724635993546264,0.021778753853060707,0.03953978568003172,1.4469549291357608,0.9173863561240225,0.6802484491820022,1.327539697760702,0.006394633401031328,0.0010778698244096302,-2720.393736425384
0.0008644525242515935,-0.0015520364968737155,0.005678112358860705,0.021773736778948026,0.039466857371031776,1.4485912114648851,0.9167424721631576,0.690548355382171,1.339471101282073,0.0062701062455556905,0.0011003016364822765,-2721.3283356261495
0.0011402865282664522,-0.0015986104558065985,0.0058450383186479556,0.021598349106728407,0.04334380157975125,1.4522653197550717,0.9100406706443964,0.6900707417246394,1.3266688206711676,0.006364493052341027,0.0010905585562786275,-2720.682127779312
0.0011402865282664522,-0.0015986104558065985,0.0058450383186479556,0.021598349106728407,0.04334380157975125,1.4522653197550717,0.9100406706443964,0.6900707417246394,1.3266688206711676,0.006364493052341027,0.0010905585562786275,-2720.682127779312
0.001234534305222735,-0.0016017780325064714,0.005907489142871679,0.021543530783971476,0.044998019182322296,1.4564025661048996,0.9071199416294431,0.6916157879034535,1.3276276199382047,0.006291733154188322,0.0010795806451323552,-2721.4083864802383
0.0012468573012423042,-0.0015392516027126308,0.006010993087043105,0.021314714501131055,0.045021177396476444,1.4645014413634452,0.9022329914523619,0.6875242802941786,1.3478148870292692,0.006265331468538768,0.0011104336333883883,-2721.4695890761122
0.0010594577313739369,-0.0014419171561298348,0.005966790179845576,0.021347151846303904,0.045042504831587366,1.468738991512553,0.9070545599871997,0.692520543938403,1.3582264442750216,0.006019384574591715,0.0010929847343748203,-2721.926092306715
0.0013007226851146844,-0.0014935615936810826,0.006054206970823525,0.02128357146068898,0.04690179634010755,1.4632865287672998,0.9047927982593473,0.6953756714251774,1.3498968401117948,0.006034218301782673,0.0010898045781650948,-2721.649020248389
0.0012505166618500905,-0.001433081073415463,0.005840816749766919,0.021448590757952125,0.044406281900171485,1.4581318494214757,0.9069480168515166,0.7033686060844577,1.3547209611362203,0.006037281139795455,0.0010971592603579113,-2722.416898204186
0.001441667545404762,-0.001525984116241763,0.005956753706327431,0.021322333698504847,0.045934864515670484,1.4514593431106673,0.9019636029806082,0.7008229655858973,1.350573161248,0.0063770486477384624,0.0011307630727030904,-2722.660194880211
0.0011779184105272997,-0.0014665050493079248,0.0059446785464846155,0.021484398088623586,0.04611586540487915,1.4494475240806106,0.9061436957216642,0.6977970284828487,1.3334453765996326,0.006021952373781794,0.001082564322365959,-2721.374468178562
0.0014701984895393629,-0.001641297249347631,0.006154742661229213,0.021311782970086304,0.04933457526058496,1.4514447363094272,0.8984542616147857,0.6901077095859425,1.33682603516471,0.006535808981213515,0.0011025168963805531,-2722.4071469278456
0.0010169840468815979,-0.0013621950303468354,0.0060791809683529005,0.021426560536003066,0.048403860976966806,1.4736290780238988,0.9046742346312289,0.6884225916379072,1.351626278525405,0.0055935400175104255,0.0010260199925841366,-2721.8605815506457
0.0009517029213503645,-0.001397910599600703,0.006162753375040017,0.02120176191500372,0.04902937847232815,1.4747835735764112,0.9047296721102214,0.6901673604776899,1.3481420935664707,0.005601166664269807,0.001033290426720033,-2722.599338239276
0.0009517029213503645,-0.001397910599600703,0.006162753375040017,0.02120176191500372,0.04902937847232815,1.4747835735764112,0.9047296721102214,0.6901673604776899,1.3481420935664707,0.005601166664269807,0.001033290426720033,-2722.599338239276
0.0011321636006796018,-0.0013172188460816208,0.006144063753932826,0.021031555418767396,0.04903126234182882,1.4744952246721967,0.8992664142553979,0.6926799611123711,1.3503992100218039,0.005684808034056659,0.0011032807102630611,-2724.6817412440832
0.0010608372220100946,-0.0014378379390271659,0.006390989187749187,0.020697546514191565,0.051094078950697036,1.480307313053089,0.8997015640741138,0.6873657540769065,1.3653869915288077,0.005644556530930116,0.0010789997440342806,-2723.4792279329554
0.0010608372220100946,-0.0014378379390271659,0.006390989187749187,0.020697546514191565,0.051094078950697036,1.480307313053089,0.8997015640741138,0.6873657540769065,1.3653869915288077,0.005644556530930116,0.0010789997440342806,-2723.4792279329554
0.0005130554147807932,-0.0013616564768992355,0.006284587892050974,0.02095831362920078,0.04671519680660274,1.500059051686843,0.9079264260968927,0.6791202000072054,1.3634325195142474,0.004982716780131593,0.0010203079035698078,-2724.5810747974406
0.0005113689908588289,-0.0014412413079747874,0.006376203436535018,0.02086159850231964,0.04657938766466916,1.503208424926743,0.8993388724829521,0.6759619728798609,1.3843237854993287,0.005064813404728455,0.0010269652047747598,-2724.9174559248
0.0004583700676795456,-0.001393162494807444,0.006402541448511026,0.020842881294294503,0.046773209181500845,1.5068103243601976,0.9026290385070501,0.6766852218329551,1.3825326743798487,0.004784356569162251,0.0010026563369265177,-2725.08382244102
0.0005638470299945946,-0.0012971732650660494,0.006292922018089289,0.02091834034386792,0.046191820677096374,1.5126208872312477,0.9095617913824086,0.6867113383521322,1.3780624336472052,0.0043402530551241054,0.000986197584048233,-2723.998139461406
0.0010059803361266249,-0.001334944949327236,0.0062650149015872555,0.020865255072072222,0.04822911277445771,1.5116952163351396,0.9034169830106537,0.6985702488638139,1.368792275697584,0.004363565124828661,0.0010447042959888177,-2722.9223531985635
0.0007840169172251936,-0.0012503188576503538,0.006109685402476577,0.020938071380030624,0.04422687134234232,1.5202185783557955,0.9067485181649837,0.6952062618493826,1.3788469194506636,0.004153284281318375,0.0010358129383737191,-2724.1229819502178
0.0008156891254685935,-0.001371305160271426,0.006177691723116018,0.02087445713850183,0.04245897854117317,1.506106654598348,0.9046308481801939,0.6877781207204949,1.3584593091359767,0.004669386811309912,0.0010984818305098765,-2723.1922030694445
0.0009239894987942508,-0.0013725184058460621,0.006338466460655621,0.020795706046185893,0.046173929757454726,1.5100376108063824,0.9066176163539922,0.6842173615528633,1.3512584984766995,0.004385986912216028,0.001016726995607852,-2722.9653007684133
0.0008347947336425094,-0.0013748942949254718,0.006385418621813066,0.020788713458981638,0.04512891873181751,1.5025251687233796,0.9039879376757978,0.6755194125366015,1.3506718213650433,0.004648299590129431,0.0010344007669299989,-2722.1445604585133
0.0009017120787571942,-0.0013329887378587283,0.0063295459882804625,0.020753875611014397,0.04515819091121595,1.5121762665892313,0.9057117255134199,0.6793538702128668,1.360846278684141,0.004515698334661193,0.0010339615976985284,-2722.4546576385696
0.0009017120787571942,-0.0013329887378587283,0.0063295459882804625,0.020753875611014397,0.04515819091121595,1.5121762665892313,0.9057117255134199,0.6793538702128668,1.360846278684141,0.004515698334661193,0.0010339615976985284,-2722.4546576385696
0.0010315392412702067,-0.0012699823813273389,0.006116568300758573,0.020821899503081328,0.04140221879203655,1.496753934504194,0.9081063934048618,0.6822590378575736,1.3556702031105559,0.005001617500525904,0.001152662604051833,-2725.2890383729273
0.0016875632227205239,-0.0014005333729326021,0.006263894080393068,0.02054565712787099,0.045449193454290084,1.4972103164306136,0.9078540137245514,0.691135102073746,1.3438850525291461,0.005031751624751698,0.0011567023280828034,-2724.0913107179954
0.0014760069131873853,-0.0015196326679444722,0.006275649855182974,0.020521102806323643,0.0421592424936496,1.490508997320787,0.9037926606603264,0.6787566471900643,1.3476672212573577,0.00566370302837485,0.0012197824680564313,-2722.1988453522645
0.0012976026705584544,-0.0015487835402477343,0.00601753253741907,0.02109782078973587,0.04140244822130946,1.489122238285732,0.9082033505560151,0.6818378894690145,1.3335469805692903,0.0055249329220162105,0.0011290845144409877,-2720.4480963875544
0.0014302210722700517,-0.001550254250020036,0.006033878991865281,0.021121410590841466,0.04360229892520806,1.4915069822800917,0.909001723433813,0.6923901310231875,1.3303801475188322,0.0053430569939737025,0.0011157749400563805,-2720.9428835208096
0.0010397106565929026,-0.0013364464548423867,0.00582678506472368,0.02141845543589461,0.04365878612648479,1.5083105142146715,0.9188839849611588,0.7079484723945635,1.3366909046642557,0.0045466632852772075,0.001056577209778631,-2720.876188122604
0.0010076106750113202,-0.0012264071995771097,0.005691977253482748,0.02156162828924709,0.042988771265365676,1.5041285282562273,0.9216578107944525,0.711739440701866,1.327829295723623,0.004435366375305074,0.001063593398754548,-2722.563994547512
0.0014274890262068757,-0.0014879836837885466,0.005548478770166169,0.021639247003919837,0.04261542536513081,1.4893806101257527,0.9215416798539063,0.7180848920969753,1.3061719748963163,0.004873110028969983,0.00111477732874118,-2720.1865358631703
0.0013952285379504568,-0.0013463695123029553,0.005684451275485529,0.021409351319409606,0.04278020679875309,1.4958553828672763,0.9181509346566309,0.7088257460566405,1.3336388828539318,0.005017996790754914,0.001137790341852994,-2721.423955824212
0.0013952285379504568,-0.0013463695123029553,0.005684451275485529,0.021409351319409606,0.04278020679875309,1.4958553828672763,0.9181509346566309,0.7088257460566405,1.3336388828539318,0.005017996790754914,0.001137790341852994,-2721.423955824212
0.0015154068757469094,-0.0015164670993837118,0.005657747235598747,0.0213488523633361,0.04259753641028429,1.4946933912983935,0.9112293155685085,0.7064697644797564,1.338275112473035,0.005428673575692547,0.0011406349830863642,-2722.7398955371095
0.0010878635279197545,-0.0014567454804147069,0.005602333086223582,0.02115965708926906,0.03804801672768098,1.5165053093253102,0.9097212270694921,0.703949275744971,1.3769705983650535,0.004972283691308697,0.001197909622375232,-2723.612309626058
0.00123315389286021,-0.001637230312433356,0.005521900583588278,0.02133617858660244,0.03676615745776432,1.4986855622603135,0.9145340654216729,0.6943374089322006,1.3376128704787507,0.0055437005233658024,0.00119802476512505,-2721.196613965688
0.0012628089664477714,-0.001491412059457682,0.005265137882787748,0.02152190460516928,0.03492091185593223,1.498641218081965,0.9225480196633518,0.6993464423723819,1.3255395878660456,0.005461087103457106,0.0012062467931961904,-2721.206795227007
0.0015842171112636673,-0.001405893367618166,0.00530984531848162,0.021533352686538745,0.03953193929786561,1.5067606598930783,0.9302966956230441,0.7257015294439243,1.3343310558273294,0.004534044267246879,0.0011605232311934933,-2721.2314467655056
0.0015141249026919303,-0.0015574860088765448,0.005335030438640508,0.021520296719745962,0.038322194017530745,1.504763108843978,0.9240976782493399,0.7248429107069322,1.3337182480995708,0.004743073328970703,0.0012017141072207616,-2720.2342183331125
0.0014584157185610382,-0.001461245546547793,0.005334459301898909,0.02164152644425834,0.04116706133988268,1.5158565841268539,0.9230797353129107,0.7318988570671869,1.3370493549720073,0.004412352091436125,0.001170496557134875,-2720.9791480252206
0.0014584157185610382,-0.001461245546547793,0.005334459301898909,0.02164152644425834,0.04116706133988268,1.5158565841268539,0.9230797353129107,0.7318988570671869,1.3370493549720073,0.004412352091436125,0.001170496557134875,-2720.9791480252206
0.001165966099925933,-0.0015766635274269119,0.005177558402416822,0.021685612152848453,0.037208434990495864,1.5179195442119595,0.9246465021342747,0.728852545299323,1.3360272951341854,0.004555825044426779,0.0011869179869699624,-2721.7251901535697
0.001165966099925933,-0.0015766635274269119,0.005177558402416822,0.021685612152848453,0.037208434990495864,1.5179195442119595,0.9246465021342747,0.728852545299323,1.3360272951341854,0.004555825044426779,0.0011869179869699624,-2721.7251901535697
0.001291333901377657,-0.0016142137253072264,0.005072221297846054,0.021597782010001933,0.034936941153679596,1.5030502846306795,0.9230488653246918,0.7248563117136415,1.3334770385700287,0.0051200024787648925,0.0012578737082139337,-2721.5089270042126
0.001304171036114415,-0.0017440306623764503,0.005266815211457333,0.021718064631849804,0.03851152130701506,1.5081638502100438,0.9238298294307439,0.7235507063998743,1.3074798499259346,0.004843879147704454,0.0011638686148332628,-2723.9191446026553
0.0011447096615563208,-0.0015935495065636388,0.0050748276636498274,0.02207176713421735,0.037697485758605404,1.5101150136687211,0.928422821480812,0.7320260790595828,1.300301121006339,0.00468091756552262,0.0011893679453771977,-2722.1707360738837
0.001131738804332377,-0.001650390143465066,0.005126847678139725,0.022029493370828677,0.03842665929483642,1.5124576191403225,0.9262371599452363,0.728484180076796,1.303142971268953,0.004841043383413966,0.0011766285417552026,-2722.441449402899
0.0013530623939312005,-0.0016959617844915058,0.005135342392569591,0.021824159290213606,0.036508745449432944,1.4970073687166168,0.9108164748209361,0.7114008715009841,1.3113812985562296,0.006013153082588929,0.001311681074330447,-2722.841495050375
0.0012839824271488887,-0.0016713244084548412,0.004986563555468878,0.021928739975563532,0.034936769666213986,1.5017425425812017,0.9126453090473529,0.7152209793984099,1.3157896484853608,0.005744186852144903,0.0012840851403872423,-2722.6099620061345
0.0011575125106451246,-0.0016912182769949604,0.004984101817915511,0.02202864917826807,0.034926069344850694,1.5072556433474324,0.9189114855207706,0.716439018999603,1.3104458635726708,0.005294873675127577,0.0012157157628355539,-2722.964291344
0.0011575125106451246,-0.0016912182769949604,0.004984101817915511,0.02202864917826807,0.034926069344850694,1.5072556433474324,0.9189114855207706,0.716439018999603,1.3104458635726708,0.005294873675127577,0.0012157157628355539,-2722.964291344
0.0011575125106451246,-0.0016912182769949604,0.004984101817915511,0.02202864917826807,0.034926069344850694,1.5072556433474324,0.9189114855207706,0.716439018999603,1.3104458635726708,0.005294873675127577,0.0012157157628355539,-2722.964291344
0.0011575125106451246,-0.0016912182769949604,0.004984101817915511,0.02202864917826807,0.034926069344850694,1.5072556433474324,0.9189114855207706,0.716439018999603,1.3104458635726708,0.005294873675127577,0.0012157157628355539,-2722.964291344
0.001580069063083311,-0.001975587382871468,0.005010227867553941,0.022018626214921025,0.035654100141360806,1.4868666722061126,0.9110903553302223,0.7183330177962253,1.301063393690061,0.006419625471589955,0.0012800778513007097,-2724.244830042968
0.0019383407898420305,-0.0019996805269144177,0.005003667184576219,0.02192890565507777,0.03607518850743019,1.4776675218744668,0.9072640973428291,0.7197745597812718,1.296007383641393,0.006752293646420625,0.0013571434942665176,-2722.9638471665776
0.0014281081897690902,-0.001838620251314131,0.0047666723004712065,0.022223535361674297,0.033338043002124965,1.4926301508403952,0.9157464047741484,0.7222389314110527,1.321636296480513,0.006244806941716412,0.0013249178195993264,-2722.2986553418004
0.0013458100901627221,-0.0018823764289281541,0.004911988018424957,0.02207489877826353,0.03395170842409587,1.4968492424839215,0.9138422580148656,0.7121058809087897,1.3278511365658066,0.006220966578924795,0.0012887891518966051,-2723.03932184711
0.0013264352664677445,-0.0019047996075741052,0.004848595638987925,0.0219362473835755,0.03231222718423192,1.494695210263154,0.9131249660709422,0.7120089257355608,1.3332196649082002,0.006313091971961521,0.0013166938999802475,-2723.6563149439085
0.001627611412238517,-0.0018745028877652243,0.004661174687227366,0.021981480271329186,0.03202299666399072,1.4839947441965098,0.9114753866527974,0.7262621969318899,1.3297235688592441,0.006415601459506268,0.0013540672750131854,-2723.790360322848
0.001461523760022506,-0.0017640022627936087,0.004703749571162678,0.02178169650134561,0.03233390388182374,1.4876598420867007,0.9114055221321713,0.7345905661213092,1.3230807878400044,0.006071072219078616,0.0013451884113716767,-2725.011690647221
0.0012435522193686797,-0.0016916824555819453,0.004518244941074375,0.022042610233837637,0.029901197257069478,1.4871459539739624,0.9209262896122405,0.7225033366874398,1.3303999240873996,0.006226204919960766,0.0013458267704527754,-2723.907693101193
0.000999181831607035,-0.001542768732150342,0.004549762621301175,0.02220925243945308,0.029978102393715476,1.4854333084072933,0.9244161310994818,0.7105987817572255,1.331129955910039,0.006125349056767865,0.0012883402874737128,-2724.99747209517
0.0015113636940357143,-0.0017672877556394063,0.004589533917286638,0.022022041252663056,0.03006627826422131,1.4696069630545474,0.9140532132640178,0.7107027551791153,1.314295246211538,0.0070899500712366505,0.001429064117878095,-2723.428471747027
0.001529452454426046,-0.0016587877039731004,0.004678548028649854,0.022108646629967945,0.03172806243250429,1.4674732291644548,0.9258739016730269,0.7160005160220655,1.2993841882763304,0.006710420642301485,0.0013829057728094887,-2722.873857086887
0.001968357556333669,-0.0018046468127643654,0.004723884511254553,0.022067813019601642,0.03275231893684967,1.450270959023175,0.9261450107847766,0.7121394403186498,1.269763411039504,0.00705175748974756,0.0013562050653198804,-2720.640812279367
0.0023393940351610753,-0.0019728280668638984,0.004630890731796531,0.021947487027140375,0.03171850195817425,1.4392119230593097,0.9202084196251765,0.717510841797603,1.2649630766775293,0.007613345490653355,0.0014713639020405918,-2722.20297995536
0.001953713734434764,-0.0018909855338706642,0.004563139080359632,0.022059389450926975,0.030087373033405543,1.4358277215026816,0.9147328294320168,0.6968030886075756,1.2945616091801215,0.008132766090878355,0.0014831183167119063,-2722.2558934765357
0.0020990693515529034,-0.001908253608686193,0.00444168372342325,0.022162384694019953,0.030052022674649015,1.4410723567233235,0.9130906020459171,0.704257039895491,1.2905556344462092,0.008244093962866104,0.0014924467079826475,-2723.0266025635574
0.0019200806550546522,-0.0017422150272189858,0.004352495489622118,0.022311516324783412,0.0300717845917532,1.4369583409480078,0.9208363323195317,0.7055225779426053,1.2852464791513278,0.00798359319744016,0.0014447753313545553,-2723.1920804087144
0.0019200806550546522,-0.0017422150272189858,0.004352495489622118,0.022311516324783412,0.0300717845917532,1.4369583409480078,0.9208363323195317,0.7055225779426053,1.2852464791513278,0.00798359319744016,0.0014447753313545553,-2723.1920804087144
0.0015726535961814812,-0.001636026015529403,0.004327404399026517,0.022628315497176133,0.029981069511602607,1.432522442148132,0.927366491374051,0.6998084955982284,1.2873297789839298,0.0074843016127002495,0.0013301765528766108,-2722.335018549032
0.001564820062573434,-0.0017852723076709261,0.0042033184699298,0.022653884825898092,0.028736560315930346,1.4301892804985707,0.9371645904416523,0.7028006163722847,1.276197199883899,0.007754000139489249,0.0013316475413305314,-2722.3411405252277
0.0016885679494111887,-0.0017664425268457745,0.004017720996784161,0.02307679488038437,0.029017949534305316,1.424980451394062,0.9418256902773567,0.7217956011851355,1.2687238028797916,0.007651883065874489,0.0013267548596163335,-2720.32145804294
0.0016288327299531745,-0.0017511239387545804,0.003966304433319668,0.023175423381637292,0.02836292748317028,1.4190111445495313,0.9404573220655791,0.7207303814519362,1.2640215159736106,0.007697390636802903,0.0013316697196266744,-2721.104098879816
0.002277969685988073,-0.0020846337072406105,0.004232478402011379,0.022914627436839495,0.030339761579760587,1.4120324496522692,0.9376442216397354,0.725269650928459,1.2397437721614153,0.007939534683877349,0.0013515986311421555,-2721.3941022312674
0.002264793396156815,-0.00210011689387959,0.0043134782175083385,0.02272524831419251,0.030969848016131382,1.4170504952287866,0.931713665642384,0.7328649504934448,1.2586586762703509,0.007736758060666493,0.0013850693455680265,-2720.5786114078414
0.0020674380049353677,-0.00195709332401726,0.00404289004478939,0.02319871923206511,0.03014600595619036,1.4177028207730382,0.943352057061375,0.7384820194736426,1.2539690435701836,0.007323198153545642,0.0013389173117542455,-2718.694293656032
0.0021077000259478746,-0.0017854864427034938,0.003937240508478868,0.023114342780964383,0.029795259482745924,1.4252243910352724,0.9394610391078042,0.7542210699347616,1.2808948510257518,0.006893884372838447,0.0013988507993105096,-2719.8315849678065
0.001928159023503899,-0.0017168788677245674,0.004044104995974498,0.02319492148732598,0.030487771881064274,1.4241448459084887,0.9388431624003348,0.7411786599794583,1.273369041636389,0.006903975395772963,0.0013710054256612684,-2720.1610451453953
0.002430432387647308,-0.0018729870602992226,0.00406562431232514,0.022961920866708917,0.03131354844666429,1.424159216736585,0.9480699247173352,0.7654583031052646,1.2549957402545493,0.0066874818529043594,0.001387313017956737,-2719.654647013118
0.0023641243519304713,-0.0018844524821395323,0.004136030684076228,0.022954847752991538,0.03197304139849971,1.4275326625793594,0.949152036189467,0.7628792211139154,1.2565636091935146,0.006588661618176124,0.0013344481890103193,-2719.4816960626044
0.0027111663896811945,-0.001976666162483239,0.004062095869650754,0.022688280956778186,0.030650128019603963,1.433628681029547,0.9463161674034458,0.7672811361722153,1.273391635296199,0.007202765054579401,0.0014462380835844686,-2720.700503336821
0.0027111663896811945,-0.001976666162483239,0.004062095869650754,0.022688280956778186,0.030650128019603963,1.433628681029547,0.9463161674034458,0.7672811361722153,1.273391635296199,0.007202765054579401,0.0014462380835844686,-2720.700503336821
0.0024401429968207607,-0.001861922447025842,0.004186315187100129,0.022726427586505303,0.03178255281588964,1.428682056369279,0.9511799712611057,0.752644504958758,1.2690935294093522,0.007065200189530288,0.0013963168678645657,-2720.0493719896363
0.002333433818854742,-0.0019109828984722188,0.004529491560642626,0.02262762936033662,0.0353726508271873,1.4279432398011087,0.9511888870300597,0.7373139075542154,1.2611739481445152,0.0071174372061809646,0.0012996490832565954,-2719.22407954434
0.0019881358632311483,-0.0018351402989187247,0.004731619334113389,0.022344586278459387,0.035142262263515384,1.4369591698153634,0.9434000425074416,0.7123502019113761,1.2984932019519149,0.007279418176972873,0.001332879593877002,-2719.1709938998392
0.0021709739611016857,-0.0019365974190734096,0.004643803942279434,0.022348686962713037,0.03347997448313064,1.43293402842218,0.9487684800788543,0.7115601454441376,1.2753587817755645,0.0076202422777043215,0.0013825562710131454,-2719.4156438191626
0.0025611292400693816,-0.0021732856629106557,0.004442028263362323,0.022546967992650706,0.03207194073012454,1.4217124367462834,0.9477981547992653,0.721942227255653,1.2635556528495078,0.008267883934206252,0.0014932728823298215,-2721.6507685708984
0.002619351125880527,-0.0022764110061323714,0.004421739732492752,0.02273969475353838,0.03187155510693756,1.4214232658530075,0.942637432199245,0.7120245953204893,1.2599454885872872,0.00858852966430748,0.0014964946107031984,-2722.4844261224603
0.0018701504419567465,-0.0021276094936175547,0.004496390133404323,0.02319029354195024,0.033259275865173576,1.4363106165854354,0.943539860337753,0.7058642991971642,1.2813057152285927,0.0076940367085069844,0.0012904968615226125,-2720.874417341075
0.002295981012827278,-0.0021828129729979003,0.004590474871457334,0.02312627264162451,0.03644886756996868,1.434046795070902,0.9426819310668135,0.7104104205352915,1.2745955738480235,0.00773509432467901,0.0012290167820558754,-2723.4088605487814
0.0020289771443463382,-0.002155344821279428,0.004756770715612299,0.02318089273032,0.03711078327521105,1.4381610896620551,0.9544512631079785,0.7055001056314861,1.24989955528681,0.007084721600115886,0.001136458954427409,-2724.983490331227
0.001517541858635011,-0.0016663774658170075,0.0045236554121821804,0.02360277803342572,0.03618044953581401,1.4622285681219185,0.9629992772523659,0.7200469211622103,1.2726778817782487,0.005757802426904832,0.0011335137452100712,-2722.208525531461
0.0018291378468734548,-0.0018226718518594663,0.0047541556410870605,0.023589490629506098,0.04150895107520518,1.4529054501010745,0.9541621068424253,0.7148254822800462,1.253889459764602,0.006099393915525176,0.0010954743341758447,-2721.389365446716
0.0017927526441549602,-0.001830007272908273,0.004916939167040216,0.02338608901072384,0.04358373238832465,1.4587787872587625,0.9508167316258346,0.7139397138572101,1.264968230318031,0.006056806061451315,0.0010901747861011826,-2721.7625890449704
0.0017927526441549602,-0.001830007272908273,0.004916939167040216,0.02338608901072384,0.04358373238832465,1.4587787872587625,0.9508167316258346,0.7139397138572101,1.264968230318031,0.006056806061451315,0.0010901747861011826,-2721.7625890449704
0.0012854572921082597,-0.0016433504656774706,0.004736007983101703,0.02345074337730284,0.0383514637954398,1.4510352501763581,0.9662042934979993,0.7178507353345882,1.267524803420549,0.005670275236241195,0.001049938274508602,-2719.4926023362236
0.0013622426831211617,-0.0016061375996701127,0.00464317299907746,0.0234205709949296,0.03800220994327632,1.4588594885590969,0.9643835835215426,0.7231711816325868,1.2835617584374686,0.005595518341572752,0.0010780567857400245,-2718.9226491034883
0.0014123255517150095,-0.0015784070487267245,0.004557160377827835,0.02355927726037942,0.03889665900315332,1.4627967818357783,0.968527529970417,0.7390214660253653,1.290406974163765,0.005341063741661466,0.0010569300617076834,-2718.873230950974
0.0014123255517150095,-0.0015784070487267245,0.004557160377827835,0.02355927726037942,0.03889665900315332,1.4627967818357783,0.968527529970417,0.7390214660253653,1.290406974163765,0.005341063741661466,0.0010569300617076834,-2718.873230950974
0.001500003266130952,-0.0016844103688873034,0.004699744117216075,0.02330177726794892,0.039184709428946043,1.4629142070088688,0.9635288591627988,0.7318985704905225,1.2821870073405137,0.005394405853827912,0.0010571822493988772,-2718.0744239444316
0.0017324276084078362,-0.001719270769436081,0.004709233606855585,0.023150574204828012,0.04041762942576167,1.4585693049104036,0.9643515377268184,0.7452848248929964,1.2794549483383044,0.005319086455814047,0.0010774541736242142,-2718.292997661789
0.0016103711422321663,-0.0014961218412057383,0.0044490176452333125,0.023488447534710497,0.03987889863408356,1.4455873965859318,0.9725208253609713,0.7657431435351723,1.2877656075272568,0.005254756940647864,0.0010418288132755995,-2717.512824365031
0.0016103711422321663,-0.0014961218412057383,0.0044490176452333125,0.023488447534710497,0.03987889863408356,1.4455873965859318,0.9725208253609713,0.7657431435351723,1.2877656075272568,0.005254756940647864,0.0010418288132755995,-2717.512824365031
0.0014335462533431962,-0.0015446093279186434,0.004482624320281792,0.023393582202687335,0.038200374217279384,1.4536721355214557,0.9750051066922927,0.7587199993424458,1.2854241815910963,0.00520915901444228,0.0010409300573912996,-2717.173789743331
0.0013279288671482151,-0.001423856952079465,0.004483185244437298,0.023596912557745573,0.03906391653886183,1.4645823620611704,0.9812340989212782,0.761978476787641,1.293565175493685,0.004633147409491079,0.0009567884178640131,-2717.1679699432157
0.0012847148558073722,-0.0014066409616008378,0.00443827369127421,0.023816600889399627,0.03965503158212577,1.4627373104310755,0.9878258993649913,0.7673470280212447,1.2811844200277829,0.004329415183374161,0.0009336548610339681,-2718.2417932262683
0.001217884222518886,-0.0013602192990912155,0.004390352237204502,0.02370542339312652,0.038155878300578566,1.472071453315161,0.9855702470825412,0.7665915724978347,1.2894156025898138,0.004230410315554243,0.0009493305901398858,-2718.154745222504
0.0017318914965265709,-0.0014877970268740081,0.004668110607177304,0.023400784453873672,0.04315594449380292,1.4562111478712474,0.9811651336434761,0.7639479514725549,1.2646326999264825,0.004932298213921952,0.000977822854048338,-2719.05205819119
0.0015775417596230103,-0.0014607707031681107,0.004463807344775194,0.02366844929707013,0.03937669439562179,1.4520747509789886,0.9829445460772295,0.7582362623002916,1.2586652449095042,0.0052457768989055045,0.0009852630930240376,-2718.1890375983207
0.0016226620321912431,-0.001459574799592792,0.004496110441384749,0.023544839923731485,0.04011125177361659,1.4628684359425899,0.9835989308861444,0.7777871842385511,1.2778445492337727,0.004807658153704505,0.0009833671825328141,-2718.321712584632
0.0011978524565176736,-0.0013299877713191244,0.004538388529967834,0.023661093170032906,0.03984824942137856,1.481236127106437,0.9835923670806589,0.7683334382535351,1.2998602900066754,0.004360423721627898,0.000918062255039431,-2717.8254416747227
0.0011978524565176736,-0.0013299877713191244,0.004538388529967834,0.023661093170032906,0.03984824942137856,1.481236127106437,0.9835923670806589,0.7683334382535351,1.2998602900066754,0.004360423721627898,0.000918062255039431,-2717.8254416747227
0.00157365820255298,-0.0015138595312752775,0.004416650053031661,0.02360159171889619,0.03791484414575094,1.4641197119278302,0.9872719655809559,0.7774880570882963,1.2828972295754655,0.004756122947051919,0.0009787559445099373,-2718.1455454007073
0.00157365820255298,-0.0015138595312752775,0.004416650053031661,0.02360159171889619,0.03791484414575094,1.4641197119278302,0.9872719655809559,0.7774880570882963,1.2828972295754655,0.004756122947051919,0.0009787559445099373,-2718.1455454007073
0.0016958087626206177,-0.0015986399471533963,0.004401913215184792,0.02364782647533175,0.038079353801539394,1.4643307216256538,0.9831833641782066,0.7751444811648547,1.281892665107624,0.005078864657278584,0.0009972759951746174,-2718.901123188639
0.0018928836399737144,-0.0015583688315519905,0.0044254433974282095,0.023450888613145413,0.03993889928508883,1.4639152945085439,0.979598022752217,0.7908817981573707,1.2844222725408414,0.004853718899970632,0.000993063366410955,-2720.1255708224458
0.0012702646525844068,-0.001265038120561425,0.004167335965764389,0.023836357994042885,0.03587528464661503,1.4740707507367674,0.9800936776322353,0.772116006604009,1.2882785946602384,0.00494278062255435,0.001006133288018383,-2720.64448261331
0.0013510215425091808,-0.0014438453333871053,0.00444335489353495,0.023834854349384645,0.03845127088751907,1.4686992177527636,0.9705691234008158,0.7476991846399649,1.2704636402244096,0.005335924017518431,0.0009808135093154272,-2717.7531398268134
0.0014574402324487364,-0.0015139425426933684,0.0046487674651606355,0.023771343106240083,0.040007914232197433,1.4488805020362123,0.9716043855884218,0.7409840621505726,1.260633054948812,0.005311897935184175,0.0009675750806386037,-2717.8568427710798
0.0019138279574532398,-0.0016679102823748855,0.004647663801183824,0.02391609176855195,0.04203315806848837,1.4257018315911418,0.967270761297702,0.7484530437739655,1.2425012451075972,0.005669215499212794,0.0010184365186613267,-2719.7772415201894
0.0019006178206688977,-0.0016428309122832547,0.004689297867511992,0.023872497303454886,0.04343019171956454,1.4326313362585132,0.9633672058741075,0.7489693305766212,1.2469869185868692,0.005584056128588415,0.0010034308751948634,-2719.646159388675
0.0020781548619663182,-0.0015889680823809559,0.0042767964916377715,0.024389620297266996,0.04166164190009175,1.4094601981262365,0.9768116568116627,0.7785855950735574,1.2362033257875185,0.005808037784656147,0.001000611490700196,-2719.541913816695
0.002202091204657702,-0.0015841285334789353,0.004242396645825449,0.02457966141706948,0.04421640272948196,1.416284766376096,0.9752742514730247,0.7839580469261763,1.238695530467696,0.0057248106225052265,0.0009533438774148378,-2719.7948186760873
0.0021300825654730644,-0.0015381712740469584,0.004096988152275776,0.0247760769444967,0.041856686003825035,1.4230551696716027,0.9816486294675422,0.7927355502166535,1.2343043317309152,0.005563540833979848,0.0009603618694853581,-2720.1783137501243
0.0021300825654730644,-0.0015381712740469584,0.004096988152275776,0.0247760769444967,0.041856686003825035,1.4230551696716027,0.9816486294675422,0.7927355502166535,1.2343043317309152,0.005563540833979848,0.0009603618694853581,-2720.1783137501243
0.002611263441648113,-0.0018536853015046857,0.00411674204261444,0.02474225546408947,0.04289234293361495,1.4162755927668103,0.9827884183632215,0.8009507521621109,1.2194736393161398,0.005774497631637843,0.0009381424049311534,-2723.1593878225135
0.002787271285644344,-0.001868106104226143,0.0041124905318914665,0.02486704751074715,0.04604515748555954,1.4055070836051606,0.9804543460777295,0.8046883579530884,1.2167684427421732,0.005945983106981496,0.000948603234108137,-2722.9762054293915
0.0031942278057931293,-0.0020222782916381734,0.004151487732027915,0.02463450129074197,0.04617749673009873,1.3940928284104173,0.9771428210464956,0.8058069558529091,1.2044380460216673,0.006631265561920189,0.0010356607938836666,-2723.2719815188952
0.003350388556986555,-0.0020917123044613597,0.004058876485788784,0.024634948029385144,0.04370949588535426,1.3885108993090594,0.9801473393207798,0.8012232495113829,1.2054144584520416,0.007231893734822597,0.0010891659726822377,-2723.696069241998
0.0029940284677267264,-0.002034703534083221,0.003983543515124637,0.024489635026607653,0.03897847195584875,1.4177839150141953,0.9828389534702979,0.7963521943023945,1.227474386062653,0.006747092377515115,0.0010874244019713607,-2722.201496008634
0.0030043295685732076,-0.0020309428671082264,0.003955461652635241,0.024598859394560548,0.04078254988346518,1.4092251298293568,0.991232856218159,0.8073730418421816,1.2285405042652433,0.006858989502039381,0.0010713794742149584,-2722.6202695300926
0.0028414545135374072,-0.002045169736538375,0.004079420695994471,0.02448276396650107,0.04108936458087978,1.4012645654606084,0.9871314867762364,0.7922442714640205,1.2209535009658181,0.0073208554065117394,0.0010724081220458992,-2721.6585529174145
0.0028192054217881114,-0.0020197365661316644,0.0039845213994494895,0.024416125778060765,0.03971393095222872,1.4008243608742275,0.9840531940129988,0.8051368515276067,1.2401964842590159,0.007189642865028268,0.0010700759273745406,-2720.634858865509
0.0032101988801248958,-0.0020487220951781824,0.003772015070706152,0.024677221721729176,0.03931217336736757,1.390190012766628,0.9765011384133638,0.8085895602088173,1.2291437784255894,0.007585467776070703,0.0011373559667739509,-2721.5014304678834
0.003258444880116642,-0.0020647322065836205,0.0036159717407432293,0.024641098942950204,0.037104798692916593,1.3961360955552635,0.9777107713068318,0.8215102491499148,1.2344099839076537,0.0076658939233097715,0.001183128087133159,-2721.019083115003
0.002970855640266541,-0.001961979335460097,0.003599885265470966,0.024682964950751087,0.03640494487423321,1.3968781903083782,0.9789167399692462,0.8188880439046811,1.2454229940246326,0.007375015164601788,0.0011727044158422963,-2720.565712148615
0.003166792629186302,-0.002030321774893625,0.0037802441939801283,0.02434499881292054,0.03825495089060908,1.4017436210550298,0.9721876424132325,0.8140637736564835,1.2513225300892445,0.007436479333968008,0.0011436275719609293,-2721.7070013287703
0.0027160402739152788,-0.001831336422983232,0.0036214738852389963,0.024534501701181034,0.03569933551337105,1.403117329075744,0.9702268222340593,0.8098562326273074,1.2588738864235518,0.007454131597744918,0.0012189887737817716,-2721.778362438273
0.002308095906264693,-0.0016835466055906446,0.003844494512433103,0.024425362797464066,0.038150040321186726,1.4228462585249144,0.9704105477750913,0.7968083970213979,1.2600519331703668,0.0065220116944431795,0.0011206004604159647,-2719.9234414938805
0.0022828956721960367,-0.001851543696046386,0.0038443972649971738,0.02440632473475158,0.03678015843222385,1.4175316964355162,0.9782655688236057,0.7943716217239614,1.2463921970930736,0.0065268070070639665,0.0010921805245475145,-2718.9919319066726
0.0027382744049517724,-0.002092877148656789,0.003991137149783293,0.02414554958102764,0.0391084079485734,1.4092102076480972,0.9704240230901842,0.7946658600901128,1.2288195583454957,0.007014281352144777,0.001129251215932621,-2720.8110107737534
0.003006398240538631,-0.0022253271214385086,0.00397064561705702,0.024006198715951988,0.038393249713658276,1.3990784782651744,0.970100669726574,0.7978320797057565,1.2311101228215617,0.007573910812382448,0.0011910721336914154,-2720.6162772093735
0.0027307476787260497,-0.0020823927048291306,0.0039036797884551538,0.024095183783219655,0.03704676761660748,1.4000855687566156,0.9685060943445025,0.798886741860348,1.2303469721987037,0.007483763348365276,0.0012220354636898617,-2719.166159049706
0.002944550235036267,-0.0020781914067097068,0.0036155130150747326,0.02438204758103626,0.035374782288464274,1.398547035397425,0.9682865490847612,0.8093364029790757,1.2268071325729095,0.00765810641176996,0.0012491570215047195,-2718.866413080983
0.002944550235036267,-0.0020781914067097068,0.0036155130150747326,0.02438204758103626,0.035374782288464274,1.398547035397425,0.9682865490847612,0.8093364029790757,1.2268071325729095,0.00765810641176996,0.0012491570215047195,-2718.866413080983
0.0025039382196928583,-0.0019413519224741006,0.003757437849941198,0.02413293446932556,0.03516668925930351,1.4179366205943043,0.9662225028776346,0.794103217225456,1.2467615976746864,0.0070870176085234705,0.0011917938415030934,-2718.7667064482985
0.0019250373123293474,-0.0018852540211069264,0.0035033034009296043,0.02443267015013196,0.03059977586485696,1.4160679563020508,0.9775612350869438,0.7891235267985813,1.2519509746564448,0.007134534045917491,0.001240618894625991,-2721.7426884034703
0.002363760262057684,-0.0019299006160481335,0.0037587185955774882,0.02409759710406173,0.034082173996004585,1.421720003542656,0.9624593017755232,0.7750312924560092,1.2446174183555236,0.007194838147897706,0.0011744902338867884,-2719.9609510412615
0.0021199832089055584,-0.0017798130630010652,0.003799959441765802,0.024279049320498826,0.034639603102550216,1.435203628088944,0.9623807684237455,0.7795859684849095,1.2608611404621841,0.006825817971613384,0.0011718371737368196,-2719.3392074699664
0.002335772087702739,-0.001780895789382191,0.0038785201888602984,0.02401211542213276,0.03459877109927843,1.433496337070417,0.9509021299593754,0.7718240567075108,1.2737232480531953,0.0073044387556181825,0.0012702811782018006,-2722.1685913869624
0.0019614522801926684,-0.0016895009168703167,0.0038427402676179693,0.02404491833991456,0.03338070926839668,1.443777029477238,0.9567323829959415,0.7648704009521625,1.2823160298974614,0.006844876861808186,0.001183344895420905,-2718.850244962005
0.0015336337948548776,-0.001850637701422071,0.0038110872492087824,0.024404850810358134,0.03139384074927195,1.4334581472939072,0.9623104279623069,0.7398171040995428,1.2734105523347719,0.007319243119253286,0.0011332655872023061,-2719.5592560133
0.0015336337948548776,-0.001850637701422071,0.0038110872492087824,0.024404850810358134,0.03139384074927195,1.4334581472939072,0.9623104279623069,0.7398171040995428,1.2734105523347719,0.007319243119253286,0.0011332655872023061,-2719.5592560133
0.001663990858896727,-0.0019369446757276027,0.003713982331941488,0.024487307804642814,0.030963887508786606,1.4233393648765127,0.9582177452536311,0.7497093111387523,1.276497273441394,0.007672066441475246,0.001201935870006144,-2720.6668926653474
0.0014991625393251662,-0.001876057072578592,0.003660714190334465,0.024621648225062038,0.03062729572486722,1.4173409099001484,0.9571481177418324,0.7476995042173655,1.277209602813274,0.007637396836636457,0.0011689206105043107,-2720.174992429431
0.0014033547033906225,-0.0018925867659178872,0.0037722392819374197,0.02454703666325873,0.031190579339208317,1.420440124553287,0.952489608627823,0.7379061204976832,1.2830855199136242,0.007879110855447562,0.0011510917392918182,-2720.7001294736274
0.0017953342606652264,-0.002092090501542432,0.0036646500017402735,0.024501553350995003,0.030494283991724644,1.4041526779143996,0.9497108555363333,0.7431415803757304,1.2707030617671966,0.008707672116111273,0.0012329248681621384,-2720.3879615576393
0.001498866442895973,-0.0020339748266228093,0.003720299491461242,0.024320564289099792,0.029284766231102557,1.405211558694661,0.9463502825650045,0.7199152143426283,1.276689258320127,0.00926295239350728,0.0012598002313502516,-2721.559737677873
0.0015800258239591827,-0.0020200928211716257,0.0038623826612921605,0.024196918492937966,0.031359424173879574,1.418460846582914,0.9460428318453014,0.7207364539408685,1.268245333760969,0.008929843927859336,0.0011888063487770204,-2721.1701480878664
0.0014969823760282996,-0.001983467636730637,0.0037183439464898763,0.024249966422227175,0.030131951295507043,1.430736624632218,0.9445332053488359,0.7275675582470646,1.2832898299344913,0.008963414429930499,0.001262067200289804,-2721.901487703617
0.0014986605986970318,-0.002012706360815396,0.0038697079240630297,0.02403556182604632,0.030617949422666896,1.4241504587951672,0.9367927294307323,0.7132173547770115,1.2744312660007084,0.009481665850827943,0.0013161753150254336,-2723.2023390517465
0.001929889267630748,-0.0019389160248170058,0.004001027038827955,0.023396345252784702,0.033034538736507205,1.4249218614572803,0.9254476555852574,0.7303174577034557,1.301275423589877,0.009093721301063519,0.0013394943843166706,-2721.045807171532
0.001697109080323108,-0.00186649297011824,0.003995716658580308,0.02339744671282185,0.032542015855611034,1.426190349057701,0.9251783269588421,0.7262527925109339,1.3014871937258854,0.009059301615839328,0.0013534866064489827,-2721.2887665165367
0.0018009330476479613,-0.001851438873749482,0.0039134072289508035,0.023507830075995,0.03234639818215187,1.4223450476392123,0.9304508783132825,0.732445087464995,1.2869899695872122,0.008988817937847672,0.001325159535671702,-2720.3017050438175
0.0017669489730831201,-0.0019892166346188794,0.003665077761960836,0.02395087585732186,0.029702056910703052,1.3979510691058392,0.9350389515021174,0.7265228750651838,1.261791373940457,0.01030246995946117,0.001375055793345351,-2721.7298064323504
0.00209083672501934,-0.0021156331279542735,0.003655743077138431,0.024017872862371496,0.03007667465674462,1.3784012946351054,0.9308379351454412,0.7248674528643348,1.24986999326064,0.010899310904096206,0.0013671019547627189,-2721.7366967945977
0.0020278086616930206,-0.0019734993660306026,0.003641218058502315,0.023834037534039364,0.029690567011789175,1.393953579159457,0.931035260981864,0.7284303945509301,1.2647434090366023,0.010436016441713648,0.0013850860562056734,-2721.6086337778574
0.0022494009406469947,-0.002050604775414938,0.003667401624883872,0.023895876083087922,0.030272852252283742,1.389485531716237,0.9398199032710826,0.7295409056442714,1.2480619993837876,0.010506960789575848,0.0013447958351390248,-2721.5546591366897
0.0022494009406469947,-0.002050604775414938,0.003667401624883872,0.023895876083087922,0.030272852252283742,1.389485531716237,0.9398199032710826,0.7295409056442714,1.2480619993837876,0.010506960789575848,0.0013447958351390248,-2721.5546591366897
0.0017340068611989088,-0.002105265008141906,0.0038191695625592924,0.023926469022618323,0.030520591571878204,1.3987078373071697,0.9377789995157748,0.7128150411719651,1.2484119105628175,0.0105211413296639,0.0012784726769702296,-2722.786970686353
0.0015356410725539393,-0.0020827120572710313,0.0038461863354845548,0.023913728593380392,0.030193366519257685,1.4019105963184506,0.9339171719105575,0.7044834376019478,1.2624136872932885,0.010459638953376094,0.0012748801107969757,-2723.1420909698477
0.0015356410725539393,-0.0020827120572710313,0.0038461863354845548,0.023913728593380392,0.030193366519257685,1.4019105963184506,0.9339171719105575,0.7044834376019478,1.2624136872932885,0.010459638953376094,0.0012748801107969757,-2723.1420909698477
0.0018167086126800666,-0.0020749166232557114,0.003823506652935019,0.023964025558695957,0.03121486479860981,1.3962428800818818,0.9265657452643781,0.7066834285026493,1.263839603121988,0.010866862240736328,0.001312986865490905,-2721.9212279251824
0.002156602740912854,-0.002156863135140575,0.003900199114072341,0.024097118860354805,0.034294712067507074,1.3949485316027284,0.9297635441996401,0.725528886126463,1.245995618085479,0.010211421255862638,0.0012419189931706406,-2724.194502059215
0.0015602235932975304,-0.0018530531936567967,0.003891515813776923,0.024147009936047268,0.03298688215903484,1.4116495186284612,0.9330504757832789,0.7111087738354283,1.2622581170783782,0.0101616117782429,0.0012531963101609929,-2721.0054092487994
0.0016239085150916033,-0.0017241804016651036,0.0037975112453703945,0.024177171805645537,0.032962460776834325,1.414570657455895,0.9337993365926769,0.712437149955033,1.2692531684156232,0.010245278693274044,0.0012799575476139988,-2722.8034215938815
0.001793914121459985,-0.0018927115109907584,0.003737528346825412,0.024291483519005022,0.03278163965228899,1.4094841312166613,0.9329937847850334,0.7135357535405662,1.2545305652192693,0.010417188836141476,0.0012444034022795177,-2720.638281158019
0.0018491313852557045,-0.0018533043500821812,0.0036032641835082924,0.02446535770544809,0.031183282917922616,1.4137685299060174,0.9358408012061221,0.7033587024822986,1.2516866550342276,0.01061220937565411,0.0012384694068940869,-2721.0449421351072
0.0018592804842187342,-0.0017127005946722075,0.0033631541105928688,0.024757142564358185,0.030390409397514497,1.413948953438616,0.9445046767572598,0.7197022401559883,1.2450225568443865,0.010033981514927084,0.0012083148951246053,-2720.66352004677
0.0021057535083468058,-0.0017873474475806148,0.0034929266094938334,0.024569794205562275,0.03149736366718819,1.4069013926312581,0.9436373776979163,0.722705231325697,1.2378173694561976,0.01016518433374481,0.00124543275736421,-2720.8118238904462
0.0011699199232802267,-0.001301059913451353,0.003730745951273887,0.025019875989611206,0.03777694981399862,1.446131799707287,0.9496251262872202,0.7179255993078513,1.2796161335801852,0.00768943109144235,0.0008917391616662987,-2722.7053475366424
0.0011699199232802267,-0.001301059913451353,0.003730745951273887,0.025019875989611206,0.03777694981399862,1.446131799707287,0.9496251262872202,0.7179255993078513,1.2796161335801852,0.00768943109144235,0.0008917391616662987,-2722.7053475366424
0.0007672354934354017,-0.0011729946301993347,0.0037362616905190042,0.02520350635306044,0.037529048219232794,1.448154511640476,0.9530633695873746,0.7096384834730705,1.307897293344789,0.007305772303069802,0.0008580632957208494,-2720.7126417986246
0.0009548387446383991,-0.0012639419390228206,0.0037373153978707005,0.02516704975226544,0.03683943090934745,1.4453369624499894,0.9514467453254702,0.7114278135358021,1.2975221621043682,0.007343712185044361,0.0008746704286796203,-2720.231642574761
0.0012047478444529476,-0.0012799321177372038,0.003777318388884466,0.025093757978427188,0.03786921222091057,1.4430962905011262,0.9513751879653445,0.7188920368009803,1.289735818178936,0.007676649184258521,0.0009215117853669302,-2718.4327974124335
0.0008888768446530682,-0.0012380039552288878,0.003912158676978016,0.025051269805546807,0.037705090470973826,1.4543731950136025,0.9444165624518956,0.7043286762473846,1.2980284700601161,0.007528739074460384,0.0009050911958577747,-2719.487166859008
0.0011099099922358777,-0.001335971934726567,0.0039493281128247845,0.02492617013725231,0.03815887313900483,1.4498410515150195,0.943259506912085,0.7010096649122692,1.283669156668152,0.008050427552058972,0.0009402195860693368,-2718.8571289826555
0.001511310951734424,-0.0013664127439139495,0.003658354610988188,0.024905124787368407,0.034822015428725296,1.436208437182347,0.9458957589039702,0.718687234869225,1.2702742475178088,0.008932202152697435,0.001064068121753628,-2720.5726750592776
0.001511310951734424,-0.0013664127439139495,0.003658354610988188,0.024905124787368407,0.034822015428725296,1.436208437182347,0.9458957589039702,0.718687234869225,1.2702742475178088,0.008932202152697435,0.001064068121753628,-2720.5726750592776
0.0015953853866932117,-0.0014009971586083974,0.0035818503150504897,0.025020490420966084,0.03471704390657003,1.4237469357150507,0.9542682753926373,0.7289016782637687,1.2585106836873474,0.008921391474466349,0.0010323747833584952,-2719.6607795900254
0.0014334784422461964,-0.0013334306142000285,0.0036373021355318317,0.025042891591118412,0.036713536397664656,1.433268099948298,0.9525202367766552,0.7304253926769866,1.2654608241190457,0.008296897268704449,0.0009735216588274029,-2719.510942425064
0.0014334784422461964,-0.0013334306142000285,0.0036373021355318317,0.025042891591118412,0.036713536397664656,1.433268099948298,0.9525202367766552,0.7304253926769866,1.2654608241190457,0.008296897268704449,0.0009735216588274029,-2719.510942425064
0.0013241953553550703,-0.001264728907625563,0.0036269669381756983,0.025198961598886453,0.03656784421416786,1.4276751707626225,0.9556158804961359,0.7211528499864545,1.248835404461764,0.008199658142848591,0.0009827118945116091,-2720.2617790040895
0.0016986998400691546,-0.0013203124968663342,0.0037969437608089507,0.024934620101210992,0.039029822982221934,1.4296640531589178,0.9492815286627727,0.7228096043568821,1.2583713482159808,0.008228736613393146,0.0010053426692886102,-2720.845225441965
0.0016986998400691546,-0.0013203124968663342,0.0037969437608089507,0.024934620101210992,0.039029822982221934,1.4296640531589178,0.9492815286627727,0.7228096043568821,1.2583713482159808,0.008228736613393146,0.0010053426692886102,-2720.845225441965
0.0015029450281116609,-0.0011422781333514506,0.0037258728473988953,0.024985543746401877,0.03982293631751881,1.4403443635079505,0.9543127013001527,0.7296418066899388,1.2649274235297903,0.007439946970062409,0.0009606740037414541,-2721.957599994638
0.0016993094770252314,-0.0012684693230598284,0.0037606546810735127,0.02482625294472008,0.037869548960167455,1.4293448410430345,0.9500379195565851,0.714547968502593,1.257527857838776,0.008201082664880505,0.0009876075201865617,-2722.7532223657454
0.001912215185200069,-0.0012738616952656517,0.003761976313925547,0.024490781158917143,0.03652480691759319,1.435926688352306,0.9493927712841552,0.7181411640613089,1.2629346236146364,0.008167261922311216,0.001043728906676255,-2724.5408351311007
0.001780248489476742,-0.0012070149480410434,0.003742758194736998,0.024438087735247048,0.03593442811280752,1.4388695746238458,0.9528328974066684,0.7228355555535162,1.257374408957101,0.007823680079336447,0.0010382195827238303,-2724.6957951968284
0.002077950327045946,-0.0013100114949884814,0.0036503938362422352,0.024469893295837847,0.035710706956584154,1.4305167651635662,0.958715993314398,0.7396053981812151,1.2471547708328998,0.007836493941287456,0.001082236593457549,-2723.5464575050773
0.0019184362764603988,-0.0012618984970597224,0.003642575230509584,0.024441968573229694,0.035366030093361076,1.441508304430314,0.9549855439117569,0.739559126087771,1.2747331803671733,0.007648092366710436,0.0010610474681222815,-2724.025754767726
0.0017539859480347007,-0.0012713261824352914,0.0036715150886911783,0.02450605941296433,0.034520293154545155,1.4369943752592373,0.9538519265707802,0.7305468785908402,1.2687655500614088,0.007958229486639988,0.0010715916684580166,-2722.5058867282473
0.0014318591087149057,-0.0013115052691909518,0.0033827956352472104,0.02504197499158978,0.03136149364558081,1.4291353970262843,0.9591289076396261,0.7251324135501349,1.2598234381766213,0.008257542620969244,0.0010583772131274372,-2721.1277669762894
0.0014210563291055175,-0.001626947542258535,0.0036898249239418744,0.024795959892799244,0.03290233411549891,1.4234907447217668,0.9553835586992754,0.7093787013621362,1.239972255359309,0.00832516576078269,0.001019195903801854,-2722.0018726218555
0.001196359277965858,-0.0015808940923544255,0.003913286640456577,0.024855451554838905,0.03668592944242455,1.4331510629443582,0.9465085213118658,0.6989800134612734,1.252444553238742,0.008045034860200839,0.0009513617410693146,-2723.8856063124786
0.001196359277965858,-0.0015808940923544255,0.003913286640456577,0.024855451554838905,0.03668592944242455,1.4331510629443582,0.9465085213118658,0.6989800134612734,1.252444553238742,0.008045034860200839,0.0009513617410693146,-2723.8856063124786
0.0013777295129778159,-0.001638757631834029,0.003634194759617194,0.025027995048179492,0.0325539920180743,1.4229246645722788,0.9471057273996251,0.6956204763363067,1.2501013141156074,0.009278451876828065,0.0010788623629838432,-2719.7389307699814
0.0013777295129778159,-0.001638757631834029,0.003634194759617194,0.025027995048179492,0.0325539920180743,1.4229246645722788,0.9471057273996251,0.6956204763363067,1.2501013141156074,0.009278451876828065,0.0010788623629838432,-2719.7389307699814
0.0008479164125715002,-0.0015013415566041107,0.0038907679688726473,0.024957151274834107,0.03453580881550629,1.4390452442215262,0.9456187731359538,0.6798776098671887,1.2666274479051496,0.008568325865576376,0.000986757879737709,-2722.422920538268
0.0008703742370739596,-0.0014522741449410313,0.004131627354886219,0.024750674552713403,0.03829269210393336,1.449038048643799,0.9380531971107111,0.6751427037674957,1.2834064033927255,0.008345496554520743,0.0009586277866678604,-2720.744936033479
0.0010403724449185182,-0.001570554817098441,0.004054370684958521,0.02467069915202662,0.03761395879369147,1.4592373894245154,0.9391334002830151,0.6916092973447474,1.2843984045537764,0.008003298748278088,0.0009685368010211373,-2722.4967057979516
0.000898753661598228,-0.001515590199174576,0.003938327041386568,0.024404425065877807,0.03393358546268892,1.4663067827370657,0.9255152287377556,0.6744470517109462,1.321199968195267,0.008652331009282898,0.0010544929304885842,-2722.5185540500506
0.000898753661598228,-0.001515590199174576,0.003938327041386568,0.024404425065877807,0.03393358546268892,1.4663067827370657,0.9255152287377556,0.6744470517109462,1.321199968195267,0.008652331009282898,0.0010544929304885842,-2722.5185540500506
0.000898753661598228,-0.001515590199174576,0.003938327041386568,0.024404425065877807,0.03393358546268892,1.4663067827370657,0.9255152287377556,0.6744470517109462,1.321199968195267,0.008652331009282898,0.0010544929304885842,-2722.5185540500506
0.0012111332416445218,-0.0014164686969853572,0.0039605199773849065,0.0243905365769105,0.03580534119798739,1.460014349352984,0.9225551996708433,0.6788537310388443,1.3191942630545868,0.008631845181235071,0.0010426859959642445,-2722.6175767371724
0.0009046707479829878,-0.001299716312140444,0.0038756212853465555,0.024449675549946443,0.03313435932979041,1.4695975438490598,0.9226072171086462,0.6701355710178272,1.334956601000079,0.008620317008145034,0.001068048814507438,-2724.6783576522344
0.0011178733883931771,-0.0014087317823198442,0.0037989465004292576,0.02468296297630332,0.033192725646927,1.4596643692595932,0.9328555348805887,0.6774553007292762,1.3059707250807333,0.008539374435722492,0.001036643534136551,-2720.988419716434
0.0010212268938808514,-0.001356216917464131,0.0038230394565068634,0.024675003747914214,0.034153297518761526,1.4664910451707314,0.9323719315770969,0.6790323741610667,1.3144701885841281,0.008105228351710438,0.001011082675592178,-2721.1002876360876
0.0006759708301073402,-0.0013511017243735554,0.0036804450085784705,0.024908656370827387,0.031657006562681146,1.4667999825095985,0.9392835583227281,0.6732811466456862,1.303398725964199,0.00807086936328363,0.0010046036323658868,-2723.485225816634
0.0010920988487658871,-0.0014704448970979016,0.0033283697015903885,0.02478424045735253,0.028255941115807898,1.4735762514798953,0.9376891352819294,0.6962239904285717,1.304646911292646,0.008051780686990404,0.0011229560981891955,-2722.7157738765327
0.0013013119140441506,-0.001462743026098474,0.003203824682048968,0.024913311703157984,0.02760337794799867,1.465183929125923,0.9393889778909443,0.6977207561744605,1.2909866066606712,0.00868635185983341,0.0011910040875070687,-2724.3205714238434
0.001823253018852923,-0.0016613986174040755,0.003354864004475966,0.02459587460186601,0.029302726871371317,1.4523128199922961,0.9392092955421012,0.7055345521729282,1.267781361897597,0.008988654901738766,0.0012344138310139818,-2721.6669410924324
0.0022592244861037707,-0.0016467419975487348,0.0033059914092182173,0.02459192203852757,0.030063892008939136,1.4461818950204224,0.9329536800369019,0.7228506988102772,1.2733059044426802,0.00894299392559468,0.0012797113192396172,-2724.428347993401
0.0017633319834991466,-0.001701021797019934,0.0036319073694739343,0.024379026313075588,0.03180530063621194,1.4512427488524051,0.933244063376125,0.7103997092751879,1.2928126339450121,0.008531227746146093,0.0011757614453749843,-2721.8398401244426
0.0017633319834991466,-0.001701021797019934,0.0036319073694739343,0.024379026313075588,0.03180530063621194,1.4512427488524051,0.933244063376125,0.7103997092751879,1.2928126339450121,0.008531227746146093,0.0011757614453749843,-2721.8398401244426
0.001908944947381773,-0.0017245798277255552,0.003328042639206251,0.02448100616170109,0.02843258964660334,1.443520279302023,0.9354614012962137,0.7154888450957122,1.2666446020874846,0.00940070451629025,0.00135141667706269,-2723.39357406531
0.001910013626073825,-0.0018958892676966977,0.0034517991436317525,0.024493188943827862,0.028739613454175503,1.4422618528252498,0.9360297284194586,0.7051005274800333,1.2552263970670026,0.009261860630551035,0.0012721548845617153,-2721.771886289118
0.001676188289999398,-0.0018857401960382884,0.0034162930488297488,0.024665864133017672,0.028666865590260653,1.436638356420147,0.93497709670108,0.7159068246408768,1.2717046863696655,0.008872228638376401,0.0012783847341065898,-2720.8974386559476
0.0018993396509974624,-0.0019812017761831283,0.0033930816709898206,0.024404345038010238,0.02795205140345022,1.4324530330318554,0.9336546240059067,0.7141118650831404,1.2691706983070665,0.009355171404154927,0.0013382797160630061,-2721.0367781213013
0.0018903921625297096,-0.0019736747699467382,0.0032621720277740745,0.024471427141592145,0.026600511523460525,1.4269240051524275,0.9438413607792513,0.7213469514313166,1.2586601276978153,0.009149298331838904,0.0013866460041856506,-2721.442443692133
0.0018903921625297096,-0.0019736747699467382,0.0032621720277740745,0.024471427141592145,0.026600511523460525,1.4269240051524275,0.9438413607792513,0.7213469514313166,1.2586601276978153,0.009149298331838904,0.0013866460041856506,-2721.442443692133
0.002198659619930118,-0.00213045876677053,0.0031631679635585343,0.02459503918371213,0.025817211157738613,1.4272339495050625,0.9358935337209113,0.7159391419325716,1.2561681634718374,0.009483160172509403,0.0014758775919967181,-2723.667802148692
0.002121039558539619,-0.002152571092516222,0.0032931037350864218,0.0246536349773254,0.026874949769059277,1.4288719501051181,0.93808874378709,0.7146778854107985,1.2367692329095186,0.009208636351701757,0.0014205465275558004,-2723.3704342898445
0.002121039558539619,-0.002152571092516222,0.0032931037350864218,0.0246536349773254,0.026874949769059277,1.4288719501051181,0.93808874378709,0.7146778854107985,1.2367692329095186,0.009208636351701757,0.0014205465275558004,-2723.3704342898445
0.0019169814438582487,-0.002136623714781953,0.003370002520821632,0.02500789955069102,0.027960492011609633,1.4250902543751842,0.9347684404614787,0.7034411684788472,1.222670190674754,0.00943756634286834,0.0012927994608529897,-2724.0265138292148
0.001841353564301292,-0.001966243158951355,0.0033404100256577748,0.02498908339568149,0.02752022868254174,1.4234857418974431,0.9371376483860947,0.7058542218037971,1.2228411390377227,0.009234243933709587,0.0012986067361739008,-2722.381015443074
0.002096111138309974,-0.002086061786174839,0.0034558690913082286,0.02470642051567661,0.028385436850177546,1.4213977351870384,0.9321727974071855,0.7027566589851351,1.2111186984019648,0.009150874083577487,0.0012888516080842543,-2723.568850403886
0.00211068604994398,-0.0021403548937921632,0.0033581848585725843,0.024603902453931095,0.027417475731944717,1.4172885101443136,0.9310616403734048,0.7064682455286595,1.2163751249027677,0.009591220111038632,0.0013470182782496299,-2723.166198122963
0.00211068604994398,-0.0021403548937921632,0.0033581848585725843,0.024603902453931095,0.027417475731944717,1.4172885101443136,0.9310616403734048,0.7064682455286595,1.2163751249027677,0.009591220111038632,0.0013470182782496299,-2723.166198122963
0.001554685997599092,-0.002010068243156626,0.0034847041824363316,0.024581450386422062,0.027662076750025837,1.4393794461125764,0.935230574491647,0.6966670145010886,1.228448001703152,0.008827217875212179,0.001271585993404256,-2724.1978205085616
0.0017205414120709962,-0.002120212949100863,0.0037704607995959457,0.024022883336521916,0.028621842443344505,1.4343682726461062,0.9347555855226113,0.7003043720754694,1.2381816090962818,0.008731408330444806,0.001295889374855707,-2723.300118669725
0.0016084887662942606,-0.001851559260491663,0.004057957685873837,0.02361629563631843,0.03085807012900002,1.4431682406353081,0.927723119391257,0.6988178769145732,1.2497028235308068,0.007944610945420035,0.0012566721142708416,-2720.799232003866
0.0016084887662942606,-0.001851559260491663,0.004057957685873837,0.02361629563631843,0.03085807012900002,1.4431682406353081,0.927723119391257,0.6988178769145732,1.2497028235308068,0.007944610945420035,0.0012566721142708416,-2720.799232003866
0.0016084887662942606,-0.001851559260491663,0.004057957685873837,0.02361629563631843,0.03085807012900002,1.4431682406353081,0.927723119391257,0.6988178769145732,1.2497028235308068,0.007944610945420035,0.0012566721142708416,-2720.799232003866
0.0016942664995339696,-0.0019635823847621,0.004025700188728978,0.023744191459932833,0.03135550336700946,1.4497913940197646,0.9360217876705229,0.7040763309996223,1.2283118750509092,0.007763236584772713,0.001210934482810707,-2724.824335887948
0.0016942664995339696,-0.0019635823847621,0.004025700188728978,0.023744191459932833,0.03135550336700946,1.4497913940197646,0.9360217876705229,0.7040763309996223,1.2283118750509092,0.007763236584772713,0.001210934482810707,-2724.824335887948
0.002126245130163117,-0.0021378728340063205,0.0037770602324259353,0.023555945417055232,0.029487087155324245,1.4347865938128823,0.9255234549823801,0.7121847315396832,1.2424204680619781,0.009771801797805374,0.0014404419456743162,-2722.3630376469578
0.0022177412360505997,-0.002107452570928898,0.003803070896444103,0.023538053102150992,0.029977651021439233,1.4353296792608918,0.9267130857573794,0.7184687989751508,1.2393606792026586,0.009602013059935771,0.0014020451110540269,-2723.0287234174784
0.0016584171763251374,-0.0018612188149487287,0.003824564019397301,0.023691017932552915,0.029571374479033227,1.4464499328683385,0.9340975185578708,0.7181540923413225,1.2559073497785234,0.008839144489392948,0.0013423826138484584,-2721.5378466640213
0.0019940277259827954,-0.00189029430046566,0.0038856382459678484,0.023600315900440486,0.03050916990296642,1.4356548613805382,0.9306414489516572,0.7286285340972909,1.2581502666263813,0.008655060121242132,0.0013581079296549968,-2720.100796638928
0.0019940277259827954,-0.00189029430046566,0.0038856382459678484,0.023600315900440486,0.03050916990296642,1.4356548613805382,0.9306414489516572,0.7286285340972909,1.2581502666263813,0.008655060121242132,0.0013581079296549968,-2720.100796638928
0.0017367440261137467,-0.001841498820516015,0.003922496655336154,0.023786786315538006,0.030934731017458944,1.4441580209019373,0.9371034920361283,0.723485249268639,1.2568889465070907,0.008108690412838664,0.001258338311962473,-2719.4664630871057
0.0017367440261137467,-0.001841498820516015,0.003922496655336154,0.023786786315538006,0.030934731017458944,1.4441580209019373,0.9371034920361283,0.723485249268639,1.2568889465070907,0.008108690412838664,0.001258338311962473,-2719.4664630871057
0.0017367440261137467,-0.001841498820516015,0.003922496655336154,0.023786786315538006,0.030934731017458944,1.4441580209019373,0.9371034920361283,0.723485249268639,1.2568889465070907,0.008108690412838664,0.001258338311962473,-2719.4664630871057
0.0018229828685047897,-0.00175312213893228,0.0037784217479509014,0.023971112065297635,0.030527795419958755,1.4401679767788504,0.942059428481239,0.7381897275001963,1.246937532283376,0.0073880898117984276,0.001224560027486939,-2719.2137455286907
0.001966202713755527,-0.0018206021585793685,0.0036027171966155256,0.024095947070710493,0.0291327388254575,1.434256105218094,0.9445576410906978,0.7438649683270067,1.2449704970293194,0.0077554802866783455,0.0012868799156105235,-2719.1274304695667
0.001966202713755527,-0.0018206021585793685,0.0036027171966155256,0.024095947070710493,0.0291327388254575,1.434256105218094,0.9445576410906978,0.7438649683270067,1.2449704970293194,0.0077554802866783455,0.0012868799156105235,-2719.1274304695667
0.0018719194139256677,-0.0018672116783241578,0.0035899029419954806,0.02445695200180105,0.02992594942054505,1.429789673467797,0.9408933620017761,0.7356139395137148,1.226769743264479,0.00799293329516117,0.0012474960028622155,-2719.778894495332
0.0020357958342128706,-0.0018140361277363968,0.0034414419597149793,0.02491653602740527,0.03020964693385752,1.4307425194878125,0.9518766656986427,0.7534120600353791,1.2254575916860349,0.007650687439019279,0.0011851741164146726,-2719.960056475686
0.0019084814876181976,-0.0017452883107960194,0.0035507296523317224,0.02508855169699358,0.031864813303338374,1.4298257364541045,0.949818889628345,0.746567994398547,1.2158154741157703,0.007309241598773031,0.0011301372722023464,-2720.144780157284
0.0019084814876181976,-0.0017452883107960194,0.0035507296523317224,0.02508855169699358,0.031864813303338374,1.4298257364541045,0.949818889628345,0.746567994398547,1.2158154741157703,0.007309241598773031,0.0011301372722023464,-2720.144780157284
0.002075557131970702,-0.0018740701785138593,0.0035039376121936395,0.02512139788180652,0.031171623824518234,1.4213447174430955,0.9504331640747579,0.742797192884216,1.1985081303382625,0.007955813173822848,0.0011794097752675574,-2721.4192109656524
0.002166497830865626,-0.0017309439040958498,0.0037389952014434875,0.024764313209972973,0.03396700372172882,1.4287335966063432,0.9431491511905649,0.7511342004157429,1.2093224285323032,0.007194480662765308,0.0011787776885977008,-2720.4290181465667
0.002166497830865626,-0.0017309439040958498,0.0037389952014434875,0.024764313209972973,0.03396700372172882,1.4287335966063432,0.9431491511905649,0.7511342004157429,1.2093224285323032,0.007194480662765308,0.0011787776885977008,-2720.4290181465667
0.0020398165464685387,-0.0016193432550728765,0.0037631327974999235,0.024623226802863357,0.034375049304958216,1.4247275873209313,0.9466128055655605,0.7545655239991247,1.2136910331574473,0.007121681054747225,0.001153648025656471,-2719.7163070284696
0.002465183127681368,-0.0016482874970310804,0.00367078515177188,0.02463848790638447,0.03452320044101373,1.4214224758011968,0.9446978083418707,0.7628783591900776,1.2100842744018494,0.007464313291006478,0.0011771292106687427,-2720.1940874138354
0.002465183127681368,-0.0016482874970310804,0.00367078515177188,0.02463848790638447,0.03452320044101373,1.4214224758011968,0.9446978083418707,0.7628783591900776,1.2100842744018494,0.007464313291006478,0.0011771292106687427,-2720.1940874138354
0.0026845687191003054,-0.00179603193230454,0.0034784045986080802,0.024930093945152047,0.033462724748956243,1.4145434442472204,0.9430655428927727,0.7638907152291354,1.204993533150906,0.008385949243872171,0.0012384703971476108,-2720.601260619352
0.0026845687191003054,-0.00179603193230454,0.0034784045986080802,0.024930093945152047,0.033462724748956243,1.4145434442472204,0.9430655428927727,0.7638907152291354,1.204993533150906,0.008385949243872171,0.0012384703971476108,-2720.601260619352
0.002485971609189142,-0.0017863315087106582,0.0035087243169843896,0.02481090840977406,0.033169244218021206,1.4344203636623196,0.941951989537857,0.762949634124134,1.2256749206289186,0.007850851116889258,0.001214169817203068,-2720.933809952913
0.002485971609189142,-0.0017863315087106582,0.0035087243169843896,0.02481090840977406,0.033169244218021206,1.4344203636623196,0.941951989537857,0.762949634124134,1.2256749206289186,0.007850851116889258,0.001214169817203068,-2720.933809952913
0.0027363383483099968,-0.0019787130117723192,0.003275299474953643,0.024866310879524588,0.03059756491182612,1.4273147013594432,0.9441687080548711,0.7732832936067568,1.2020123897422796,0.008649435357030812,0.0013186996832933147,-2721.4261335798346
0.002696538931562376,-0.0021226239559702263,0.0031439208675294035,0.025056371945171824,0.028965097150944176,1.4106446126220664,0.9455072561145511,0.7713080910769168,1.1906949090643444,0.009220742183771873,0.001323514345097521,-2721.4679320424225
0.002696538931562376,-0.0021226239559702263,0.0031439208675294035,0.025056371945171824,0.028965097150944176,1.4106446126220664,0.9455072561145511,0.7713080910769168,1.1906949090643444,0.009220742183771873,0.001323514345097521,-2721.4679320424225
0.002696538931562376,-0.0021226239559702263,0.0031439208675294035,0.025056371945171824,0.028965097150944176,1.4106446126220664,0.9455072561145511,0.7713080910769168,1.1906949090643444,0.009220742183771873,0.001323514345097521,-2721.4679320424225
0.0029379743141819976,-0.0021074586721811584,0.0033552872268946907,0.024742708717060573,0.03117291859290277,1.4021633743190716,0.9517045751602696,0.79223863457543,1.1964842815923231,0.008365776546672662,0.0012970187105130785,-2719.5499971322074
0.002981179439050215,-0.002040141119311392,0.0033398395392154052,0.0249058716159778,0.03312621306835175,1.4032712415903112,0.945448316684124,0.8065944760319137,1.1978812108265444,0.0082885193251354,0.001319951045298573,-2720.079396799243
0.0030137928271640555,-0.0020683529125286298,0.0033643444919647736,0.024666849035755424,0.03212879448756116,1.4125613394842857,0.9461934323472702,0.7986936506692002,1.2040413885609653,0.008502835887568568,0.0013464320913967862,-2720.279608883717
0.003215745534145149,-0.0022405703306203366,0.0034291721712955566,0.024692260816561912,0.032739331418405834,1.4034997550253407,0.9427495884923873,0.7978130205182153,1.2114110430085852,0.0091745165680087,0.001373613917317068,-2721.511575407967
0.002925021124523702,-0.002205664423393353,0.0034282240493695797,0.024777440977639047,0.03192394004512457,1.401156362777534,0.947679126868503,0.8024308102169291,1.2187035464396456,0.008745699453556924,0.0013477606500737803,-2721.354508784971
0.002925021124523702,-0.002205664423393353,0.0034282240493695797,0.024777440977639047,0.03192394004512457,1.401156362777534,0.947679126868503,0.8024308102169291,1.2187035464396456,0.008745699453556924,0.0013477606500737803,-2721.354508784971
0.003108160105001586,-0.002362974206515835,0.0037384049568825375,0.024334537957719792,0.03399095787829583,1.3887378991406307,0.9389996322518073,0.7973307832210623,1.2205270373356436,0.008727468335096881,0.001366000620995339,-2721.1222682420066
0.0028593875563342475,-0.002340096955242881,0.0037704211682907498,0.024656155357128735,0.03581436809659239,1.3753530350615564,0.9466617615723378,0.7877641623158493,1.2008813042063977,0.00870317049752269,0.0012453799297649588,-2721.109018448319
0.0017675673793426157,-0.001872336545094503,0.003669101463776371,0.02530344987820573,0.03430244623003037,1.3913121222785705,0.9511128813094188,0.7726379464737194,1.2211069560979917,0.007554295984116629,0.0011190564288408333,-2721.207072370207
0.0017020166195120968,-0.0018419985488388625,0.003769676589072804,0.02507018547535275,0.03554687396367107,1.3863180966042057,0.9456094375254894,0.7698611353334381,1.2286193553183167,0.007803788201041099,0.0011198332306150043,-2719.817498258209
0.0017130225168689537,-0.0018448511545989107,0.004017266917439699,0.024810275445008793,0.039078942508015746,1.4019657009673248,0.9423740047066527,0.7687334583194121,1.2435625787227886,0.007441080434008882,0.001067177479972348,-2719.9784606300755
0.001738631522382893,-0.0016237669324425108,0.004057530268984519,0.024563974658709135,0.04184615407433318,1.4107892113242104,0.9365916875417855,0.7830096690453482,1.2691967189393345,0.006922498954296627,0.0010856658917852025,-2719.470648622894
0.001738631522382893,-0.0016237669324425108,0.004057530268984519,0.024563974658709135,0.04184615407433318,1.4107892113242104,0.9365916875417855,0.7830096690453482,1.2691967189393345,0.006922498954296627,0.0010856658917852025,-2719.470648622894
0.001713851128863634,-0.0014713141749870514,0.003961054527900064,0.024605266058999955,0.04054128705479207,1.4149762583093008,0.9383592960959424,0.7843213409453642,1.2677367105979538,0.006741934188175294,0.0010728053145484604,-2719.827627988516
0.001713851128863634,-0.0014713141749870514,0.003961054527900064,0.024605266058999955,0.04054128705479207,1.4149762583093008,0.9383592960959424,0.7843213409453642,1.2677367105979538,0.006741934188175294,0.0010728053145484604,-2719.827627988516
0.0016525431691501481,-0.00146356095060211,0.004039136853574312,0.024625093970778947,0.0425164512103107,1.4210388311078077,0.9347386196541186,0.7788603850115182,1.2777996659939683,0.006681361683782012,0.0010470036780771067,-2719.759898165674
0.0013536685854348713,-0.0015188369786726715,0.00413979179301433,0.024862048035757596,0.04319484613955665,1.4222399194063047,0.9428622059068692,0.768952049481809,1.2708530759469907,0.006401680656885837,0.0009543439871908773,-2718.4354333684637
0.0013536685854348713,-0.0015188369786726715,0.00413979179301433,0.024862048035757596,0.04319484613955665,1.4222399194063047,0.9428622059068692,0.768952049481809,1.2708530759469907,0.006401680656885837,0.0009543439871908773,-2718.4354333684637
0.0014087858530595042,-0.0014221168373526978,0.004127861694307626,0.024860572496159573,0.04403277525050945,1.4189427761855216,0.9487984699965095,0.775857745970383,1.2648696057992233,0.006324224357165379,0.000962455906790076,-2718.5702294115563
0.001169147602966332,-0.0014503629848155852,0.004242388629080896,0.024930861718441957,0.04560223248201904,1.427317961628673,0.9501525416118317,0.771968225999043,1.2724763538714832,0.005914700991540748,0.000895956690520328,-2719.264213980975
0.0012445104865312154,-0.0014743381383017801,0.00457648690828929,0.024603297679194253,0.05291567358909678,1.433763374562945,0.9456828511275834,0.7746187673838887,1.2657491109512367,0.005526267496513697,0.0008649542979656395,-2721.097371293767
0.0013899593180011771,-0.0013714457425775105,0.00474463573824456,0.024402259545355156,0.05866048525460184,1.4305908694338325,0.9374669083022067,0.7818492248604929,1.2722680339927734,0.005472186244061121,0.0008630697514963401,-2721.226296396758
0.0013899593180011771,-0.0013714457425775105,0.00474463573824456,0.024402259545355156,0.05866048525460184,1.4305908694338325,0.9374669083022067,0.7818492248604929,1.2722680339927734,0.005472186244061121,0.0008630697514963401,-2721.226296396758
0.001105073185852283,-0.0013201108888304504,0.0046268849531908695,0.024603284278659335,0.05604628510363084,1.425421178800689,0.938140466349189,0.7810465889810172,1.2892129567043547,0.0054468638098660906,0.0008355008561523227,-2720.8901698473883
0.001058837711969426,-0.0013460652844842335,0.004643778166972338,0.024698037621234122,0.05551104639206844,1.417173977814048,0.9310590014622044,0.7690037977787911,1.283201267926135,0.005973864464249467,0.0008526872777603377,-2720.734769243539
0.001058837711969426,-0.0013460652844842335,0.004643778166972338,0.024698037621234122,0.05551104639206844,1.417173977814048,0.9310590014622044,0.7690037977787911,1.283201267926135,0.005973864464249467,0.0008526872777603377,-2720.734769243539
0.0011531086283763977,-0.0013962977472523359,0.004813687931858651,0.024509139486883793,0.0589957360204582,1.4099044227781907,0.9317400571322839,0.7714944726291859,1.2729236023250672,0.005929322173365824,0.0008445173151106957,-2721.732450585618
0.0010331590766210312,-0.00136052258630728,0.004968261880700174,0.024732038497812647,0.06672264801293408,1.4139470729148367,0.9352433601214443,0.7791893505491856,1.2845862605953162,0.005350567423930009,0.0007770020027305106,-2723.5009848027166
0.0010331590766210312,-0.00136052258630728,0.004968261880700174,0.024732038497812647,0.06672264801293408,1.4139470729148367,0.9352433601214443,0.7791893505491856,1.2845862605953162,0.005350567423930009,0.0007770020027305106,-2723.5009848027166
0.0010331590766210312,-0.00136052258630728,0.004968261880700174,0.024732038497812647,0.06672264801293408,1.4139470729148367,0.9352433601214443,0.7791893505491856,1.2845862605953162,0.005350567423930009,0.0007770020027305106,-2723.5009848027166
0.0010331590766210312,-0.00136052258630728,0.004968261880700174,0.024732038497812647,0.06672264801293408,1.4139470729148367,0.9352433601214443,0.7791893505491856,1.2845862605953162,0.005350567423930009,0.0007770020027305106,-2723.5009848027166
0.0010331590766210312,-0.00136052258630728,0.004968261880700174,0.024732038497812647,0.06672264801293408,1.4139470729148367,0.9352433601214443,0.7791893505491856,1.2845862605953162,0.005350567423930009,0.0007770020027305106,-2723.5009848027166
0.001080986062094006,-0.0012541270720158627,0.004862385409134692,0.024850838543022034,0.06770500964886239,1.4074133006962732,0.9352688483901753,0.7854029942310472,1.2861554124363463,0.00538058550041747,0.0007958629835933606,-2722.6865656469804
0.0011107769810469788,-0.0013954984767027868,0.00484103987703063,0.02450144688321815,0.06024295209443892,1.4014426690178112,0.9419426045776655,0.7850669182453069,1.2700047299854278,0.005653494576311564,0.0008444415726430584,-2722.348654856197
0.001408161707680997,-0.00145373276152737,0.004580575815980292,0.024874070987747226,0.05541162586823932,1.4081882431995005,0.9351043425579495,0.7739925429562868,1.2539298704294621,0.006147655323018558,0.0008697983071901908,-2720.750228224262
0.0015549171861651348,-0.001484081525780604,0.004612739581106074,0.024750862453182643,0.05559943520590824,1.399956684013421,0.9335263079791817,0.7711056576799566,1.2486941547489703,0.006725489630369,0.0009140313946895441,-2720.845991410562
0.0011520770112980507,-0.0013180739400448158,0.004827329356195638,0.02488670086675792,0.06436100393776308,1.4101000485170496,0.9332837655278545,0.7686100218077863,1.2794620566631252,0.005941894013686008,0.0008404767856457906,-2722.1066049445644
0.0011341499999749146,-0.0010881165551614447,0.004911964734188058,0.024719632159420277,0.06619149930714822,1.4238856954246062,0.9283225898750647,0.7512514046571783,1.292274719642686,0.005660663801450454,0.0007977766973024294,-2722.532139118092
0.0011341499999749146,-0.0010881165551614447,0.004911964734188058,0.024719632159420277,0.06619149930714822,1.4238856954246062,0.9283225898750647,0.7512514046571783,1.292274719642686,0.005660663801450454,0.0007977766973024294,-2722.532139118092
0.0015247792786690934,-0.0015293932566237765,0.005078775335055809,0.024043932248710327,0.06478942471876316,1.424434581254784,0.9265209893880024,0.7493808901114234,1.300646400546881,0.006640987272101107,0.0009158283679173909,-2722.9507225436796
0.0010722233870450234,-0.0012953189757289787,0.004977138671274436,0.024195958322401442,0.0660762989913953,1.4464806549727365,0.9350895718748542,0.7580094913639391,1.3373652090329469,0.006205896727687235,0.0008763387078897003,-2724.292011004646
0.0010722233870450234,-0.0012953189757289787,0.004977138671274436,0.024195958322401442,0.0660762989913953,1.4464806549727365,0.9350895718748542,0.7580094913639391,1.3373652090329469,0.006205896727687235,0.0008763387078897003,-2724.292011004646
0.0015268085077532242,-0.0015725487646776589,0.004984435925374963,0.0242153522417036,0.06776661067092234,1.4288071948894672,0.9382693462229983,0.7685864778885123,1.2984641382883746,0.006504913035119415,0.0008788949701392972,-2723.913129281411
0.0015268085077532242,-0.0015725487646776589,0.004984435925374963,0.0242153522417036,0.06776661067092234,1.4288071948894672,0.9382693462229983,0.7685864778885123,1.2984641382883746,0.006504913035119415,0.0008788949701392972,-2723.913129281411
0.0012609329177873455,-0.0015185698827363632,0.004770138192775104,0.024481749800996055,0.05785356219511198,1.4157245388881845,0.9524616041415033,0.7729704882477417,1.30921214278403,0.006645513871178651,0.0009135851812356395,-2725.135625534324
0.001307496548632171,-0.0016546104850250392,0.004601016225752665,0.024700397664106463,0.05318372013796441,1.4062111357417484,0.9631894918067412,0.7764889996502304,1.3012216949260236,0.006671684137473669,0.000892274214811186,-2724.6326574520913
0.001307496548632171,-0.0016546104850250392,0.004601016225752665,0.024700397664106463,0.05318372013796441,1.4062111357417484,0.9631894918067412,0.7764889996502304,1.3012216949260236,0.006671684137473669,0.000892274214811186,-2724.6326574520913
0.001538320146992794,-0.0016748511928240456,0.004586071266067501,0.02440256482878849,0.05298588177145007,1.409892529556802,0.96852389454835,0.7937591328249903,1.3284009014228713,0.006380584970895944,0.0008673893178593672,-2725.1301431737315
0.0016674306558524393,-0.001593688882779675,0.004450539454697474,0.024301363013941434,0.05099384363902695,1.3985382970734126,0.9664417099749952,0.8082648452785882,1.3199355713322705,0.006068410910223226,0.0008960897813715809,-2724.035369403507
0.0012253266535485804,-0.001365578886528827,0.004380984661004366,0.02442480561517289,0.04664962169826402,1.3973882028600815,0.9645120384180759,0.7871237355731996,1.339414645339248,0.006420365553753673,0.000912152505311687,-2723.2397916647865
0.0016438856843663339,-0.0014658850110051361,0.004316385256570364,0.024108040762235796,0.045142171978282734,1.4069222284447962,0.9588221614224646,0.7983962362050638,1.3592272900655051,0.006551267190152962,0.0009617137579168775,-2724.7734777904234
0.0017208169430029726,-0.001558269705196803,0.0040650619603966424,0.024307704590166405,0.0404367864031108,1.3982682074672352,0.9657246565345867,0.8125918016369513,1.3483249954448515,0.00659375621582453,0.0010442440499119367,-2725.916385290434
0.001216846691502068,-0.00142986850864763,0.004121161365962521,0.02451467304229386,0.04071082395003109,1.421894272002485,0.9675682623722404,0.7940951592585608,1.3765872755321402,0.006350465326191955,0.0009444870881428483,-2724.758903629933
0.001216846691502068,-0.00142986850864763,0.004121161365962521,0.02451467304229386,0.04071082395003109,1.421894272002485,0.9675682623722404,0.7940951592585608,1.3765872755321402,0.006350465326191955,0.0009444870881428483,-2724.758903629933
0.0012341997082780543,-0.001466731249548831,0.004405518002887032,0.024451237498831695,0.04878333522511964,1.438750095592908,0.9678482135227218,0.7967819406300376,1.3747665883276696,0.005642962215783537,0.0008226872388397981,-2724.7304635084483
0.000943726458636723,-0.001355403526206664,0.004291743101766374,0.024388693157313155,0.04442903718959074,1.4578480983916502,0.9745613001937102,0.8052475788043375,1.4002605109808792,0.005139002024816176,0.0008324523012333772,-2724.080422939645
0.0013543078576560008,-0.0014436075159186858,0.00447132772590354,0.02409661113433345,0.04823472732342792,1.4488850863912803,0.9778204063405944,0.8129209528150599,1.3875966389801206,0.005211875213117832,0.0008585341390957227,-2724.24705365851
0.0013543078576560008,-0.0014436075159186858,0.00447132772590354,0.02409661113433345,0.04823472732342792,1.4488850863912803,0.9778204063405944,0.8129209528150599,1.3875966389801206,0.005211875213117832,0.0008585341390957227,-2724.24705365851
0.0013823818907405996,-0.001404310790653479,0.0045474330984305545,0.023898691412797414,0.04773171741152997,1.436335829997666,0.9734383211018764,0.799135751475176,1.3837650230991494,0.005680218419239689,0.0008881324210491156,-2723.440772497119
0.0008811026708038482,-0.0011376287407565341,0.004377256147040906,0.024250648458127525,0.046000926117596104,1.4493805589340447,0.9799965743146364,0.7865658058296254,1.3723708076942565,0.005350143326960147,0.0008380064308401964,-2724.2375274516644
0.0008559334789030454,-0.001253656993273098,0.004519913834121463,0.024174846785430908,0.04794716951047534,1.4571000686822915,0.9826801167759769,0.7746599085445057,1.3642759130788837,0.005222476484116535,0.0007797446001649177,-2720.9015995071004
0.0012948868703806897,-0.0013666521451772143,0.004355985259857716,0.02404498952627572,0.045600107893989925,1.445746606557682,0.9747174505065199,0.7828468169092732,1.3738172701254554,0.006195229973271614,0.0008874519401342103,-2720.8395148376053
0.0013373752625230016,-0.0013706452151062056,0.004309730212369244,0.023809820945159103,0.041437204899177175,1.4490304921028618,0.9711890334410068,0.7697176185711005,1.3856130264911755,0.006605676920292398,0.0009373772951740612,-2721.224346640298
0.0011509472918172555,-0.0014837130135663575,0.00424494890869879,0.023702379554296493,0.037984197085983405,1.4564403744012684,0.972584479666291,0.7708419731542553,1.385300157001636,0.0069003446872018545,0.0010106519979163283,-2722.07188524598
0.0008524677098023757,-0.0014503687330434285,0.004263784995968314,0.023989221569739958,0.04016031846909533,1.4688795817906597,0.9849679381122649,0.7629277319966041,1.3570060032756621,0.006126554439629667,0.0008767514391613785,-2721.8017695848293
0.0007627270859324933,-0.0012940250246990127,0.004110944015340833,0.024028203162166608,0.03919254091594637,1.4711317880468817,0.9893350594888899,0.7766202528774042,1.3685304600226025,0.005737123542005898,0.0008790200462177368,-2721.844370234947
0.0015382182935550145,-0.0014966318046099776,0.004054910967998675,0.023793498999989178,0.03828677343611776,1.4392197590413696,0.9913076483620946,0.7839487437493158,1.3402919729493612,0.006678498094321798,0.0010078895836150487,-2719.050803033358
0.0015382182935550145,-0.0014966318046099776,0.004054910967998675,0.023793498999989178,0.03828677343611776,1.4392197590413696,0.9913076483620946,0.7839487437493158,1.3402919729493612,0.006678498094321798,0.0010078895836150487,-2719.050803033358
0.0017006144188586349,-0.0015512955883398467,0.003943828946201693,0.02360471820586676,0.036873901378927335,1.4370177205301973,0.9991949505667177,0.8018931330639628,1.3349076519511638,0.0065391075484965856,0.0010204980256340477,-2719.8599355342967
0.0019401724266144803,-0.0017469068922286585,0.0037246187637121776,0.023651674001542968,0.03402777590393201,1.4318475636493206,1.0150625464176515,0.8224936959977703,1.3203284174266041,0.006559099390428611,0.0010851787625490172,-2720.155408489243
0.0019401724266144803,-0.0017469068922286585,0.0037246187637121776,0.023651674001542968,0.03402777590393201,1.4318475636493206,1.0150625464176515,0.8224936959977703,1.3203284174266041,0.006559099390428611,0.0010851787625490172,-2720.155408489243
0.0018893003989458677,-0.0015345192023013049,0.003569214383968975,0.02365609358862019,0.03248578183005023,1.4459217306546075,1.0266069491702754,0.8389102980367973,1.339537979536942,0.006125884952545909,0.001105285552430655,-2723.5883456529014
0.001979844934401724,-0.0016308992093886261,0.00362794250159302,0.023621754911585455,0.03247317703509196,1.4537907171903552,1.013038859667318,0.8235039220194525,1.333363416268492,0.006350256813532774,0.0010976609334084606,-2719.548705132765
0.001979844934401724,-0.0016308992093886261,0.00362794250159302,0.023621754911585455,0.03247317703509196,1.4537907171903552,1.013038859667318,0.8235039220194525,1.333363416268492,0.006350256813532774,0.0010976609334084606,-2719.548705132765
0.0017865764061169298,-0.0016652919640087593,0.0035980954993991687,0.023778766983614023,0.03200316701905876,1.4565443258730797,1.0140078224039744,0.8184225400381782,1.3308470645665524,0.006391589080966842,0.001094801247778031,-2719.374614217223
0.0017865764061169298,-0.0016652919640087593,0.0035980954993991687,0.023778766983614023,0.03200316701905876,1.4565443258730797,1.0140078224039744,0.8184225400381782,1.3308470645665524,0.006391589080966842,0.001094801247778031,-2719.374614217223
0.0015241412511405716,-0.0015972676842447037,0.003452091429219596,0.024045054263950375,0.030849479879140215,1.4563712822202146,1.0275575392622365,0.8161718156477719,1.325319852514087,0.006134761385582422,0.0010096239142091878,-2720.0731651037936
0.0015241412511405716,-0.0015972676842447037,0.003452091429219596,0.024045054263950375,0.030849479879140215,1.4563712822202146,1.0275575392622365,0.8161718156477719,1.325319852514087,0.006134761385582422,0.0010096239142091878,-2720.0731651037936
0.00155624379125858,-0.0014914881099166747,0.003458226825317688,0.02390962534627011,0.031190998189257163,1.4712255972803092,1.0272456540862893,0.8231803578226118,1.3294454329008414,0.0055636856016838925,0.000998194762994239,-2719.3730645794444
0.00155624379125858,-0.0014914881099166747,0.003458226825317688,0.02390962534627011,0.031190998189257163,1.4712255972803092,1.0272456540862893,0.8231803578226118,1.3294454329008414,0.0055636856016838925,0.000998194762994239,-2719.3730645794444
0.0026221321439436653,-0.0018891207983970709,0.003649037626901991,0.02369908311874506,0.03543165184683324,1.4432662454506127,1.0205645946712458,0.8397785865636409,1.2728937664329127,0.0061179081072981365,0.0011002656971346129,-2719.751143475618
0.0026221321439436653,-0.0018891207983970709,0.003649037626901991,0.02369908311874506,0.03543165184683324,1.4432662454506127,1.0205645946712458,0.8397785865636409,1.2728937664329127,0.0061179081072981365,0.0011002656971346129,-2719.751143475618
0.0026221321439436653,-0.0018891207983970709,0.003649037626901991,0.02369908311874506,0.03543165184683324,1.4432662454506127,1.0205645946712458,0.8397785865636409,1.2728937664329127,0.0061179081072981365,0.0011002656971346129,-2719.751143475618
0.002204467956163787,-0.0019421190838360986,0.0036495096063323272,0.023912986027307622,0.03408161189477559,1.4421068026061297,1.0210722565286323,0.8263757454589131,1.2787739600990682,0.0061650152248547245,0.0010905006692612364,-2721.143731823142
0.002052287997665497,-0.0016979594985135323,0.0037514184771516345,0.02378645643811451,0.0355200890201315,1.4438890947155163,1.0254440087136754,0.8324556119592723,1.2804848665804445,0.005486707259811199,0.0010699152224979455,-2721.190848384388
0.0024950402722747067,-0.001886262344704826,0.0038772259664501822,0.023425763309499383,0.03725054890587087,1.4484804466096193,1.0200566795946124,0.8316868935295063,1.3003927269208708,0.005776326078469747,0.0010893783755924538,-2720.0137127547778
0.002335614258185908,-0.001884385112207643,0.003576102148064344,0.023539023019797278,0.03243474853930346,1.4389333483023132,1.0215129420138962,0.8290280893794179,1.3106420555285805,0.006328433741976284,0.0011762772904450132,-2719.8425674270525
0.0018499882098797476,-0.0017759944394604432,0.0036275838476017906,0.023523244417816697,0.03148758710002553,1.4639335351675413,1.0184408670634792,0.8148025152670128,1.3159447756667038,0.0058133095951827685,0.001126308610304399,-2719.1506310072987
0.0019769677058237758,-0.0016369708179989305,0.003635199909648963,0.02360925824267493,0.03344496670263583,1.464495571525325,1.020209441986476,0.8285997725976229,1.3227687096123157,0.005471877797592746,0.0010979709889838124,-2719.7362595003574
0.0019769677058237758,-0.0016369708179989305,0.003635199909648963,0.02360925824267493,0.03344496670263583,1.464495571525325,1.020209441986476,0.8285997725976229,1.3227687096123157,0.005471877797592746,0.0010979709889838124,-2719.7362595003574
0.002445863462398062,-0.0018872448521373864,0.0037038939262123076,0.023507953080928255,0.03478998844310985,1.4522057126260188,1.0193510767034786,0.830581106643133,1.29077579234226,0.005800481413358946,0.0011017433187824818,-2720.218384083622
0.002501920017133648,-0.001918982071097819,0.003549736630183779,0.023702808696642243,0.03332275877870855,1.4433993092334374,1.020959654693826,0.830043724340737,1.29191845136067,0.006303245312602587,0.0011088005083886062,-2720.1846467929636
0.0025259488269420427,-0.0019717870289948742,0.003408837144839683,0.02374746993785147,0.03142341479103904,1.4402020357450516,1.0264996136145168,0.843737662672407,1.287427320228569,0.006240472171256853,0.0011514068502477802,-2719.756022887028
0.003399553581879976,-0.002180548908859748,0.003333647891095511,0.02368167292317528,0.031747621834269026,1.4125766808648539,1.0180072813156213,0.8632506366243425,1.2663562802018609,0.006965119405475628,0.0012723044910452682,-2719.527176281234
0.003399553581879976,-0.002180548908859748,0.003333647891095511,0.02368167292317528,0.031747621834269026,1.4125766808648539,1.0180072813156213,0.8632506366243425,1.2663562802018609,0.006965119405475628,0.0012723044910452682,-2719.527176281234
0.0028434496883349165,-0.0018502119558546724,0.0033250888421033336,0.023588472220479377,0.030910021118274806,1.4306183538951052,1.0295039517809321,0.8674761776588352,1.2795088806270176,0.006164190961758384,0.0012322074951648379,-2719.931120540823
0.0027155852074974667,-0.0018236580398467697,0.0034130002870201874,0.023236111063535188,0.030243211468150902,1.4313828908191044,1.0264870533338422,0.8643935889950524,1.2991040306002528,0.005918540400782671,0.0012544171686189312,-2720.363813321909
0.0022049914522681412,-0.001779396092243148,0.003460508069341634,0.023166451759150122,0.029749464764866364,1.4450911154804211,1.0226569654482387,0.8494231156501206,1.3221618825431272,0.005692487954095662,0.0011933314642861533,-2720.86168791657
0.0026354002967789517,-0.0019089611738746471,0.003301323429369225,0.023133525245382817,0.02714483882576104,1.422029727665714,1.026184160902609,0.841666684424194,1.3081803310743627,0.0067615551893283445,0.001343057768568465,-2722.026112411236
0.0028965498399621,-0.0018682135021588272,0.0033556127355442535,0.023118967002656428,0.028206907164707702,1.4240054768843458,1.025966190292806,0.8529642901077872,1.3112388476355055,0.006512246381450887,0.0013640785335032317,-2723.019143009438
0.002610756538408218,-0.0018967137864785476,0.0033088407730806177,0.02341162953224437,0.028134147594369656,1.407229297524187,1.0311436749788279,0.8508218576656974,1.28094022048588,0.006434891511002616,0.0012455904275125785,-2721.972135905848
0.0027127673858551946,-0.0017991666620465344,0.0037958832782099975,0.0230445640099805,0.03229533093309615,1.4299770272937455,1.0133889002137915,0.833231411262075,1.3013248077406616,0.005832513999494864,0.0011667901950996955,-2721.1208134430967
0.002340301975963542,-0.001747776797320944,0.004187310137421595,0.022527135637751605,0.03411928504611733,1.4552665605575852,1.0131870046600322,0.8134684346077552,1.3352549391374553,0.005479516415847283,0.0011474118294265215,-2720.167051721895
0.003128753397551424,-0.0021897715805481183,0.004115202496647222,0.022624804216655064,0.0340987298485954,1.4275293492508219,1.017746433776767,0.8197880957387759,1.268621653538128,0.006577286814725435,0.0012732412826164158,-2719.3947736262853
0.003128753397551424,-0.0021897715805481183,0.004115202496647222,0.022624804216655064,0.0340987298485954,1.4275293492508219,1.017746433776767,0.8197880957387759,1.268621653538128,0.006577286814725435,0.0012732412826164158,-2719.3947736262853
0.002556151279836478,-0.0019220593061333316,0.004151102702120391,0.022402581414258407,0.031752616721705165,1.446505266364791,1.0118266678068355,0.8130732688981197,1.3160370042489218,0.006382920227068908,0.0013590260535223594,-2724.1412591959274
0.0025475801343897847,-0.002205620976298568,0.004126272495401604,0.022164727428102684,0.03111293851992206,1.4504521057404567,1.0061435954091476,0.8119312632287714,1.3268164664402662,0.006942439671227422,0.001339311710438505,-2719.892376915244
0.0021870467817076255,-0.002069439133371251,0.004091036826744186,0.022015136657908115,0.03010739158666348,1.456410673718589,1.0113900317263531,0.8227089890684723,1.3386345459225137,0.006366410860659306,0.0013858788339843366,-2720.354800307572
0.0024917057492531113,-0.0022056615629966764,0.004123215317773376,0.0217873507627345,0.030572102700992664,1.459185734997873,1.014459412074165,0.8326548360636341,1.3374170369736564,0.005989569256686775,0.0013430342796268533,-2721.209248226505
0.002268503822688242,-0.0021187161050299453,0.004113467104945307,0.021772736999014636,0.030366353035104807,1.4601780208423998,1.011163537913738,0.828708722802727,1.3467213925661796,0.0060007898635760035,0.001371708388844275,-2719.8459274240868
0.002472541879883888,-0.002150557478397123,0.004130623656578566,0.021589384639992746,0.03080838998264361,1.462816037112247,1.0122234011122366,0.8389992729317524,1.3394361593242214,0.0058754410666756705,0.001404747607557744,-2720.385957548935
0.002065721442118371,-0.0018590606585539493,0.0040869270670482166,0.02156328324486164,0.031034807158780802,1.4750795724571648,1.0094848815861432,0.841016520882601,1.3600261006700094,0.005350720772000815,0.0013819586466636555,-2720.6464616802846
0.0019872129276451485,-0.0017761226266455,0.004446127264898265,0.021186621179439213,0.033227297030286124,1.4840380176990249,0.996400878165395,0.830027373861265,1.3932284028894018,0.005056932432238131,0.0013472859863705494,-2721.12562651232
0.0017327396557874283,-0.0016399248484040485,0.0046704370268391224,0.021012253748602407,0.03340483428217374,1.49524981444107,0.9960039065237203,0.8197246734064678,1.4008541988858956,0.004333667774701396,0.001278621988951204,-2720.90904059687
0.001550929332830759,-0.0017844118860769033,0.004761293122007383,0.021137280272061517,0.03305023876517985,1.4866547139210526,0.9974518789125351,0.7840580991415221,1.3738939075975707,0.005106783668472391,0.0012234532487259424,-2720.0637903617144
0.0015156355591684264,-0.0016125615720991677,0.00482783406460177,0.020913151325355605,0.03389728553672092,1.5003049361045129,1.0003317986325277,0.7971233247665404,1.3922253358167826,0.004629062187761973,0.0012605263916150363,-2720.5790027097064
0.0017911227890663548,-0.001822556926839693,0.004892205140489174,0.020715138997868296,0.033889398382522175,1.5026487356431857,0.9952909044510648,0.7905075695347513,1.361031889093622,0.0049486894744993236,0.0012675739137203393,-2720.982399902747
0.0017338212594157354,-0.0019225337232700798,0.004546533137860725,0.020740721095363488,0.030335414733637673,1.510511413328259,1.0072834624515832,0.8060444502585484,1.3585534289491674,0.005162046853520478,0.0013709530895244968,-2720.8407576649934
0.0017338212594157354,-0.0019225337232700798,0.004546533137860725,0.020740721095363488,0.030335414733637673,1.510511413328259,1.0072834624515832,0.8060444502585484,1.3585534289491674,0.005162046853520478,0.0013709530895244968,-2720.8407576649934
0.0017361777700159592,-0.0018528547711885055,0.004595928462604203,0.020659074667680747,0.03088856035610755,1.5122480794928022,1.0103709485425711,0.8096917157337871,1.3602497267653781,0.005087598606600037,0.0013387946121292689,-2721.41646437453
0.0017361777700159592,-0.0018528547711885055,0.004595928462604203,0.020659074667680747,0.03088856035610755,1.5122480794928022,1.0103709485425711,0.8096917157337871,1.3602497267653781,0.005087598606600037,0.0013387946121292689,-2721.41646437453
0.0016514048902552658,-0.0018523907635325755,0.004328974828171092,0.021069877268450353,0.029733099188464666,1.5160383580118082,1.0207294019681523,0.8169269764579246,1.3452564347412364,0.005085809833940359,0.0013194619857567408,-2721.836719222305
0.0018323586678016986,-0.0020304691503509236,0.004694833511325618,0.020934758411170727,0.032950938624274215,1.4986415068386187,1.0015050606218125,0.795244934215454,1.3563944592789245,0.0056819641873784455,0.0013226924514809894,-2720.0062602291528
0.0016506702462528913,-0.0019308190830391366,0.004893759170641744,0.020982415423019197,0.03520611099602099,1.4868872463068752,1.0017486200456136,0.7850534830419307,1.353771526103032,0.005418494783540544,0.0012492538533952762,-2720.039828694866
0.0016506702462528913,-0.0019308190830391366,0.004893759170641744,0.020982415423019197,0.03520611099602099,1.4868872463068752,1.0017486200456136,0.7850534830419307,1.353771526103032,0.005418494783540544,0.0012492538533952762,-2720.039828694866
0.0020769732463325943,-0.0019874466218628853,0.005222340899026539,0.02037368345474424,0.03848781949872747,1.4796274913536482,0.9955006557939612,0.7966856384268405,1.3437893970507049,0.0054038914908078614,0.0013695506904125763,-2719.7185330907805
0.0020769732463325943,-0.0019874466218628853,0.005222340899026539,0.02037368345474424,0.03848781949872747,1.4796274913536482,0.9955006557939612,0.7966856384268405,1.3437893970507049,0.0054038914908078614,0.0013695506904125763,-2719.7185330907805
0.002052325199271999,-0.001994703792635978,0.005501450937031998,0.020009440777674015,0.040323364500840064,1.4894013953924798,0.9886352003681119,0.7763425624890297,1.3748976989369441,0.005215809394230961,0.0013256813207791313,-2720.6131751778753
0.0018992029864041693,-0.001937452747491168,0.005292261481873201,0.020114701199469967,0.03787819170067256,1.489317024555901,0.9854541569210493,0.7876448290430907,1.3983904161292333,0.005225758635845561,0.001380347083667555,-2720.377798104103
0.002219157021864617,-0.0019232518974292342,0.004882793294979727,0.020045037791400662,0.03298907595935963,1.4851495628474671,0.9872557851246602,0.7869691951945631,1.365667193459495,0.005702966073469877,0.0015595402859977425,-2722.558832390651
0.0024224803499039837,-0.0020667614607411365,0.00522908260733631,0.01986882265211895,0.039702281249340624,1.4764553441275772,0.988253604098408,0.8052257524322758,1.3893192720741774,0.005565408214097804,0.0014869341332781458,-2723.384299718427
0.002211585389673457,-0.002020114520508799,0.005035646106480967,0.020503726789290473,0.039174024873342886,1.4666722251353395,1.005779083594332,0.807861158588917,1.3356458048591244,0.005159598034213904,0.0013567815490090336,-2721.5191758240194
0.0025704246749265486,-0.0021997450529182396,0.004835299922542822,0.020629934657199235,0.03648785904897464,1.4617409118678686,1.0070373962605679,0.8030779499172062,1.3236073661826708,0.005882498182607446,0.0013965375113652277,-2722.7549219493126
0.0018926538793084449,-0.0018656963459804232,0.0046883661752322005,0.02088356113462786,0.033696595239541216,1.4686512708843922,1.008795703833182,0.7923818875254461,1.331518254554481,0.005613669038915617,0.001409746818259834,-2722.025272519991
0.0020487886770858207,-0.001871555960736182,0.004781147887064542,0.020820102983465764,0.03434290246139182,1.4642083637455083,0.9978840415222898,0.7815009692902505,1.3299251339895273,0.005778636832704266,0.0014439109049449762,-2721.445677459219
0.0019251981773013432,-0.001820145830492159,0.00485822413408782,0.02081062073307511,0.035684743589254095,1.4903653400179793,1.0101271776996286,0.7792430886792218,1.3311768164148092,0.005248973564061653,0.0013040423100426515,-2719.412027332272
0.0020600187835495744,-0.0019106023199319429,0.00447815106962145,0.021187089841486297,0.031328294565685505,1.4952319500945808,1.0065800978458346,0.7782133324589386,1.3333666934162038,0.005867155301731472,0.0014544905559270185,-2720.3364905528933
0.0019933043221049187,-0.0019571932955389356,0.004928932982726559,0.020950948985409407,0.0347356414509488,1.5006895040164991,1.0014381743430047,0.7585843340557878,1.3256228545803683,0.005647792409039415,0.0013403241804721808,-2717.9407404920066
0.0018471457592507678,-0.001771533373447912,0.004930670866772964,0.0209500790261051,0.034293461145537385,1.5056667835553066,1.002905485973383,0.7548270992573323,1.3388541413608555,0.005006442856715889,0.001285286958624995,-2717.5798802206814
0.0018471457592507678,-0.001771533373447912,0.004930670866772964,0.0209500790261051,0.034293461145537385,1.5056667835553066,1.002905485973383,0.7548270992573323,1.3388541413608555,0.005006442856715889,0.001285286958624995,-2717.5798802206814
0.0018471457592507678,-0.001771533373447912,0.004930670866772964,0.0209500790261051,0.034293461145537385,1.5056667835553066,1.002905485973383,0.7548270992573323,1.3388541413608555,0.005006442856715889,0.001285286958624995,-2717.5798802206814
0.0017967937303033418,-0.0016416458415489483,0.005061120965389551,0.020887190541900177,0.035256162881023324,1.5147880064275303,1.0099291857824024,0.7554161879650296,1.3347868828835943,0.004518375592238678,0.0012611973211763348,-2718.4947030335106
0.0019262313411254617,-0.0016152363272501505,0.005260537451583692,0.021000239126198448,0.03912325283451312,1.5101777060720778,0.9974325777126821,0.7524459466604907,1.3438883305771303,0.004575021004140198,0.0012594056810118941,-2720.91804627931
0.0021260010130653793,-0.001715273918705195,0.005586018757418348,0.020518806214178068,0.0416343528229104,1.524662328794359,0.9816755104750168,0.7336616883509952,1.3413650120368175,0.004512156176925956,0.0012425994220105943,-2720.2660537382208
0.0019751264090912303,-0.001568065196558048,0.005435608445909844,0.02066382021445477,0.0414530371404165,1.5326583048592024,0.9769698561181297,0.7488032485773503,1.3548988623075928,0.004224764573687052,0.001294731026644389,-2721.625321411078
0.0019085596997675293,-0.0016911378639069136,0.005298451348275522,0.020786316310339024,0.03703316471396295,1.5225629284400775,0.979379595230381,0.7410554290067828,1.356131565888878,0.004673994719805696,0.0012926908499507163,-2718.734383026896
0.0019085596997675293,-0.0016911378639069136,0.005298451348275522,0.020786316310339024,0.03703316471396295,1.5225629284400775,0.979379595230381,0.7410554290067828,1.356131565888878,0.004673994719805696,0.0012926908499507163,-2718.734383026896
0.001771077084994955,-0.001546763780670037,0.005007826815952397,0.021522737309278273,0.03474351749265222,1.4974429700554928,0.9844889946511788,0.7313423341839631,1.3107812844957225,0.0046716829167177615,0.0012177358054093021,-2718.243347334542
0.001779325952546651,-0.0017511102212060944,0.005037401911875775,0.0211542114501417,0.03295821202989607,1.503319386147074,0.9782668339393956,0.7286769854306321,1.3477334855841114,0.004948094381700946,0.0012489643617251643,-2717.7686789974564
0.0018367313564704012,-0.001712175649201452,0.004751187888381913,0.02125273188978384,0.030857428179166126,1.5028979569753824,0.9911858166379253,0.7492970144497051,1.344976470238362,0.004715190119946742,0.0013047153177198638,-2717.6441093377216
0.0018367313564704012,-0.001712175649201452,0.004751187888381913,0.02125273188978384,0.030857428179166126,1.5028979569753824,0.9911858166379253,0.7492970144497051,1.344976470238362,0.004715190119946742,0.0013047153177198638,-2717.6441093377216
0.0018367313564704012,-0.001712175649201452,0.004751187888381913,0.02125273188978384,0.030857428179166126,1.5028979569753824,0.9911858166379253,0.7492970144497051,1.344976470238362,0.004715190119946742,0.0013047153177198638,-2717.6441093377216
0.0021446312859256626,-0.0018738228738076701,0.004855592332855983,0.02106125213097097,0.031137457040307348,1.497477939690481,0.990618248371582,0.7442802882226841,1.3335231594064343,0.005221241723072158,0.0013155733604032407,-2719.085420752094
0.002037947546050181,-0.00186032116934161,0.0049555125703984034,0.02127934329252519,0.03275002718833707,1.485572542436366,1.00183093126425,0.748404864844952,1.3339465841674203,0.005168348705066505,0.0012304063863500057,-2718.3952749502873
0.0025987796381029427,-0.001998201859112124,0.004876278406525547,0.02091331067328297,0.030682392615036795,1.4838339716994755,1.0163457879592621,0.7879682926893421,1.3394509837812067,0.004976914980395998,0.0013299535257383283,-2719.6434687858814
0.0033875338608408256,-0.0023413396143755613,0.004605183123594364,0.020943109464731373,0.02922656725510025,1.4609423610773333,1.0141216228962429,0.7993161084949032,1.3220505481934495,0.006171239173950381,0.0014649795283432836,-2720.631802525238
0.0033875338608408256,-0.0023413396143755613,0.004605183123594364,0.020943109464731373,0.02922656725510025,1.4609423610773333,1.0141216228962429,0.7993161084949032,1.3220505481934495,0.006171239173950381,0.0014649795283432836,-2720.631802525238
0.002818207482128342,-0.0022098667410201753,0.004255038321081541,0.021072593719552397,0.026600610513972778,1.4689132772827858,1.0301864448311362,0.8071072135417101,1.3547552573361636,0.0056631972864943534,0.0015450350532250912,-2722.1761920682447
0.0034800279337349176,-0.0023802047519272595,0.004323894798354245,0.021024485456613975,0.028172674389525927,1.4474935512155795,1.0211457279741936,0.8182421309705501,1.3302306638481218,0.00593173690109786,0.0015712484801778106,-2720.622510667077
0.003915375642701349,-0.002759541528843017,0.0042531872879124225,0.020849762091917235,0.027060471720606962,1.44002904478059,1.0193969086371089,0.8119658635471076,1.3066713097122822,0.006943307349891216,0.0017077294148925813,-2720.6718002314587
0.0033083384704792763,-0.0024567552256525267,0.004218497505570721,0.020981512707097742,0.026746294912351823,1.4546694464091328,1.0349472881727686,0.8090083589110738,1.300531929916587,0.006235993380072294,0.0015511592980354597,-2720.8109719262065
0.0033083384704792763,-0.0024567552256525267,0.004218497505570721,0.020981512707097742,0.026746294912351823,1.4546694464091328,1.0349472881727686,0.8090083589110738,1.300531929916587,0.006235993380072294,0.0015511592980354597,-2720.8109719262065
0.0033083384704792763,-0.0024567552256525267,0.004218497505570721,0.020981512707097742,0.026746294912351823,1.4546694464091328,1.0349472881727686,0.8090083589110738,1.300531929916587,0.006235993380072294,0.0015511592980354597,-2720.8109719262065
0.002607436400002371,-0.0020860925105776655,0.004117688791920561,0.021231234551987267,0.02638957340762945,1.482747085420541,1.0451234026472924,0.8128704635135198,1.3260930648717426,0.005460013759980436,0.0015018561648112673,-2723.2936992381606
0.0028208866894520925,-0.0021689746212262646,0.00409375028401387,0.021473507097536256,0.026868486878078624,1.4817515802562085,1.0330740873931143,0.8019248316564128,1.3403863783332346,0.005812762878190803,0.0014686617647922055,-2720.6281330416723
0.0032022629282149138,-0.002287308966198545,0.004116956785287459,0.02139595645772136,0.02763458294190246,1.4846516143757413,1.0294883697594845,0.8077383279656121,1.3186445517986374,0.00620208095619457,0.0014863694541316496,-2719.686194569859
0.002449335748950515,-0.0019836483141824285,0.0046686603143900225,0.021000226202106263,0.031952121019858,1.5031846766940025,1.0166222431861172,0.7896632754014272,1.3517856992721247,0.00573899496688557,0.001349586114375398,-2719.344111543789
0.0019072955374880973,-0.0018995712745063977,0.004880486111410333,0.020744882729714597,0.03133699709831287,1.4990534838595233,1.0135502814020614,0.7514539501582447,1.3677088324429412,0.005781391092093481,0.0012711579605911426,-2719.306720200234
0.0016194577239915346,-0.001763429554107335,0.0048007719799158,0.020802183112000123,0.03006640687641796,1.5077198694880898,1.0198482273328306,0.7502811356493366,1.3798932234240173,0.005750835830674589,0.0012913388854442684,-2718.761556120078
0.0016194577239915346,-0.001763429554107335,0.0048007719799158,0.020802183112000123,0.03006640687641796,1.5077198694880898,1.0198482273328306,0.7502811356493366,1.3798932234240173,0.005750835830674589,0.0012913388854442684,-2718.761556120078
0.0016194577239915346,-0.001763429554107335,0.0048007719799158,0.020802183112000123,0.03006640687641796,1.5077198694880898,1.0198482273328306,0.7502811356493366,1.3798932234240173,0.005750835830674589,0.0012913388854442684,-2718.761556120078
0.0016194577239915346,-0.001763429554107335,0.0048007719799158,0.020802183112000123,0.03006640687641796,1.5077198694880898,1.0198482273328306,0.7502811356493366,1.3798932234240173,0.005750835830674589,0.0012913388854442684,-2718.761556120078
0.001569443789092075,-0.0017682610983377695,0.005114851218440734,0.020360766555799957,0.031249234389208083,1.5106460880031949,1.0182409168411568,0.7461986291921717,1.3962151288614022,0.005619018419409184,0.0013029505183922722,-2719.2640572812206
0.001569443789092075,-0.0017682610983377695,0.005114851218440734,0.020360766555799957,0.031249234389208083,1.5106460880031949,1.0182409168411568,0.7461986291921717,1.3962151288614022,0.005619018419409184,0.0013029505183922722,-2719.2640572812206
0.0012482695390131204,-0.001716027966642367,0.005696495238899812,0.02023522808321554,0.034454935302900724,1.5163349657475513,1.000824456795084,0.6987537865248591,1.402514129274786,0.005776076225682512,0.0011653004407663101,-2718.196697570772
0.0013247142200584084,-0.0017604860082859192,0.005781555281579407,0.020359350793165705,0.03592025692420983,1.510851922322177,1.0024986337821642,0.6937264736264044,1.3892193663995163,0.005712665602795002,0.0011446475490596562,-2717.99563070511
0.001391954682155791,-0.0019345697410557087,0.006073199924610901,0.02005006862899815,0.035778260369430784,1.5041559634085562,1.0002194770858206,0.6869197492312096,1.3982805032503367,0.006081141716121332,0.0011833157174753058,-2720.011796058836
0.0018751012347555836,-0.0019230903169236884,0.0061340694366443125,0.01970833798140649,0.038140340215069186,1.5155059500549477,0.99874833296246,0.7010762529509647,1.3943251775395298,0.00567572096173236,0.0011640124464711132,-2721.387456340393
0.0016922069052693715,-0.0020032271960725894,0.006001919482057224,0.019856497309913478,0.03449793564029585,1.5120119429000338,1.0067548556348012,0.6913644841408446,1.391757100377196,0.005998114708832254,0.0012141621346014556,-2719.5741187445856
0.0016922069052693715,-0.0020032271960725894,0.006001919482057224,0.019856497309913478,0.03449793564029585,1.5120119429000338,1.0067548556348012,0.6913644841408446,1.391757100377196,0.005998114708832254,0.0012141621346014556,-2719.5741187445856
0.0015341363345841835,-0.0019169616504191448,0.005745207652548406,0.019561753183013234,0.03175953727931469,1.5315495743607386,1.006384155418964,0.6896239397434643,1.4146123716857473,0.006177576364462819,0.0012983599368457715,-2718.78546597657
0.0015341363345841835,-0.0019169616504191448,0.005745207652548406,0.019561753183013234,0.03175953727931469,1.5315495743607386,1.006384155418964,0.6896239397434643,1.4146123716857473,0.006177576364462819,0.0012983599368457715,-2718.78546597657
0.0015341363345841835,-0.0019169616504191448,0.005745207652548406,0.019561753183013234,0.03175953727931469,1.5315495743607386,1.006384155418964,0.6896239397434643,1.4146123716857473,0.006177576364462819,0.0012983599368457715,-2718.78546597657
0.0016269461523126284,-0.0018830909733752082,0.005485501817016603,0.01986293287971826,0.031082931114015687,1.5305517579590617,1.0191912631410798,0.7078937693903207,1.4082732476907425,0.00587955500772783,0.0012522680087215768,-2718.892523200683
0.0012084699689863584,-0.0019167349433239188,0.005335355162421533,0.019794096158219584,0.029064614830803637,1.5614829411998241,1.0261611302776306,0.7109609613773016,1.4474616322044345,0.005477639097817544,0.0012248853899632505,-2722.1289564466915
0.0012084699689863584,-0.0019167349433239188,0.005335355162421533,0.019794096158219584,0.029064614830803637,1.5614829411998241,1.0261611302776306,0.7109609613773016,1.4474616322044345,0.005477639097817544,0.0012248853899632505,-2722.1289564466915
0.0019107683647299287,-0.002009967881990575,0.004876617644182783,0.019869725746389455,0.027050374428147714,1.546305925484322,1.0195921546278972,0.7399644261060346,1.4582140132593535,0.006159438835320281,0.0015184025698822968,-2722.2411331661424
0.002829587353954126,-0.0023442159771103494,0.004800685367689088,0.019983078177404613,0.02833116873757438,1.5156673702039591,1.0188587249302106,0.7610997100434014,1.4094813406568245,0.006900985690457222,0.0016058765527769473,-2722.8065619740387
0.0024506757678674825,-0.0021613625397744734,0.005031428572738613,0.02006274135168666,0.030047883996280986,1.5282080420802187,1.0326308492927634,0.7515808311683199,1.4208375944551714,0.005999729522031189,0.0014062097224539672,-2721.799266060918
0.002148293033363129,-0.0021449397511077257,0.005129771304766127,0.020064797951084495,0.030077937775598602,1.5253865310437966,1.02722076724592,0.7330713646115788,1.42056841706955,0.006525929642269466,0.001387921529446796,-2720.630234341272
0.0021602664525436875,-0.002180081168152037,0.005007870270407476,0.020224136650581866,0.028748907228718125,1.522872732161342,1.025132363017587,0.7343280954783922,1.4101115383466594,0.006592369865049951,0.0014373692606675034,-2720.9660624210683
0.0022824026918102855,-0.0023114896298287585,0.005248132947809959,0.02012000902760171,0.0303839073806451,1.517293073356363,1.030855159313703,0.7360909933115064,1.3949565497242915,0.006403908358163463,0.0013917891022870708,-2721.91041439817
0.0022824026918102855,-0.0023114896298287585,0.005248132947809959,0.02012000902760171,0.0303839073806451,1.517293073356363,1.030855159313703,0.7360909933115064,1.3949565497242915,0.006403908358163463,0.0013917891022870708,-2721.91041439817
0.001730399109541347,-0.0022497011221938095,0.005086565003905265,0.020310747701904296,0.02940640441780363,1.5335658689013607,1.04242958910048,0.7360042252058916,1.4051674996883547,0.0059033529502873355,0.0013217933109351417,-2722.5101915162495
0.002231175536588633,-0.0017959576585053795,0.005605647859845803,0.01949813587342876,0.034542949981134344,1.5384936029505232,1.0255732613897122,0.7545115767249027,1.4366397433108813,0.00483040463400177,0.0013741520251107817,-2723.585836831651
0.0024067969656013186,-0.0019003947702896417,0.005627444940827434,0.01926042516785295,0.03367445069731698,1.5522611918907212,1.0266634640578345,0.7508565722481272,1.445001217670667,0.004738109490977553,0.0014067517002107,-2723.6178802204677
0.0026398680194121595,-0.0022490260188619523,0.00563275324904443,0.01936267036434322,0.03309923570342984,1.53691437658071,1.018888483235096,0.7375523113365148,1.415682480633998,0.00570205856567933,0.0014556994667853937,-2723.175145317045
0.00201591259517344,-0.002124633554957625,0.005644105091097183,0.019306209149782167,0.029919442855403912,1.536288587841304,1.0246390667108687,0.7166581267405916,1.416037285392929,0.005718951413755802,0.0014677468007014344,-2721.40987677064
0.0017995963577046494,-0.0023354782069511656,0.005617675397599318,0.019534492746742845,0.029570137140577324,1.5350942311318598,1.0336600760440608,0.7138661019610477,1.4029421734166876,0.005732477648989411,0.0013789406109254937,-2722.534805335216
0.0018036527170016154,-0.0022413236069382322,0.005648073191777028,0.019337271497451947,0.029604805961060784,1.5434187013452847,1.0406978866140797,0.7231129080088328,1.4492980626940548,0.005365121345777854,0.0014044674523097632,-2723.400280754923
0.0018322894485024166,-0.0020811178634516604,0.005492667262896742,0.019727502160592884,0.02956870416138828,1.5530096596142506,1.047512433624087,0.7303539818406595,1.425360843799139,0.0048544509032956654,0.001340483336384526,-2722.799448745275
0.0019261176557952408,-0.002156754134399086,0.005360990584737022,0.01986954296887073,0.029565592371449394,1.550194930985263,1.0602826184726384,0.7476381866694125,1.4161990019600716,0.0045679550415041546,0.001272560448031792,-2722.5767503242805
0.0019261176557952408,-0.002156754134399086,0.005360990584737022,0.01986954296887073,0.029565592371449394,1.550194930985263,1.0602826184726384,0.7476381866694125,1.4161990019600716,0.0045679550415041546,0.001272560448031792,-2722.5767503242805
0.0020388386544399582,-0.0021089484812570423,0.0057454248866906565,0.019077071976338175,0.029879114156934387,1.545212063916257,1.04300349789261,0.730958116811235,1.4462208997225967,0.004970317437444345,0.0014101620525553296,-2721.8594839486905
0.0018832141286597073,-0.00207383063390714,0.006127090122790181,0.018987186744134552,0.033178437739771915,1.5525276777137442,1.0240885659565389,0.7126667063472216,1.441159598646826,0.004835376229277149,0.0012855695554184988,-2720.6871950662617
0.001088775747526468,-0.0016175276823452954,0.005816835342837191,0.01933459514953926,0.029989946125954438,1.5640331547690884,1.0309363487594871,0.7165717603984165,1.4751314201983787,0.003857716557331212,0.001166780013052437,-2719.628861166257
0.001023013511385465,-0.00161657858350349,0.005757634132174481,0.01930781098589184,0.029681474443324946,1.5811309236593845,1.0289889675880945,0.7183090482500328,1.4951627230165152,0.003746419791193335,0.0011623903692162252,-2720.030722188506
0.0011768624370636603,-0.001735243829608552,0.006168879120540735,0.018852137665708084,0.031257761221988034,1.576750117947165,1.0192435278242686,0.7050614255656243,1.4808745164774013,0.004017976102886033,0.0011737038008314236,-2720.172153480881
0.0008380673277866811,-0.001570925091320707,0.006144406771249957,0.018905339719025003,0.030713934084099878,1.5901373491397945,1.0152757630363298,0.7065093217345817,1.525098968968631,0.0038532925802473913,0.0011873338206479485,-2721.8160230113012
0.0010096963792226403,-0.00163789077948034,0.006570886854998499,0.01842633846514557,0.03320823143986767,1.602454389940259,0.9984443746954752,0.6790546659059344,1.5380114709581418,0.0040592837557964,0.001150628446878214,-2722.013773398347
0.0010096963792226403,-0.00163789077948034,0.006570886854998499,0.01842633846514557,0.03320823143986767,1.602454389940259,0.9984443746954752,0.6790546659059344,1.5380114709581418,0.0040592837557964,0.001150628446878214,-2722.013773398347
0.0008994801791266521,-0.0016379108888994933,0.006525858649505409,0.018439953362406208,0.03178574567806568,1.6009060503222448,0.99880190759817,0.6675747872310811,1.516314063626969,0.0041344197247349165,0.0011659080188068014,-2720.9320424523885
0.0008749560002857381,-0.0015813880593110322,0.006492098681712577,0.01836511440055364,0.03158270812952484,1.5997629409810563,1.0050154430979035,0.6709486360903878,1.541085370630255,0.004089305254878858,0.0011673599194612513,-2721.2750271469467
0.0008749560002857381,-0.0015813880593110322,0.006492098681712577,0.01836511440055364,0.03158270812952484,1.5997629409810563,1.0050154430979035,0.6709486360903878,1.541085370630255,0.004089305254878858,0.0011673599194612513,-2721.2750271469467
0.0008749560002857381,-0.0015813880593110322,0.006492098681712577,0.01836511440055364,0.03158270812952484,1.5997629409810563,1.0050154430979035,0.6709486360903878,1.541085370630255,0.004089305254878858,0.0011673599194612513,-2721.2750271469467
0.0008749560002857381,-0.0015813880593110322,0.006492098681712577,0.01836511440055364,0.03158270812952484,1.5997629409810563,1.0050154430979035,0.6709486360903878,1.541085370630255,0.004089305254878858,0.0011673599194612513,-2721.2750271469467
0.0007433706126312289,-0.0015136193636503719,0.006464522228724576,0.018635330967062498,0.033839159564841716,1.597789313118931,0.9925230885520181,0.6724214225686233,1.5485268252924926,0.004224979220092193,0.0011799705829005722,-2722.5027092381197
0.0007729417481628555,-0.0014765187959403453,0.006772720131710487,0.01837579464085691,0.03783451142890801,1.593125382546974,0.9956769120583595,0.6818915056535839,1.5476532451358833,0.0038634387596128005,0.0010984504350606409,-2721.493703314226
0.0007729417481628555,-0.0014765187959403453,0.006772720131710487,0.01837579464085691,0.03783451142890801,1.593125382546974,0.9956769120583595,0.6818915056535839,1.5476532451358833,0.0038634387596128005,0.0010984504350606409,-2721.493703314226
0.0007729417481628555,-0.0014765187959403453,0.006772720131710487,0.01837579464085691,0.03783451142890801,1.593125382546974,0.9956769120583595,0.6818915056535839,1.5476532451358833,0.0038634387596128005,0.0010984504350606409,-2721.493703314226
0.0013771097872893202,-0.0017795755951936923,0.006807182734415428,0.01788144478280263,0.03689859575832527,1.5905397700577049,0.9904357196849876,0.6971369274779382,1.5410672763903466,0.004619330110060907,0.0012696573924994461,-2722.8631333702397
0.0014870065603485704,-0.0018151348245920955,0.006634647031852135,0.017865713561100033,0.03448521401185818,1.5843509388085737,0.9945479839327289,0.7020899841070223,1.53755343174134,0.004713814694085105,0.0013277934661681586,-2722.9236199838874
0.0014870065603485704,-0.0018151348245920955,0.006634647031852135,0.017865713561100033,0.03448521401185818,1.5843509388085737,0.9945479839327289,0.7020899841070223,1.53755343174134,0.004713814694085105,0.0013277934661681586,-2722.9236199838874
0.0014870065603485704,-0.0018151348245920955,0.006634647031852135,0.017865713561100033,0.03448521401185818,1.5843509388085737,0.9945479839327289,0.7020899841070223,1.53755343174134,0.004713814694085105,0.0013277934661681586,-2722.9236199838874
0.001408931728052818,-0.0018645183898557084,0.0064349406799622776,0.01811613325141583,0.03297358875688584,1.5776298019448634,0.9991541433030204,0.7051615809965752,1.5389511247389471,0.0047762267497194295,0.0013042643048302035,-2723.1910133208703
0.0012725285673047624,-0.0018419509700086777,0.006651024428887503,0.018016935114699702,0.03455864907913669,1.5884242111953721,0.9904899711267218,0.7007933632828806,1.5699786389238977,0.004637422537394127,0.0013372304762345364,-2725.969847477751
0.0010964467899750308,-0.0018825458703543053,0.006831629896249239,0.018160094494920537,0.038079518822916714,1.5742272251843783,1.0081083652102985,0.7118438761689608,1.5450421844292603,0.004649540156772665,0.0012417562615995238,-2724.675918697415
0.0010964467899750308,-0.0018825458703543053,0.006831629896249239,0.018160094494920537,0.038079518822916714,1.5742272251843783,1.0081083652102985,0.7118438761689608,1.5450421844292603,0.004649540156772665,0.0012417562615995238,-2724.675918697415
0.001221121943624186,-0.0017686472812594185,0.007233265739557599,0.017509120678669512,0.04269257242846883,1.5939199715367045,1.0220060134779207,0.7141438460260883,1.5426679616273207,0.003995675240569592,0.0011522686880345331,-2721.684179219049
0.0010993472234793848,-0.0016583172701994898,0.007177276005097257,0.017711379813013167,0.04502178689742246,1.6066031621412171,1.0244370486530492,0.723028810975745,1.537322155590933,0.003566018778277694,0.0010739593005057522,-2722.1359556661423
0.0010993472234793848,-0.0016583172701994898,0.007177276005097257,0.017711379813013167,0.04502178689742246,1.6066031621412171,1.0244370486530492,0.723028810975745,1.537322155590933,0.003566018778277694,0.0010739593005057522,-2722.1359556661423
0.0012833950453190954,-0.0017691643922383262,0.007147355947942984,0.0177116734570946,0.04478705216557405,1.6055680274110826,1.0215462472491337,0.7259840929516344,1.5251093375219504,0.0037163985739310373,0.0011105231822901582,-2722.4733619003255
0.0008024365821282953,-0.0015454066980327705,0.006841965134727662,0.017924393780063472,0.03876501573606851,1.6202020871511011,1.0167595907873628,0.7205048886879644,1.5618376592888041,0.0034967795638143908,0.0011440482977192773,-2721.9725049731514
0.0008024365821282953,-0.0015454066980327705,0.006841965134727662,0.017924393780063472,0.03876501573606851,1.6202020871511011,1.0167595907873628,0.7205048886879644,1.5618376592888041,0.0034967795638143908,0.0011440482977192773,-2721.9725049731514
0.0008024365821282953,-0.0015454066980327705,0.006841965134727662,0.017924393780063472,0.03876501573606851,1.6202020871511011,1.0167595907873628,0.7205048886879644,1.5618376592888041,0.0034967795638143908,0.0011440482977192773,-2721.9725049731514
0.0008024365821282953,-0.0015454066980327705,0.006841965134727662,0.017924393780063472,0.03876501573606851,1.6202020871511011,1.0167595907873628,0.7205048886879644,1.5618376592888041,0.0034967795638143908,0.0011440482977192773,-2721.9725049731514
0.0008777657073023356,-0.0016650700115041382,0.006473598651326027,0.01809810569633226,0.03517130475989848,1.619463786254522,1.013480219006638,0.7300884579716843,1.5529664328503228,0.0038699603808343354,0.001254988868662365,-2723.1170621894034
0.0013943294269980512,-0.0016976018602945803,0.006859607136958807,0.017900598285049148,0.04243519767468677,1.6113191573833665,1.0041775695964736,0.7405484162824367,1.533360142095069,0.0036603879266199663,0.0011712346454423774,-2722.388366635769
0.0013943294269980512,-0.0016976018602945803,0.006859607136958807,0.017900598285049148,0.04243519767468677,1.6113191573833665,1.0041775695964736,0.7405484162824367,1.533360142095069,0.0036603879266199663,0.0011712346454423774,-2722.388366635769
0.001491526086023898,-0.0017204367742816359,0.006808402226129231,0.018014945309763542,0.042415880721351454,1.6037946126809897,1.0136797236106108,0.7456863993296894,1.5396793356822758,0.003781437385321234,0.0011886438036851554,-2721.9738313293424
0.0012275024636453236,-0.0015161964681049776,0.0063632776747012555,0.018313840381852246,0.03823332983181871,1.6152325290428866,1.0283598599358532,0.7618513872080444,1.5631344274905055,0.003537190726725069,0.0011634385097301133,-2722.0600260735387
0.0013792911835747556,-0.00161145221651042,0.006255946975419512,0.018478774187718275,0.03786107665847215,1.6115235238609955,1.0260714629636987,0.7724664450271994,1.5714617906999466,0.003606058854845681,0.0011661036219124449,-2723.254424795644
0.0013792911835747556,-0.00161145221651042,0.006255946975419512,0.018478774187718275,0.03786107665847215,1.6115235238609955,1.0260714629636987,0.7724664450271994,1.5714617906999466,0.003606058854845681,0.0011661036219124449,-2723.254424795644
0.0018260287317284352,-0.0018308393711301092,0.00594386969586911,0.01876261650258731,0.03575434624960611,1.5841195017579364,1.014057154508918,0.7760105447506336,1.5318746887474135,0.004510433304224585,0.0013350876205722145,-2723.821911396542
0.0018260287317284352,-0.0018308393711301092,0.00594386969586911,0.01876261650258731,0.03575434624960611,1.5841195017579364,1.014057154508918,0.7760105447506336,1.5318746887474135,0.004510433304224585,0.0013350876205722145,-2723.821911396542
0.0018260287317284352,-0.0018308393711301092,0.00594386969586911,0.01876261650258731,0.03575434624960611,1.5841195017579364,1.014057154508918,0.7760105447506336,1.5318746887474135,0.004510433304224585,0.0013350876205722145,-2723.821911396542
0.0016139440771804157,-0.001999732609611579,0.005272125712551519,0.019716192692053682,0.030481130366119973,1.5404393033710209,1.0398505307934958,0.7841591666334181,1.4793564849480059,0.004554264648462046,0.0012870765823031003,-2720.8933757543928
0.001346853302680114,-0.0018054379369982446,0.005290213391386138,0.01979587658326777,0.03058333719407516,1.5565160697199596,1.0438991257877412,0.7901173979533702,1.4753666893397708,0.0036419247543703795,0.0011752591840794295,-2721.3614933173094
0.001434649018345632,-0.0017380890812495001,0.005271974349230908,0.019707655389047472,0.029594200436529786,1.5626538058630304,1.0391477711308543,0.7937250176952462,1.4814539806365352,0.003586098383962835,0.0012491384606646764,-2720.252818888224
0.001434649018345632,-0.0017380890812495001,0.005271974349230908,0.019707655389047472,0.029594200436529786,1.5626538058630304,1.0391477711308543,0.7937250176952462,1.4814539806365352,0.003586098383962835,0.0012491384606646764,-2720.252818888224
0.001434649018345632,-0.0017380890812495001,0.005271974349230908,0.019707655389047472,0.029594200436529786,1.5626538058630304,1.0391477711308543,0.7937250176952462,1.4814539806365352,0.003586098383962835,0.0012491384606646764,-2720.252818888224
0.001434649018345632,-0.0017380890812495001,0.005271974349230908,0.019707655389047472,0.029594200436529786,1.5626538058630304,1.0391477711308543,0.7937250176952462,1.4814539806365352,0.003586098383962835,0.0012491384606646764,-2720.252818888224
0.001434649018345632,-0.0017380890812495001,0.005271974349230908,0.019707655389047472,0.029594200436529786,1.5626538058630304,1.0391477711308543,0.7937250176952462,1.4814539806365352,0.003586098383962835,0.0012491384606646764,-2720.252818888224
0.001434649018345632,-0.0017380890812495001,0.005271974349230908,0.019707655389047472,0.029594200436529786,1.5626538058630304,1.0391477711308543,0.7937250176952462,1.4814539806365352,0.003586098383962835,0.0012491384606646764,-2720.252818888224
0.001434649018345632,-0.0017380890812495001,0.005271974349230908,0.019707655389047472,0.029594200436529786,1.5626538058630304,1.0391477711308543,0.7937250176952462,1.4814539806365352,0.003586098383962835,0.0012491384606646764,-2720.252818888224
0.0015025605862381119,-0.0017107732105824478,0.005412689036441767,0.019582909580314882,0.029747474666531597,1.5526773526768831,1.0372391637918268,0.7719625022505816,1.4610708571916777,0.004029516418897774,0.00125527749831337,-2719.3088019251295
0.00216085935046317,-0.001808217977479592,0.005516437094839875,0.01970259270334542,0.03201457867013983,1.535913537444885,1.0264921357206396,0.7798597318661608,1.4215456477949693,0.004315480766527759,0.0012749099007047346,-2720.4891851578764
0.001981494166329598,-0.0018284768170473541,0.005293828599350912,0.019560604594043872,0.028941024108639628,1.5424192533006673,1.0314005422474168,0.7775607588380438,1.4422690616504168,0.004448236457229891,0.001387313106250714,-2720.1818727305126
0.002189349008380156,-0.0019977830603411136,0.005345740002503327,0.019554188957856967,0.030219364028791856,1.532556183509142,1.030276483573069,0.7833273473561875,1.417638001333887,0.004940903333103604,0.0013942001735794227,-2719.373693957904
0.002189349008380156,-0.0019977830603411136,0.005345740002503327,0.019554188957856967,0.030219364028791856,1.532556183509142,1.030276483573069,0.7833273473561875,1.417638001333887,0.004940903333103604,0.0013942001735794227,-2719.373693957904
0.003039036358685566,-0.0021875505301743167,0.005658715143374741,0.019640053915153537,0.03665635613516635,1.5015304953276614,1.0180890255197057,0.7878450932904348,1.3627379201070917,0.005371695124114322,0.0013144436311118234,-2723.2999209132963
0.0030911670848590995,-0.0019102557764620332,0.005059517552884622,0.02026001694573323,0.032043289877928614,1.49097217587931,1.0054340972890554,0.7859943475680014,1.352729060706654,0.006067675517105611,0.0014562623005223783,-2722.536099662816
0.0030190792369117776,-0.0019950913971529555,0.004841754007424033,0.020241004678186843,0.029079839096914417,1.4779737006836096,1.0118072624543126,0.7832847149804448,1.3304351271577688,0.006570238931737131,0.0015350813001749682,-2721.977700446202
0.0030190792369117776,-0.0019950913971529555,0.004841754007424033,0.020241004678186843,0.029079839096914417,1.4779737006836096,1.0118072624543126,0.7832847149804448,1.3304351271577688,0.006570238931737131,0.0015350813001749682,-2721.977700446202
0.002468562807955415,-0.0022341214541431167,0.005207823035847266,0.020040372048542043,0.028536019629219186,1.471857004498776,1.0190868572818383,0.7457512188818505,1.3101618709562182,0.00692070556987369,0.001485704492300598,-2720.763520461041
0.002759310540635017,-0.0022743024235034786,0.005338070690558974,0.01964018873767146,0.029111749368192233,1.4745514407881857,1.0187801140870374,0.7508941869298372,1.3173810279091818,0.007359604674544351,0.0015566959002570415,-2721.624399799497
0.0034170310199521745,-0.0023680530015329163,0.005294384061129757,0.019460813256065395,0.029969162536653715,1.4702586122509849,1.029213153001856,0.765546024666603,1.3163462633529246,0.007307475183985809,0.00155226580871219,-2722.0761832449934
0.002300878140832399,-0.0020921489793947713,0.005207419380636102,0.019700578965008448,0.028644136678798487,1.4962017840577344,1.0360269670352555,0.7515087088381402,1.3566236331741008,0.00622833023473276,0.0013897600331010359,-2721.3949451245903
0.0025758655417742627,-0.0021551322058507546,0.005086931187805257,0.01951250118026561,0.027359591010127384,1.4980074814056357,1.035609026949169,0.7649624918742415,1.356679151570892,0.005823119506265762,0.0014883758850416206,-2722.156948336088
0.002318699249811814,-0.002150577414703281,0.005155546023556557,0.01953755684151356,0.02728290307131661,1.5087861744155475,1.0422780236114817,0.7683458779289056,1.3697880151088664,0.0055202090834885606,0.0014949942353180117,-2720.4182175441856
0.0029637444821322464,-0.002213976551025513,0.005491562209365059,0.019353751821190566,0.03028537597722018,1.4991029134864178,1.0280212136369782,0.7701699150003294,1.3616496024526608,0.005539397990860276,0.0014507762725777173,-2721.234378100436
0.0029786560005592468,-0.0020313684797370014,0.00567144136421042,0.019277268081076528,0.0329985595269056,1.5013640747998411,1.0308295598142583,0.7765400816482435,1.351218105905533,0.005026871280026355,0.0013646276277560355,-2722.1500938362883
0.002798117932048219,-0.0018432273390933058,0.005559179553103294,0.019309195365199486,0.030814279608573445,1.5096165601002676,1.0245531323803356,0.7727350136806522,1.3514407706628369,0.004567161000620351,0.0013822681173113716,-2722.81973661968
0.002628811182607181,-0.001798171740927548,0.0055576758441560825,0.01913907158889871,0.029401520615386166,1.5362755197343954,1.026389883513285,0.7711069953300473,1.3669303759427158,0.004385197950200636,0.0014296531003394897,-2722.177381678214
0.0025446856962687923,-0.0019125087651896402,0.005787871092094469,0.01900019518135884,0.02952535795965211,1.5327073293380906,1.028628224858994,0.7515503656584135,1.3441926202688204,0.004487172296132978,0.001420003843095813,-2721.087427191982
0.0018794203555804433,-0.0017813019758222155,0.005714507171030987,0.019409853659552882,0.02924169460985564,1.5390497020195033,1.0329258646388697,0.7367278927289198,1.353246100780645,0.004353987260987309,0.0012741151002621193,-2719.161536140832
0.0018794203555804433,-0.0017813019758222155,0.005714507171030987,0.019409853659552882,0.02924169460985564,1.5390497020195033,1.0329258646388697,0.7367278927289198,1.353246100780645,0.004353987260987309,0.0012741151002621193,-2719.161536140832
0.0018250653335848323,-0.0019359143364173353,0.005820112755065592,0.01917200024968858,0.027729480992498595,1.5365960002955816,1.0287532397870431,0.7219708072929867,1.350576063564743,0.004705185902349371,0.001340443783130662,-2719.5149622560352
0.0018250653335848323,-0.0019359143364173353,0.005820112755065592,0.01917200024968858,0.027729480992498595,1.5365960002955816,1.0287532397870431,0.7219708072929867,1.350576063564743,0.004705185902349371,0.001340443783130662,-2719.5149622560352
0.0018250653335848323,-0.0019359143364173353,0.005820112755065592,0.01917200024968858,0.027729480992498595,1.5365960002955816,1.0287532397870431,0.7219708072929867,1.350576063564743,0.004705185902349371,0.001340443783130662,-2719.5149622560352
0.0018250653335848323,-0.0019359143364173353,0.005820112755065592,0.01917200024968858,0.027729480992498595,1.5365960002955816,1.0287532397870431,0.7219708072929867,1.350576063564743,0.004705185902349371,0.001340443783130662,-2719.5149622560352
0.0017733722805277023,-0.001930273128382498,0.0058407910932608735,0.01890358565698508,0.027284706542571258,1.5444735713225675,1.0142590249009316,0.7194438191429728,1.3800703831774035,0.004793848605252218,0.001417971122552986,-2719.0954399551774
0.0018912806967025624,-0.0019736466395915853,0.00572135733846663,0.019037660117822843,0.027283392116280055,1.5406299384280255,1.0183973928427346,0.733243019998495,1.3564751505922876,0.004488943747653019,0.0014214595865119693,-2719.397764133634
0.0018912806967025624,-0.0019736466395915853,0.00572135733846663,0.019037660117822843,0.027283392116280055,1.5406299384280255,1.0183973928427346,0.733243019998495,1.3564751505922876,0.004488943747653019,0.0014214595865119693,-2719.397764133634
0.0018912806967025624,-0.0019736466395915853,0.00572135733846663,0.019037660117822843,0.027283392116280055,1.5406299384280255,1.0183973928427346,0.733243019998495,1.3564751505922876,0.004488943747653019,0.0014214595865119693,-2719.397764133634
0.0018912806967025624,-0.0019736466395915853,0.00572135733846663,0.019037660117822843,0.027283392116280055,1.5406299384280255,1.0183973928427346,0.733243019998495,1.3564751505922876,0.004488943747653019,0.0014214595865119693,-2719.397764133634
0.0018912806967025624,-0.0019736466395915853,0.00572135733846663,0.019037660117822843,0.027283392116280055,1.5406299384280255,1.0183973928427346,0.733243019998495,1.3564751505922876,0.004488943747653019,0.0014214595865119693,-2719.397764133634
0.0023012247222497784,-0.0018895249573385557,0.0057370865436440705,0.019451131774877922,0.031314272012385666,1.5181709641550576,1.0107611296400676,0.7627880028872898,1.337323629455038,0.004445621629362899,0.001394885843281416,-2719.564866896286
0.0024081888221026086,-0.002017757663826395,0.005999972986041975,0.019421807885823254,0.033875797706887215,1.5008135574743844,0.9956552576008169,0.7473353611261102,1.3402595338206702,0.005011524830034724,0.0013998772550480665,-2719.7883660633997
0.0012354138995913245,-0.0016756335707657265,0.005991367476626746,0.020084059084397064,0.032769692070670486,1.5149879975361602,1.0160765172089048,0.7162053918093071,1.3393961942453352,0.003945963244303425,0.001091882151405093,-2720.153543405659
0.001767228723183474,-0.0016760436957071658,0.0057104408959936835,0.01998089350294292,0.03128048057117139,1.50053889391067,1.0126609081347675,0.7395303155141135,1.3493995320597867,0.004358762432468967,0.0012893427660078604,-2720.2847445591124
0.0020857645103381575,-0.001731019693079705,0.005688279562350493,0.02006781758016491,0.03270138522093273,1.4916523044624936,1.004183833381227,0.7427252346594764,1.333119630279961,0.004368961224504976,0.0012426737690585422,-2719.333661405369
0.0013887059608835486,-0.001623374321190199,0.005369463983369324,0.020761782500412922,0.03151288881382427,1.4772253107191935,1.0172286094786225,0.7462195003127331,1.330215959184659,0.003950823614756286,0.0011047750299247648,-2721.043830169794
0.0018388693920225758,-0.0018339046897603434,0.00502713781987307,0.021034657938813334,0.030373959170675473,1.4499832282753602,0.9979204780351835,0.759437306754568,1.3289695338230028,0.005124834089951482,0.0012062114098977087,-2721.587505716624
0.001666339483441942,-0.0016360738440197517,0.004740482893059168,0.02175767781062116,0.030308235097893786,1.451171980818619,1.0017819385249929,0.7740691597570285,1.3271591930997177,0.004606514600606188,0.0011730822778163409,-2718.709362533268
0.001666339483441942,-0.0016360738440197517,0.004740482893059168,0.02175767781062116,0.030308235097893786,1.451171980818619,1.0017819385249929,0.7740691597570285,1.3271591930997177,0.004606514600606188,0.0011730822778163409,-2718.709362533268
0.0014503556177912613,-0.0017171956842985435,0.005100334893900074,0.02176485165662288,0.032536178938601876,1.451699251791312,0.9994191199636567,0.7552520131463054,1.3189226403635863,0.004275634820480903,0.001084495871055838,-2718.8772884631917
0.0014503556177912613,-0.0017171956842985435,0.005100334893900074,0.02176485165662288,0.032536178938601876,1.451699251791312,0.9994191199636567,0.7552520131463054,1.3189226403635863,0.004275634820480903,0.001084495871055838,-2718.8772884631917
0.0014503556177912613,-0.0017171956842985435,0.005100334893900074,0.02176485165662288,0.032536178938601876,1.451699251791312,0.9994191199636567,0.7552520131463054,1.3189226403635863,0.004275634820480903,0.001084495871055838,-2718.8772884631917
0.0018081710855110383,-0.0018315624873258777,0.005390902595121469,0.021793551351256938,0.036377227213897745,1.4421153996102123,0.9876947474365365,0.7362435475981366,1.2970056013658935,0.004579226215056012,0.0010379466409692847,-2722.288052378989
0.0018081710855110383,-0.0018315624873258777,0.005390902595121469,0.021793551351256938,0.036377227213897745,1.4421153996102123,0.9876947474365365,0.7362435475981366,1.2970056013658935,0.004579226215056012,0.0010379466409692847,-2722.288052378989
0.0026206673374199393,-0.002196169414793443,0.00556274598672376,0.020926082358851756,0.036202183599549555,1.4162957642913383,0.9805919953234337,0.7447825601242525,1.2905918988877527,0.005963329639122975,0.0012884412819218337,-2720.124681509379
0.0019990346175192894,-0.0019531526933790804,0.00538218873386733,0.021025210458316308,0.03408047793807069,1.4367494606956914,0.989504594649072,0.7602832309440035,1.3271554693793488,0.004985479695898426,0.0012467366620068628,-2718.491340260013
0.0013476889325950633,-0.0017109575990961606,0.0056817998410984595,0.021005085234771483,0.036877688223777225,1.4595029761866343,1.0019071334577012,0.7543889205328884,1.3454504502558087,0.003869280282885242,0.0010878324119894859,-2719.3660857709765
0.0016751499274084442,-0.001650574859898812,0.00580384983954066,0.020748764588064073,0.037338138314046365,1.4637253111756947,0.9791468260475873,0.7458937023329042,1.376411509519575,0.004146203146246033,0.001164072121106162,-2719.071881800907
0.0016751499274084442,-0.001650574859898812,0.00580384983954066,0.020748764588064073,0.037338138314046365,1.4637253111756947,0.9791468260475873,0.7458937023329042,1.376411509519575,0.004146203146246033,0.001164072121106162,-2719.071881800907
0.0016751499274084442,-0.001650574859898812,0.00580384983954066,0.020748764588064073,0.037338138314046365,1.4637253111756947,0.9791468260475873,0.7458937023329042,1.376411509519575,0.004146203146246033,0.001164072121106162,-2719.071881800907
0.0018912298326490586,-0.0017806677452640047,0.005996377174044398,0.020256876632604198,0.037687551929560636,1.4760681243489855,0.9775272885988168,0.7447103733327078,1.381346481786101,0.0041135921295171385,0.00119591390632785,-2719.4910130040075
0.0017008449656249255,-0.0016809783763878433,0.005800782462386138,0.020205770929913273,0.03394926521319913,1.4754589918132968,0.9865659506136111,0.752744014247397,1.3932876036239574,0.003994073400458582,0.0012353992481128687,-2719.3811355877256
0.001621843969713068,-0.0018076527994579563,0.005990745989838353,0.02023707491884884,0.035368996059370786,1.469617051634033,0.9953526402688895,0.7500165499103612,1.3863258172929465,0.003832839389029351,0.0011677918478581266,-2718.7855193612227
0.0013763790664332223,-0.0017285050409913318,0.005851580784769634,0.02062953355885502,0.035228748475181565,1.4633798974777297,0.9905773281890664,0.7469216536885395,1.3814867563760298,0.003967382375159643,0.001143985751118285,-2719.3655775064917
0.00162966812847677,-0.0019026429559901034,0.005453777548318754,0.021348407268150415,0.03505135008063641,1.4556381006224617,0.9975887711427862,0.7542475003108915,1.354094148261023,0.004269706654081648,0.0011202880463591623,-2719.5966438540645
0.00162966812847677,-0.0019026429559901034,0.005453777548318754,0.021348407268150415,0.03505135008063641,1.4556381006224617,0.9975887711427862,0.7542475003108915,1.354094148261023,0.004269706654081648,0.0011202880463591623,-2719.5966438540645
0.0015603782459700111,-0.0017505140194472883,0.0052417467521928916,0.021243950734261826,0.03206518282552718,1.4469773116243225,0.997520787188654,0.7570925861656863,1.362704035147031,0.004236868213731155,0.0011729736574892062,-2718.6514160312454
0.0020392288411349643,-0.001949526714064954,0.005288748370167001,0.0216099129692464,0.036168356286948894,1.4265457517665872,0.981931798722752,0.7633454630233227,1.329628882783909,0.004792126939625265,0.0011666992126967922,-2719.8445211234907
0.0018811304939039056,-0.0019654607539086504,0.005192069179987898,0.022034933830110296,0.03669878761205793,1.4126329594716178,0.9937204095877425,0.7568296141898523,1.2868718002919164,0.0050300370560388144,0.0011090363647888262,-2720.4917340364623
0.0017763050276401356,-0.0017604776648193123,0.005386939739636474,0.021777554523488358,0.039661559131237756,1.429026371850139,0.9868599267206675,0.7529460330785693,1.3123297320913463,0.004563089838120016,0.001080083473759039,-2718.8618521564445
0.0017821731089045414,-0.0016751335742723767,0.005392833952961635,0.021532529884544634,0.03883524882071543,1.4215688511312528,0.9840248939698721,0.7572407049634413,1.3044543248832843,0.004802577499174427,0.0011315777900423865,-2719.066829894324
0.0018273667764681038,-0.0018094467030813,0.005158630772046834,0.021651930802120755,0.03607032998171068,1.424689082657281,0.9968091018738894,0.7777728560700788,1.2904214458577863,0.004470413456401414,0.0011135846850890729,-2720.9796768585497
0.0018273667764681038,-0.0018094467030813,0.005158630772046834,0.021651930802120755,0.03607032998171068,1.424689082657281,0.9968091018738894,0.7777728560700788,1.2904214458577863,0.004470413456401414,0.0011135846850890729,-2720.9796768585497
0.002188843173460084,-0.0017718381417416943,0.005093376923756321,0.02159156674565229,0.037290385755508845,1.426593130269135,0.9984255821231891,0.7881108248559778,1.281791215258673,0.004448048765861625,0.0011433421996043334,-2721.8077700117233
0.002908186652423107,-0.0021395208070453782,0.004836794495258988,0.021460345301079906,0.035013102406977206,1.3995259660630222,0.9897091078711957,0.8013163282652741,1.2609084040948926,0.006284093913332011,0.0013937881341043346,-2720.753625430018
0.002908186652423107,-0.0021395208070453782,0.004836794495258988,0.021460345301079906,0.035013102406977206,1.3995259660630222,0.9897091078711957,0.8013163282652741,1.2609084040948926,0.006284093913332011,0.0013937881341043346,-2720.753625430018
0.0030680634806233443,-0.0021715237329941036,0.004537678429154476,0.021642485657198465,0.03232775489195275,1.4001080602149678,0.9951907379152956,0.8121762272942581,1.246075571755589,0.006048914177590629,0.0014311384945994367,-2720.811003893962
0.0030088333761120675,-0.0020812076408085294,0.004390193975398007,0.021845723167170223,0.03210954069960941,1.390305654961246,1.001333883965355,0.8152086621067514,1.2454061444314588,0.006084348895144857,0.0013766873341939643,-2722.712565520764
0.0031942957642233077,-0.0021097192090895316,0.004628116241559035,0.02194114750420172,0.036811331066581424,1.3701552325558342,0.9906482448109561,0.8101951492307382,1.2013043624714654,0.006361200386884429,0.0013608987072607872,-2724.162266284794
0.0031942957642233077,-0.0021097192090895316,0.004628116241559035,0.02194114750420172,0.036811331066581424,1.3701552325558342,0.9906482448109561,0.8101951492307382,1.2013043624714654,0.006361200386884429,0.0013608987072607872,-2724.162266284794
0.0034153623404605694,-0.0023664549975146946,0.004815939168306307,0.021460845799398005,0.03412397998778249,1.3652362208536668,0.9895196577491595,0.7937324412731193,1.2016324877561304,0.006951458895222795,0.0014639342591347886,-2722.875426883523
0.0031832532116225377,-0.0024956335907609425,0.0047885715491861915,0.021281901860102603,0.030904771657605065,1.373848338375757,0.9882785963744657,0.7802366941698559,1.2109888405993696,0.007119504305159985,0.0015721071579590533,-2722.7429864570454
0.003445938502274447,-0.0024975918541915096,0.005187762374827247,0.020980501924738996,0.03423714314300618,1.3733656523958473,0.9866150292301741,0.7739976802544819,1.1972599250507279,0.006685851311961584,0.001526643171861449,-2721.9920475305025
0.003261525931000181,-0.0020904997445219536,0.0056807988471594085,0.020191089005676045,0.03926669475934533,1.410482189201471,0.9695400197841215,0.7766249783467224,1.262518628776386,0.00531059319767071,0.001494747311418055,-2723.2895747902026
0.003383725062578625,-0.002312019350575915,0.00563404701376344,0.020162103451768203,0.03811746943055748,1.4014377601172732,0.977587930989978,0.7925273998854481,1.2496967266707606,0.005183111312343703,0.0015511970919353537,-2722.7572803695402
0.003383725062578625,-0.002312019350575915,0.00563404701376344,0.020162103451768203,0.03811746943055748,1.4014377601172732,0.977587930989978,0.7925273998854481,1.2496967266707606,0.005183111312343703,0.0015511970919353537,-2722.7572803695402
0.003312565460267978,-0.0026423835292998608,0.005979161184070208,0.01960523666318141,0.03719335857585897,1.4149424946181672,0.980419880763719,0.7676896176053414,1.2523453766144408,0.005470716902433774,0.0015015404150373905,-2722.477962171404
0.003630158938019731,-0.0027990690170035517,0.00555834696862583,0.020339885845926685,0.03597852906425208,1.4089228469946398,0.9725672852596039,0.7826889746379295,1.2650193806110153,0.005603275410250097,0.0015294636033820973,-2722.0776994385765
0.0031273360455456953,-0.0025914673375798947,0.005264184403838523,0.020878382797551238,0.034815094032191816,1.3975558739478644,0.9716054693240911,0.7835735132119817,1.2741332444206783,0.0054662265432035015,0.0015338132341039055,-2721.0613583670115
0.003579927204150995,-0.0025287397167313656,0.005335989258719463,0.02097500672724426,0.039897639336698563,1.3805577657976567,0.9589753053504444,0.796853594629455,1.2539022698744282,0.005597802335648117,0.0014934719306178427,-2721.869858722159
0.0030811373552797686,-0.002296961340673199,0.005275395289186367,0.020985878507406488,0.03842216025542823,1.4095601206813826,0.9737589208944155,0.8048630231551948,1.2672841583316594,0.004766902203512983,0.0014904507508834571,-2722.226984355507
0.002458639102520293,-0.0022423417295861633,0.005244068961120219,0.02131238460766216,0.03963854049048211,1.4245609039108031,0.9658485954347084,0.7862289162995293,1.2696527184646134,0.004698319259983054,0.0013622523578121215,-2720.6081099728376
0.0024714692849440775,-0.0021355521889991234,0.005148678316077502,0.021176504274271365,0.0365951421541512,1.4274402651680496,0.9699727068479967,0.7888795755325797,1.2680126266218843,0.00465099495141907,0.001412872964202046,-2720.0845442074265
0.003386266224073977,-0.00259696273968529,0.004555103228464683,0.02190900380080721,0.03567976747265374,1.3816115763431638,0.9768833883738857,0.8223071505951103,1.21665526836994,0.006187874084547669,0.001481457723954376,-2721.4789069704775
0.0035543577583026474,-0.0026357097032885498,0.004541992648862102,0.022022457251996926,0.036760544268263744,1.3876124938608616,0.9804530481271132,0.8452124973673985,1.2286607646632228,0.005534320463636419,0.0014460291205957362,-2721.3211707072046
0.0030581317291401688,-0.0022873904606939832,0.004632124718488044,0.021825746701334213,0.03733331401511353,1.4115098334516714,0.9866157444440147,0.8225567865502676,1.2222173888405314,0.005421462394857255,0.0014461802675544782,-2721.3293342373454
0.0031125916962606894,-0.0025249685224321156,0.005435200649439143,0.02061422766950056,0.04389071265301939,1.4463375781907333,0.9737015906056898,0.8100901384081994,1.2762779527640675,0.005247337587055223,0.0014733869863463795,-2722.739364200551
0.0026284903032792635,-0.002416864338027498,0.005198685914363733,0.021194246168610365,0.04356073669170393,1.4168664266426205,0.9747687149610123,0.8045118985470481,1.2630742996761248,0.005366529945617165,0.001399513609820817,-2722.922032426917
0.0026284903032792635,-0.002416864338027498,0.005198685914363733,0.021194246168610365,0.04356073669170393,1.4168664266426205,0.9747687149610123,0.8045118985470481,1.2630742996761248,0.005366529945617165,0.001399513609820817,-2722.922032426917
0.00356318172189779,-0.002747849037644884,0.00493537132560348,0.020924293793416378,0.039356995048399096,1.4264243390515612,0.9759243977168945,0.8561617092466042,1.2836734399509773,0.00490883553157815,0.0015718746868061534,-2723.1993709835915
0.00356318172189779,-0.002747849037644884,0.00493537132560348,0.020924293793416378,0.039356995048399096,1.4264243390515612,0.9759243977168945,0.8561617092466042,1.2836734399509773,0.00490883553157815,0.0015718746868061534,-2723.1993709835915
0.003053140419700777,-0.002596646355020835,0.004563199193658489,0.02159301486122806,0.03608822534923432,1.4228473777363906,0.9959512503468795,0.856213225205167,1.254828221167474,0.0046872949943004595,0.001528657740943049,-2724.327208074212
0.003572841418069078,-0.0027576693147211553,0.004441973628929762,0.02185365081548866,0.03698868101625327,1.3970501863808686,0.9818678617624197,0.8422212887948903,1.2115020809811428,0.005769693118464743,0.001606597539092351,-2722.817687273455
0.003572841418069078,-0.0027576693147211553,0.004441973628929762,0.02185365081548866,0.03698868101625327,1.3970501863808686,0.9818678617624197,0.8422212887948903,1.2115020809811428,0.005769693118464743,0.001606597539092351,-2722.817687273455
0.003572841418069078,-0.0027576693147211553,0.004441973628929762,0.02185365081548866,0.03698868101625327,1.3970501863808686,0.9818678617624197,0.8422212887948903,1.2115020809811428,0.005769693118464743,0.001606597539092351,-2722.817687273455
0.0041974089139181405,-0.0030412997348141808,0.0036333503708136108,0.022785753119760145,0.03138083828495957,1.3655226914823069,0.9846442775904014,0.8660129779833461,1.1787602869221505,0.007402211595981231,0.0017152483408259041,-2722.68843714637
0.004501464134033611,-0.0032480850021831473,0.003929213007255351,0.02208318806600863,0.03085780407550817,1.3740242036920902,0.9636525699875581,0.8259175289100003,1.1876466211436005,0.008449596686186939,0.0019716898746223684,-2723.840267563492
0.004501464134033611,-0.0032480850021831473,0.003929213007255351,0.02208318806600863,0.03085780407550817,1.3740242036920902,0.9636525699875581,0.8259175289100003,1.1876466211436005,0.008449596686186939,0.0019716898746223684,-2723.840267563492
0.004226710043215873,-0.0032275487875735994,0.004120219813697326,0.021652181272306746,0.03121081040470975,1.3922221872228717,0.9641633409594319,0.8183467945658542,1.1962108686402733,0.008343717980335523,0.0018636600931410435,-2723.4372039039954
0.003922155384783408,-0.0029842130400597796,0.003773780007679114,0.02232692687572207,0.030623368143072843,1.3831372415432042,0.9702933897530948,0.845167822858373,1.1957380489358123,0.007581146985345712,0.0018299038071352607,-2723.124664862466
0.004009933581320041,-0.0032146556932665642,0.0038955545391696944,0.02224847330206141,0.030673363400615973,1.3859909369381742,0.9721813361114373,0.8345951789723154,1.2095637279610387,0.0075363592865423205,0.0017988438136032326,-2722.65944303402
0.003128334958736245,-0.0029615525974383897,0.004096671998228828,0.02174242356518102,0.029302988076987745,1.4218960701990218,0.9718338325051048,0.8082143195415605,1.24702635056103,0.006743423878236414,0.0017401550542747838,-2722.9776799338674
0.003128334958736245,-0.0029615525974383897,0.004096671998228828,0.02174242356518102,0.029302988076987745,1.4218960701990218,0.9718338325051048,0.8082143195415605,1.24702635056103,0.006743423878236414,0.0017401550542747838,-2722.9776799338674
0.003129670435345254,-0.0029878899281064984,0.003558898539260521,0.02200307061836588,0.025884559062737542,1.4177414506690245,0.9787937503871443,0.8231278743705194,1.218913095419537,0.0071158341989507445,0.001857935907956277,-2725.9387070356033
0.003587425738348341,-0.0031485436007886985,0.0037278856840416603,0.021562243722353634,0.026260473448107117,1.419036565311421,0.9695893074330735,0.8268586864408655,1.213988883094511,0.007850095700966989,0.0020759530422085914,-2727.1412783845963
0.004050583848512649,-0.003273632077259032,0.00400691931278607,0.021387688832868363,0.029157211814109196,1.400092035593718,0.9599291310772755,0.8323546888315162,1.204066628716415,0.008623145881708856,0.0021254536299609955,-2728.2594658453672
0.003393976146061373,-0.003183354252149182,0.0042333264571406595,0.021647572869544066,0.03111613127533787,1.4141049424682461,0.9540681087927991,0.8062128466289924,1.2033144300260468,0.007635654369827754,0.0018109682598201266,-2726.8729849690967
0.0040596497709958195,-0.003092103337966265,0.003608377445070296,0.022823260068613842,0.03166815286283707,1.3916329028187406,0.9643323803153079,0.8600336088174371,1.1784100818671464,0.00792227178007142,0.0017316497764419746,-2724.051523283133
0.004066197155828786,-0.0030938369500169765,0.0037137270031125276,0.02289525795321526,0.03319293127821153,1.3906545532406325,0.9663887134631817,0.8658016647994861,1.1895017771220289,0.007585237638101628,0.0016833261730345842,-2723.5045497852993
0.004066197155828786,-0.0030938369500169765,0.0037137270031125276,0.02289525795321526,0.03319293127821153,1.3906545532406325,0.9663887134631817,0.8658016647994861,1.1895017771220289,0.007585237638101628,0.0016833261730345842,-2723.5045497852993
0.005039445454627391,-0.003565190956973714,0.003955051643206305,0.022427284614115854,0.03615832284310021,1.378385024942906,0.9585262075060703,0.8500818021056504,1.1542503733759246,0.008751794106552305,0.001723746758046334,-2728.400506456679
0.003492534764851075,-0.0028823711141518337,0.004204202760003519,0.0221639396037343,0.034406618644927014,1.395947287660064,0.9437189395938568,0.7933356214550709,1.2277615871450442,0.009113685660519124,0.001785688099761799,-2724.1456149187907
0.0034345199173557647,-0.002645450624116299,0.003869687612453721,0.022424141190418162,0.030863063573234463,1.4028714494924568,0.9693945257807985,0.7838286044781779,1.2210237646282662,0.009286205952276428,0.0017545426411029906,-2723.6583960340145
0.004459178405663565,-0.0030473263910711194,0.0040773406207865555,0.02210471098082337,0.035174483958574004,1.385718682603897,0.9575519260208111,0.8014875438341098,1.1956156500933282,0.010108722552897858,0.0018184141590726671,-2723.7316088918838
0.003808775844712207,-0.002896749335784766,0.004030247854799133,0.021750881584044438,0.03194146397563504,1.4323625102465134,0.9536899418724659,0.7883088570140064,1.2414815866162567,0.009217878504482798,0.0017771778118758394,-2724.168931643258
0.0035236842305876124,-0.002595679069234199,0.004089993081633307,0.02168268862479689,0.031441455358673806,1.4425860766239071,0.9554299601401806,0.789714977911581,1.2731444746307081,0.008387113781024486,0.0018158013486673965,-2722.946840247543
0.002600427556975933,-0.0023322153388801673,0.0041973154662485615,0.021699275265565997,0.030435109481371292,1.464353073205274,0.950915767758865,0.764092136781217,1.29970161809026,0.00798020845454178,0.001721363458670636,-2722.544275335392
0.002168719418156398,-0.0022747107629546206,0.004436413502560321,0.02120793077237842,0.03079295332188259,1.4863985574913636,0.96065960329767,0.7615491459999426,1.330997857606028,0.007274589628410193,0.0016091464272121026,-2720.4244879289668
0.0019499922087032572,-0.0022896610618813153,0.004417906268580208,0.02145820265901109,0.03174952544054267,1.4835060338878185,0.9671670823621168,0.7675893534315701,1.338766123265273,0.007141429179353458,0.0014947913262772375,-2720.4205440154615
0.002149352020671383,-0.0023825673421437373,0.004261297529861346,0.021550088529893194,0.03064922609713231,1.4740411438849659,0.9752758375499829,0.7729277213876661,1.3269504180066818,0.0072659668586270215,0.0014539387509114776,-2723.1977566382275
0.002744622500178545,-0.002403388736747213,0.004466315136387627,0.02143436840163354,0.03517623311383313,1.4669345852939573,0.9561392036317841,0.7753121551795832,1.3139956089559435,0.0075899406195486276,0.00152593430309739,-2723.517715299724
0.0021392804675370233,-0.0021696740541232544,0.004219353465840209,0.021959042970412693,0.033127054376803244,1.4666984684794993,0.973587509614956,0.7789977862395139,1.2960485025928508,0.006877132831896761,0.0014130124887723075,-2720.130924126322
0.0021392804675370233,-0.0021696740541232544,0.004219353465840209,0.021959042970412693,0.033127054376803244,1.4666984684794993,0.973587509614956,0.7789977862395139,1.2960485025928508,0.006877132831896761,0.0014130124887723075,-2720.130924126322
0.002207647618147266,-0.0022028330076900625,0.003969558991175071,0.022473100080912682,0.03269830948636753,1.463569549386695,0.977036351103783,0.789094393438126,1.3057333060404464,0.007304966770020419,0.0013745874351095415,-2720.2531503286564
0.0024388173451476113,-0.002296963045897699,0.003777445810412638,0.022736034346807883,0.03164170084742699,1.4408205271341856,0.9924957546994587,0.8048138005571828,1.265665513979474,0.008312810129122272,0.0014407738087882592,-2721.2980880860946
0.0024388173451476113,-0.002296963045897699,0.003777445810412638,0.022736034346807883,0.03164170084742699,1.4408205271341856,0.9924957546994587,0.8048138005571828,1.265665513979474,0.008312810129122272,0.0014407738087882592,-2721.2980880860946
0.0024388173451476113,-0.002296963045897699,0.003777445810412638,0.022736034346807883,0.03164170084742699,1.4408205271341856,0.9924957546994587,0.8048138005571828,1.265665513979474,0.008312810129122272,0.0014407738087882592,-2721.2980880860946
0.0026051147695324555,-0.002475895842223519,0.003577895090383612,0.023027039537253026,0.029407162187551013,1.4142049445147304,0.9891640261667243,0.8077490341936513,1.2637510836110875,0.009331761935090709,0.001527930440962746,-2723.19833538286
0.003553481183031018,-0.0027510540542900258,0.0035979890872867393,0.022912783939828176,0.031626081577097065,1.3992770621074642,0.9728153881369161,0.835409189592039,1.228230097445466,0.010193009993199947,0.001703703433922367,-2724.5195054530013
0.003553481183031018,-0.0027510540542900258,0.0035979890872867393,0.022912783939828176,0.031626081577097065,1.3992770621074642,0.9728153881369161,0.835409189592039,1.228230097445466,0.010193009993199947,0.001703703433922367,-2724.5195054530013
0.003798277478456784,-0.002667580270159743,0.003948259343675152,0.02252474149769791,0.035107040095973936,1.4208455514168477,0.9732697341296981,0.8306083105760829,1.2442352462553488,0.008919448456361419,0.0015392178918113729,-2721.6072499253855
0.003798277478456784,-0.002667580270159743,0.003948259343675152,0.02252474149769791,0.035107040095973936,1.4208455514168477,0.9732697341296981,0.8306083105760829,1.2442352462553488,0.008919448456361419,0.0015392178918113729,-2721.6072499253855
0.0030307830280264045,-0.002292072498047867,0.0038718659656764055,0.023098177764370422,0.037144674369464045,1.4320034117118827,0.9801897011363785,0.8324466817794052,1.253946955374456,0.007875574248023164,0.0013879822771831237,-2720.4323463147866
0.0030307830280264045,-0.002292072498047867,0.0038718659656764055,0.023098177764370422,0.037144674369464045,1.4320034117118827,0.9801897011363785,0.8324466817794052,1.253946955374456,0.007875574248023164,0.0013879822771831237,-2720.4323463147866
0.0030307830280264045,-0.002292072498047867,0.0038718659656764055,0.023098177764370422,0.037144674369464045,1.4320034117118827,0.9801897011363785,0.8324466817794052,1.253946955374456,0.007875574248023164,0.0013879822771831237,-2720.4323463147866
0.002638632574907174,-0.0021744829025212246,0.004110360670412498,0.02235100955903237,0.03534188718341677,1.4639716974584753,0.9758606777539407,0.8076937644624129,1.3101842333388647,0.007517584402075805,0.0014232658442810081,-2720.6447085768586
0.002638632574907174,-0.0021744829025212246,0.004110360670412498,0.02235100955903237,0.03534188718341677,1.4639716974584753,0.9758606777539407,0.8076937644624129,1.3101842333388647,0.007517584402075805,0.0014232658442810081,-2720.6447085768586
0.002034593417006814,-0.002336694334258888,0.00430201742657287,0.02261739237853054,0.03686747404156146,1.4878344316227032,0.9880617246102796,0.7611988507988364,1.2681626319404777,0.0075104580087000505,0.0012409313347811056,-2727.6061666756423
0.004042379142320605,-0.0028863228796401283,0.004123988093002876,0.02158009095450165,0.03516792340373351,1.475673040315975,0.978416916839417,0.8062943222431711,1.266787657941795,0.009019143648846147,0.0018756464448880781,-2728.6139390481067
0.0036394473316181918,-0.0027249983519401187,0.004121261846837232,0.02156887854185554,0.03419498312905362,1.496066422820791,0.9830544251941384,0.7934316603952983,1.2984507306384119,0.008655582454805378,0.0017415468614693978,-2725.419632048765
0.0036394473316181918,-0.0027249983519401187,0.004121261846837232,0.02156887854185554,0.03419498312905362,1.496066422820791,0.9830544251941384,0.7934316603952983,1.2984507306384119,0.008655582454805378,0.0017415468614693978,-2725.419632048765
0.0026553135753765843,-0.0026543809856078406,0.0038674929029007495,0.0217150916589858,0.02987468742616172,1.5243139205839373,0.9982488061199186,0.792053247072105,1.319540448551909,0.007687342343915568,0.0016339166486155322,-2724.1543235192094
0.0025849921263210156,-0.0024643279803388428,0.004066207313449035,0.021202795554771146,0.03169702428647529,1.5360182586456341,0.9900460485527309,0.7885424517973796,1.3513880955734934,0.007451399841402488,0.001673483160347695,-2722.3114576768976
0.0025849921263210156,-0.0024643279803388428,0.004066207313449035,0.021202795554771146,0.03169702428647529,1.5360182586456341,0.9900460485527309,0.7885424517973796,1.3513880955734934,0.007451399841402488,0.001673483160347695,-2722.3114576768976
0.0025849921263210156,-0.0024643279803388428,0.004066207313449035,0.021202795554771146,0.03169702428647529,1.5360182586456341,0.9900460485527309,0.7885424517973796,1.3513880955734934,0.007451399841402488,0.001673483160347695,-2722.3114576768976
0.002802326960271476,-0.0023540577512606584,0.003823978168342331,0.02137831775748411,0.031147234091337017,1.5357256300631514,0.998600574996241,0.8164782607480132,1.3595227098971001,0.00696205110427911,0.0016374287020942888,-2721.7790739844
0.0015421857951876984,-0.0018840919679982615,0.0037100789454460993,0.02189512810242144,0.029519015125442333,1.5527157477500515,1.0113846702012266,0.7951186936824985,1.3885651503445042,0.005883743820499737,0.0014024707881692307,-2721.105368453365
0.0021033601710895265,-0.002057563515978237,0.0034257464832635857,0.022285539540481476,0.02867253537937691,1.5289825013214189,1.0109103016907102,0.8053175931036568,1.3727211206278898,0.006642402067625064,0.0014299446756459622,-2719.2849760738095
0.0024066262123591028,-0.00203773799540589,0.0034368372420279015,0.02172002526389525,0.028568213941360644,1.5325179324445917,0.9952033193048477,0.8076079299631043,1.3860315348229535,0.007225301224059283,0.001619130286700038,-2721.703264201488
0.002429566535618091,-0.0024386921535092827,0.0038722114960421075,0.020944515622069677,0.029331821656346423,1.5225286102694193,1.0024343382367442,0.7856648640474364,1.3520801179062372,0.007643325134433612,0.0016438656381717323,-2722.5456601952906
0.0024096526252191264,-0.0022646540509001657,0.0041463305439416506,0.02054668569491696,0.030880887817466236,1.5289040565654417,1.0138875018445292,0.7724252693502189,1.362550142131063,0.00738657403597628,0.0015519238642689346,-2723.7096748818685
0.0024096526252191264,-0.0022646540509001657,0.0041463305439416506,0.02054668569491696,0.030880887817466236,1.5289040565654417,1.0138875018445292,0.7724252693502189,1.362550142131063,0.00738657403597628,0.0015519238642689346,-2723.7096748818685
0.002090349540562789,-0.002025694662695609,0.004128274945012361,0.020445912987897386,0.03068924825784458,1.5525029452501755,1.0190410824747342,0.7885597019379307,1.3738262466908286,0.005988358533756482,0.0015276466420425397,-2721.897714519046
0.002090349540562789,-0.002025694662695609,0.004128274945012361,0.020445912987897386,0.03068924825784458,1.5525029452501755,1.0190410824747342,0.7885597019379307,1.3738262466908286,0.005988358533756482,0.0015276466420425397,-2721.897714519046
0.0023865733999893068,-0.0019476120823758982,0.0039002663177199384,0.02089337329924217,0.031033372796632385,1.527318375582967,1.0101925255266764,0.8048868671061131,1.376761876708409,0.006621327894912835,0.0015845544047841972,-2721.7026958448964
0.0023640664312187306,-0.001970705904280272,0.004045125262727395,0.020605295552151043,0.03126897985160433,1.5247178658160054,1.0080839525525205,0.7925689917379999,1.3803621680322187,0.007147600138063518,0.0016016331205800445,-2722.779905286773
0.0023640664312187306,-0.001970705904280272,0.004045125262727395,0.020605295552151043,0.03126897985160433,1.5247178658160054,1.0080839525525205,0.7925689917379999,1.3803621680322187,0.007147600138063518,0.0016016331205800445,-2722.779905286773
0.001560521411792106,-0.0015562148282125257,0.003957907063741963,0.020975643075380277,0.029768167664203378,1.560826933374177,1.0028177579617397,0.766142857440222,1.3903210219025415,0.005962762969758649,0.0014526162964797655,-2724.8126352504255
0.0019306608767241436,-0.0014793589811934486,0.003947935622850369,0.021366845110598717,0.0335253054043808,1.5325177321589512,0.9946497122443145,0.7862117486272617,1.3626765616391419,0.006073114644083943,0.001416604052752823,-2724.719333453767
0.0021615443055216423,-0.0017087060705861402,0.003725548451789101,0.02210560071072206,0.0329245723450909,1.4898988536381903,0.9856715826853881,0.7754320030691499,1.3162861782729247,0.007496521460587162,0.001408255225442857,-2723.3933220906397
0.0021615443055216423,-0.0017087060705861402,0.003725548451789101,0.02210560071072206,0.0329245723450909,1.4898988536381903,0.9856715826853881,0.7754320030691499,1.3162861782729247,0.007496521460587162,0.001408255225442857,-2723.3933220906397
0.0018689917134840552,-0.001564576743479042,0.0035228297707202718,0.02204621962272804,0.02886827887534006,1.4881610792563582,0.9963316752436235,0.7840142933474589,1.3558238833672904,0.007351472579714573,0.0014663701508280862,-2726.7766459706313
0.0020726947107728867,-0.001861747737197915,0.0038594553210870735,0.021847979841567642,0.031863631954122756,1.4998470189845756,0.991266641213012,0.7684881920146465,1.3409990411054442,0.0070673371654819545,0.0013217484228530657,-2726.7444842372097
0.0012994443492371534,-0.0016713309746644086,0.004074424889658342,0.021733752211810575,0.031914436470007274,1.5251886241664465,0.9983803873834254,0.7666657768226179,1.344754492094203,0.006016015073366456,0.0012556321685460237,-2723.54107327083
0.0012994443492371534,-0.0016713309746644086,0.004074424889658342,0.021733752211810575,0.031914436470007274,1.5251886241664465,0.9983803873834254,0.7666657768226179,1.344754492094203,0.006016015073366456,0.0012556321685460237,-2723.54107327083
0.0012994443492371534,-0.0016713309746644086,0.004074424889658342,0.021733752211810575,0.031914436470007274,1.5251886241664465,0.9983803873834254,0.7666657768226179,1.344754492094203,0.006016015073366456,0.0012556321685460237,-2723.54107327083
0.0012994443492371534,-0.0016713309746644086,0.004074424889658342,0.021733752211810575,0.031914436470007274,1.5251886241664465,0.9983803873834254,0.7666657768226179,1.344754492094203,0.006016015073366456,0.0012556321685460237,-2723.54107327083
0.0013442917733623525,-0.0017570888333366006,0.00441704097421262,0.021786216162317146,0.03641643170428277,1.5102558709836924,0.9831480052994904,0.7488418329643359,1.3468832644158377,0.006445175323314579,0.001184681485381067,-2723.7077561513815
0.0008318321883750666,-0.0016497125693142886,0.004714699088849456,0.021235967279451106,0.03477830543546985,1.5408468999202032,0.9792600521576946,0.7123055724882779,1.3900849789306473,0.00613540734931613,0.0011974397134333716,-2723.3913694970497
0.0010957581380445745,-0.001654781930157054,0.004892254950523769,0.02085503135903099,0.035497884584498686,1.5440559003595693,0.9706253079261267,0.7131194824125349,1.4117543317889747,0.006323182647211546,0.0012516672641019297,-2721.915535247794
0.0010957581380445745,-0.001654781930157054,0.004892254950523769,0.02085503135903099,0.035497884584498686,1.5440559003595693,0.9706253079261267,0.7131194824125349,1.4117543317889747,0.006323182647211546,0.0012516672641019297,-2721.915535247794
0.001346856370449628,-0.0017440530401122535,0.004648556971886082,0.0210373675690166,0.03272000648415341,1.536415018101929,0.9963472221100432,0.7163223241472589,1.4063170195840695,0.006553469547440586,0.0012736601690932138,-2719.425166375167
0.001735845760307747,-0.001861312595646372,0.004750571571574176,0.020817878478218563,0.03517044060647377,1.529433043437761,1.0005612361236356,0.7405912866453155,1.3921865058754113,0.006425064694838436,0.0013334044376894978,-2718.3851551355833
0.001735845760307747,-0.001861312595646372,0.004750571571574176,0.020817878478218563,0.03517044060647377,1.529433043437761,1.0005612361236356,0.7405912866453155,1.3921865058754113,0.006425064694838436,0.0013334044376894978,-2718.3851551355833
0.001735845760307747,-0.001861312595646372,0.004750571571574176,0.020817878478218563,0.03517044060647377,1.529433043437761,1.0005612361236356,0.7405912866453155,1.3921865058754113,0.006425064694838436,0.0013334044376894978,-2718.3851551355833
0.001735845760307747,-0.001861312595646372,0.004750571571574176,0.020817878478218563,0.03517044060647377,1.529433043437761,1.0005612361236356,0.7405912866453155,1.3921865058754113,0.006425064694838436,0.0013334044376894978,-2718.3851551355833
0.001735845760307747,-0.001861312595646372,0.004750571571574176,0.020817878478218563,0.03517044060647377,1.529433043437761,1.0005612361236356,0.7405912866453155,1.3921865058754113,0.006425064694838436,0.0013334044376894978,-2718.3851551355833
0.001735845760307747,-0.001861312595646372,0.004750571571574176,0.020817878478218563,0.03517044060647377,1.529433043437761,1.0005612361236356,0.7405912866453155,1.3921865058754113,0.006425064694838436,0.0013334044376894978,-2718.3851551355833
0.001768236222543922,-0.0019181489728600952,0.004670188509309508,0.02093765706793809,0.035509027975504065,1.522180471853729,1.0049076834645436,0.7458205862439504,1.3860994352465972,0.006536666325259368,0.0013366379733911714,-2718.289641251758
0.0015048124801499505,-0.0016186903711383977,0.004739998585073199,0.021361605317896916,0.03775341591921987,1.539997036970921,1.0236437271434644,0.7507079597266592,1.3815325965073626,0.0054072380886785575,0.0011831157057957931,-2718.069955031909
0.0013125233712839267,-0.0015603025297958517,0.00478272652512074,0.021202832469767573,0.037456608703315616,1.5612713559939988,1.0331488142144176,0.7497382704495912,1.403994048310166,0.004812495816801238,0.001115960801780804,-2717.534650661826
0.0011416380784017455,-0.0015114163734284208,0.005258776715707908,0.02057711834947194,0.03970419976875814,1.5601789333325833,1.0444471499842534,0.7414321901538067,1.4078452874748426,0.004268767055131412,0.0010576616253092105,-2718.637542182096
0.0012426419049662903,-0.0016129174868046185,0.0054908868520399615,0.0204759015481316,0.041205271008460276,1.545316323933715,1.038227989704294,0.7259906562960623,1.406848612908213,0.004590902742894146,0.0010895020558021066,-2718.267145829188
0.0012426419049662903,-0.0016129174868046185,0.0054908868520399615,0.0204759015481316,0.041205271008460276,1.545316323933715,1.038227989704294,0.7259906562960623,1.406848612908213,0.004590902742894146,0.0010895020558021066,-2718.267145829188
0.0012426419049662903,-0.0016129174868046185,0.0054908868520399615,0.0204759015481316,0.041205271008460276,1.545316323933715,1.038227989704294,0.7259906562960623,1.406848612908213,0.004590902742894146,0.0010895020558021066,-2718.267145829188
0.0012426419049662903,-0.0016129174868046185,0.0054908868520399615,0.0204759015481316,0.041205271008460276,1.545316323933715,1.038227989704294,0.7259906562960623,1.406848612908213,0.004590902742894146,0.0010895020558021066,-2718.267145829188
0.0012426419049662903,-0.0016129174868046185,0.0054908868520399615,0.0204759015481316,0.041205271008460276,1.545316323933715,1.038227989704294,0.7259906562960623,1.406848612908213,0.004590902742894146,0.0010895020558021066,-2718.267145829188
0.0012033532991123606,-0.0016801006947937827,0.005711361587379107,0.020399529057042315,0.04548028479094217,1.5510942297635224,1.02771804843669,0.7233288329302379,1.4124232286590426,0.00456366210201828,0.0010599057064020893,-2718.861531500272
0.0012033532991123606,-0.0016801006947937827,0.005711361587379107,0.020399529057042315,0.04548028479094217,1.5510942297635224,1.02771804843669,0.7233288329302379,1.4124232286590426,0.00456366210201828,0.0010599057064020893,-2718.861531500272
0.0012033532991123606,-0.0016801006947937827,0.005711361587379107,0.020399529057042315,0.04548028479094217,1.5510942297635224,1.02771804843669,0.7233288329302379,1.4124232286590426,0.00456366210201828,0.0010599057064020893,-2718.861531500272
0.0016675163372353446,-0.0017553085966266636,0.0058383694793643385,0.020239383863192264,0.05000145322166211,1.5230396284685217,1.020245397456081,0.7392862692561948,1.4117045188207071,0.005027508814196556,0.0011305470074565145,-2719.579651602818
0.0011233420393687368,-0.001330653261466112,0.006228586405626045,0.02026358222886898,0.060768368504933695,1.5824802292149593,1.0298603964831516,0.7097590287324376,1.4377281952245302,0.003482161829925903,0.0008992478369000353,-2718.808256303507
0.0011233420393687368,-0.001330653261466112,0.006228586405626045,0.02026358222886898,0.060768368504933695,1.5824802292149593,1.0298603964831516,0.7097590287324376,1.4377281952245302,0.003482161829925903,0.0008992478369000353,-2718.808256303507
0.0011233420393687368,-0.001330653261466112,0.006228586405626045,0.02026358222886898,0.060768368504933695,1.5824802292149593,1.0298603964831516,0.7097590287324376,1.4377281952245302,0.003482161829925903,0.0008992478369000353,-2718.808256303507
0.0012771427915825844,-0.001391292849863641,0.0062502080680987195,0.020449919230050833,0.06442196535847022,1.5709329546522168,1.0194274597100774,0.7039648764584332,1.414264278334921,0.0037261927033193855,0.0009019199263559147,-2719.902410564717
0.0009207851921052834,-0.0014755888653201453,0.0061556628392086575,0.020740830524844364,0.05944349723975023,1.5474389161847228,1.0158186205589192,0.6838973870475256,1.4221657657614273,0.004330624964633201,0.0009131129634616713,-2719.7545276720266
0.0009122682755948585,-0.001514141304687023,0.00653609985603686,0.019968936664726124,0.06110831481843387,1.5649822280365595,1.0109678756057097,0.67489683899851,1.4288078760733267,0.004273673197787594,0.0009703375583048072,-2719.705161217937
0.0009122682755948585,-0.001514141304687023,0.00653609985603686,0.019968936664726124,0.06110831481843387,1.5649822280365595,1.0109678756057097,0.67489683899851,1.4288078760733267,0.004273673197787594,0.0009703375583048072,-2719.705161217937
0.0009122682755948585,-0.001514141304687023,0.00653609985603686,0.019968936664726124,0.06110831481843387,1.5649822280365595,1.0109678756057097,0.67489683899851,1.4288078760733267,0.004273673197787594,0.0009703375583048072,-2719.705161217937
0.0009122682755948585,-0.001514141304687023,0.00653609985603686,0.019968936664726124,0.06110831481843387,1.5649822280365595,1.0109678756057097,0.67489683899851,1.4288078760733267,0.004273673197787594,0.0009703375583048072,-2719.705161217937
0.0009122682755948585,-0.001514141304687023,0.00653609985603686,0.019968936664726124,0.06110831481843387,1.5649822280365595,1.0109678756057097,0.67489683899851,1.4288078760733267,0.004273673197787594,0.0009703375583048072,-2719.705161217937
0.0009122682755948585,-0.001514141304687023,0.00653609985603686,0.019968936664726124,0.06110831481843387,1.5649822280365595,1.0109678756057097,0.67489683899851,1.4288078760733267,0.004273673197787594,0.0009703375583048072,-2719.705161217937
0.0009122682755948585,-0.001514141304687023,0.00653609985603686,0.019968936664726124,0.06110831481843387,1.5649822280365595,1.0109678756057097,0.67489683899851,1.4288078760733267,0.004273673197787594,0.0009703375583048072,-2719.705161217937
0.0011049739373021096,-0.001368843935463335,0.006198330416603136,0.01953409946489232,0.05092823919737392,1.5838890341153387,1.0230055549114137,0.6936612964528621,1.4476525518597798,0.003756033479409069,0.0010856860907707082,-2719.6067818230663
0.0010318150966906123,-0.0015135002820571408,0.006036163116685789,0.019555781415268522,0.04339688658456187,1.6027081705407302,1.0345225407278713,0.6836318152945757,1.4471337187742068,0.003640280859810078,0.001068303036628257,-2718.0541888139755
0.0010699454759380608,-0.0015063580475993465,0.006567363300792112,0.018932399099479903,0.04592896470873044,1.6186484976960918,1.0246891674187903,0.6585511932554212,1.4667836798498133,0.0035615924347499944,0.001081999008556148,-2718.339680766575
0.0010699454759380608,-0.0015063580475993465,0.006567363300792112,0.018932399099479903,0.04592896470873044,1.6186484976960918,1.0246891674187903,0.6585511932554212,1.4667836798498133,0.0035615924347499944,0.001081999008556148,-2718.339680766575
0.0010699454759380608,-0.0015063580475993465,0.006567363300792112,0.018932399099479903,0.04592896470873044,1.6186484976960918,1.0246891674187903,0.6585511932554212,1.4667836798498133,0.0035615924347499944,0.001081999008556148,-2718.339680766575
0.0017242110619021932,-0.0018770506704582158,0.0060968385597977215,0.01872536746661146,0.03875758144330527,1.6098062471881076,1.030954348106101,0.6702092346714138,1.4565518092838723,0.004491810692274775,0.0012728470216983986,-2720.1948380069343
0.0017903360026175295,-0.001803141782848892,0.005257401109925138,0.019200890992824564,0.031172514870620574,1.5929969552464862,1.0436573771405846,0.6867663365486784,1.4835202781627024,0.004802103832684426,0.0014162032718928275,-2721.295775203854
0.0017903360026175295,-0.001803141782848892,0.005257401109925138,0.019200890992824564,0.031172514870620574,1.5929969552464862,1.0436573771405846,0.6867663365486784,1.4835202781627024,0.004802103832684426,0.0014162032718928275,-2721.295775203854
0.0017903360026175295,-0.001803141782848892,0.005257401109925138,0.019200890992824564,0.031172514870620574,1.5929969552464862,1.0436573771405846,0.6867663365486784,1.4835202781627024,0.004802103832684426,0.0014162032718928275,-2721.295775203854
0.0018475894431181396,-0.001965780099187054,0.00516298975515982,0.019399644847391304,0.030871754713838656,1.5880560445706817,1.0475199583018404,0.6953768808353098,1.462624674160462,0.0049843813602952446,0.0013971787556227627,-2720.1387245123183
0.0014991758109071055,-0.002018299148274493,0.004932250925025957,0.019250770468566956,0.027602986656000486,1.5944132922267467,1.045871162296417,0.7013471741184367,1.497765132172069,0.005131994230397992,0.0014826427422319898,-2721.1354494897178
0.001667712274206581,-0.0021856020752813593,0.005056585398200163,0.01927498808264615,0.029097001637143752,1.5994413366876459,1.058077522853218,0.7141655474081595,1.4782437912072162,0.004665446575486234,0.001447617784476204,-2721.129612278608
0.002011867321347805,-0.001952331986317537,0.005374943216186434,0.018815229621158343,0.034385537151517695,1.6298739625855754,1.0544758913005645,0.7447449940442342,1.4955774617812008,0.0032488236698632843,0.0013787903237733115,-2721.7080851630867
0.0015918400588265155,-0.0018180903853948008,0.006135474189532629,0.01857906940228702,0.040911741669029354,1.644282664022403,1.0508786372149108,0.7153834963139422,1.4908815581655301,0.0029126360499489978,0.001288585762236587,-2721.732285292087
0.0021179904700487015,-0.0020153986999528403,0.005839765782646568,0.01834804190059332,0.03361877447643906,1.618786744255109,1.0279557783339974,0.6952891409826387,1.4635582522604107,0.004175305017914728,0.0015331139296395587,-2721.5149247703725
0.0021179904700487015,-0.0020153986999528403,0.005839765782646568,0.01834804190059332,0.03361877447643906,1.618786744255109,1.0279557783339974,0.6952891409826387,1.4635582522604107,0.004175305017914728,0.0015331139296395587,-2721.5149247703725
0.0017133276497782544,-0.001801536623883963,0.005601918825850636,0.018419000467871916,0.03166505481118606,1.6357550370222815,1.0291373532801948,0.6856506052456159,1.4759722048623898,0.004147459125779944,0.0015167870746112734,-2721.117568816257
0.0012276192347712746,-0.001837619356523744,0.006517432079094671,0.017932221597785646,0.04229696479202616,1.6572013133816723,1.0378873353258253,0.6626274083504597,1.4729631344384873,0.0035006869065437513,0.0012362431263947466,-2721.2425023804963
0.0012276192347712746,-0.001837619356523744,0.006517432079094671,0.017932221597785646,0.04229696479202616,1.6572013133816723,1.0378873353258253,0.6626274083504597,1.4729631344384873,0.0035006869065437513,0.0012362431263947466,-2721.2425023804963
0.0013224107602344062,-0.001582949090158472,0.006139188917843631,0.01771440596844341,0.036143152599597786,1.6615712543011543,1.042955981671775,0.6809922997296053,1.4951122195119018,0.003405085226093858,0.0014166525769405292,-2721.42600537224
0.0012352961482699244,-0.0016365480464331306,0.0062531797489778695,0.01745851948460799,0.03714081687212495,1.6683469164918212,1.0432998449619033,0.6857357368775123,1.504001290899084,0.003211058695515114,0.0013579017033690285,-2721.0584157483936
0.0012352961482699244,-0.0016365480464331306,0.0062531797489778695,0.01745851948460799,0.03714081687212495,1.6683469164918212,1.0432998449619033,0.6857357368775123,1.504001290899084,0.003211058695515114,0.0013579017033690285,-2721.0584157483936
0.0012352961482699244,-0.0016365480464331306,0.0062531797489778695,0.01745851948460799,0.03714081687212495,1.6683469164918212,1.0432998449619033,0.6857357368775123,1.504001290899084,0.003211058695515114,0.0013579017033690285,-2721.0584157483936
0.0013007209191757893,-0.0016412955675576173,0.006299415581901758,0.017495056509672993,0.03828541051993016,1.6909282051460544,1.0312826267682018,0.6933647769462641,1.5256587819032115,0.003051981139331445,0.0014016420318330607,-2720.8874929010913
0.000893655366668987,-0.0015960603911137836,0.006203987589756186,0.01776216230590674,0.036509793735748766,1.691968851725667,1.0362170673127902,0.6919682607763478,1.5235938474779342,0.0028189303857626188,0.001346286615256305,-2721.323362659796
0.0007165759933502325,-0.00149847266794631,0.006532966960698643,0.017840388440997626,0.04316328750854846,1.7042491058485223,1.0319927966280407,0.6978607714936086,1.5535147945766274,0.0023921642542865437,0.001234461572494644,-2722.444403104547
0.0009362026309458621,-0.0015984536608717624,0.006762155869028746,0.01724442871600797,0.04431409874077624,1.7346240068847707,1.026296783818763,0.694453603457412,1.5813025391937603,0.002304707281195231,0.0012665892663006064,-2722.0951646953904
0.0009362026309458621,-0.0015984536608717624,0.006762155869028746,0.01724442871600797,0.04431409874077624,1.7346240068847707,1.026296783818763,0.694453603457412,1.5813025391937603,0.002304707281195231,0.0012665892663006064,-2722.0951646953904
0.0009362026309458621,-0.0015984536608717624,0.006762155869028746,0.01724442871600797,0.04431409874077624,1.7346240068847707,1.026296783818763,0.694453603457412,1.5813025391937603,0.002304707281195231,0.0012665892663006064,-2722.0951646953904
0.001353040826587144,-0.0017844641308902174,0.0065830045268196625,0.017085317131091547,0.0419128679517561,1.7393457620679305,1.035647980269408,0.7088142385067626,1.544865810554668,0.0025346988476462975,0.0013790537471385365,-2722.0734380951744
0.0016611316691299005,-0.0019441619068898096,0.006837399091932605,0.016541970963963783,0.04347835366297571,1.7369475486748112,1.0355895581323185,0.7097107989021236,1.5405252195269536,0.0025165045676742086,0.0014520866684997024,-2722.876798092264
0.0016611316691299005,-0.0019441619068898096,0.006837399091932605,0.016541970963963783,0.04347835366297571,1.7369475486748112,1.0355895581323185,0.7097107989021236,1.5405252195269536,0.0025165045676742086,0.0014520866684997024,-2722.876798092264
0.001269652114044062,-0.0015272125462618144,0.006679411674070688,0.01677913944456309,0.04382607004509577,1.7465540583181998,1.0331129369581724,0.698340440837613,1.5676975368704986,0.0023698345255677195,0.0013984000375089473,-2723.081578769254
0.001269652114044062,-0.0015272125462618144,0.006679411674070688,0.01677913944456309,0.04382607004509577,1.7465540583181998,1.0331129369581724,0.698340440837613,1.5676975368704986,0.0023698345255677195,0.0013984000375089473,-2723.081578769254
0.001269652114044062,-0.0015272125462618144,0.006679411674070688,0.01677913944456309,0.04382607004509577,1.7465540583181998,1.0331129369581724,0.698340440837613,1.5676975368704986,0.0023698345255677195,0.0013984000375089473,-2723.081578769254
0.0012976371033642728,-0.0014967106800575693,0.006971210432280302,0.016364745182698422,0.04731305020765948,1.7567307818043756,1.031565299382085,0.6894132630247396,1.559946284155232,0.002462456406810262,0.001406196987038062,-2723.7471220238926
0.0012976371033642728,-0.0014967106800575693,0.006971210432280302,0.016364745182698422,0.04731305020765948,1.7567307818043756,1.031565299382085,0.6894132630247396,1.559946284155232,0.002462456406810262,0.001406196987038062,-2723.7471220238926
0.0012549098275245092,-0.0015671232734484715,0.007317692881246546,0.015897174083303375,0.04843066592080264,1.7582101631173737,1.046023192375558,0.6862094358571943,1.5366521164851856,0.0024274043416875938,0.0013939129239741853,-2723.044370488941
0.0015941662092073504,-0.0017474529293650658,0.006904410443011726,0.016217688235836043,0.04353769255254879,1.736386684302972,1.0605177784299054,0.6863701400816615,1.481269191483147,0.0026482039671888325,0.0014224321256187382,-2723.1982102445045
0.001348434644085775,-0.0015892403432835878,0.0072432145868071346,0.015791583350439634,0.046377587740472064,1.7545511821384037,1.073603920288047,0.6905380060500788,1.533447788415038,0.0023032712056877207,0.0013717810673218426,-2722.3743265100943
0.001348434644085775,-0.0015892403432835878,0.0072432145868071346,0.015791583350439634,0.046377587740472064,1.7545511821384037,1.073603920288047,0.6905380060500788,1.533447788415038,0.0023032712056877207,0.0013717810673218426,-2722.3743265100943
0.001348434644085775,-0.0015892403432835878,0.0072432145868071346,0.015791583350439634,0.046377587740472064,1.7545511821384037,1.073603920288047,0.6905380060500788,1.533447788415038,0.0023032712056877207,0.0013717810673218426,-2722.3743265100943
0.001433434040933908,-0.0017850438224466412,0.0075056510040576955,0.015423615536045543,0.046271733573994445,1.7443465645794127,1.0722361529540598,0.6825122465745492,1.5107374448436928,0.002221311134188012,0.0013538464525598753,-2725.260794999626
0.0015076996215707614,-0.0017632918236851662,0.007720477013129132,0.015241453367513388,0.046159292543713676,1.7339425787386358,1.047529851971782,0.6532793301653492,1.4927317062255208,0.0024441271642439057,0.0013845704862693517,-2726.4051120603767
0.0015076996215707614,-0.0017632918236851662,0.007720477013129132,0.015241453367513388,0.046159292543713676,1.7339425787386358,1.047529851971782,0.6532793301653492,1.4927317062255208,0.0024441271642439057,0.0013845704862693517,-2726.4051120603767
0.0015076996215707614,-0.0017632918236851662,0.007720477013129132,0.015241453367513388,0.046159292543713676,1.7339425787386358,1.047529851971782,0.6532793301653492,1.4927317062255208,0.0024441271642439057,0.0013845704862693517,-2726.4051120603767
0.0008300108039633967,-0.0015788922807169273,0.007545032376367782,0.015629721411485498,0.0432381291823236,1.725916496278405,1.0560713098167764,0.6490481937673196,1.4877661384884358,0.0025653667780804914,0.001437109267664139,-2728.222983025024
0.0012262993818810998,-0.0017824889058047876,0.008001821028376791,0.015238194213699359,0.05069894458129014,1.7332068373093057,1.0407473425724716,0.6526521021562368,1.5207957083883281,0.0025779297677980036,0.0014074831960045576,-2723.1138790252703
0.0014848304310170635,-0.0018352297343985132,0.007981679604006737,0.015388183415624784,0.053065349512613935,1.716984250129879,1.0258355782915756,0.654095001359366,1.5057739058123647,0.002753298624642828,0.00140015448337083,-2722.8033999428085
0.0014848304310170635,-0.0018352297343985132,0.007981679604006737,0.015388183415624784,0.053065349512613935,1.716984250129879,1.0258355782915756,0.654095001359366,1.5057739058123647,0.002753298624642828,0.00140015448337083,-2722.8033999428085
0.0014848304310170635,-0.0018352297343985132,0.007981679604006737,0.015388183415624784,0.053065349512613935,1.716984250129879,1.0258355782915756,0.654095001359366,1.5057739058123647,0.002753298624642828,0.00140015448337083,-2722.8033999428085
0.0014176266509977973,-0.001698538512040001,0.0076448939591027935,0.01554523782743513,0.051383465730774014,1.7205477025811966,1.0271118237121746,0.6628310652479753,1.502257664139161,0.0029276351585578076,0.0014457492709929753,-2724.0378581922305
0.0014176266509977973,-0.001698538512040001,0.0076448939591027935,0.01554523782743513,0.051383465730774014,1.7205477025811966,1.0271118237121746,0.6628310652479753,1.502257664139161,0.0029276351585578076,0.0014457492709929753,-2724.0378581922305
0.0007469051555169283,-0.0016945964036528694,0.008113241882319239,0.01545549351256163,0.06116981406530428,1.7226895663695796,1.037221479021506,0.6510151966051977,1.509756425554815,0.0027208816871208286,0.0012740496537114244,-2726.403113370518
0.0006449876841286596,-0.001561970128119477,0.007797944123376759,0.015874139654171067,0.05917156998807162,1.7218580570880004,1.032172719337764,0.6602407694254471,1.515596029251752,0.0027472937816158173,0.0012730117901817684,-2726.195239637981
0.0008277161246371244,-0.0016048410379098698,0.0075228874530594335,0.016150218942110224,0.05783434918707131,1.7162818912556104,1.0392511900174188,0.674508926051274,1.5033304654351691,0.002560951417881309,0.0012551519304624566,-2725.2892235701984
0.001407219751900812,-0.001670561346318795,0.007452601300489357,0.015791285326121476,0.057695917290685156,1.7154277519935759,1.0240537618228411,0.6886327553913012,1.4888008891727504,0.0026474778796339404,0.0014404440781463485,-2725.9764816364627
0.0013847336404194267,-0.0017394668487086167,0.0074544134512069815,0.016078465300435656,0.06381902718551345,1.7288157257259928,1.017112694833063,0.6923702262039457,1.4883079779646604,0.002632364396133869,0.0013475488696059652,-2726.444718149646
0.0013894165995766063,-0.001796065539468092,0.006994969138712333,0.016378087052345693,0.056742298283956744,1.7214856942830667,1.0146716321929987,0.711949307020876,1.5067972116778672,0.0029131173030155257,0.001436665695739362,-2725.526535581369
0.0018671205205861938,-0.0020737113712068767,0.006719833091498341,0.016696888850851695,0.053902953311228546,1.6987327246510877,1.0132512052140328,0.7241583532597297,1.4781601780654414,0.003594024444157821,0.0015164919098722487,-2725.316236888917
0.0018086145659251384,-0.0019457895717116891,0.006787777109621767,0.016512571545679915,0.055222116286116466,1.70617682586143,1.007677852499521,0.7216741176176893,1.5140561933351835,0.0034672157091755248,0.0015497679970410802,-2724.9467501227705
0.0025984838457025917,-0.0023302421123187903,0.006892167994495939,0.01608430387023134,0.05365339710646984,1.7068879314128411,1.0351748675381,0.7392277150621561,1.4642951015182208,0.0038210067731384786,0.0016195724088344332,-2727.8228475982532
0.002590455084138866,-0.0024757993271636745,0.006412539564982565,0.01622045803160777,0.048905930079346425,1.7035219072037013,1.0588363755884975,0.78836897850825,1.4912585090561215,0.004181887633311501,0.0017080168844962199,-2725.769570623555
0.0026951016641290192,-0.0026636836391390785,0.005887192622616658,0.016594070571041848,0.03977187269623439,1.6716561753411914,1.0834132601367723,0.788829926969906,1.4167272059515321,0.0049758353857026275,0.0018997132298229596,-2725.4326553014203
0.002324052288379022,-0.0022150028134779566,0.006153048420730888,0.0169570698544534,0.04884083320931721,1.6907140940780283,1.06768811959528,0.7875434620235452,1.4214379346296067,0.004136091978074573,0.0017438391336016725,-2726.6687807078993
0.002324052288379022,-0.0022150028134779566,0.006153048420730888,0.0169570698544534,0.04884083320931721,1.6907140940780283,1.06768811959528,0.7875434620235452,1.4214379346296067,0.004136091978074573,0.0017438391336016725,-2726.6687807078993
0.002837298808725835,-0.0022855996705588013,0.0060862337471296645,0.016985044443887813,0.052129607177749324,1.6759551616588437,1.0583270780375642,0.822382123687633,1.4484602909418771,0.004396094815047234,0.0018144701784256476,-2728.6334477815512
0.0029938919179519057,-0.0022338318537283306,0.005491930470571678,0.017841948449890198,0.04957138906673108,1.656090416074103,1.0507508655589117,0.8622297793073789,1.4397160090411285,0.004340130273094476,0.0017793162482596548,-2727.910557284936
0.002700152064892958,-0.002296642479077177,0.005580507275534702,0.017889397541754483,0.051955116270912524,1.6372574627337677,1.05203885761607,0.8678518582742001,1.433782091707452,0.004543563250860911,0.0016881697836295068,-2725.8075805423555
0.0036507661989708916,-0.002762716834226425,0.005036852536537756,0.018247084903399425,0.04236372441897013,1.5934648622832053,1.0703451617750808,0.896556116286046,1.373650600096826,0.005772483198843296,0.0018581685202248828,-2726.7463668979876
0.0033600534184498668,-0.0026158230191410357,0.004664594965296132,0.01910971977696912,0.04305066220127961,1.6081287206743036,1.0912227651498614,0.9065587146880207,1.3565095766613815,0.004771110130892974,0.0015879192546318231,-2726.258666669199
0.004611201446624679,-0.0029891509131420987,0.004250858569966392,0.019175447293679034,0.0413284771978879,1.5776501713995248,1.0853166566156713,0.9414370485581474,1.3463611227883474,0.005910098836154667,0.0018887599020746702,-2725.5968872343014
0.00440629634933782,-0.003150873359244615,0.004231790329400428,0.019013972867993553,0.037070754994275645,1.5806456730625191,1.075731640282283,0.9249471845510819,1.349363262634564,0.006675870924524195,0.001981858036325876,-2725.7939615612017
0.00422105598313385,-0.0031429994053863647,0.0037325555664841237,0.019599166407501162,0.031612250528836996,1.5768089737108846,1.0853829435990667,0.9443518673583404,1.340396427386608,0.006694477498637811,0.002068125455355793,-2728.3276953466852
0.004067121480688659,-0.0031879913553810504,0.003996608270111643,0.01882449985343032,0.030862860969819928,1.591590832752838,1.09183428581076,0.9347488611774329,1.3719423503782513,0.006476630139492431,0.0021687801525962333,-2729.2404223563526
0.003963606213554268,-0.0031546582905716755,0.003676864808205441,0.019434980853480048,0.031272715711099956,1.5763935339370896,1.0929841899921902,0.9684871598794356,1.3578430165259827,0.006317473683973739,0.0020197645900320985,-2728.7045571022045
0.003963606213554268,-0.0031546582905716755,0.003676864808205441,0.019434980853480048,0.031272715711099956,1.5763935339370896,1.0929841899921902,0.9684871598794356,1.3578430165259827,0.006317473683973739,0.0020197645900320985,-2728.7045571022045
0.004005015768466605,-0.003012546911254717,0.0035571424046582124,0.019974183302299556,0.03110111283573981,1.5587986012579296,1.096948695414391,1.0006751111632664,1.3333608188972084,0.005533765985137988,0.001874489361486877,-2728.7246030282718
0.004005015768466605,-0.003012546911254717,0.0035571424046582124,0.019974183302299556,0.03110111283573981,1.5587986012579296,1.096948695414391,1.0006751111632664,1.3333608188972084,0.005533765985137988,0.001874489361486877,-2728.7246030282718
0.004977913896394931,-0.0032178935970776593,0.0037022769531982634,0.019554429020185577,0.032779369244034406,1.5538899086247868,1.098511915637128,1.0097143375959985,1.3297103739446474,0.005478913038315968,0.0018597667286669932,-2727.4258616925667
0.005161799443793927,-0.0034316637746510106,0.00366383533202191,0.019645851356567632,0.031166887347524316,1.5363458797804348,1.0842868036605195,0.9951746354024341,1.298757601684327,0.007121026610621945,0.0020535761335669783,-2727.132806589847
0.004513456185286684,-0.003080108593989904,0.0038178056414585374,0.01931104926129976,0.030773610815018997,1.5623296131104385,1.0807251715720207,0.9844765624295069,1.3459610776233126,0.005908032548936114,0.002048553489655512,-2726.037648793422
0.004677159395759006,-0.0031299071972613387,0.004213971605091961,0.019043165746949003,0.0342195799486206,1.563878053817762,1.0888458781137536,0.9709788726380633,1.3654302209732054,0.005603688008706654,0.001843505475120791,-2725.21393721868
0.004603232910664196,-0.0030328106442459365,0.003991011001034365,0.01949622309088252,0.03300201000860234,1.5402483471830721,1.0901447987774158,0.9956300955412145,1.3425487071634514,0.0054240852104495575,0.0018112265862302221,-2725.1494682528655
0.004603232910664196,-0.0030328106442459365,0.003991011001034365,0.01949622309088252,0.03300201000860234,1.5402483471830721,1.0901447987774158,0.9956300955412145,1.3425487071634514,0.0054240852104495575,0.0018112265862302221,-2725.1494682528655
0.003967230249591716,-0.0026209354021245173,0.004152851491673041,0.019108810335340145,0.03359624926378812,1.5609980226965592,1.1000962385622328,0.9978800100084423,1.4171484047154754,0.0043095059363924635,0.0017126371226044625,-2725.83747126171
0.003967230249591716,-0.0026209354021245173,0.004152851491673041,0.019108810335340145,0.03359624926378812,1.5609980226965592,1.1000962385622328,0.9978800100084423,1.4171484047154754,0.0043095059363924635,0.0017126371226044625,-2725.83747126171
0.003967230249591716,-0.0026209354021245173,0.004152851491673041,0.019108810335340145,0.03359624926378812,1.5609980226965592,1.1000962385622328,0.9978800100084423,1.4171484047154754,0.0043095059363924635,0.0017126371226044625,-2725.83747126171
0.004109166507085475,-0.003438041643642283,0.00429863169852074,0.018784669520573644,0.029108384631070044,1.5622301806951953,1.1007863000655524,0.9528366601965003,1.3719814626676796,0.005562006386238407,0.0018888972596590157,-2728.829300621814
0.0032261462016270528,-0.003074355314588398,0.004072144541215616,0.019093976521664748,0.026210613277068143,1.5678327715251963,1.0997007099387932,0.9193254563872882,1.3679426107941823,0.005423019969557872,0.0019342008475826042,-2728.971003343692
0.0037408446676977184,-0.0033468972506262504,0.0040452947669205154,0.01909566308099993,0.02567572567238845,1.541940358750938,1.0984205780072103,0.9145219484566341,1.3519022631962212,0.006217557977212027,0.001968190787760097,-2728.853810523481
0.005169117176075624,-0.003705065202505715,0.0041868731515681615,0.018416407091605882,0.026685293727424505,1.5042319828055717,1.0653976192622783,0.9388963399415632,1.333105428626227,0.007424334399725614,0.0023464467274992703,-2728.59029890079
0.005169117176075624,-0.003705065202505715,0.0041868731515681615,0.018416407091605882,0.026685293727424505,1.5042319828055717,1.0653976192622783,0.9388963399415632,1.333105428626227,0.007424334399725614,0.0023464467274992703,-2728.59029890079
0.00516048342572048,-0.0036507224271099155,0.0040882220423071455,0.018790425372085286,0.0272951491322264,1.491339924450695,1.0540486120416237,0.932540450917685,1.315866085894883,0.007915061450859849,0.0022894073944443203,-2728.6223060263164
0.004824366395373597,-0.003493061835480836,0.004612337494486348,0.018353841929271638,0.02904588709218673,1.5115140667066551,1.036797361627951,0.8841879489107163,1.3589517210712896,0.0070440376533501695,0.0020994856671095272,-2730.3714053026874
0.0048749668705460655,-0.0033879185605784,0.004824524495634082,0.017915436628184726,0.02989729059358945,1.520318483243406,1.0225370741560869,0.8902924467906179,1.3522970806710544,0.006240964327045718,0.0022978597612098237,-2728.060568991506
0.005064366627232846,-0.003592777596645444,0.004410975150526932,0.018721661444421462,0.028899564948389272,1.510480293844449,1.0470318775241882,0.9303753299528736,1.3087764169944,0.00589814038811159,0.002351076920824665,-2727.9404261317704
0.004828984291747253,-0.003278760140720988,0.004659756605571999,0.018725336820634576,0.03131415679582372,1.510091746671221,1.0644883623423722,0.935107559897394,1.311519062034546,0.004330430060294043,0.0019662886296223517,-2725.6326689947778
0.004726211804218264,-0.0031290918521775634,0.004850731445676127,0.018503820114418555,0.03232191428566303,1.5343874161123412,1.0614642529619274,0.9415407143660699,1.3233198019929397,0.003618513601399554,0.0019532503748713992,-2725.361506194686
0.004721586973727416,-0.0031956788113416514,0.005213225421822811,0.018121848631417938,0.03347142064345,1.5181768369807036,1.057074587470254,0.915751933699147,1.3078151123929354,0.0036822170443639004,0.001970849076599348,-2726.0819441667422
0.0043985999076706726,-0.0029646607096578707,0.005184808408087584,0.0184696448471063,0.034211121903799,1.5163677543126592,1.0433241938768703,0.8952189862060427,1.3047243963026303,0.0034509811937747125,0.0018164538488006975,-2727.0726613052248
0.004632627810364255,-0.002662417146311479,0.004902771922924436,0.018791017863710253,0.033535824892196156,1.5074286859927502,1.0577123157365471,0.9211000819784966,1.2989276798114906,0.0029980460455297977,0.0018539520642434904,-2726.1400259656293
0.004219548545732848,-0.0025502449616365648,0.004497257989832291,0.019664445914331287,0.030732715235548616,1.4902211860276577,1.058644616599827,0.912965260609363,1.3059819131034904,0.0031848097102458056,0.0017652790400690967,-2724.1534653128056
0.004219548545732848,-0.0025502449616365648,0.004497257989832291,0.019664445914331287,0.030732715235548616,1.4902211860276577,1.058644616599827,0.912965260609363,1.3059819131034904,0.0031848097102458056,0.0017652790400690967,-2724.1534653128056
0.0050253470502054365,-0.0030986752709311893,0.003935892035818586,0.020140381462959826,0.027972661144689513,1.4682609921125018,1.0482304403261775,0.9364369033995061,1.2771432974482158,0.004125939206557956,0.0019626905256716004,-2723.143163095545
0.0050253470502054365,-0.0030986752709311893,0.003935892035818586,0.020140381462959826,0.027972661144689513,1.4682609921125018,1.0482304403261775,0.9364369033995061,1.2771432974482158,0.004125939206557956,0.0019626905256716004,-2723.143163095545
0.004333707779183259,-0.002774241784788147,0.004004386341567465,0.02045368830383288,0.027785279934576315,1.4820942248226714,1.0504037957463572,0.9135517091824487,1.29401522835666,0.0034728988459545897,0.0017926278760936867,-2722.367533415767
0.004333707779183259,-0.002774241784788147,0.004004386341567465,0.02045368830383288,0.027785279934576315,1.4820942248226714,1.0504037957463572,0.9135517091824487,1.29401522835666,0.0034728988459545897,0.0017926278760936867,-2722.367533415767
0.0038889352638455995,-0.002650437875551883,0.0038601160110006104,0.020720220916409203,0.027474422842360548,1.5133352129981286,1.0444636073486933,0.8948934369609307,1.3424244711236584,0.003696422994609056,0.00177870041797708,-2722.5039623345556
0.004223473714150279,-0.0029437875063243676,0.0036933143623215886,0.020624006757361556,0.025439187080028763,1.488428166794071,1.0326314891671755,0.8840993260875953,1.3134462258053752,0.004553536615393549,0.0020050560068430264,-2722.519195378174
0.004483113777667988,-0.0028857774963404357,0.003639296455192331,0.020670391738430483,0.0259470697263629,1.4755730392142874,1.0334502043367864,0.8910439403492815,1.2937858869235896,0.004426394318813764,0.001985106965999026,-2721.7605639646417
0.004483113777667988,-0.0028857774963404357,0.003639296455192331,0.020670391738430483,0.0259470697263629,1.4755730392142874,1.0334502043367864,0.8910439403492815,1.2937858869235896,0.004426394318813764,0.001985106965999026,-2721.7605639646417
0.004483113777667988,-0.0028857774963404357,0.003639296455192331,0.020670391738430483,0.0259470697263629,1.4755730392142874,1.0334502043367864,0.8910439403492815,1.2937858869235896,0.004426394318813764,0.001985106965999026,-2721.7605639646417
0.003847217183265637,-0.0028261357793656332,0.003703931835112621,0.020411519474451578,0.026071683196688407,1.508301466720805,1.0393663225001268,0.8861302310552224,1.3296586626567368,0.004112080277883624,0.00196175695492436,-2723.138209944346
0.003918414893838524,-0.0029159353603506266,0.0039538648786668195,0.02034261649290311,0.02733666880262602,1.4967216274672035,1.0391964437491363,0.86553296878519,1.327819673922823,0.0046783639016782395,0.0019324792313402054,-2722.649091058728
0.003850597932983011,-0.0026745517512826115,0.004476175263022884,0.019628108412510684,0.030208711798869987,1.5162371406568917,1.0410523402794045,0.8515185383324909,1.3462785573956502,0.003870537500627294,0.0017685953441637949,-2722.6452019741346
0.003850597932983011,-0.0026745517512826115,0.004476175263022884,0.019628108412510684,0.030208711798869987,1.5162371406568917,1.0410523402794045,0.8515185383324909,1.3462785573956502,0.003870537500627294,0.0017685953441637949,-2722.6452019741346
0.004041354205267363,-0.002728777346912288,0.004283059986247232,0.01970019709918385,0.029275749841290083,1.5171807926871257,1.045200966617866,0.841091100275642,1.3408675673241695,0.00435050196616593,0.0019122920228636753,-2722.2851154084246
0.004605220949918566,-0.002814725744168375,0.003979409487014252,0.020002481687578455,0.029869025515884197,1.4875817282338497,1.0419886141949308,0.8753971386692221,1.3098948820274203,0.004754690898246996,0.0020223759753513998,-2723.0844415734664
0.004225091188450028,-0.0025889420407401668,0.003944212730585195,0.020449573752765317,0.031143297522776205,1.4779539744118606,1.036907784676185,0.8835738087032373,1.3184323792001094,0.004388764607043132,0.0018674487910139645,-2722.7747870054163
0.004225091188450028,-0.0025889420407401668,0.003944212730585195,0.020449573752765317,0.031143297522776205,1.4779539744118606,1.036907784676185,0.8835738087032373,1.3184323792001094,0.004388764607043132,0.0018674487910139645,-2722.7747870054163
0.004496563689099552,-0.00287999576000647,0.004072686760529186,0.020359858224403213,0.03154682896565179,1.4690486589813943,1.035810718036735,0.8626791142705151,1.3003727478873315,0.005170754414743601,0.0018499892243780348,-2721.8262817419113
0.005023753830983203,-0.0031946118600373625,0.003988449415225172,0.02116324637270877,0.030597552704421493,1.4236033583651209,1.042756058148921,0.8480184744975912,1.2482306133963774,0.005487421958456107,0.0017327978803015251,-2722.92722313176
0.005023753830983203,-0.0031946118600373625,0.003988449415225172,0.02116324637270877,0.030597552704421493,1.4236033583651209,1.042756058148921,0.8480184744975912,1.2482306133963774,0.005487421958456107,0.0017327978803015251,-2722.92722313176
0.005823438512634789,-0.0035572710556446042,0.0041303309117453856,0.020864204534941477,0.03183524407319059,1.4037782581860885,1.0282552249851795,0.862411282624214,1.219068671725729,0.00636025473206158,0.0019371054937221423,-2723.4253595219484
0.005823438512634789,-0.0035572710556446042,0.0041303309117453856,0.020864204534941477,0.03183524407319059,1.4037782581860885,1.0282552249851795,0.862411282624214,1.219068671725729,0.00636025473206158,0.0019371054937221423,-2723.4253595219484
0.005936551950977297,-0.0036085701555749385,0.00376721836324947,0.02075454475884718,0.027835327939007344,1.4029921009307664,1.0483619246570566,0.8759131664900504,1.2017141017969037,0.006450663701411524,0.00205009047950777,-2725.1988322842544
0.006359409450967133,-0.0038035580286003194,0.00385434595738335,0.020602637508585698,0.028170501200347794,1.4096317511705787,1.0481742921692594,0.8708574741756587,1.2009944741555447,0.006696315318923743,0.002143736693578668,-2725.544813035382
0.0059987034361996695,-0.003724242534481916,0.0033628273811132643,0.021317786443014845,0.02704679407933194,1.4099024589905316,1.04447558854751,0.8832324848502737,1.2121775343626293,0.007158170476293318,0.0021299390462304886,-2724.3321242757665
0.005975226920925558,-0.0036070502551138134,0.003196223510594436,0.022046364100611088,0.028549189151674412,1.4136336462727384,1.043961932188601,0.8971037037166876,1.193062202165154,0.007125439952913735,0.0019360496958049274,-2724.0493746042807
0.005275091037404754,-0.0035030664409607948,0.0031286673029828054,0.02208709472586528,0.026548818847362488,1.4300274101533128,1.0410697836231375,0.8781399503773193,1.2069836289982123,0.006803924191894038,0.00192185055436356,-2723.730416375327
0.005533979854993596,-0.003365291092533789,0.0033780148025422943,0.021620717571357948,0.02904118001020352,1.4390755947344793,1.0433217236643504,0.8999265293209241,1.2228079780129018,0.0063822364934178035,0.0018404135852718077,-2723.062008821722
0.0033782720153986007,-0.0024842436862036205,0.0034654798743554123,0.022002709972588828,0.026113640517706743,1.475421636500637,1.0271317657858303,0.8149810366415713,1.3154623343375687,0.0055052656118164634,0.0016206228720906173,-2720.3899224092866
0.0033782720153986007,-0.0024842436862036205,0.0034654798743554123,0.022002709972588828,0.026113640517706743,1.475421636500637,1.0271317657858303,0.8149810366415713,1.3154623343375687,0.0055052656118164634,0.0016206228720906173,-2720.3899224092866
0.0033782720153986007,-0.0024842436862036205,0.0034654798743554123,0.022002709972588828,0.026113640517706743,1.475421636500637,1.0271317657858303,0.8149810366415713,1.3154623343375687,0.0055052656118164634,0.0016206228720906173,-2720.3899224092866
0.0033782720153986007,-0.0024842436862036205,0.0034654798743554123,0.022002709972588828,0.026113640517706743,1.475421636500637,1.0271317657858303,0.8149810366415713,1.3154623343375687,0.0055052656118164634,0.0016206228720906173,-2720.3899224092866
0.0033782720153986007,-0.0024842436862036205,0.0034654798743554123,0.022002709972588828,0.026113640517706743,1.475421636500637,1.0271317657858303,0.8149810366415713,1.3154623343375687,0.0055052656118164634,0.0016206228720906173,-2720.3899224092866
0.00428181121558973,-0.0028244675674664295,0.0033115963622020075,0.022658600249200935,0.0275625855186403,1.4172199053240937,1.0272284826031113,0.8530913048678268,1.2361463671644006,0.0066932305688121455,0.0016270189590749235,-2720.2822004721165
0.00428181121558973,-0.0028244675674664295,0.0033115963622020075,0.022658600249200935,0.0275625855186403,1.4172199053240937,1.0272284826031113,0.8530913048678268,1.2361463671644006,0.0066932305688121455,0.0016270189590749235,-2720.2822004721165
0.00428181121558973,-0.0028244675674664295,0.0033115963622020075,0.022658600249200935,0.0275625855186403,1.4172199053240937,1.0272284826031113,0.8530913048678268,1.2361463671644006,0.0066932305688121455,0.0016270189590749235,-2720.2822004721165
0.0038956487913602116,-0.00272361515829473,0.0034267321852276033,0.022066982032955935,0.025743289778748776,1.417373491781024,1.0160617053235246,0.8241466952191993,1.2516784288439973,0.007660687322262009,0.0017906186918626769,-2721.415656409386
0.0038956487913602116,-0.00272361515829473,0.0034267321852276033,0.022066982032955935,0.025743289778748776,1.417373491781024,1.0160617053235246,0.8241466952191993,1.2516784288439973,0.007660687322262009,0.0017906186918626769,-2721.415656409386
0.0036690963122384367,-0.0027583427819983302,0.003855629891415192,0.020989404022027574,0.02598053455169068,1.4498816245164825,1.0354622998725824,0.809659930519348,1.274853654436707,0.0067005679468805784,0.0017437868487364591,-2722.479860901469
0.0036690963122384367,-0.0027583427819983302,0.003855629891415192,0.020989404022027574,0.02598053455169068,1.4498816245164825,1.0354622998725824,0.809659930519348,1.274853654436707,0.0067005679468805784,0.0017437868487364591,-2722.479860901469
0.0036690963122384367,-0.0027583427819983302,0.003855629891415192,0.020989404022027574,0.02598053455169068,1.4498816245164825,1.0354622998725824,0.809659930519348,1.274853654436707,0.0067005679468805784,0.0017437868487364591,-2722.479860901469
0.0036690963122384367,-0.0027583427819983302,0.003855629891415192,0.020989404022027574,0.02598053455169068,1.4498816245164825,1.0354622998725824,0.809659930519348,1.274853654436707,0.0067005679468805784,0.0017437868487364591,-2722.479860901469
0.0024207846737906175,-0.002091653783174714,0.0035738550260293296,0.021833417700129327,0.025012873218621584,1.485885127849084,1.0297238461594689,0.7971933500252937,1.344196604796637,0.006204883887625859,0.0015434848362919503,-2721.3317280807896
0.0035830310678450668,-0.002436294654550853,0.0037512929186104037,0.021738020958651127,0.02824836410568047,1.4679065042875727,1.0134069155528993,0.8179979818674012,1.314660886416316,0.007059222059308803,0.0015828322873356585,-2720.298810272752
0.003191118525738175,-0.0022625844597877814,0.0038979904345613032,0.021407427551590353,0.02814435463980553,1.478977518094653,1.0138238479037056,0.8095679814549773,1.343702930523065,0.006653136005889787,0.001595490508254689,-2720.548859203547
0.003191118525738175,-0.0022625844597877814,0.0038979904345613032,0.021407427551590353,0.02814435463980553,1.478977518094653,1.0138238479037056,0.8095679814549773,1.343702930523065,0.006653136005889787,0.001595490508254689,-2720.548859203547
0.0035553353287467847,-0.0025256781911700346,0.003577765138279039,0.022040874417841538,0.026633000496387945,1.4326495567309627,1.0081448922746215,0.8163579986381707,1.3142742614299252,0.007592499872222689,0.00165035889620976,-2720.4610102080796
0.0035553353287467847,-0.0025256781911700346,0.003577765138279039,0.022040874417841538,0.026633000496387945,1.4326495567309627,1.0081448922746215,0.8163579986381707,1.3142742614299252,0.007592499872222689,0.00165035889620976,-2720.4610102080796
0.0035553353287467847,-0.0025256781911700346,0.003577765138279039,0.022040874417841538,0.026633000496387945,1.4326495567309627,1.0081448922746215,0.8163579986381707,1.3142742614299252,0.007592499872222689,0.00165035889620976,-2720.4610102080796
0.0035553353287467847,-0.0025256781911700346,0.003577765138279039,0.022040874417841538,0.026633000496387945,1.4326495567309627,1.0081448922746215,0.8163579986381707,1.3142742614299252,0.007592499872222689,0.00165035889620976,-2720.4610102080796
0.0035553353287467847,-0.0025256781911700346,0.003577765138279039,0.022040874417841538,0.026633000496387945,1.4326495567309627,1.0081448922746215,0.8163579986381707,1.3142742614299252,0.007592499872222689,0.00165035889620976,-2720.4610102080796
0.0035553353287467847,-0.0025256781911700346,0.003577765138279039,0.022040874417841538,0.026633000496387945,1.4326495567309627,1.0081448922746215,0.8163579986381707,1.3142742614299252,0.007592499872222689,0.00165035889620976,-2720.4610102080796
0.0035553353287467847,-0.0025256781911700346,0.003577765138279039,0.022040874417841538,0.026633000496387945,1.4326495567309627,1.0081448922746215,0.8163579986381707,1.3142742614299252,0.007592499872222689,0.00165035889620976,-2720.4610102080796
0.0035553353287467847,-0.0025256781911700346,0.003577765138279039,0.022040874417841538,0.026633000496387945,1.4326495567309627,1.0081448922746215,0.8163579986381707,1.3142742614299252,0.007592499872222689,0.00165035889620976,-2720.4610102080796
0.0035553353287467847,-0.0025256781911700346,0.003577765138279039,0.022040874417841538,0.026633000496387945,1.4326495567309627,1.0081448922746215,0.8163579986381707,1.3142742614299252,0.007592499872222689,0.00165035889620976,-2720.4610102080796
0.0035553353287467847,-0.0025256781911700346,0.003577765138279039,0.022040874417841538,0.026633000496387945,1.4326495567309627,1.0081448922746215,0.8163579986381707,1.3142742614299252,0.007592499872222689,0.00165035889620976,-2720.4610102080796
0.0035553353287467847,-0.0025256781911700346,0.003577765138279039,0.022040874417841538,0.026633000496387945,1.4326495567309627,1.0081448922746215,0.8163579986381707,1.3142742614299252,0.007592499872222689,0.00165035889620976,-2720.4610102080796
0.0038689637088264086,-0.0024897677183761714,0.0035282446295288785,0.022268128654944756,0.027493145635116047,1.4220053768240921,1.0108839163447036,0.837041192995349,1.2874200830540767,0.007137616661731154,0.0015748910859107934,-2720.4570914284027
0.0038689637088264086,-0.0024897677183761714,0.0035282446295288785,0.022268128654944756,0.027493145635116047,1.4220053768240921,1.0108839163447036,0.837041192995349,1.2874200830540767,0.007137616661731154,0.0015748910859107934,-2720.4570914284027
0.0030990271170108063,-0.0022191656155749516,0.003456544044176471,0.02297500687720373,0.026510459006574005,1.4139238325747754,0.9978682445772814,0.7890403151439854,1.2727411296610494,0.007511989886504025,0.001450213306817896,-2719.87191817556
0.00307020141758238,-0.0020910137811598496,0.003555502248082656,0.023113151381258124,0.027875657519992166,1.4116728742249027,0.9823182105305897,0.7755518287783734,1.2671104015498622,0.00785155712858018,0.0014599049393434237,-2719.8466756692437
0.00307020141758238,-0.0020910137811598496,0.003555502248082656,0.023113151381258124,0.027875657519992166,1.4116728742249027,0.9823182105305897,0.7755518287783734,1.2671104015498622,0.00785155712858018,0.0014599049393434237,-2719.8466756692437
0.00307020141758238,-0.0020910137811598496,0.003555502248082656,0.023113151381258124,0.027875657519992166,1.4116728742249027,0.9823182105305897,0.7755518287783734,1.2671104015498622,0.00785155712858018,0.0014599049393434237,-2719.8466756692437
0.00307020141758238,-0.0020910137811598496,0.003555502248082656,0.023113151381258124,0.027875657519992166,1.4116728742249027,0.9823182105305897,0.7755518287783734,1.2671104015498622,0.00785155712858018,0.0014599049393434237,-2719.8466756692437
0.00307020141758238,-0.0020910137811598496,0.003555502248082656,0.023113151381258124,0.027875657519992166,1.4116728742249027,0.9823182105305897,0.7755518287783734,1.2671104015498622,0.00785155712858018,0.0014599049393434237,-2719.8466756692437
0.00307020141758238,-0.0020910137811598496,0.003555502248082656,0.023113151381258124,0.027875657519992166,1.4116728742249027,0.9823182105305897,0.7755518287783734,1.2671104015498622,0.00785155712858018,0.0014599049393434237,-2719.8466756692437
0.0032188564900051155,-0.0019061458489908834,0.0032713904004806706,0.022924952673302273,0.026946947975667702,1.4312327367224444,0.9853577247862516,0.8154851725733974,1.3052498554179284,0.007247459119281378,0.001524176659981757,-2722.8540463463005
0.002326374352373782,-0.0019228595816875626,0.0029767034662415773,0.024410757502179827,0.02766199245127576,1.421343654277003,1.0146307733737492,0.8451792459583969,1.2660025363097864,0.00643644063044867,0.001278099454232266,-2724.0008534585586
0.00397486556738528,-0.0024935839168658165,0.0025967673140588413,0.025472871510955456,0.02760355756250343,1.3596487970569004,1.0182659854905094,0.8893851920748463,1.181035307769398,0.007548933064262405,0.0012519422930247254,-2721.19599498994
0.004209657228678772,-0.0021063158612435453,0.0030349613788247395,0.02346158772327327,0.03069296841572928,1.424008156107451,1.0199331840394588,0.9176896986534699,1.2421152625785248,0.0052835647245141615,0.0014685494861690076,-2722.392235809472
0.005654570779691058,-0.0029008014858938813,0.002959561703702263,0.024341412547168793,0.03477643523590366,1.3574425880196332,0.9917915982213743,0.938974732507847,1.1442517225080877,0.007427428958180989,0.0016289860084860819,-2726.6637817229316
0.005003946645205218,-0.0029967680562188225,0.003096699240756234,0.02377598061298608,0.030247150131036245,1.3955478488901605,1.0142126433149634,0.9081363664544442,1.1739261342625522,0.006734854882469422,0.001555892996315383,-2722.1409147233107
0.005003946645205218,-0.0029967680562188225,0.003096699240756234,0.02377598061298608,0.030247150131036245,1.3955478488901605,1.0142126433149634,0.9081363664544442,1.1739261342625522,0.006734854882469422,0.001555892996315383,-2722.1409147233107
0.005003946645205218,-0.0029967680562188225,0.003096699240756234,0.02377598061298608,0.030247150131036245,1.3955478488901605,1.0142126433149634,0.9081363664544442,1.1739261342625522,0.006734854882469422,0.001555892996315383,-2722.1409147233107
0.005247904864073989,-0.0029150388518662364,0.0029098933109490033,0.024250125112678603,0.03074895336248044,1.3720340552198604,0.9986227222538941,0.929430623726738,1.1777208026285708,0.007012602821183877,0.0015649906699182242,-2721.3202594092936
0.004763262400215259,-0.0028085596866683485,0.0029281965753786866,0.024065987342150163,0.029892820992320206,1.3690821191297189,1.0087035511506657,0.9037174729532399,1.1881347451314639,0.007303410281414216,0.0015136700473956702,-2720.302451444096
0.004763262400215259,-0.0028085596866683485,0.0029281965753786866,0.024065987342150163,0.029892820992320206,1.3690821191297189,1.0087035511506657,0.9037174729532399,1.1881347451314639,0.007303410281414216,0.0015136700473956702,-2720.302451444096
0.003930362906136313,-0.002526466710890068,0.0028767471268566678,0.025083958063710447,0.0300954217305296,1.373334723574341,0.9894463433839922,0.8910786962825257,1.2259365186944133,0.007257775941859567,0.0013915069143969293,-2722.2683596265647
0.004663545592457047,-0.002882547605716524,0.0031689692784267454,0.024296565863463616,0.03337925384910308,1.3648867374147151,0.9962382328224317,0.8988539078569684,1.2096637623371873,0.007602629109696157,0.0013658007922828289,-2722.4670592730763
0.004663545592457047,-0.002882547605716524,0.0031689692784267454,0.024296565863463616,0.03337925384910308,1.3648867374147151,0.9962382328224317,0.8988539078569684,1.2096637623371873,0.007602629109696157,0.0013658007922828289,-2722.4670592730763
0.003607049864071137,-0.00235059526492201,0.003202225220853988,0.023876476682484233,0.030877287519226713,1.408937648235073,1.006142016113905,0.8915627586837777,1.2880737775400766,0.006051203375271021,0.0013382848610453636,-2720.5699642455334
0.003607049864071137,-0.00235059526492201,0.003202225220853988,0.023876476682484233,0.030877287519226713,1.408937648235073,1.006142016113905,0.8915627586837777,1.2880737775400766,0.006051203375271021,0.0013382848610453636,-2720.5699642455334
0.003607049864071137,-0.00235059526492201,0.003202225220853988,0.023876476682484233,0.030877287519226713,1.408937648235073,1.006142016113905,0.8915627586837777,1.2880737775400766,0.006051203375271021,0.0013382848610453636,-2720.5699642455334
0.003998132661598692,-0.0026209119522872188,0.003092438081161235,0.024195305452262547,0.030086902905432852,1.3987625521687628,1.0053666646423243,0.8889809542264767,1.2531659412332448,0.006595954250472,0.0013638937026883428,-2720.863961713225
0.0034658952947305456,-0.0023104285773750946,0.003234244875775312,0.024373224287700748,0.03274273274476191,1.3984700421731993,0.9991452630755588,0.8745014748490211,1.2494444089540793,0.006256899052488258,0.0013002834118166615,-2720.137720844763
0.0034658952947305456,-0.0023104285773750946,0.003234244875775312,0.024373224287700748,0.03274273274476191,1.3984700421731993,0.9991452630755588,0.8745014748490211,1.2494444089540793,0.006256899052488258,0.0013002834118166615,-2720.137720844763
0.0034658952947305456,-0.0023104285773750946,0.003234244875775312,0.024373224287700748,0.03274273274476191,1.3984700421731993,0.9991452630755588,0.8745014748490211,1.2494444089540793,0.006256899052488258,0.0013002834118166615,-2720.137720844763
0.003339683543221292,-0.0024894788229110577,0.0032254695434110123,0.024688964176818998,0.03283454655451774,1.3992283427741112,0.9948565831856788,0.8544357551869219,1.2182835726233368,0.006679012700690254,0.0012761869351752405,-2721.7656125783305
0.003339683543221292,-0.0024894788229110577,0.0032254695434110123,0.024688964176818998,0.03283454655451774,1.3992283427741112,0.9948565831856788,0.8544357551869219,1.2182835726233368,0.006679012700690254,0.0012761869351752405,-2721.7656125783305
0.003339683543221292,-0.0024894788229110577,0.0032254695434110123,0.024688964176818998,0.03283454655451774,1.3992283427741112,0.9948565831856788,0.8544357551869219,1.2182835726233368,0.006679012700690254,0.0012761869351752405,-2721.7656125783305
0.002972591456723475,-0.002243107494179837,0.003736797228177777,0.02311821444289772,0.03283902864555881,1.430904835121737,1.0124175623550524,0.873782096408728,1.2707550830955305,0.005254855282090646,0.0013153815631024848,-2720.3162642473803
0.002972591456723475,-0.002243107494179837,0.003736797228177777,0.02311821444289772,0.03283902864555881,1.430904835121737,1.0124175623550524,0.873782096408728,1.2707550830955305,0.005254855282090646,0.0013153815631024848,-2720.3162642473803
0.002972591456723475,-0.002243107494179837,0.003736797228177777,0.02311821444289772,0.03283902864555881,1.430904835121737,1.0124175623550524,0.873782096408728,1.2707550830955305,0.005254855282090646,0.0013153815631024848,-2720.3162642473803
0.002972591456723475,-0.002243107494179837,0.003736797228177777,0.02311821444289772,0.03283902864555881,1.430904835121737,1.0124175623550524,0.873782096408728,1.2707550830955305,0.005254855282090646,0.0013153815631024848,-2720.3162642473803
0.002972591456723475,-0.002243107494179837,0.003736797228177777,0.02311821444289772,0.03283902864555881,1.430904835121737,1.0124175623550524,0.873782096408728,1.2707550830955305,0.005254855282090646,0.0013153815631024848,-2720.3162642473803
0.002835412451566953,-0.0020759769978853536,0.003786509113163398,0.022942200982262254,0.03386373894349687,1.4598227127821208,1.0103779002404392,0.8710600291410349,1.2968111431249196,0.004427948732987504,0.0012726684505616054,-2720.065841539318
0.002835412451566953,-0.0020759769978853536,0.003786509113163398,0.022942200982262254,0.03386373894349687,1.4598227127821208,1.0103779002404392,0.8710600291410349,1.2968111431249196,0.004427948732987504,0.0012726684505616054,-2720.065841539318
0.0026809134712408745,-0.0019929617715942457,0.003685852252999269,0.023311652399418407,0.033292732894790095,1.448661706460161,1.0134381013189457,0.8547902121550837,1.2630148198439086,0.004621614021891601,0.001220026938499924,-2719.8486922293914
0.0026809134712408745,-0.0019929617715942457,0.003685852252999269,0.023311652399418407,0.033292732894790095,1.448661706460161,1.0134381013189457,0.8547902121550837,1.2630148198439086,0.004621614021891601,0.001220026938499924,-2719.8486922293914
0.0032692703679301754,-0.0022260743225027343,0.003455102886908531,0.024497804049288842,0.035343051110540195,1.393456949680154,0.9909437347252785,0.8703283235873952,1.214295186683279,0.005921382435021561,0.0011980458500876158,-2719.8360979451827
0.0032692703679301754,-0.0022260743225027343,0.003455102886908531,0.024497804049288842,0.035343051110540195,1.393456949680154,0.9909437347252785,0.8703283235873952,1.214295186683279,0.005921382435021561,0.0011980458500876158,-2719.8360979451827
0.0032692703679301754,-0.0022260743225027343,0.003455102886908531,0.024497804049288842,0.035343051110540195,1.393456949680154,0.9909437347252785,0.8703283235873952,1.214295186683279,0.005921382435021561,0.0011980458500876158,-2719.8360979451827
0.0015516487229233385,-0.0015303852938158627,0.0037636647785849633,0.0234687974666022,0.03390476266315046,1.4918750308904976,1.0048130199909941,0.8450192930204738,1.3357399940442418,0.0039293342993262335,0.0011037543472145256,-2720.5838078269157
0.0019268509782346139,-0.0017351513530728538,0.0037228619043083518,0.02368393213433343,0.03430327080906647,1.456489767746103,0.9995378027219082,0.8602440042573253,1.309966982219594,0.004231457108877222,0.0010760719410260102,-2721.26768155964
0.0019268509782346139,-0.0017351513530728538,0.0037228619043083518,0.02368393213433343,0.03430327080906647,1.456489767746103,0.9995378027219082,0.8602440042573253,1.309966982219594,0.004231457108877222,0.0010760719410260102,-2721.26768155964
0.0019268509782346139,-0.0017351513530728538,0.0037228619043083518,0.02368393213433343,0.03430327080906647,1.456489767746103,0.9995378027219082,0.8602440042573253,1.309966982219594,0.004231457108877222,0.0010760719410260102,-2721.26768155964
0.00217731293998478,-0.0019477130929269728,0.003749991496070803,0.02362708569392874,0.0332354189361104,1.4490362036822706,0.9944747065965921,0.853096146865576,1.3124293584943532,0.004634892511329008,0.0011787917396425946,-2721.4785614879597
0.0029955925193945743,-0.0020857767778491177,0.003736551262792748,0.023691725278172763,0.03559847856849811,1.420869771380565,0.9854975680751696,0.8607026218355525,1.296549197232273,0.005525971545158123,0.0012106102461812583,-2721.1152927603043
0.0029955925193945743,-0.0020857767778491177,0.003736551262792748,0.023691725278172763,0.03559847856849811,1.420869771380565,0.9854975680751696,0.8607026218355525,1.296549197232273,0.005525971545158123,0.0012106102461812583,-2721.1152927603043
0.0029955925193945743,-0.0020857767778491177,0.003736551262792748,0.023691725278172763,0.03559847856849811,1.420869771380565,0.9854975680751696,0.8607026218355525,1.296549197232273,0.005525971545158123,0.0012106102461812583,-2721.1152927603043
0.0035175924630788356,-0.002275767280307663,0.0033069346052848826,0.024207694035921216,0.032658939339536626,1.3837947732966556,0.9847020365989289,0.8664082255153803,1.256882103474016,0.006410237170503954,0.001303997230555207,-2719.8654566010814
0.0028659323647945954,-0.0019753561540738346,0.0031403314261966644,0.023820518850282676,0.02710174741656344,1.4037774153841462,0.9875856813747248,0.862421600034156,1.277763134213909,0.005875344941600727,0.0013748124587457113,-2719.4898790529487
0.0028659323647945954,-0.0019753561540738346,0.0031403314261966644,0.023820518850282676,0.02710174741656344,1.4037774153841462,0.9875856813747248,0.862421600034156,1.277763134213909,0.005875344941600727,0.0013748124587457113,-2719.4898790529487
0.0029616988263170708,-0.002139114191115527,0.0029473909128998684,0.024530061041132353,0.028112951194056348,1.3909130890349244,0.9818967234041227,0.9003820372191137,1.2743375848160463,0.0055222989292835565,0.0012629180119545708,-2721.460482953407
0.0038185180890635342,-0.0024608565186564207,0.0027214834464010435,0.024379131180032973,0.02705173533780139,1.3802146464895535,0.9806000986587882,0.9286659839589306,1.260693656009533,0.006629491368489396,0.0014522650512139052,-2720.5263175391597
0.0038185180890635342,-0.0024608565186564207,0.0027214834464010435,0.024379131180032973,0.02705173533780139,1.3802146464895535,0.9806000986587882,0.9286659839589306,1.260693656009533,0.006629491368489396,0.0014522650512139052,-2720.5263175391597
0.0036122073215899917,-0.0022344410682645487,0.002712452972597884,0.025113981482418495,0.027974447774192876,1.368060388622947,0.9616329052339649,0.915637458114842,1.2552127762848624,0.006447180536328903,0.0013782968941886888,-2720.663904714001
0.0030628499534474905,-0.0021552390923275794,0.002464510701934121,0.025671984405002023,0.02566454854170485,1.374187318108304,0.982514822975403,0.918080205941063,1.240295228113207,0.005782296306889193,0.0012841771295326538,-2720.3775256642207
0.0037831565024238865,-0.00238895836181812,0.002433339206765306,0.025667084627488596,0.025140430773653088,1.3550032020413174,0.9816862023955063,0.9356184068248956,1.2150903627053127,0.005938844389229031,0.0013611442755084783,-2719.1939032344326
0.0037831565024238865,-0.00238895836181812,0.002433339206765306,0.025667084627488596,0.025140430773653088,1.3550032020413174,0.9816862023955063,0.9356184068248956,1.2150903627053127,0.005938844389229031,0.0013611442755084783,-2719.1939032344326
0.0037831565024238865,-0.00238895836181812,0.002433339206765306,0.025667084627488596,0.025140430773653088,1.3550032020413174,0.9816862023955063,0.9356184068248956,1.2150903627053127,0.005938844389229031,0.0013611442755084783,-2719.1939032344326
0.0037831565024238865,-0.00238895836181812,0.002433339206765306,0.025667084627488596,0.025140430773653088,1.3550032020413174,0.9816862023955063,0.9356184068248956,1.2150903627053127,0.005938844389229031,0.0013611442755084783,-2719.1939032344326
0.0032043825453033237,-0.0021394175367398047,0.0026476177485838413,0.025467253174584217,0.026217229732912996,1.371232971039219,0.9783817929822394,0.9036928256563295,1.2410940615421,0.005781855035638843,0.0012462901765744915,-2719.2663745849286
0.0032043825453033237,-0.0021394175367398047,0.0026476177485838413,0.025467253174584217,0.026217229732912996,1.371232971039219,0.9783817929822394,0.9036928256563295,1.2410940615421,0.005781855035638843,0.0012462901765744915,-2719.2663745849286
0.0032043825453033237,-0.0021394175367398047,0.0026476177485838413,0.025467253174584217,0.026217229732912996,1.371232971039219,0.9783817929822394,0.9036928256563295,1.2410940615421,0.005781855035638843,0.0012462901765744915,-2719.2663745849286
0.0032043825453033237,-0.0021394175367398047,0.0026476177485838413,0.025467253174584217,0.026217229732912996,1.371232971039219,0.9783817929822394,0.9036928256563295,1.2410940615421,0.005781855035638843,0.0012462901765744915,-2719.2663745849286
0.0032043825453033237,-0.0021394175367398047,0.0026476177485838413,0.025467253174584217,0.026217229732912996,1.371232971039219,0.9783817929822394,0.9036928256563295,1.2410940615421,0.005781855035638843,0.0012462901765744915,-2719.2663745849286
0.0032043825453033237,-0.0021394175367398047,0.0026476177485838413,0.025467253174584217,0.026217229732912996,1.371232971039219,0.9783817929822394,0.9036928256563295,1.2410940615421,0.005781855035638843,0.0012462901765744915,-2719.2663745849286
0.0029548891249090714,-0.0021613552877128035,0.0024927174385401332,0.026028887465827558,0.025102169165902993,1.3525291840521028,0.9866572406656954,0.9008865835002828,1.2243240411591798,0.00637176957093398,0.00121882830190561,-2720.5631503575923
0.0034068541558880065,-0.0024028547542453045,0.0020210110831602565,0.02737252539158172,0.023487014473152865,1.3056438536508743,0.972222519400984,0.9012111114378644,1.169168892979663,0.008177933480531651,0.0012234013379987174,-2720.8555014158237
0.0032212710268519715,-0.001933502519481837,0.0022232379765040303,0.026251612416238322,0.024032274510607778,1.3384531198487553,0.9680178627088941,0.8954592618625332,1.2252956567668465,0.0066749735386628616,0.0012120004108363484,-2720.907078434946
0.0037675500231711834,-0.002391130254305592,0.002025595000785051,0.02680024453561936,0.023472364677838326,1.346020470711583,0.9606448020578878,0.9188629558390464,1.1897344427419236,0.007360403453862664,0.0012630892186035981,-2721.225377963819
0.0037675500231711834,-0.002391130254305592,0.002025595000785051,0.02680024453561936,0.023472364677838326,1.346020470711583,0.9606448020578878,0.9188629558390464,1.1897344427419236,0.007360403453862664,0.0012630892186035981,-2721.225377963819
0.0027193230009513927,-0.0020376364941183753,0.002464519523870511,0.025372565822140595,0.023143357679269727,1.3820609365679246,0.9713192433634299,0.8502145618543026,1.2498192193362878,0.0072590269399573784,0.001326583230662488,-2719.2352142371906
0.0027193230009513927,-0.0020376364941183753,0.002464519523870511,0.025372565822140595,0.023143357679269727,1.3820609365679246,0.9713192433634299,0.8502145618543026,1.2498192193362878,0.0072590269399573784,0.001326583230662488,-2719.2352142371906
0.0027193230009513927,-0.0020376364941183753,0.002464519523870511,0.025372565822140595,0.023143357679269727,1.3820609365679246,0.9713192433634299,0.8502145618543026,1.2498192193362878,0.0072590269399573784,0.001326583230662488,-2719.2352142371906
0.0027193230009513927,-0.0020376364941183753,0.002464519523870511,0.025372565822140595,0.023143357679269727,1.3820609365679246,0.9713192433634299,0.8502145618543026,1.2498192193362878,0.0072590269399573784,0.001326583230662488,-2719.2352142371906
0.0027193230009513927,-0.0020376364941183753,0.002464519523870511,0.025372565822140595,0.023143357679269727,1.3820609365679246,0.9713192433634299,0.8502145618543026,1.2498192193362878,0.0072590269399573784,0.001326583230662488,-2719.2352142371906
0.0027193230009513927,-0.0020376364941183753,0.002464519523870511,0.025372565822140595,0.023143357679269727,1.3820609365679246,0.9713192433634299,0.8502145618543026,1.2498192193362878,0.0072590269399573784,0.001326583230662488,-2719.2352142371906
0.0027193230009513927,-0.0020376364941183753,0.002464519523870511,0.025372565822140595,0.023143357679269727,1.3820609365679246,0.9713192433634299,0.8502145618543026,1.2498192193362878,0.0072590269399573784,0.001326583230662488,-2719.2352142371906
0.0027193230009513927,-0.0020376364941183753,0.002464519523870511,0.025372565822140595,0.023143357679269727,1.3820609365679246,0.9713192433634299,0.8502145618543026,1.2498192193362878,0.0072590269399573784,0.001326583230662488,-2719.2352142371906
0.0027193230009513927,-0.0020376364941183753,0.002464519523870511,0.025372565822140595,0.023143357679269727,1.3820609365679246,0.9713192433634299,0.8502145618543026,1.2498192193362878,0.0072590269399573784,0.001326583230662488,-2719.2352142371906
0.0027193230009513927,-0.0020376364941183753,0.002464519523870511,0.025372565822140595,0.023143357679269727,1.3820609365679246,0.9713192433634299,0.8502145618543026,1.2498192193362878,0.0072590269399573784,0.001326583230662488,-2719.2352142371906
0.002015720525134544,-0.001804214263096667,0.00256612251763018,0.025536953323790978,0.02374089964029972,1.4030918517556432,0.9735908780470217,0.8276540803166316,1.274979852200627,0.007046784572945084,0.001167715844702663,-2720.18820797652
0.001949594771928893,-0.0019059455778188293,0.0025290190119710183,0.025556440475685022,0.023433667338873115,1.4057286961833473,0.9815453425745903,0.8255639668398003,1.2846416665207183,0.006514382724988535,0.001164569123987998,-2721.0904522812716
0.0017992912973258581,-0.0019370940368244431,0.003232076859461395,0.02387019170849634,0.024975261431033187,1.460723653640134,1.0027968735968666,0.8006416775247595,1.3573712087004979,0.005756597283489401,0.0011964060399819979,-2720.9656836555987
0.0017992912973258581,-0.0019370940368244431,0.003232076859461395,0.02387019170849634,0.024975261431033187,1.460723653640134,1.0027968735968666,0.8006416775247595,1.3573712087004979,0.005756597283489401,0.0011964060399819979,-2720.9656836555987
0.0015110749197895634,-0.0018386200281546713,0.0034729121019976316,0.023865488052705962,0.02632662774951427,1.454157756142593,0.9998267798579908,0.7916116896830683,1.3578507536720856,0.005821395820467554,0.0011152284073942132,-2720.849111097834
0.0015310017410501454,-0.001796216614590864,0.0037927930596610452,0.02328358757829286,0.027658731706946958,1.460503516488946,1.0055545266531933,0.792674773838109,1.3710315892362328,0.005147041639279401,0.0011238813203656415,-2719.9174858334577
0.0015310017410501454,-0.001796216614590864,0.0037927930596610452,0.02328358757829286,0.027658731706946958,1.460503516488946,1.0055545266531933,0.792674773838109,1.3710315892362328,0.005147041639279401,0.0011238813203656415,-2719.9174858334577
0.0015310017410501454,-0.001796216614590864,0.0037927930596610452,0.02328358757829286,0.027658731706946958,1.460503516488946,1.0055545266531933,0.792674773838109,1.3710315892362328,0.005147041639279401,0.0011238813203656415,-2719.9174858334577
0.0015310017410501454,-0.001796216614590864,0.0037927930596610452,0.02328358757829286,0.027658731706946958,1.460503516488946,1.0055545266531933,0.792674773838109,1.3710315892362328,0.005147041639279401,0.0011238813203656415,-2719.9174858334577
0.0015310017410501454,-0.001796216614590864,0.0037927930596610452,0.02328358757829286,0.027658731706946958,1.460503516488946,1.0055545266531933,0.792674773838109,1.3710315892362328,0.005147041639279401,0.0011238813203656415,-2719.9174858334577
0.0015310017410501454,-0.001796216614590864,0.0037927930596610452,0.02328358757829286,0.027658731706946958,1.460503516488946,1.0055545266531933,0.792674773838109,1.3710315892362328,0.005147041639279401,0.0011238813203656415,-2719.9174858334577
0.0013422115016296279,-0.0015351962995330077,0.00407891876276936,0.022887110351992656,0.03045989087894146,1.5015774332797482,0.9955813259754874,0.7931155236250242,1.3941954502698457,0.004300593027483361,0.001062954529656664,-2718.8636035836917
0.0013422115016296279,-0.0015351962995330077,0.00407891876276936,0.022887110351992656,0.03045989087894146,1.5015774332797482,0.9955813259754874,0.7931155236250242,1.3941954502698457,0.004300593027483361,0.001062954529656664,-2718.8636035836917
0.0011904918888654414,-0.001527808855917411,0.004002624278654454,0.022933657753505348,0.02865576034019713,1.5348298289410698,0.9980435941685848,0.7716189085098424,1.3588275648400145,0.004152566033491464,0.0010477793267096294,-2720.4816199396696
0.0016230334924556243,-0.0012651608263603573,0.0033686987105146617,0.023332828567203628,0.026977381911102716,1.527888241873093,1.0031207833335152,0.8153331469957592,1.363990030298362,0.004290472199541216,0.0010916223262376447,-2721.711726461106
0.0016230334924556243,-0.0012651608263603573,0.0033686987105146617,0.023332828567203628,0.026977381911102716,1.527888241873093,1.0031207833335152,0.8153331469957592,1.363990030298362,0.004290472199541216,0.0010916223262376447,-2721.711726461106
0.002261249977787816,-0.0013993672295355836,0.0028142241848876886,0.024602428882703004,0.02599136971225433,1.486722159228588,1.0173437172262128,0.8747014211397449,1.2913071913287228,0.00443793734592631,0.0011066507228647577,-2721.6316349801327
0.003041175158804506,-0.0017253145640392271,0.0025785445592307185,0.024288925856734637,0.024490615325708204,1.4658934063291946,1.02182498568448,0.8892807763460682,1.2844896817616016,0.005168905473967525,0.0013157206652544876,-2720.9326533618373
0.003041175158804506,-0.0017253145640392271,0.0025785445592307185,0.024288925856734637,0.024490615325708204,1.4658934063291946,1.02182498568448,0.8892807763460682,1.2844896817616016,0.005168905473967525,0.0013157206652544876,-2720.9326533618373
0.0035043917918375685,-0.0020574826651552835,0.002825614513434617,0.024135940479562044,0.02663959382195126,1.4382792679707157,1.0154377088838855,0.8861041485778138,1.2538421359753014,0.005449232537540998,0.0012872168261502774,-2720.4640229680626
0.0032352843274931365,-0.0020152351224154413,0.0029864453848341853,0.024149709180733624,0.026893283576246162,1.4271211085592161,1.0019977365109614,0.8698185020458429,1.264702857981841,0.005740813193398237,0.0012870151831675984,-2719.0080242239437
0.0032352843274931365,-0.0020152351224154413,0.0029864453848341853,0.024149709180733624,0.026893283576246162,1.4271211085592161,1.0019977365109614,0.8698185020458429,1.264702857981841,0.005740813193398237,0.0012870151831675984,-2719.0080242239437
0.0032352843274931365,-0.0020152351224154413,0.0029864453848341853,0.024149709180733624,0.026893283576246162,1.4271211085592161,1.0019977365109614,0.8698185020458429,1.264702857981841,0.005740813193398237,0.0012870151831675984,-2719.0080242239437
0.0032352843274931365,-0.0020152351224154413,0.0029864453848341853,0.024149709180733624,0.026893283576246162,1.4271211085592161,1.0019977365109614,0.8698185020458429,1.264702857981841,0.005740813193398237,0.0012870151831675984,-2719.0080242239437
0.003363780049688252,-0.002019489947722295,0.0033532597935129515,0.023511582866542532,0.0281584448267308,1.4349103165983668,0.9962936817934408,0.8539591451119719,1.2824669872737438,0.00526955882122498,0.0013364324801707914,-2720.0502432868866
0.003363780049688252,-0.002019489947722295,0.0033532597935129515,0.023511582866542532,0.0281584448267308,1.4349103165983668,0.9962936817934408,0.8539591451119719,1.2824669872737438,0.00526955882122498,0.0013364324801707914,-2720.0502432868866
0.003363780049688252,-0.002019489947722295,0.0033532597935129515,0.023511582866542532,0.0281584448267308,1.4349103165983668,0.9962936817934408,0.8539591451119719,1.2824669872737438,0.00526955882122498,0.0013364324801707914,-2720.0502432868866
0.0024724485124226585,-0.001827207470531141,0.0034417540544477423,0.023550656009069762,0.028738206683884118,1.4695371093623182,0.995532617893238,0.8456162064659516,1.3162051467143918,0.00468512988492194,0.0012523085719751087,-2720.0286275499584
0.002760317296360136,-0.00207983806357509,0.003346730127997829,0.024037275204133027,0.028770969355786484,1.4258128673082198,0.9761734685671872,0.8336828217770205,1.260046293963821,0.005931257261847169,0.0013837024015521994,-2720.322975354529
0.002760317296360136,-0.00207983806357509,0.003346730127997829,0.024037275204133027,0.028770969355786484,1.4258128673082198,0.9761734685671872,0.8336828217770205,1.260046293963821,0.005931257261847169,0.0013837024015521994,-2720.322975354529
0.0037258790504789818,-0.0024200018869165027,0.0028547088992564515,0.025052308935911503,0.027736495584396285,1.3832592250934739,0.9639222911983871,0.8647015499897013,1.2142223342909977,0.006961019655641736,0.0013690453723045918,-2719.630127064751
0.0041993536720972505,-0.0026906129469457182,0.002841031233289864,0.02606035272823596,0.030069537718263723,1.3307258824939008,0.9543794573688666,0.8785137227740044,1.1500172025520021,0.007413020679090717,0.0013152165984456165,-2720.317886396498
0.0041993536720972505,-0.0026906129469457182,0.002841031233289864,0.02606035272823596,0.030069537718263723,1.3307258824939008,0.9543794573688666,0.8785137227740044,1.1500172025520021,0.007413020679090717,0.0013152165984456165,-2720.317886396498
0.0041993536720972505,-0.0026906129469457182,0.002841031233289864,0.02606035272823596,0.030069537718263723,1.3307258824939008,0.9543794573688666,0.8785137227740044,1.1500172025520021,0.007413020679090717,0.0013152165984456165,-2720.317886396498
0.005002063170136024,-0.0028330269052192613,0.0029870924577346243,0.025650310777596625,0.03392029475905489,1.3090528780292319,0.9638047342011017,0.914781866380392,1.1250962038192607,0.0073283659478896035,0.0013432459071007089,-2721.9968671952915
0.005002063170136024,-0.0028330269052192613,0.0029870924577346243,0.025650310777596625,0.03392029475905489,1.3090528780292319,0.9638047342011017,0.914781866380392,1.1250962038192607,0.0073283659478896035,0.0013432459071007089,-2721.9968671952915
0.0051910763799625104,-0.002849406496003815,0.003086838364437025,0.025372853285020144,0.033925227792441365,1.324160644157449,0.9732859768984099,0.9057445294512685,1.1147794894669025,0.007034097319218905,0.001395760186566678,-2723.4598168387215
0.0051910763799625104,-0.002849406496003815,0.003086838364437025,0.025372853285020144,0.033925227792441365,1.324160644157449,0.9732859768984099,0.9057445294512685,1.1147794894669025,0.007034097319218905,0.001395760186566678,-2723.4598168387215
0.0051910763799625104,-0.002849406496003815,0.003086838364437025,0.025372853285020144,0.033925227792441365,1.324160644157449,0.9732859768984099,0.9057445294512685,1.1147794894669025,0.007034097319218905,0.001395760186566678,-2723.4598168387215
0.0051910763799625104,-0.002849406496003815,0.003086838364437025,0.025372853285020144,0.033925227792441365,1.324160644157449,0.9732859768984099,0.9057445294512685,1.1147794894669025,0.007034097319218905,0.001395760186566678,-2723.4598168387215
0.003527504486126173,-0.0020558307691877246,0.002689266153404378,0.025506131830201794,0.027761164627005605,1.3951119800364076,0.9946849495428047,0.9280063888821259,1.1612492408399315,0.004865402203137294,0.0012840552945760835,-2722.694486953645
0.003527504486126173,-0.0020558307691877246,0.002689266153404378,0.025506131830201794,0.027761164627005605,1.3951119800364076,0.9946849495428047,0.9280063888821259,1.1612492408399315,0.004865402203137294,0.0012840552945760835,-2722.694486953645
0.004392151436115549,-0.0020633531554325154,0.002414023927276169,0.0257614838976215,0.02748057156044053,1.3486322045335573,0.9809572438257121,0.9615700520287428,1.1589283597819189,0.005838517959672689,0.0013404404626493444,-2721.8004320935456
0.004392151436115549,-0.0020633531554325154,0.002414023927276169,0.0257614838976215,0.02748057156044053,1.3486322045335573,0.9809572438257121,0.9615700520287428,1.1589283597819189,0.005838517959672689,0.0013404404626493444,-2721.8004320935456
0.004392151436115549,-0.0020633531554325154,0.002414023927276169,0.0257614838976215,0.02748057156044053,1.3486322045335573,0.9809572438257121,0.9615700520287428,1.1589283597819189,0.005838517959672689,0.0013404404626493444,-2721.8004320935456
0.004392151436115549,-0.0020633531554325154,0.002414023927276169,0.0257614838976215,0.02748057156044053,1.3486322045335573,0.9809572438257121,0.9615700520287428,1.1589283597819189,0.005838517959672689,0.0013404404626493444,-2721.8004320935456
0.0035983383929123376,-0.002137606767045887,0.002581020670376203,0.025571584166597352,0.02754474536297452,1.3622818919213144,0.9665088135105049,0.9068409717785193,1.1451048983505803,0.006800749638657905,0.001362701354041876,-2720.1846820520173
0.0038916908379580447,-0.002333479159251235,0.0023061304500734186,0.027039477802356424,0.027487404519989496,1.3348712736685173,0.9422412962934292,0.926659206090393,1.115888905307476,0.007639553430259376,0.0012998363697905553,-2720.414077127065
0.0038916908379580447,-0.002333479159251235,0.0023061304500734186,0.027039477802356424,0.027487404519989496,1.3348712736685173,0.9422412962934292,0.926659206090393,1.115888905307476,0.007639553430259376,0.0012998363697905553,-2720.414077127065
0.0038916908379580447,-0.002333479159251235,0.0023061304500734186,0.027039477802356424,0.027487404519989496,1.3348712736685173,0.9422412962934292,0.926659206090393,1.115888905307476,0.007639553430259376,0.0012998363697905553,-2720.414077127065
0.004104536643493058,-0.0022985215734169975,0.0025717918759939405,0.026222909228172553,0.029752508799124,1.368806303611924,0.9324402960818753,0.9111770420079569,1.1189701805799508,0.00729340945472946,0.0013787557658035323,-2722.463169636549
0.004116096800410796,-0.0023698930525406555,0.0025519406727478417,0.02573089061620312,0.028735073554317044,1.3700088233290861,0.9361410409573587,0.925245696378958,1.1389780167434087,0.007115976209204383,0.0014644937653549342,-2721.65021215638
0.004116096800410796,-0.0023698930525406555,0.0025519406727478417,0.02573089061620312,0.028735073554317044,1.3700088233290861,0.9361410409573587,0.925245696378958,1.1389780167434087,0.007115976209204383,0.0014644937653549342,-2721.65021215638
0.004430367989553714,-0.0024960188455204757,0.0028784851094268912,0.024838306688668738,0.02925438058179726,1.3754951917472535,0.947443130398939,0.9105443591558517,1.1383101577489758,0.006872445556998301,0.0016099692534477087,-2721.9046900132066
0.004430367989553714,-0.0024960188455204757,0.0028784851094268912,0.024838306688668738,0.02925438058179726,1.3754951917472535,0.947443130398939,0.9105443591558517,1.1383101577489758,0.006872445556998301,0.0016099692534477087,-2721.9046900132066
0.004430367989553714,-0.0024960188455204757,0.0028784851094268912,0.024838306688668738,0.02925438058179726,1.3754951917472535,0.947443130398939,0.9105443591558517,1.1383101577489758,0.006872445556998301,0.0016099692534477087,-2721.9046900132066
0.003835380084895033,-0.002136686770060345,0.0023845908310811733,0.025684247145590696,0.026309723603731332,1.3922413030908896,0.9509306926167462,0.9311597401226716,1.1547587588689376,0.005412674197599549,0.001489747004866393,-2722.453457314688
0.0049466381121188105,-0.002371791391806273,0.0021846420029294424,0.02539253494313926,0.0256847203457257,1.363648024306246,0.9319789725165987,0.9361952768887067,1.1303702141734664,0.007524787998190302,0.001764945105377926,-2724.072265520817
0.0049466381121188105,-0.002371791391806273,0.0021846420029294424,0.02539253494313926,0.0256847203457257,1.363648024306246,0.9319789725165987,0.9361952768887067,1.1303702141734664,0.007524787998190302,0.001764945105377926,-2724.072265520817
0.0049466381121188105,-0.002371791391806273,0.0021846420029294424,0.02539253494313926,0.0256847203457257,1.363648024306246,0.9319789725165987,0.9361952768887067,1.1303702141734664,0.007524787998190302,0.001764945105377926,-2724.072265520817
0.005115218850585666,-0.0029843254138162733,0.0024319190916981836,0.024181796606370546,0.024479650265308656,1.3955356950919418,0.9307690441586625,0.8974420388073363,1.1504517864092785,0.00810504230406421,0.0019881170420147313,-2724.9583953347524
0.005791240714966917,-0.003043214623482373,0.002579685374133529,0.02368805684587864,0.025809668511491603,1.3758874939888193,0.9264900795751267,0.9268192121562169,1.166383169031048,0.007799176247286988,0.002098655428773072,-2724.9669014659594
0.0044075099607933845,-0.002552728486308997,0.0027270190703840417,0.02417564347237944,0.026855544804583888,1.4135994493880384,0.9251502307867817,0.8936474712289404,1.216962129367805,0.006288410316644879,0.0017614800790010082,-2724.3486843493984
0.0043432136540910125,-0.0024075993791246916,0.002740916384720157,0.02340517251264815,0.025126965379519594,1.411279196567616,0.9366930649980642,0.898063943020547,1.21905612743527,0.006379828295155954,0.0019303128125238993,-2724.154107614399
0.004072291492749012,-0.0027431096321973982,0.0023915141894725314,0.02435129619897659,0.023613892972002032,1.4005567380165693,0.9465222183785231,0.8762471998961143,1.1633515109608696,0.007764701842855477,0.0018583466491125652,-2724.0280109062965
0.004072291492749012,-0.0027431096321973982,0.0023915141894725314,0.02435129619897659,0.023613892972002032,1.4005567380165693,0.9465222183785231,0.8762471998961143,1.1633515109608696,0.007764701842855477,0.0018583466491125652,-2724.0280109062965
0.004072291492749012,-0.0027431096321973982,0.0023915141894725314,0.02435129619897659,0.023613892972002032,1.4005567380165693,0.9465222183785231,0.8762471998961143,1.1633515109608696,0.007764701842855477,0.0018583466491125652,-2724.0280109062965
0.004072291492749012,-0.0027431096321973982,0.0023915141894725314,0.02435129619897659,0.023613892972002032,1.4005567380165693,0.9465222183785231,0.8762471998961143,1.1633515109608696,0.007764701842855477,0.0018583466491125652,-2724.0280109062965
0.0039720186270689305,-0.002333935220158262,0.0026157680244007363,0.02425843687185278,0.0258165326287971,1.4103402069745785,0.9278251249761399,0.8803270552254507,1.2238338889159595,0.007176913676768116,0.0017453137964354845,-2723.3927641491805
0.0040157432444760666,-0.0021565148123598244,0.0026836505670963175,0.025166901026111643,0.030248732146453614,1.3856905684192697,0.9227272979182995,0.9051341684025149,1.1930131547419713,0.006827566951866148,0.0015476314601257936,-2723.185725087211
0.004925430538777005,-0.002744266485062777,0.002673573089270218,0.025027594710596412,0.02985824073317831,1.364272958238531,0.9351381259311563,0.9280153924081095,1.1662420206709294,0.0077040656132002895,0.0016474130056578135,-2721.7338630352615
0.004925430538777005,-0.002744266485062777,0.002673573089270218,0.025027594710596412,0.02985824073317831,1.364272958238531,0.9351381259311563,0.9280153924081095,1.1662420206709294,0.0077040656132002895,0.0016474130056578135,-2721.7338630352615
0.004757102631830211,-0.002896269189440498,0.0027135668648744543,0.02445773468547197,0.026614731972928542,1.3610704444733772,0.9606833451029201,0.9126829492908913,1.189373717361076,0.007937471275627874,0.0017028219235278683,-2719.3483146584335
0.004757102631830211,-0.002896269189440498,0.0027135668648744543,0.02445773468547197,0.026614731972928542,1.3610704444733772,0.9606833451029201,0.9126829492908913,1.189373717361076,0.007937471275627874,0.0017028219235278683,-2719.3483146584335
0.0042824382290689664,-0.0026948372951473686,0.0027657627292444805,0.023601882551122166,0.02372024383115462,1.3938451639241047,0.9733942313746751,0.8888802148345788,1.2534994132847668,0.007460261645715377,0.0017684587925577812,-2719.661604044352
0.0042824382290689664,-0.0026948372951473686,0.0027657627292444805,0.023601882551122166,0.02372024383115462,1.3938451639241047,0.9733942313746751,0.8888802148345788,1.2534994132847668,0.007460261645715377,0.0017684587925577812,-2719.661604044352
0.0042824382290689664,-0.0026948372951473686,0.0027657627292444805,0.023601882551122166,0.02372024383115462,1.3938451639241047,0.9733942313746751,0.8888802148345788,1.2534994132847668,0.007460261645715377,0.0017684587925577812,-2719.661604044352
0.0042824382290689664,-0.0026948372951473686,0.0027657627292444805,0.023601882551122166,0.02372024383115462,1.3938451639241047,0.9733942313746751,0.8888802148345788,1.2534994132847668,0.007460261645715377,0.0017684587925577812,-2719.661604044352
0.004532484795084604,-0.002975806202816839,0.002522795709355252,0.02433697930994921,0.022999576278767215,1.3751715862007954,0.9806587353584435,0.8886656375475656,1.2221096266435116,0.008217009537159226,0.0016915494277972285,-2719.787085621159
0.004532484795084604,-0.002975806202816839,0.002522795709355252,0.02433697930994921,0.022999576278767215,1.3751715862007954,0.9806587353584435,0.8886656375475656,1.2221096266435116,0.008217009537159226,0.0016915494277972285,-2719.787085621159
0.004676876681494585,-0.0030933781487097,0.0028306774472007207,0.023414147884515974,0.0228674967483768,1.3730172144274846,0.9555463183644131,0.8666265326861616,1.2363502197442453,0.008909519308860395,0.001932337651523443,-2721.3290794479494
0.004005735419912584,-0.002879244902497265,0.003156534557138735,0.022736822045856513,0.023192597142359685,1.417895169703813,0.9712106693817761,0.8346401853075338,1.257327415758958,0.008255692092880088,0.001869638720999868,-2720.948968503739
0.004590666266928814,-0.002882227530412708,0.002692106548665128,0.022986610558877428,0.022500706879132828,1.4285116632547754,0.9651914930611252,0.8663152245858836,1.244015333323041,0.008225285650984007,0.002032239929722119,-2722.0987332691307
0.004872060957208765,-0.002806545722115376,0.0026012588005617458,0.02258443310977785,0.022343306204845977,1.459851299315865,0.9866054853020703,0.9176639379114275,1.2589497948582766,0.006268644454852918,0.0019446201737206036,-2723.6440261934463
0.0035483012319773247,-0.002820113608103197,0.0027464559749209743,0.023827720607069003,0.02240256079633103,1.4233568421435554,0.984002966220957,0.8450475712717713,1.2017374784790396,0.00758108372667362,0.0017038477376530596,-2723.8637229600445
0.003329962465174677,-0.0028506360435115894,0.0027519208238943305,0.023747011730949612,0.02219305151802733,1.430212801980446,0.9688384694653345,0.8427503086810658,1.2423864080111189,0.00749125271065633,0.0017211483142679403,-2724.080175626955
0.003049065002467004,-0.0029192168252284495,0.0028924816661407738,0.023413189635508223,0.022237169899673358,1.4438128968841384,0.9732135428234112,0.8274674821455676,1.2436879758013744,0.007172851673755281,0.0017513017569734204,-2725.791297354068
0.0035419348737989707,-0.003001665547589137,0.0025485030549793597,0.02336154360768978,0.02176995594799668,1.4585852247002826,0.9774139572105607,0.8626104955959595,1.2561309314017712,0.007669166735329921,0.0018392321269133202,-2726.2773016433193
0.003909088381635666,-0.0030293615801568674,0.002625897119447142,0.02292589004628487,0.02206092695909856,1.4661777072587632,0.9824219039963504,0.8755298163826424,1.253535750606695,0.007862670275147442,0.0019255380102317155,-2725.1431975334226
0.003909088381635666,-0.0030293615801568674,0.002625897119447142,0.02292589004628487,0.02206092695909856,1.4661777072587632,0.9824219039963504,0.8755298163826424,1.253535750606695,0.007862670275147442,0.0019255380102317155,-2725.1431975334226
0.003909088381635666,-0.0030293615801568674,0.002625897119447142,0.02292589004628487,0.02206092695909856,1.4661777072587632,0.9824219039963504,0.8755298163826424,1.253535750606695,0.007862670275147442,0.0019255380102317155,-2725.1431975334226
0.005393994546904143,-0.0033347793588955777,0.0023744074067138174,0.022486235534536266,0.021711783714917634,1.430453538162681,0.9917520904832343,0.9430443333410822,1.2310937256286336,0.008001816196121319,0.002237810932222268,-2723.8295313710687
0.005505656304068839,-0.003495577615465189,0.002268460487304679,0.02390399131131145,0.022294005381714842,1.3987384829155078,0.9510177583066313,0.9247258964489067,1.2065525346761896,0.009584818559878378,0.002117041548801367,-2725.129912866453
0.005505656304068839,-0.003495577615465189,0.002268460487304679,0.02390399131131145,0.022294005381714842,1.3987384829155078,0.9510177583066313,0.9247258964489067,1.2065525346761896,0.009584818559878378,0.002117041548801367,-2725.129912866453
0.005505656304068839,-0.003495577615465189,0.002268460487304679,0.02390399131131145,0.022294005381714842,1.3987384829155078,0.9510177583066313,0.9247258964489067,1.2065525346761896,0.009584818559878378,0.002117041548801367,-2725.129912866453
0.004245440331382883,-0.002935740969418025,0.002259486951519164,0.023981824048896514,0.0221491417753386,1.4305238217535927,0.9774298943239577,0.9178306485530563,1.2320635136019864,0.00757050672278588,0.0018959741468936762,-2723.6674991450964
0.004245440331382883,-0.002935740969418025,0.002259486951519164,0.023981824048896514,0.0221491417753386,1.4305238217535927,0.9774298943239577,0.9178306485530563,1.2320635136019864,0.00757050672278588,0.0018959741468936762,-2723.6674991450964
0.004072330275289278,-0.0027864380011242418,0.0020584650462924683,0.024551980497999486,0.02178238642231823,1.4044680968565246,0.976443882149362,0.9161376805553477,1.2269546478890359,0.008225330139252729,0.0017588585340249949,-2721.658486419361
0.004072330275289278,-0.0027864380011242418,0.0020584650462924683,0.024551980497999486,0.02178238642231823,1.4044680968565246,0.976443882149362,0.9161376805553477,1.2269546478890359,0.008225330139252729,0.0017588585340249949,-2721.658486419361
0.004072330275289278,-0.0027864380011242418,0.0020584650462924683,0.024551980497999486,0.02178238642231823,1.4044680968565246,0.976443882149362,0.9161376805553477,1.2269546478890359,0.008225330139252729,0.0017588585340249949,-2721.658486419361
0.004523122740032833,-0.0028034136455691843,0.001958594520977598,0.02525922142408481,0.02189239157299599,1.3631111707623134,0.9770182686035092,0.9234032908553351,1.2207736170775383,0.008868916398608763,0.0016654646034932833,-2719.811892936072
0.004251341477207614,-0.0025644248369627535,0.0020010198470751276,0.02470586426069866,0.021747699475940133,1.396269856650216,0.9824164409684941,0.9367600460294078,1.2480075403058792,0.007500259550015874,0.0016103029219659945,-2721.5272337699053
0.004499838192715551,-0.0029261141041703473,0.001896196151477781,0.02477034401782044,0.021312221900440072,1.394826903377031,0.9901951034710594,0.9130969819857487,1.222004930004861,0.008878943276649013,0.001715549744593127,-2721.3072179638975
0.004496685215255172,-0.0030401151308822516,0.002130963265476568,0.02436216753641863,0.021800291983322072,1.383248791638081,0.9786514856691313,0.9048628686142999,1.220855482566892,0.008928687136331923,0.001726870442528597,-2724.3357023732733
0.00495420671033042,-0.003146322050700252,0.0019047748372725127,0.025804452710419444,0.022109401692222898,1.3292814528764745,0.9549449306849029,0.9261779244313363,1.1666113952000245,0.010616166562691678,0.0017292169629347406,-2721.434884522748
0.00495420671033042,-0.003146322050700252,0.0019047748372725127,0.025804452710419444,0.022109401692222898,1.3292814528764745,0.9549449306849029,0.9261779244313363,1.1666113952000245,0.010616166562691678,0.0017292169629347406,-2721.434884522748
0.00495420671033042,-0.003146322050700252,0.0019047748372725127,0.025804452710419444,0.022109401692222898,1.3292814528764745,0.9549449306849029,0.9261779244313363,1.1666113952000245,0.010616166562691678,0.0017292169629347406,-2721.434884522748
0.0046757558644870325,-0.002956604990823469,0.0021117039237869826,0.025885833691190255,0.022843829813112598,1.3438347436410205,0.95737627260352,0.9046665251896374,1.174100788055533,0.009941997223833064,0.0015556164179633717,-2721.477637363455
0.0046757558644870325,-0.002956604990823469,0.0021117039237869826,0.025885833691190255,0.022843829813112598,1.3438347436410205,0.95737627260352,0.9046665251896374,1.174100788055533,0.009941997223833064,0.0015556164179633717,-2721.477637363455
0.0046757558644870325,-0.002956604990823469,0.0021117039237869826,0.025885833691190255,0.022843829813112598,1.3438347436410205,0.95737627260352,0.9046665251896374,1.174100788055533,0.009941997223833064,0.0015556164179633717,-2721.477637363455
0.004758741793293565,-0.0028489364403020212,0.002019844343533461,0.025446729640906652,0.02213539338159921,1.3454146122064734,0.9851080764431135,0.9214042066951731,1.186162250845991,0.01041118999482568,0.001672136736561275,-2720.9967494112934
0.004658774040717144,-0.0028090348028158513,0.00211620263060382,0.025356472751842357,0.022542650857768885,1.3631544356795384,0.985938421323261,0.9390865475191799,1.1795220460772815,0.009082655261319059,0.001585767290723865,-2719.356258766972
0.004658774040717144,-0.0028090348028158513,0.00211620263060382,0.025356472751842357,0.022542650857768885,1.3631544356795384,0.985938421323261,0.9390865475191799,1.1795220460772815,0.009082655261319059,0.001585767290723865,-2719.356258766972
0.004658774040717144,-0.0028090348028158513,0.00211620263060382,0.025356472751842357,0.022542650857768885,1.3631544356795384,0.985938421323261,0.9390865475191799,1.1795220460772815,0.009082655261319059,0.001585767290723865,-2719.356258766972
0.004846636544320906,-0.0029682687198141324,0.0023062368263670535,0.025145245346290167,0.02305364517363987,1.3540932062088658,0.9777983492470392,0.9338368660081917,1.182422846222196,0.00922710290876281,0.0015801812132610247,-2720.0539935601323
0.004386703750432494,-0.0025120112498547417,0.0020730827586320864,0.025977947335405517,0.022801010182840132,1.3542013322636783,0.9883390446959597,0.9277514313831173,1.1854855505865218,0.00851161726831899,0.0014022143643548373,-2718.7494773607414
0.0036647863913325113,-0.002390615112837155,0.0021773045055232744,0.025788241647946724,0.022499738719505388,1.3520802021543386,0.9688637683886405,0.8898391895832134,1.2060324543486383,0.008511960874413508,0.0014308680571516541,-2718.7153508367555
0.0036647863913325113,-0.002390615112837155,0.0021773045055232744,0.025788241647946724,0.022499738719505388,1.3520802021543386,0.9688637683886405,0.8898391895832134,1.2060324543486383,0.008511960874413508,0.0014308680571516541,-2718.7153508367555
0.0036647863913325113,-0.002390615112837155,0.0021773045055232744,0.025788241647946724,0.022499738719505388,1.3520802021543386,0.9688637683886405,0.8898391895832134,1.2060324543486383,0.008511960874413508,0.0014308680571516541,-2718.7153508367555
0.0036647863913325113,-0.002390615112837155,0.0021773045055232744,0.025788241647946724,0.022499738719505388,1.3520802021543386,0.9688637683886405,0.8898391895832134,1.2060324543486383,0.008511960874413508,0.0014308680571516541,-2718.7153508367555
0.0036647863913325113,-0.002390615112837155,0.0021773045055232744,0.025788241647946724,0.022499738719505388,1.3520802021543386,0.9688637683886405,0.8898391895832134,1.2060324543486383,0.008511960874413508,0.0014308680571516541,-2718.7153508367555
0.004355752190656672,-0.002725676254764502,0.0021318289306241412,0.025862167258303616,0.022884188812383986,1.333994197704891,0.9822462762563858,0.9329547290607257,1.192416254973255,0.008742826658184719,0.0014953765500480768,-2719.4027445518923
0.004355752190656672,-0.002725676254764502,0.0021318289306241412,0.025862167258303616,0.022884188812383986,1.333994197704891,0.9822462762563858,0.9329547290607257,1.192416254973255,0.008742826658184719,0.0014953765500480768,-2719.4027445518923
0.004445236110587622,-0.0027949617667270867,0.002081260558583255,0.025722793506533316,0.022422998710377777,1.3378283612624744,0.9887115945953466,0.9482678297836035,1.2102259515103428,0.008649151228173333,0.001471395247573813,-2720.0725003656353
0.004445236110587622,-0.0027949617667270867,0.002081260558583255,0.025722793506533316,0.022422998710377777,1.3378283612624744,0.9887115945953466,0.9482678297836035,1.2102259515103428,0.008649151228173333,0.001471395247573813,-2720.0725003656353
0.00446118734910496,-0.0026755183835742227,0.0022163535510538357,0.02434013879418761,0.021923386601636334,1.3666479204517041,1.0030170853880267,0.9392364852448155,1.2498824723117683,0.008022539311190773,0.0016345668340854245,-2720.407049226865
0.00446118734910496,-0.0026755183835742227,0.0022163535510538357,0.02434013879418761,0.021923386601636334,1.3666479204517041,1.0030170853880267,0.9392364852448155,1.2498824723117683,0.008022539311190773,0.0016345668340854245,-2720.407049226865
0.00446118734910496,-0.0026755183835742227,0.0022163535510538357,0.02434013879418761,0.021923386601636334,1.3666479204517041,1.0030170853880267,0.9392364852448155,1.2498824723117683,0.008022539311190773,0.0016345668340854245,-2720.407049226865
0.00446118734910496,-0.0026755183835742227,0.0022163535510538357,0.02434013879418761,0.021923386601636334,1.3666479204517041,1.0030170853880267,0.9392364852448155,1.2498824723117683,0.008022539311190773,0.0016345668340854245,-2720.407049226865
0.00446118734910496,-0.0026755183835742227,0.0022163535510538357,0.02434013879418761,0.021923386601636334,1.3666479204517041,1.0030170853880267,0.9392364852448155,1.2498824723117683,0.008022539311190773,0.0016345668340854245,-2720.407049226865
0.00446118734910496,-0.0026755183835742227,0.0022163535510538357,0.02434013879418761,0.021923386601636334,1.3666479204517041,1.0030170853880267,0.9392364852448155,1.2498824723117683,0.008022539311190773,0.0016345668340854245,-2720.407049226865
0.00446118734910496,-0.0026755183835742227,0.0022163535510538357,0.02434013879418761,0.021923386601636334,1.3666479204517041,1.0030170853880267,0.9392364852448155,1.2498824723117683,0.008022539311190773,0.0016345668340854245,-2720.407049226865
0.004336743126131698,-0.002647731635609136,0.0023198130223760294,0.024778777812803222,0.022689346819083606,1.3897764960853451,0.9999399983454828,0.9338410654186673,1.22827834235235,0.0076002689567269575,0.0015551108588088157,-2719.1792513574114
0.004336743126131698,-0.002647731635609136,0.0023198130223760294,0.024778777812803222,0.022689346819083606,1.3897764960853451,0.9999399983454828,0.9338410654186673,1.22827834235235,0.0076002689567269575,0.0015551108588088157,-2719.1792513574114
0.004336743126131698,-0.002647731635609136,0.0023198130223760294,0.024778777812803222,0.022689346819083606,1.3897764960853451,0.9999399983454828,0.9338410654186673,1.22827834235235,0.0076002689567269575,0.0015551108588088157,-2719.1792513574114
0.0034830429588215504,-0.0023527089601138845,0.0024491930953528763,0.02464779073555894,0.0224713249097175,1.4203057944927737,0.9923381960746038,0.8956332474531506,1.2533907276803615,0.006859584303548946,0.001445718434891104,-2719.5883261294
0.0034830429588215504,-0.0023527089601138845,0.0024491930953528763,0.02464779073555894,0.0224713249097175,1.4203057944927737,0.9923381960746038,0.8956332474531506,1.2533907276803615,0.006859584303548946,0.001445718434891104,-2719.5883261294
0.0034830429588215504,-0.0023527089601138845,0.0024491930953528763,0.02464779073555894,0.0224713249097175,1.4203057944927737,0.9923381960746038,0.8956332474531506,1.2533907276803615,0.006859584303548946,0.001445718434891104,-2719.5883261294
0.0034830429588215504,-0.0023527089601138845,0.0024491930953528763,0.02464779073555894,0.0224713249097175,1.4203057944927737,0.9923381960746038,0.8956332474531506,1.2533907276803615,0.006859584303548946,0.001445718434891104,-2719.5883261294
0.0034830429588215504,-0.0023527089601138845,0.0024491930953528763,0.02464779073555894,0.0224713249097175,1.4203057944927737,0.9923381960746038,0.8956332474531506,1.2533907276803615,0.006859584303548946,0.001445718434891104,-2719.5883261294
0.0034830429588215504,-0.0023527089601138845,0.0024491930953528763,0.02464779073555894,0.0224713249097175,1.4203057944927737,0.9923381960746038,0.8956332474531506,1.2533907276803615,0.006859584303548946,0.001445718434891104,-2719.5883261294
0.0034830429588215504,-0.0023527089601138845,0.0024491930953528763,0.02464779073555894,0.0224713249097175,1.4203057944927737,0.9923381960746038,0.8956332474531506,1.2533907276803615,0.006859584303548946,0.001445718434891104,-2719.5883261294
0.0034830429588215504,-0.0023527089601138845,0.0024491930953528763,0.02464779073555894,0.0224713249097175,1.4203057944927737,0.9923381960746038,0.8956332474531506,1.2533907276803615,0.006859584303548946,0.001445718434891104,-2719.5883261294
0.0034830429588215504,-0.0023527089601138845,0.0024491930953528763,0.02464779073555894,0.0224713249097175,1.4203057944927737,0.9923381960746038,0.8956332474531506,1.2533907276803615,0.006859584303548946,0.001445718434891104,-2719.5883261294
0.0034830429588215504,-0.0023527089601138845,0.0024491930953528763,0.02464779073555894,0.0224713249097175,1.4203057944927737,0.9923381960746038,0.8956332474531506,1.2533907276803615,0.006859584303548946,0.001445718434891104,-2719.5883261294
0.0034830429588215504,-0.0023527089601138845,0.0024491930953528763,0.02464779073555894,0.0224713249097175,1.4203057944927737,0.9923381960746038,0.8956332474531506,1.2533907276803615,0.006859584303548946,0.001445718434891104,-2719.5883261294
0.0034830429588215504,-0.0023527089601138845,0.0024491930953528763,0.02464779073555894,0.0224713249097175,1.4203057944927737,0.9923381960746038,0.8956332474531506,1.2533907276803615,0.006859584303548946,0.001445718434891104,-2719.5883261294
0.0034830429588215504,-0.0023527089601138845,0.0024491930953528763,0.02464779073555894,0.0224713249097175,1.4203057944927737,0.9923381960746038,0.8956332474531506,1.2533907276803615,0.006859584303548946,0.001445718434891104,-2719.5883261294
0.0034830429588215504,-0.0023527089601138845,0.0024491930953528763,0.02464779073555894,0.0224713249097175,1.4203057944927737,0.9923381960746038,0.8956332474531506,1.2533907276803615,0.006859584303548946,0.001445718434891104,-2719.5883261294
0.0034830429588215504,-0.0023527089601138845,0.0024491930953528763,0.02464779073555894,0.0224713249097175,1.4203057944927737,0.9923381960746038,0.8956332474531506,1.2533907276803615,0.006859584303548946,0.001445718434891104,-2719.5883261294
0.0033117533354397686,-0.0021506440132089966,0.002570343847190254,0.02426949793337083,0.02268997146777722,1.4338407897032417,0.979172216705148,0.8802077055311139,1.2846551461524918,0.006678017651359903,0.0015156148773888866,-2720.41834403
0.0043196774623098875,-0.002388338442335787,0.0022231652700732568,0.025248862807600744,0.022656793071556366,1.393759132335985,0.9771928676679821,0.9279231677769761,1.2409247703748572,0.00717097656646659,0.0014997362991719934,-2720.464307846088
0.0043196774623098875,-0.002388338442335787,0.0022231652700732568,0.025248862807600744,0.022656793071556366,1.393759132335985,0.9771928676679821,0.9279231677769761,1.2409247703748572,0.00717097656646659,0.0014997362991719934,-2720.464307846088
0.0043196774623098875,-0.002388338442335787,0.0022231652700732568,0.025248862807600744,0.022656793071556366,1.393759132335985,0.9771928676679821,0.9279231677769761,1.2409247703748572,0.00717097656646659,0.0014997362991719934,-2720.464307846088
0.0043196774623098875,-0.002388338442335787,0.0022231652700732568,0.025248862807600744,0.022656793071556366,1.393759132335985,0.9771928676679821,0.9279231677769761,1.2409247703748572,0.00717097656646659,0.0014997362991719934,-2720.464307846088
0.0043196774623098875,-0.002388338442335787,0.0022231652700732568,0.025248862807600744,0.022656793071556366,1.393759132335985,0.9771928676679821,0.9279231677769761,1.2409247703748572,0.00717097656646659,0.0014997362991719934,-2720.464307846088
0.003986446864752953,-0.002617510698114934,0.002062790594950509,0.025557189774801953,0.021551624795670302,1.3659008160519552,0.9789263981920608,0.9143285015795988,1.199570369142215,0.007965193384763133,0.001535904488382875,-2719.600555624117
0.003986446864752953,-0.002617510698114934,0.002062790594950509,0.025557189774801953,0.021551624795670302,1.3659008160519552,0.9789263981920608,0.9143285015795988,1.199570369142215,0.007965193384763133,0.001535904488382875,-2719.600555624117
0.003986446864752953,-0.002617510698114934,0.002062790594950509,0.025557189774801953,0.021551624795670302,1.3659008160519552,0.9789263981920608,0.9143285015795988,1.199570369142215,0.007965193384763133,0.001535904488382875,-2719.600555624117
0.003986446864752953,-0.002617510698114934,0.002062790594950509,0.025557189774801953,0.021551624795670302,1.3659008160519552,0.9789263981920608,0.9143285015795988,1.199570369142215,0.007965193384763133,0.001535904488382875,-2719.600555624117
0.004261712976479029,-0.0025815159200521702,0.0016723567715165334,0.02657222495704261,0.021187465513218963,1.334677707939029,0.9704140983487612,0.9579773045719531,1.1832099993191105,0.007317673900274765,0.0015249025395156488,-2720.1612110570095
0.004261712976479029,-0.0025815159200521702,0.0016723567715165334,0.02657222495704261,0.021187465513218963,1.334677707939029,0.9704140983487612,0.9579773045719531,1.1832099993191105,0.007317673900274765,0.0015249025395156488,-2720.1612110570095
0.00533716529807347,-0.0032120613981076766,0.0018932875471276537,0.025154871275682767,0.021332219415103694,1.3563534307382707,0.9674286484583497,0.9446618710891009,1.1738633398935356,0.007996171604870893,0.0018048986672421058,-2721.2120000292784
0.00533716529807347,-0.0032120613981076766,0.0018932875471276537,0.025154871275682767,0.021332219415103694,1.3563534307382707,0.9674286484583497,0.9446618710891009,1.1738633398935356,0.007996171604870893,0.0018048986672421058,-2721.2120000292784
0.00533716529807347,-0.0032120613981076766,0.0018932875471276537,0.025154871275682767,0.021332219415103694,1.3563534307382707,0.9674286484583497,0.9446618710891009,1.1738633398935356,0.007996171604870893,0.0018048986672421058,-2721.2120000292784
0.005395484265865558,-0.003226610619037654,0.0017308444385716576,0.02635038636821261,0.021200122309843975,1.2976387662428543,0.9500736635678868,0.951028014780111,1.1284429357389,0.009359541626377697,0.0018025720725867041,-2720.9227705803246
0.005395484265865558,-0.003226610619037654,0.0017308444385716576,0.02635038636821261,0.021200122309843975,1.2976387662428543,0.9500736635678868,0.951028014780111,1.1284429357389,0.009359541626377697,0.0018025720725867041,-2720.9227705803246
0.005395484265865558,-0.003226610619037654,0.0017308444385716576,0.02635038636821261,0.021200122309843975,1.2976387662428543,0.9500736635678868,0.951028014780111,1.1284429357389,0.009359541626377697,0.0018025720725867041,-2720.9227705803246
0.004081044555686399,-0.002830047245987206,0.001865853603583922,0.026010538728971012,0.020940396213720208,1.3341312229372564,0.9488507705744269,0.8944016223169409,1.199102909736224,0.008691286025014273,0.0016825774612142163,-2721.3935305069767
0.004795635668870929,-0.0028715822774196967,0.0016637461562961067,0.02697826933982689,0.020945252987928587,1.3044900009430076,0.9301114298099902,0.9246248632458262,1.1726284652198362,0.008841279115579205,0.0015858981324533472,-2722.128557994519
0.004795635668870929,-0.0028715822774196967,0.0016637461562961067,0.02697826933982689,0.020945252987928587,1.3044900009430076,0.9301114298099902,0.9246248632458262,1.1726284652198362,0.008841279115579205,0.0015858981324533472,-2722.128557994519
0.004795635668870929,-0.0028715822774196967,0.0016637461562961067,0.02697826933982689,0.020945252987928587,1.3044900009430076,0.9301114298099902,0.9246248632458262,1.1726284652198362,0.008841279115579205,0.0015858981324533472,-2722.128557994519
0.004795635668870929,-0.0028715822774196967,0.0016637461562961067,0.02697826933982689,0.020945252987928587,1.3044900009430076,0.9301114298099902,0.9246248632458262,1.1726284652198362,0.008841279115579205,0.0015858981324533472,-2722.128557994519
0.004795635668870929,-0.0028715822774196967,0.0016637461562961067,0.02697826933982689,0.020945252987928587,1.3044900009430076,0.9301114298099902,0.9246248632458262,1.1726284652198362,0.008841279115579205,0.0015858981324533472,-2722.128557994519
0.004451094967779064,-0.0026692777309898896,0.0014054578366775674,0.028009644101065916,0.020671249523978277,1.2878932888392849,0.9350494328668637,0.9260520192764113,1.1544670875701224,0.009580954751607694,0.0015758398571240127,-2724.1736876719274
0.004795827955628126,-0.002341545787784496,0.0013882768956338947,0.02837678051008866,0.020859748973166652,1.2863835785168138,0.9313683156309875,0.9416900725940299,1.1290391835051294,0.009308201746774967,0.0015416218887921093,-2726.55734129942
0.0037864158012040714,-0.002100278727479578,0.0015633841523494754,0.028956804961752233,0.021695905841294397,1.2848771067184894,0.9544102644119019,0.8935890363278189,1.1197522752500015,0.009107766397629344,0.0010669088146063415,-2722.990131503138
0.0037864158012040714,-0.002100278727479578,0.0015633841523494754,0.028956804961752233,0.021695905841294397,1.2848771067184894,0.9544102644119019,0.8935890363278189,1.1197522752500015,0.009107766397629344,0.0010669088146063415,-2722.990131503138
0.0037864158012040714,-0.002100278727479578,0.0015633841523494754,0.028956804961752233,0.021695905841294397,1.2848771067184894,0.9544102644119019,0.8935890363278189,1.1197522752500015,0.009107766397629344,0.0010669088146063415,-2722.990131503138
0.0037864158012040714,-0.002100278727479578,0.0015633841523494754,0.028956804961752233,0.021695905841294397,1.2848771067184894,0.9544102644119019,0.8935890363278189,1.1197522752500015,0.009107766397629344,0.0010669088146063415,-2722.990131503138
0.0035777868299116944,-0.0018035106295752638,0.0014662076059238503,0.030266487748136124,0.021804469131727504,1.2614686433895397,0.937371358785335,0.8889287010018865,1.1164317243506676,0.009712225897154826,0.000999801810494917,-2722.877569542914
0.0035777868299116944,-0.0018035106295752638,0.0014662076059238503,0.030266487748136124,0.021804469131727504,1.2614686433895397,0.937371358785335,0.8889287010018865,1.1164317243506676,0.009712225897154826,0.000999801810494917,-2722.877569542914
0.0035777868299116944,-0.0018035106295752638,0.0014662076059238503,0.030266487748136124,0.021804469131727504,1.2614686433895397,0.937371358785335,0.8889287010018865,1.1164317243506676,0.009712225897154826,0.000999801810494917,-2722.877569542914
0.0035777868299116944,-0.0018035106295752638,0.0014662076059238503,0.030266487748136124,0.021804469131727504,1.2614686433895397,0.937371358785335,0.8889287010018865,1.1164317243506676,0.009712225897154826,0.000999801810494917,-2722.877569542914
0.0035777868299116944,-0.0018035106295752638,0.0014662076059238503,0.030266487748136124,0.021804469131727504,1.2614686433895397,0.937371358785335,0.8889287010018865,1.1164317243506676,0.009712225897154826,0.000999801810494917,-2722.877569542914
0.0035777868299116944,-0.0018035106295752638,0.0014662076059238503,0.030266487748136124,0.021804469131727504,1.2614686433895397,0.937371358785335,0.8889287010018865,1.1164317243506676,0.009712225897154826,0.000999801810494917,-2722.877569542914
0.0035777868299116944,-0.0018035106295752638,0.0014662076059238503,0.030266487748136124,0.021804469131727504,1.2614686433895397,0.937371358785335,0.8889287010018865,1.1164317243506676,0.009712225897154826,0.000999801810494917,-2722.877569542914
0.0035777868299116944,-0.0018035106295752638,0.0014662076059238503,0.030266487748136124,0.021804469131727504,1.2614686433895397,0.937371358785335,0.8889287010018865,1.1164317243506676,0.009712225897154826,0.000999801810494917,-2722.877569542914
0.0035777868299116944,-0.0018035106295752638,0.0014662076059238503,0.030266487748136124,0.021804469131727504,1.2614686433895397,0.937371358785335,0.8889287010018865,1.1164317243506676,0.009712225897154826,0.000999801810494917,-2722.877569542914
0.0032116939019171797,-0.001538719733490881,0.0013631829811219618,0.03131322176057593,0.02203293500203007,1.2310337337797177,0.9379695010567792,0.9150562180110805,1.0898030105827514,0.009018435175589508,0.0008627687904574275,-2724.4482096111533
0.0032116939019171797,-0.001538719733490881,0.0013631829811219618,0.03131322176057593,0.02203293500203007,1.2310337337797177,0.9379695010567792,0.9150562180110805,1.0898030105827514,0.009018435175589508,0.0008627687904574275,-2724.4482096111533
0.0032116939019171797,-0.001538719733490881,0.0013631829811219618,0.03131322176057593,0.02203293500203007,1.2310337337797177,0.9379695010567792,0.9150562180110805,1.0898030105827514,0.009018435175589508,0.0008627687904574275,-2724.4482096111533
0.0032116939019171797,-0.001538719733490881,0.0013631829811219618,0.03131322176057593,0.02203293500203007,1.2310337337797177,0.9379695010567792,0.9150562180110805,1.0898030105827514,0.009018435175589508,0.0008627687904574275,-2724.4482096111533
0.0033964494134438184,-0.0019043622421974918,0.0010304170930124962,0.03308788192872139,0.021167913104376206,1.1871807007248938,0.918684913119373,0.9375460201302591,1.0407471959956212,0.009913347390757192,0.0008353659512148022,-2723.9749052790057
0.0033964494134438184,-0.0019043622421974918,0.0010304170930124962,0.03308788192872139,0.021167913104376206,1.1871807007248938,0.918684913119373,0.9375460201302591,1.0407471959956212,0.009913347390757192,0.0008353659512148022,-2723.9749052790057
0.003644066115775278,-0.002104425821324242,0.0011450103515488748,0.03287718658548085,0.021600329217442496,1.1822737098871066,0.9148851659307613,0.9281684574279554,1.0439290168758575,0.01056706288192601,0.0008135079069198232,-2725.555721934859
0.003644066115775278,-0.002104425821324242,0.0011450103515488748,0.03287718658548085,0.021600329217442496,1.1822737098871066,0.9148851659307613,0.9281684574279554,1.0439290168758575,0.01056706288192601,0.0008135079069198232,-2725.555721934859
0.003644066115775278,-0.002104425821324242,0.0011450103515488748,0.03287718658548085,0.021600329217442496,1.1822737098871066,0.9148851659307613,0.9281684574279554,1.0439290168758575,0.01056706288192601,0.0008135079069198232,-2725.555721934859
0.003644066115775278,-0.002104425821324242,0.0011450103515488748,0.03287718658548085,0.021600329217442496,1.1822737098871066,0.9148851659307613,0.9281684574279554,1.0439290168758575,0.01056706288192601,0.0008135079069198232,-2725.555721934859
0.0029532748950123356,-0.0018266678332175103,0.0011608632849395128,0.03311910705731602,0.021619176954904472,1.1671009965487238,0.9054402053886575,0.9176965570435347,1.0602137756476835,0.010583259802885676,0.0008215427262941805,-2724.3790329790336
0.0034620676096450177,-0.0019265930845851677,0.0011063744364233105,0.032654844785960084,0.021494611036364415,1.2001184848318258,0.9103979851414225,0.9330196889523854,1.0689346102990864,0.01027281838668757,0.0008636842471650023,-2722.893890244136
0.0034620676096450177,-0.0019265930845851677,0.0011063744364233105,0.032654844785960084,0.021494611036364415,1.2001184848318258,0.9103979851414225,0.9330196889523854,1.0689346102990864,0.01027281838668757,0.0008636842471650023,-2722.893890244136
0.0034620676096450177,-0.0019265930845851677,0.0011063744364233105,0.032654844785960084,0.021494611036364415,1.2001184848318258,0.9103979851414225,0.9330196889523854,1.0689346102990864,0.01027281838668757,0.0008636842471650023,-2722.893890244136
0.003126538638792165,-0.0019217340519233662,0.0012968269502321784,0.03253271667038965,0.02187471562501651,1.1762834048104773,0.8863483684254361,0.8914457570653008,1.0819753771103118,0.011004398645819442,0.0009383008899022636,-2723.26058715667
0.003126538638792165,-0.0019217340519233662,0.0012968269502321784,0.03253271667038965,0.02187471562501651,1.1762834048104773,0.8863483684254361,0.8914457570653008,1.0819753771103118,0.011004398645819442,0.0009383008899022636,-2723.26058715667
0.003126538638792165,-0.0019217340519233662,0.0012968269502321784,0.03253271667038965,0.02187471562501651,1.1762834048104773,0.8863483684254361,0.8914457570653008,1.0819753771103118,0.011004398645819442,0.0009383008899022636,-2723.26058715667
0.003126538638792165,-0.0019217340519233662,0.0012968269502321784,0.03253271667038965,0.02187471562501651,1.1762834048104773,0.8863483684254361,0.8914457570653008,1.0819753771103118,0.011004398645819442,0.0009383008899022636,-2723.26058715667
0.003126538638792165,-0.0019217340519233662,0.0012968269502321784,0.03253271667038965,0.02187471562501651,1.1762834048104773,0.8863483684254361,0.8914457570653008,1.0819753771103118,0.011004398645819442,0.0009383008899022636,-2723.26058715667
0.003126538638792165,-0.0019217340519233662,0.0012968269502321784,0.03253271667038965,0.02187471562501651,1.1762834048104773,0.8863483684254361,0.8914457570653008,1.0819753771103118,0.011004398645819442,0.0009383008899022636,-2723.26058715667
0.003126538638792165,-0.0019217340519233662,0.0012968269502321784,0.03253271667038965,0.02187471562501651,1.1762834048104773,0.8863483684254361,0.8914457570653008,1.0819753771103118,0.011004398645819442,0.0009383008899022636,-2723.26058715667
0.003126538638792165,-0.0019217340519233662,0.0012968269502321784,0.03253271667038965,0.02187471562501651,1.1762834048104773,0.8863483684254361,0.8914457570653008,1.0819753771103118,0.011004398645819442,0.0009383008899022636,-2723.26058715667
0.003126538638792165,-0.0019217340519233662,0.0012968269502321784,0.03253271667038965,0.02187471562501651,1.1762834048104773,0.8863483684254361,0.8914457570653008,1.0819753771103118,0.011004398645819442,0.0009383008899022636,-2723.26058715667
0.0034052520045799294,-0.0020270676149129916,0.0013957998635164006,0.0325474992442787,0.022836308854875937,1.1711231075063968,0.8877480778881954,0.8960443884633966,1.0609630104641443,0.010724880897062286,0.000874875209708105,-2723.1457843733065
0.0034052520045799294,-0.0020270676149129916,0.0013957998635164006,0.0325474992442787,0.022836308854875937,1.1711231075063968,0.8877480778881954,0.8960443884633966,1.0609630104641443,0.010724880897062286,0.000874875209708105,-2723.1457843733065
0.0034052520045799294,-0.0020270676149129916,0.0013957998635164006,0.0325474992442787,0.022836308854875937,1.1711231075063968,0.8877480778881954,0.8960443884633966,1.0609630104641443,0.010724880897062286,0.000874875209708105,-2723.1457843733065
0.0034052520045799294,-0.0020270676149129916,0.0013957998635164006,0.0325474992442787,0.022836308854875937,1.1711231075063968,0.8877480778881954,0.8960443884633966,1.0609630104641443,0.010724880897062286,0.000874875209708105,-2723.1457843733065
0.0034052520045799294,-0.0020270676149129916,0.0013957998635164006,0.0325474992442787,0.022836308854875937,1.1711231075063968,0.8877480778881954,0.8960443884633966,1.0609630104641443,0.010724880897062286,0.000874875209708105,-2723.1457843733065
0.0034052520045799294,-0.0020270676149129916,0.0013957998635164006,0.0325474992442787,0.022836308854875937,1.1711231075063968,0.8877480778881954,0.8960443884633966,1.0609630104641443,0.010724880897062286,0.000874875209708105,-2723.1457843733065
0.0034052520045799294,-0.0020270676149129916,0.0013957998635164006,0.0325474992442787,0.022836308854875937,1.1711231075063968,0.8877480778881954,0.8960443884633966,1.0609630104641443,0.010724880897062286,0.000874875209708105,-2723.1457843733065
0.0029439617437128536,-0.001716556278093688,0.001239694878838278,0.03287342738615097,0.022133457193605842,1.199721075583976,0.8861505190958285,0.8708582301989829,1.0803749029530205,0.01065490483330945,0.0008456938354470829,-2722.227102121449
0.0029439617437128536,-0.001716556278093688,0.001239694878838278,0.03287342738615097,0.022133457193605842,1.199721075583976,0.8861505190958285,0.8708582301989829,1.0803749029530205,0.01065490483330945,0.0008456938354470829,-2722.227102121449
0.004018895477184297,-0.002176395951236804,0.0011699231019787445,0.033539270203553864,0.022657146722059613,1.1560539831252064,0.8807896250515586,0.8971570691528608,1.0202436464209732,0.01148311560296696,0.0008736449382798632,-2725.320435598655
0.003472315141737927,-0.0017762024886833622,0.0010640900335263817,0.03329400120660818,0.021661521725785452,1.1619512278552502,0.8753364360329481,0.8912722327942519,1.0366665810712064,0.011750509159057912,0.0009740058510128603,-2725.44323090581
0.0034017333912648925,-0.0017800932993322005,0.0010953524078232948,0.03327272549244495,0.021937273091492418,1.1614071772652568,0.8692685667590894,0.8667372778674973,1.0294304167426653,0.012474180284104295,0.0009197472655224557,-2723.6300883644567
0.0029871341338715673,-0.0015143097233335677,0.0012320203663648166,0.032428523016362384,0.022342175304341762,1.2085704737554415,0.8844553923876998,0.8594981774288242,1.068785849075447,0.011551621475000766,0.0009008084244173117,-2723.353487101971
0.0029871341338715673,-0.0015143097233335677,0.0012320203663648166,0.032428523016362384,0.022342175304341762,1.2085704737554415,0.8844553923876998,0.8594981774288242,1.068785849075447,0.011551621475000766,0.0009008084244173117,-2723.353487101971
0.0029871341338715673,-0.0015143097233335677,0.0012320203663648166,0.032428523016362384,0.022342175304341762,1.2085704737554415,0.8844553923876998,0.8594981774288242,1.068785849075447,0.011551621475000766,0.0009008084244173117,-2723.353487101971
0.0029871341338715673,-0.0015143097233335677,0.0012320203663648166,0.032428523016362384,0.022342175304341762,1.2085704737554415,0.8844553923876998,0.8594981774288242,1.068785849075447,0.011551621475000766,0.0009008084244173117,-2723.353487101971
0.0029871341338715673,-0.0015143097233335677,0.0012320203663648166,0.032428523016362384,0.022342175304341762,1.2085704737554415,0.8844553923876998,0.8594981774288242,1.068785849075447,0.011551621475000766,0.0009008084244173117,-2723.353487101971
0.0029871341338715673,-0.0015143097233335677,0.0012320203663648166,0.032428523016362384,0.022342175304341762,1.2085704737554415,0.8844553923876998,0.8594981774288242,1.068785849075447,0.011551621475000766,0.0009008084244173117,-2723.353487101971
0.0029871341338715673,-0.0015143097233335677,0.0012320203663648166,0.032428523016362384,0.022342175304341762,1.2085704737554415,0.8844553923876998,0.8594981774288242,1.068785849075447,0.011551621475000766,0.0009008084244173117,-2723.353487101971
0.0029871341338715673,-0.0015143097233335677,0.0012320203663648166,0.032428523016362384,0.022342175304341762,1.2085704737554415,0.8844553923876998,0.8594981774288242,1.068785849075447,0.011551621475000766,0.0009008084244173117,-2723.353487101971
0.0029871341338715673,-0.0015143097233335677,0.0012320203663648166,0.032428523016362384,0.022342175304341762,1.2085704737554415,0.8844553923876998,0.8594981774288242,1.068785849075447,0.011551621475000766,0.0009008084244173117,-2723.353487101971
0.0029871341338715673,-0.0015143097233335677,0.0012320203663648166,0.032428523016362384,0.022342175304341762,1.2085704737554415,0.8844553923876998,0.8594981774288242,1.068785849075447,0.011551621475000766,0.0009008084244173117,-2723.353487101971
0.0030017844978635355,-0.0017600661503094344,0.0013240310265053151,0.0312192257934339,0.021752415669267305,1.199699578168871,0.891245946643268,0.8304872831898675,1.0759799234238554,0.012220748406847365,0.0010751972725146389,-2722.7379098008246
0.0030017844978635355,-0.0017600661503094344,0.0013240310265053151,0.0312192257934339,0.021752415669267305,1.199699578168871,0.891245946643268,0.8304872831898675,1.0759799234238554,0.012220748406847365,0.0010751972725146389,-2722.7379098008246
0.0030017844978635355,-0.0017600661503094344,0.0013240310265053151,0.0312192257934339,0.021752415669267305,1.199699578168871,0.891245946643268,0.8304872831898675,1.0759799234238554,0.012220748406847365,0.0010751972725146389,-2722.7379098008246
0.0030017844978635355,-0.0017600661503094344,0.0013240310265053151,0.0312192257934339,0.021752415669267305,1.199699578168871,0.891245946643268,0.8304872831898675,1.0759799234238554,0.012220748406847365,0.0010751972725146389,-2722.7379098008246
0.0026806792536821344,-0.0018892192144583046,0.001377550031997555,0.0313278122388416,0.02194019390973683,1.228748735403786,0.8840600964692296,0.8105451916895026,1.0846313603565187,0.011793002842535445,0.0010377908170445102,-2720.7473219745207
0.0028672354789973896,-0.0020231381643786347,0.001706920863654177,0.029720514630537993,0.02230384095060909,1.2337371426448884,0.8826019145273455,0.8009183406104787,1.1147768879839557,0.011214057365859688,0.0012364692188171589,-2720.4394163000193
0.0032331015715187598,-0.0022835720506939206,0.0017197963726915445,0.03005117500603046,0.02262213434281362,1.2192742699208123,0.8869039297833186,0.8009983015897808,1.1091631297759486,0.011763730658859191,0.0011608077755779688,-2721.7986005157504
0.0032331015715187598,-0.0022835720506939206,0.0017197963726915445,0.03005117500603046,0.02262213434281362,1.2192742699208123,0.8869039297833186,0.8009983015897808,1.1091631297759486,0.011763730658859191,0.0011608077755779688,-2721.7986005157504
0.0032331015715187598,-0.0022835720506939206,0.0017197963726915445,0.03005117500603046,0.02262213434281362,1.2192742699208123,0.8869039297833186,0.8009983015897808,1.1091631297759486,0.011763730658859191,0.0011608077755779688,-2721.7986005157504
0.0032331015715187598,-0.0022835720506939206,0.0017197963726915445,0.03005117500603046,0.02262213434281362,1.2192742699208123,0.8869039297833186,0.8009983015897808,1.1091631297759486,0.011763730658859191,0.0011608077755779688,-2721.7986005157504
0.00329366995511185,-0.00225452273529372,0.001660980283422645,0.030075200385648298,0.022538201096408222,1.2213715194401304,0.8987260910231891,0.8129916958826692,1.1059087633519171,0.011499916313934596,0.00118100952007752,-2720.0208505467763
0.00329366995511185,-0.00225452273529372,0.001660980283422645,0.030075200385648298,0.022538201096408222,1.2213715194401304,0.8987260910231891,0.8129916958826692,1.1059087633519171,0.011499916313934596,0.00118100952007752,-2720.0208505467763
0.00329366995511185,-0.00225452273529372,0.001660980283422645,0.030075200385648298,0.022538201096408222,1.2213715194401304,0.8987260910231891,0.8129916958826692,1.1059087633519171,0.011499916313934596,0.00118100952007752,-2720.0208505467763
0.00329366995511185,-0.00225452273529372,0.001660980283422645,0.030075200385648298,0.022538201096408222,1.2213715194401304,0.8987260910231891,0.8129916958826692,1.1059087633519171,0.011499916313934596,0.00118100952007752,-2720.0208505467763
0.0030107503150694093,-0.002100761688958246,0.0020461582595362364,0.02809279374385737,0.024127232579628653,1.295025919154138,0.9039838907983403,0.8061504157230395,1.1766158618885172,0.010056886571470683,0.0012785503726186044,-2720.2399454940405
0.0030107503150694093,-0.002100761688958246,0.0020461582595362364,0.02809279374385737,0.024127232579628653,1.295025919154138,0.9039838907983403,0.8061504157230395,1.1766158618885172,0.010056886571470683,0.0012785503726186044,-2720.2399454940405
0.0030107503150694093,-0.002100761688958246,0.0020461582595362364,0.02809279374385737,0.024127232579628653,1.295025919154138,0.9039838907983403,0.8061504157230395,1.1766158618885172,0.010056886571470683,0.0012785503726186044,-2720.2399454940405
0.0030107503150694093,-0.002100761688958246,0.0020461582595362364,0.02809279374385737,0.024127232579628653,1.295025919154138,0.9039838907983403,0.8061504157230395,1.1766158618885172,0.010056886571470683,0.0012785503726186044,-2720.2399454940405
0.0030107503150694093,-0.002100761688958246,0.0020461582595362364,0.02809279374385737,0.024127232579628653,1.295025919154138,0.9039838907983403,0.8061504157230395,1.1766158618885172,0.010056886571470683,0.0012785503726186044,-2720.2399454940405
0.0030107503150694093,-0.002100761688958246,0.0020461582595362364,0.02809279374385737,0.024127232579628653,1.295025919154138,0.9039838907983403,0.8061504157230395,1.1766158618885172,0.010056886571470683,0.0012785503726186044,-2720.2399454940405
0.0030107503150694093,-0.002100761688958246,0.0020461582595362364,0.02809279374385737,0.024127232579628653,1.295025919154138,0.9039838907983403,0.8061504157230395,1.1766158618885172,0.010056886571470683,0.0012785503726186044,-2720.2399454940405
0.0030107503150694093,-0.002100761688958246,0.0020461582595362364,0.02809279374385737,0.024127232579628653,1.295025919154138,0.9039838907983403,0.8061504157230395,1.1766158618885172,0.010056886571470683,0.0012785503726186044,-2720.2399454940405
0.002126066586557592,-0.0020594097471481713,0.002536618031851509,0.026127726252676876,0.0238863934743297,1.3352765096222694,0.9195431219957011,0.7515442898009224,1.2360772786922525,0.009578544074661662,0.0014042833638037663,-2721.3812029389105
0.002126066586557592,-0.0020594097471481713,0.002536618031851509,0.026127726252676876,0.0238863934743297,1.3352765096222694,0.9195431219957011,0.7515442898009224,1.2360772786922525,0.009578544074661662,0.0014042833638037663,-2721.3812029389105
0.002126066586557592,-0.0020594097471481713,0.002536618031851509,0.026127726252676876,0.0238863934743297,1.3352765096222694,0.9195431219957011,0.7515442898009224,1.2360772786922525,0.009578544074661662,0.0014042833638037663,-2721.3812029389105
0.002126066586557592,-0.0020594097471481713,0.002536618031851509,0.026127726252676876,0.0238863934743297,1.3352765096222694,0.9195431219957011,0.7515442898009224,1.2360772786922525,0.009578544074661662,0.0014042833638037663,-2721.3812029389105
0.0027205707910272926,-0.0023938153417528236,0.002381338314052629,0.026308359227504997,0.02340324714250564,1.3177618225948384,0.9277482872787366,0.8041307804125939,1.2016306595485986,0.008874783690310879,0.0014135142784528884,-2720.9382579327585
0.0027205707910272926,-0.0023938153417528236,0.002381338314052629,0.026308359227504997,0.02340324714250564,1.3177618225948384,0.9277482872787366,0.8041307804125939,1.2016306595485986,0.008874783690310879,0.0014135142784528884,-2720.9382579327585
0.0027205707910272926,-0.0023938153417528236,0.002381338314052629,0.026308359227504997,0.02340324714250564,1.3177618225948384,0.9277482872787366,0.8041307804125939,1.2016306595485986,0.008874783690310879,0.0014135142784528884,-2720.9382579327585
0.0027205707910272926,-0.0023938153417528236,0.002381338314052629,0.026308359227504997,0.02340324714250564,1.3177618225948384,0.9277482872787366,0.8041307804125939,1.2016306595485986,0.008874783690310879,0.0014135142784528884,-2720.9382579327585
0.0027205707910272926,-0.0023938153417528236,0.002381338314052629,0.026308359227504997,0.02340324714250564,1.3177618225948384,0.9277482872787366,0.8041307804125939,1.2016306595485986,0.008874783690310879,0.0014135142784528884,-2720.9382579327585
0.0027205707910272926,-0.0023938153417528236,0.002381338314052629,0.026308359227504997,0.02340324714250564,1.3177618225948384,0.9277482872787366,0.8041307804125939,1.2016306595485986,0.008874783690310879,0.0014135142784528884,-2720.9382579327585
0.0034933895267358437,-0.002749517360664748,0.0028410874207049977,0.026380574362611875,0.028750432004755307,1.2733331607544005,0.9301816138300245,0.8069295190418007,1.1507628718530658,0.010382100563524082,0.001338342626830217,-2722.2414329010567
0.0034933895267358437,-0.002749517360664748,0.0028410874207049977,0.026380574362611875,0.028750432004755307,1.2733331607544005,0.9301816138300245,0.8069295190418007,1.1507628718530658,0.010382100563524082,0.001338342626830217,-2722.2414329010567
0.0034933895267358437,-0.002749517360664748,0.0028410874207049977,0.026380574362611875,0.028750432004755307,1.2733331607544005,0.9301816138300245,0.8069295190418007,1.1507628718530658,0.010382100563524082,0.001338342626830217,-2722.2414329010567
0.0034190596944676296,-0.0025611857774856684,0.002700252108931763,0.0268177941782143,0.02764688908562292,1.2570934677184618,0.9106695682982082,0.8254866660151893,1.1673424485926036,0.010376507655840096,0.0013718181222020143,-2721.419062551616
0.0034190596944676296,-0.0025611857774856684,0.002700252108931763,0.0268177941782143,0.02764688908562292,1.2570934677184618,0.9106695682982082,0.8254866660151893,1.1673424485926036,0.010376507655840096,0.0013718181222020143,-2721.419062551616
0.0034190596944676296,-0.0025611857774856684,0.002700252108931763,0.0268177941782143,0.02764688908562292,1.2570934677184618,0.9106695682982082,0.8254866660151893,1.1673424485926036,0.010376507655840096,0.0013718181222020143,-2721.419062551616
0.0034190596944676296,-0.0025611857774856684,0.002700252108931763,0.0268177941782143,0.02764688908562292,1.2570934677184618,0.9106695682982082,0.8254866660151893,1.1673424485926036,0.010376507655840096,0.0013718181222020143,-2721.419062551616
0.0034190596944676296,-0.0025611857774856684,0.002700252108931763,0.0268177941782143,0.02764688908562292,1.2570934677184618,0.9106695682982082,0.8254866660151893,1.1673424485926036,0.010376507655840096,0.0013718181222020143,-2721.419062551616
0.003731070478138405,-0.002408539325872032,0.0023720929470777614,0.02864341010635293,0.030459234323623324,1.2184309335316272,0.9000085425529021,0.8413648690471791,1.0924385978010265,0.011408862697096987,0.00123912237012141,-2721.288494850131
0.0036897356694839036,-0.0022662594410213753,0.0021055874620166015,0.02887247451208462,0.02964300275623745,1.2362989457647109,0.9070121367754445,0.8610617908436791,1.1128412400606522,0.01083771905762809,0.0011853084330922135,-2720.702045843103
0.0036897356694839036,-0.0022662594410213753,0.0021055874620166015,0.02887247451208462,0.02964300275623745,1.2362989457647109,0.9070121367754445,0.8610617908436791,1.1128412400606522,0.01083771905762809,0.0011853084330922135,-2720.702045843103
0.0036897356694839036,-0.0022662594410213753,0.0021055874620166015,0.02887247451208462,0.02964300275623745,1.2362989457647109,0.9070121367754445,0.8610617908436791,1.1128412400606522,0.01083771905762809,0.0011853084330922135,-2720.702045843103
0.0036897356694839036,-0.0022662594410213753,0.0021055874620166015,0.02887247451208462,0.02964300275623745,1.2362989457647109,0.9070121367754445,0.8610617908436791,1.1128412400606522,0.01083771905762809,0.0011853084330922135,-2720.702045843103
0.0036897356694839036,-0.0022662594410213753,0.0021055874620166015,0.02887247451208462,0.02964300275623745,1.2362989457647109,0.9070121367754445,0.8610617908436791,1.1128412400606522,0.01083771905762809,0.0011853084330922135,-2720.702045843103
0.004223020426370627,-0.0023654935552900568,0.001786318693359266,0.029694876451017246,0.027151583353828963,1.2280463356576679,0.8972714216408681,0.85911264378847,1.0717330919329378,0.012665651056845886,0.0012638513438301207,-2722.638436465501
0.004154242998737592,-0.002576910222090901,0.0019379763929368865,0.029095089644512885,0.02653047466003578,1.219265588074287,0.8988519450556869,0.8396521628489014,1.0608749317741608,0.01347827055258942,0.0013028532596629453,-2722.1615094015724
0.004154242998737592,-0.002576910222090901,0.0019379763929368865,0.029095089644512885,0.02653047466003578,1.219265588074287,0.8988519450556869,0.8396521628489014,1.0608749317741608,0.01347827055258942,0.0013028532596629453,-2722.1615094015724
0.004154242998737592,-0.002576910222090901,0.0019379763929368865,0.029095089644512885,0.02653047466003578,1.219265588074287,0.8988519450556869,0.8396521628489014,1.0608749317741608,0.01347827055258942,0.0013028532596629453,-2722.1615094015724
0.003983394422979663,-0.0025007591829240335,0.001915334882279587,0.02964341959107632,0.026267899711454993,1.2178903990870062,0.8914408637036135,0.8333797406394303,1.0600210174732783,0.013187862595374538,0.001302594307313597,-2722.5081258918112
0.004447660970478563,-0.0028392618128469686,0.0021032918773795607,0.02888604045918008,0.028091225618675567,1.2044305236073938,0.8892912324022788,0.8482113964031383,1.0760628527294858,0.01438683246114306,0.0013106021880364474,-2725.2258988474046
0.004447660970478563,-0.0028392618128469686,0.0021032918773795607,0.02888604045918008,0.028091225618675567,1.2044305236073938,0.8892912324022788,0.8482113964031383,1.0760628527294858,0.01438683246114306,0.0013106021880364474,-2725.2258988474046
0.004447660970478563,-0.0028392618128469686,0.0021032918773795607,0.02888604045918008,0.028091225618675567,1.2044305236073938,0.8892912324022788,0.8482113964031383,1.0760628527294858,0.01438683246114306,0.0013106021880364474,-2725.2258988474046
0.00463440580184636,-0.002732964115848319,0.001881519272744918,0.029602803148091845,0.026660350366310426,1.2132274557838405,0.8916101913710482,0.853366867925627,1.0716502222753923,0.014102315512861409,0.0012972929938556334,-2724.054776208592
0.00463440580184636,-0.002732964115848319,0.001881519272744918,0.029602803148091845,0.026660350366310426,1.2132274557838405,0.8916101913710482,0.853366867925627,1.0716502222753923,0.014102315512861409,0.0012972929938556334,-2724.054776208592
0.003597953751949958,-0.002463757780858937,0.0019560411337593776,0.02954395438378598,0.02646809238203489,1.2289354465674456,0.9151237760227972,0.8555976878270355,1.0599827694525172,0.013029156882725901,0.0012659708937195699,-2730.5277130278278
0.003597953751949958,-0.002463757780858937,0.0019560411337593776,0.02954395438378598,0.02646809238203489,1.2289354465674456,0.9151237760227972,0.8555976878270355,1.0599827694525172,0.013029156882725901,0.0012659708937195699,-2730.5277130278278
0.004060204849489506,-0.002880003925815165,0.0027183019747697925,0.027715159573030064,0.032533387199606696,1.2407938037240303,0.8968794688575512,0.7944990678119099,1.0846873324938706,0.01443964723155231,0.0013459238876044784,-2725.445630025244
0.0031444159923784652,-0.002384241805977326,0.002853732122908171,0.02703615102221031,0.03281355960156115,1.2633933645991156,0.9139127192752434,0.8014496525781769,1.1239850845431452,0.013240200328411889,0.0013573528128208033,-2727.068611530499
0.003463157899648673,-0.002485607938809086,0.0032906039926986616,0.02714849584615736,0.04324873840503338,1.269265150886985,0.8856751647880539,0.79562078795827,1.1387134423656091,0.012699676650124392,0.0011666432140149598,-2727.889363875736
0.003463157899648673,-0.002485607938809086,0.0032906039926986616,0.02714849584615736,0.04324873840503338,1.269265150886985,0.8856751647880539,0.79562078795827,1.1387134423656091,0.012699676650124392,0.0011666432140149598,-2727.889363875736
0.003463157899648673,-0.002485607938809086,0.0032906039926986616,0.02714849584615736,0.04324873840503338,1.269265150886985,0.8856751647880539,0.79562078795827,1.1387134423656091,0.012699676650124392,0.0011666432140149598,-2727.889363875736
0.003463157899648673,-0.002485607938809086,0.0032906039926986616,0.02714849584615736,0.04324873840503338,1.269265150886985,0.8856751647880539,0.79562078795827,1.1387134423656091,0.012699676650124392,0.0011666432140149598,-2727.889363875736
0.0031272410063681675,-0.002219497337414924,0.0021851411533522244,0.029535686789348467,0.03026821821244647,1.24507129812731,0.8955815963991203,0.8279843935563957,1.0881420520725595,0.01285144960411761,0.001112490894434694,-2722.8194529694683
0.003732973293683302,-0.0023498843182423743,0.00221766278246594,0.028062653138162058,0.027756794249622414,1.264250221126869,0.9080817189006841,0.8237460085181383,1.1002129196544868,0.0131195494115076,0.0012961434331273793,-2721.701142610434
0.0027846291681523326,-0.002155450348632868,0.002488518865266487,0.027468409362937467,0.029291854275448698,1.2955814769468847,0.9254059339316028,0.7915667529644254,1.1384852761652606,0.011929494063999352,0.0011872161004107637,-2721.3171580216194
0.0027846291681523326,-0.002155450348632868,0.002488518865266487,0.027468409362937467,0.029291854275448698,1.2955814769468847,0.9254059339316028,0.7915667529644254,1.1384852761652606,0.011929494063999352,0.0011872161004107637,-2721.3171580216194
0.003495735998239288,-0.0022794512683071994,0.0026939298928331953,0.026125652177641418,0.02963149176983635,1.3032079397646092,0.9309068999777121,0.7916706118354211,1.171568132776981,0.012179449251551745,0.0013705206474397874,-2722.2259602843974
0.003495735998239288,-0.0022794512683071994,0.0026939298928331953,0.026125652177641418,0.02963149176983635,1.3032079397646092,0.9309068999777121,0.7916706118354211,1.171568132776981,0.012179449251551745,0.0013705206474397874,-2722.2259602843974
0.0032763487416636594,-0.002275493503226096,0.0024209045432698755,0.026858105145032254,0.02781505152158081,1.2783290132890932,0.9302465048519044,0.7969110353728666,1.153932006179303,0.013178811020886505,0.001400217607781114,-2724.0660246598645
0.0029554218515234036,-0.0022654848436816704,0.0020339236477943112,0.028407191958134976,0.02546444556235584,1.240698433322583,0.9159145976601191,0.7758978419384686,1.1443600487290477,0.01409918983866369,0.001261357855664986,-2723.950257167456
0.0029554218515234036,-0.0022654848436816704,0.0020339236477943112,0.028407191958134976,0.02546444556235584,1.240698433322583,0.9159145976601191,0.7758978419384686,1.1443600487290477,0.01409918983866369,0.001261357855664986,-2723.950257167456
0.0029554218515234036,-0.0022654848436816704,0.0020339236477943112,0.028407191958134976,0.02546444556235584,1.240698433322583,0.9159145976601191,0.7758978419384686,1.1443600487290477,0.01409918983866369,0.001261357855664986,-2723.950257167456
0.003245525260923133,-0.0021167150226244222,0.0021940927921868824,0.027701573371746484,0.027462110017568812,1.268262200428092,0.9351478732766942,0.8201336028611823,1.1713127284091351,0.011669935955073565,0.001183749159929669,-2722.222564945161
0.003245525260923133,-0.0021167150226244222,0.0021940927921868824,0.027701573371746484,0.027462110017568812,1.268262200428092,0.9351478732766942,0.8201336028611823,1.1713127284091351,0.011669935955073565,0.001183749159929669,-2722.222564945161
0.003245525260923133,-0.0021167150226244222,0.0021940927921868824,0.027701573371746484,0.027462110017568812,1.268262200428092,0.9351478732766942,0.8201336028611823,1.1713127284091351,0.011669935955073565,0.001183749159929669,-2722.222564945161
0.003245525260923133,-0.0021167150226244222,0.0021940927921868824,0.027701573371746484,0.027462110017568812,1.268262200428092,0.9351478732766942,0.8201336028611823,1.1713127284091351,0.011669935955073565,0.001183749159929669,-2722.222564945161
0.003245525260923133,-0.0021167150226244222,0.0021940927921868824,0.027701573371746484,0.027462110017568812,1.268262200428092,0.9351478732766942,0.8201336028611823,1.1713127284091351,0.011669935955073565,0.001183749159929669,-2722.222564945161
0.003245525260923133,-0.0021167150226244222,0.0021940927921868824,0.027701573371746484,0.027462110017568812,1.268262200428092,0.9351478732766942,0.8201336028611823,1.1713127284091351,0.011669935955073565,0.001183749159929669,-2722.222564945161
0.0025688080091696066,-0.0018713121028171072,0.0021897873072502234,0.02789457780598437,0.025669860614363254,1.312132445540736,0.9721179964280421,0.8063324656683076,1.1982758934010471,0.009205625638379776,0.0010552511295862305,-2721.718627792544
0.0025688080091696066,-0.0018713121028171072,0.0021897873072502234,0.02789457780598437,0.025669860614363254,1.312132445540736,0.9721179964280421,0.8063324656683076,1.1982758934010471,0.009205625638379776,0.0010552511295862305,-2721.718627792544
0.0025688080091696066,-0.0018713121028171072,0.0021897873072502234,0.02789457780598437,0.025669860614363254,1.312132445540736,0.9721179964280421,0.8063324656683076,1.1982758934010471,0.009205625638379776,0.0010552511295862305,-2721.718627792544
0.0025688080091696066,-0.0018713121028171072,0.0021897873072502234,0.02789457780598437,0.025669860614363254,1.312132445540736,0.9721179964280421,0.8063324656683076,1.1982758934010471,0.009205625638379776,0.0010552511295862305,-2721.718627792544
0.0025688080091696066,-0.0018713121028171072,0.0021897873072502234,0.02789457780598437,0.025669860614363254,1.312132445540736,0.9721179964280421,0.8063324656683076,1.1982758934010471,0.009205625638379776,0.0010552511295862305,-2721.718627792544
0.0025688080091696066,-0.0018713121028171072,0.0021897873072502234,0.02789457780598437,0.025669860614363254,1.312132445540736,0.9721179964280421,0.8063324656683076,1.1982758934010471,0.009205625638379776,0.0010552511295862305,-2721.718627792544
0.0025688080091696066,-0.0018713121028171072,0.0021897873072502234,0.02789457780598437,0.025669860614363254,1.312132445540736,0.9721179964280421,0.8063324656683076,1.1982758934010471,0.009205625638379776,0.0010552511295862305,-2721.718627792544
0.0025688080091696066,-0.0018713121028171072,0.0021897873072502234,0.02789457780598437,0.025669860614363254,1.312132445540736,0.9721179964280421,0.8063324656683076,1.1982758934010471,0.009205625638379776,0.0010552511295862305,-2721.718627792544
0.0025688080091696066,-0.0018713121028171072,0.0021897873072502234,0.02789457780598437,0.025669860614363254,1.312132445540736,0.9721179964280421,0.8063324656683076,1.1982758934010471,0.009205625638379776,0.0010552511295862305,-2721.718627792544
0.0025688080091696066,-0.0018713121028171072,0.0021897873072502234,0.02789457780598437,0.025669860614363254,1.312132445540736,0.9721179964280421,0.8063324656683076,1.1982758934010471,0.009205625638379776,0.0010552511295862305,-2721.718627792544
0.0025688080091696066,-0.0018713121028171072,0.0021897873072502234,0.02789457780598437,0.025669860614363254,1.312132445540736,0.9721179964280421,0.8063324656683076,1.1982758934010471,0.009205625638379776,0.0010552511295862305,-2721.718627792544
0.002529989891826583,-0.0020835790796688907,0.0026870519465374064,0.025365021171929493,0.02603496504494256,1.3782430145702325,0.9993803470652469,0.7792560001848621,1.2410518193627778,0.008666984348923474,0.001215034109932625,-2720.806033127691
0.002529989891826583,-0.0020835790796688907,0.0026870519465374064,0.025365021171929493,0.02603496504494256,1.3782430145702325,0.9993803470652469,0.7792560001848621,1.2410518193627778,0.008666984348923474,0.001215034109932625,-2720.806033127691
0.002529989891826583,-0.0020835790796688907,0.0026870519465374064,0.025365021171929493,0.02603496504494256,1.3782430145702325,0.9993803470652469,0.7792560001848621,1.2410518193627778,0.008666984348923474,0.001215034109932625,-2720.806033127691
0.002529989891826583,-0.0020835790796688907,0.0026870519465374064,0.025365021171929493,0.02603496504494256,1.3782430145702325,0.9993803470652469,0.7792560001848621,1.2410518193627778,0.008666984348923474,0.001215034109932625,-2720.806033127691
0.0029384784646049687,-0.001995589738110967,0.002988259920733544,0.024032775181146156,0.02640335466857773,1.4067577252903845,1.0139401903784475,0.7853808140330867,1.2873338519047524,0.007319481853023338,0.0013036767381088882,-2721.182115718578
0.0029384784646049687,-0.001995589738110967,0.002988259920733544,0.024032775181146156,0.02640335466857773,1.4067577252903845,1.0139401903784475,0.7853808140330867,1.2873338519047524,0.007319481853023338,0.0013036767381088882,-2721.182115718578
0.0029384784646049687,-0.001995589738110967,0.002988259920733544,0.024032775181146156,0.02640335466857773,1.4067577252903845,1.0139401903784475,0.7853808140330867,1.2873338519047524,0.007319481853023338,0.0013036767381088882,-2721.182115718578
0.0029384784646049687,-0.001995589738110967,0.002988259920733544,0.024032775181146156,0.02640335466857773,1.4067577252903845,1.0139401903784475,0.7853808140330867,1.2873338519047524,0.007319481853023338,0.0013036767381088882,-2721.182115718578
0.0029384784646049687,-0.001995589738110967,0.002988259920733544,0.024032775181146156,0.02640335466857773,1.4067577252903845,1.0139401903784475,0.7853808140330867,1.2873338519047524,0.007319481853023338,0.0013036767381088882,-2721.182115718578
0.0029384784646049687,-0.001995589738110967,0.002988259920733544,0.024032775181146156,0.02640335466857773,1.4067577252903845,1.0139401903784475,0.7853808140330867,1.2873338519047524,0.007319481853023338,0.0013036767381088882,-2721.182115718578
0.0029384784646049687,-0.001995589738110967,0.002988259920733544,0.024032775181146156,0.02640335466857773,1.4067577252903845,1.0139401903784475,0.7853808140330867,1.2873338519047524,0.007319481853023338,0.0013036767381088882,-2721.182115718578
0.0029384784646049687,-0.001995589738110967,0.002988259920733544,0.024032775181146156,0.02640335466857773,1.4067577252903845,1.0139401903784475,0.7853808140330867,1.2873338519047524,0.007319481853023338,0.0013036767381088882,-2721.182115718578
0.0029384784646049687,-0.001995589738110967,0.002988259920733544,0.024032775181146156,0.02640335466857773,1.4067577252903845,1.0139401903784475,0.7853808140330867,1.2873338519047524,0.007319481853023338,0.0013036767381088882,-2721.182115718578
0.0034522586736444975,-0.00220548915121198,0.003097396630983849,0.024183955068027917,0.026991488771451813,1.3616086780778938,1.003811883092412,0.7986694821077003,1.2466539891954735,0.008377512522996932,0.0013509063308032216,-2721.509443868339
0.0034522586736444975,-0.00220548915121198,0.003097396630983849,0.024183955068027917,0.026991488771451813,1.3616086780778938,1.003811883092412,0.7986694821077003,1.2466539891954735,0.008377512522996932,0.0013509063308032216,-2721.509443868339
0.0034522586736444975,-0.00220548915121198,0.003097396630983849,0.024183955068027917,0.026991488771451813,1.3616086780778938,1.003811883092412,0.7986694821077003,1.2466539891954735,0.008377512522996932,0.0013509063308032216,-2721.509443868339
0.0034522586736444975,-0.00220548915121198,0.003097396630983849,0.024183955068027917,0.026991488771451813,1.3616086780778938,1.003811883092412,0.7986694821077003,1.2466539891954735,0.008377512522996932,0.0013509063308032216,-2721.509443868339
0.0034522586736444975,-0.00220548915121198,0.003097396630983849,0.024183955068027917,0.026991488771451813,1.3616086780778938,1.003811883092412,0.7986694821077003,1.2466539891954735,0.008377512522996932,0.0013509063308032216,-2721.509443868339
0.0034522586736444975,-0.00220548915121198,0.003097396630983849,0.024183955068027917,0.026991488771451813,1.3616086780778938,1.003811883092412,0.7986694821077003,1.2466539891954735,0.008377512522996932,0.0013509063308032216,-2721.509443868339
0.0034522586736444975,-0.00220548915121198,0.003097396630983849,0.024183955068027917,0.026991488771451813,1.3616086780778938,1.003811883092412,0.7986694821077003,1.2466539891954735,0.008377512522996932,0.0013509063308032216,-2721.509443868339
0.0034522586736444975,-0.00220548915121198,0.003097396630983849,0.024183955068027917,0.026991488771451813,1.3616086780778938,1.003811883092412,0.7986694821077003,1.2466539891954735,0.008377512522996932,0.0013509063308032216,-2721.509443868339
0.0034522586736444975,-0.00220548915121198,0.003097396630983849,0.024183955068027917,0.026991488771451813,1.3616086780778938,1.003811883092412,0.7986694821077003,1.2466539891954735,0.008377512522996932,0.0013509063308032216,-2721.509443868339
0.0034522586736444975,-0.00220548915121198,0.003097396630983849,0.024183955068027917,0.026991488771451813,1.3616086780778938,1.003811883092412,0.7986694821077003,1.2466539891954735,0.008377512522996932,0.0013509063308032216,-2721.509443868339
0.0034522586736444975,-0.00220548915121198,0.003097396630983849,0.024183955068027917,0.026991488771451813,1.3616086780778938,1.003811883092412,0.7986694821077003,1.2466539891954735,0.008377512522996932,0.0013509063308032216,-2721.509443868339
0.0034522586736444975,-0.00220548915121198,0.003097396630983849,0.024183955068027917,0.026991488771451813,1.3616086780778938,1.003811883092412,0.7986694821077003,1.2466539891954735,0.008377512522996932,0.0013509063308032216,-2721.509443868339
0.0034522586736444975,-0.00220548915121198,0.003097396630983849,0.024183955068027917,0.026991488771451813,1.3616086780778938,1.003811883092412,0.7986694821077003,1.2466539891954735,0.008377512522996932,0.0013509063308032216,-2721.509443868339
0.0034522586736444975,-0.00220548915121198,0.003097396630983849,0.024183955068027917,0.026991488771451813,1.3616086780778938,1.003811883092412,0.7986694821077003,1.2466539891954735,0.008377512522996932,0.0013509063308032216,-2721.509443868339
0.0034522586736444975,-0.00220548915121198,0.003097396630983849,0.024183955068027917,0.026991488771451813,1.3616086780778938,1.003811883092412,0.7986694821077003,1.2466539891954735,0.008377512522996932,0.0013509063308032216,-2721.509443868339
0.0034522586736444975,-0.00220548915121198,0.003097396630983849,0.024183955068027917,0.026991488771451813,1.3616086780778938,1.003811883092412,0.7986694821077003,1.2466539891954735,0.008377512522996932,0.0013509063308032216,-2721.509443868339
0.0034522586736444975,-0.00220548915121198,0.003097396630983849,0.024183955068027917,0.026991488771451813,1.3616086780778938,1.003811883092412,0.7986694821077003,1.2466539891954735,0.008377512522996932,0.0013509063308032216,-2721.509443868339
0.0034522586736444975,-0.00220548915121198,0.003097396630983849,0.024183955068027917,0.026991488771451813,1.3616086780778938,1.003811883092412,0.7986694821077003,1.2466539891954735,0.008377512522996932,0.0013509063308032216,-2721.509443868339
0.002870451633595209,-0.002269736007852142,0.002835067288708642,0.024673950365280473,0.023883185246088522,1.3662747123460697,0.9946450905036414,0.7992041663235816,1.222877036969078,0.008431805010437263,0.0013435124536634588,-2720.947532901395
0.002870451633595209,-0.002269736007852142,0.002835067288708642,0.024673950365280473,0.023883185246088522,1.3662747123460697,0.9946450905036414,0.7992041663235816,1.222877036969078,0.008431805010437263,0.0013435124536634588,-2720.947532901395
0.002870451633595209,-0.002269736007852142,0.002835067288708642,0.024673950365280473,0.023883185246088522,1.3662747123460697,0.9946450905036414,0.7992041663235816,1.222877036969078,0.008431805010437263,0.0013435124536634588,-2720.947532901395
0.002870451633595209,-0.002269736007852142,0.002835067288708642,0.024673950365280473,0.023883185246088522,1.3662747123460697,0.9946450905036414,0.7992041663235816,1.222877036969078,0.008431805010437263,0.0013435124536634588,-2720.947532901395
0.002870451633595209,-0.002269736007852142,0.002835067288708642,0.024673950365280473,0.023883185246088522,1.3662747123460697,0.9946450905036414,0.7992041663235816,1.222877036969078,0.008431805010437263,0.0013435124536634588,-2720.947532901395
0.002870451633595209,-0.002269736007852142,0.002835067288708642,0.024673950365280473,0.023883185246088522,1.3662747123460697,0.9946450905036414,0.7992041663235816,1.222877036969078,0.008431805010437263,0.0013435124536634588,-2720.947532901395
0.002870451633595209,-0.002269736007852142,0.002835067288708642,0.024673950365280473,0.023883185246088522,1.3662747123460697,0.9946450905036414,0.7992041663235816,1.222877036969078,0.008431805010437263,0.0013435124536634588,-2720.947532901395
0.002870451633595209,-0.002269736007852142,0.002835067288708642,0.024673950365280473,0.023883185246088522,1.3662747123460697,0.9946450905036414,0.7992041663235816,1.222877036969078,0.008431805010437263,0.0013435124536634588,-2720.947532901395
0.002870451633595209,-0.002269736007852142,0.002835067288708642,0.024673950365280473,0.023883185246088522,1.3662747123460697,0.9946450905036414,0.7992041663235816,1.222877036969078,0.008431805010437263,0.0013435124536634588,-2720.947532901395
0.002870451633595209,-0.002269736007852142,0.002835067288708642,0.024673950365280473,0.023883185246088522,1.3662747123460697,0.9946450905036414,0.7992041663235816,1.222877036969078,0.008431805010437263,0.0013435124536634588,-2720.947532901395
0.002870451633595209,-0.002269736007852142,0.002835067288708642,0.024673950365280473,0.023883185246088522,1.3662747123460697,0.9946450905036414,0.7992041663235816,1.222877036969078,0.008431805010437263,0.0013435124536634588,-2720.947532901395
0.002870451633595209,-0.002269736007852142,0.002835067288708642,0.024673950365280473,0.023883185246088522,1.3662747123460697,0.9946450905036414,0.7992041663235816,1.222877036969078,0.008431805010437263,0.0013435124536634588,-2720.947532901395
0.002870451633595209,-0.002269736007852142,0.002835067288708642,0.024673950365280473,0.023883185246088522,1.3662747123460697,0.9946450905036414,0.7992041663235816,1.222877036969078,0.008431805010437263,0.0013435124536634588,-2720.947532901395
0.003370063760948533,-0.0022094175537408648,0.0028038472111625422,0.024891762320335836,0.02539949035140211,1.3372329694629186,1.0062704908383537,0.8030358661796337,1.178486800704556,0.009011923275987585,0.0013765151259654738,-2724.3066369177423
0.003370063760948533,-0.0022094175537408648,0.0028038472111625422,0.024891762320335836,0.02539949035140211,1.3372329694629186,1.0062704908383537,0.8030358661796337,1.178486800704556,0.009011923275987585,0.0013765151259654738,-2724.3066369177423
0.003370063760948533,-0.0022094175537408648,0.0028038472111625422,0.024891762320335836,0.02539949035140211,1.3372329694629186,1.0062704908383537,0.8030358661796337,1.178486800704556,0.009011923275987585,0.0013765151259654738,-2724.3066369177423
0.0025667599419061035,-0.002145544960893738,0.002604247684125195,0.02629054180497725,0.025647668872549594,1.3177116311700372,0.9804495195448168,0.772361274827382,1.1722825900953762,0.01019709055881218,0.0011682559514350841,-2723.8978564450294
0.0031321817500558607,-0.0018004619971837606,0.0035037946923849764,0.024752528528809846,0.03128795434126261,1.356756893886626,0.9629070954320236,0.74258416370737,1.186871826064693,0.009551298655367087,0.0011565026691634096,-2726.4657272850295
0.0031942801293708186,-0.0019417478444674497,0.003324018719737591,0.0249674453288446,0.03010119593915868,1.3406628784251375,0.9816037192717499,0.7737762910414598,1.1703721450426547,0.009772189275329366,0.0012854091106025787,-2724.3004086929536
0.0034615970028107398,-0.00230348502132379,0.0036186837565367297,0.024303842718024236,0.03180786153405631,1.3486960608328356,1.0017540471223914,0.7619113546195289,1.1664802349762433,0.00941632369524926,0.0012273106833901014,-2723.3478635145616
0.0030649281127350953,-0.002142873361090928,0.004073966683558187,0.023065156388365458,0.03157097582635907,1.3771597272891984,0.9941630791686661,0.74151546989031,1.1991592396953086,0.00908386185405112,0.0013059244899420732,-2722.2491194594268
0.0030649281127350953,-0.002142873361090928,0.004073966683558187,0.023065156388365458,0.03157097582635907,1.3771597272891984,0.9941630791686661,0.74151546989031,1.1991592396953086,0.00908386185405112,0.0013059244899420732,-2722.2491194594268
0.0030649281127350953,-0.002142873361090928,0.004073966683558187,0.023065156388365458,0.03157097582635907,1.3771597272891984,0.9941630791686661,0.74151546989031,1.1991592396953086,0.00908386185405112,0.0013059244899420732,-2722.2491194594268
0.0030649281127350953,-0.002142873361090928,0.004073966683558187,0.023065156388365458,0.03157097582635907,1.3771597272891984,0.9941630791686661,0.74151546989031,1.1991592396953086,0.00908386185405112,0.0013059244899420732,-2722.2491194594268
0.0030649281127350953,-0.002142873361090928,0.004073966683558187,0.023065156388365458,0.03157097582635907,1.3771597272891984,0.9941630791686661,0.74151546989031,1.1991592396953086,0.00908386185405112,0.0013059244899420732,-2722.2491194594268
0.0017853017602985997,-0.002209044911219595,0.004754129668700808,0.021352824866708985,0.031744440218797125,1.4771391788997277,1.0037323290911104,0.7485233004607974,1.3482372868659933,0.006516789275143812,0.0014487875990391974,-2725.8860175568025
0.00440936583878652,-0.0031000742470290183,0.0046564970080903555,0.02056268456048539,0.03397031658989943,1.4620032461370789,1.0292572998282479,0.826425547508107,1.2659712966377237,0.006651933146110573,0.0015872699868074676,-2724.1655319369897
0.00440936583878652,-0.0031000742470290183,0.0046564970080903555,0.02056268456048539,0.03397031658989943,1.4620032461370789,1.0292572998282479,0.826425547508107,1.2659712966377237,0.006651933146110573,0.0015872699868074676,-2724.1655319369897
0.004612312634006112,-0.0031346982253661025,0.0038308178222132582,0.020825791354440796,0.028338501006787996,1.4851721201350419,1.054698572687509,0.8478303031813916,1.2731140007528374,0.007310073245287354,0.0018000038757648895,-2722.494833708515
0.004612312634006112,-0.0031346982253661025,0.0038308178222132582,0.020825791354440796,0.028338501006787996,1.4851721201350419,1.054698572687509,0.8478303031813916,1.2731140007528374,0.007310073245287354,0.0018000038757648895,-2722.494833708515
0.004612312634006112,-0.0031346982253661025,0.0038308178222132582,0.020825791354440796,0.028338501006787996,1.4851721201350419,1.054698572687509,0.8478303031813916,1.2731140007528374,0.007310073245287354,0.0018000038757648895,-2722.494833708515
0.004612312634006112,-0.0031346982253661025,0.0038308178222132582,0.020825791354440796,0.028338501006787996,1.4851721201350419,1.054698572687509,0.8478303031813916,1.2731140007528374,0.007310073245287354,0.0018000038757648895,-2722.494833708515
0.004612312634006112,-0.0031346982253661025,0.0038308178222132582,0.020825791354440796,0.028338501006787996,1.4851721201350419,1.054698572687509,0.8478303031813916,1.2731140007528374,0.007310073245287354,0.0018000038757648895,-2722.494833708515
0.0031952123929151165,-0.002743373580436907,0.00482887659975275,0.019144705331982235,0.030521003454813032,1.5881821156435063,1.070133117726894,0.8232155269006125,1.4024201405854972,0.004341616770551801,0.001662205448806537,-2724.3674091438033
0.003701669392528646,-0.0028599550899063957,0.0040165109309115,0.019521410187001813,0.02648062917751561,1.5848736915852997,1.0676543153902138,0.8689412548598454,1.4474099731099463,0.004369643038320205,0.001763409876838323,-2727.447166228372
0.004980733832287929,-0.0031023554333709574,0.0038716724701249546,0.019421782945168282,0.02692575794679751,1.530533639000713,1.0497222322532334,0.8903817817202155,1.382943078067416,0.0059861468879510915,0.0021722682925811756,-2723.582683118917
0.004980733832287929,-0.0031023554333709574,0.0038716724701249546,0.019421782945168282,0.02692575794679751,1.530533639000713,1.0497222322532334,0.8903817817202155,1.382943078067416,0.0059861468879510915,0.0021722682925811756,-2723.582683118917
0.004980733832287929,-0.0031023554333709574,0.0038716724701249546,0.019421782945168282,0.02692575794679751,1.530533639000713,1.0497222322532334,0.8903817817202155,1.382943078067416,0.0059861468879510915,0.0021722682925811756,-2723.582683118917
0.004980733832287929,-0.0031023554333709574,0.0038716724701249546,0.019421782945168282,0.02692575794679751,1.530533639000713,1.0497222322532334,0.8903817817202155,1.382943078067416,0.0059861468879510915,0.0021722682925811756,-2723.582683118917
0.004980733832287929,-0.0031023554333709574,0.0038716724701249546,0.019421782945168282,0.02692575794679751,1.530533639000713,1.0497222322532334,0.8903817817202155,1.382943078067416,0.0059861468879510915,0.0021722682925811756,-2723.582683118917
0.0042248842450705575,-0.00293593770014191,0.004387550595932243,0.01893971277677545,0.02819223846941178,1.571743081739625,1.0539242028459879,0.830646710700885,1.3816352013188724,0.00649400742041217,0.0019175794182739157,-2724.9037942188406
0.0042248842450705575,-0.00293593770014191,0.004387550595932243,0.01893971277677545,0.02819223846941178,1.571743081739625,1.0539242028459879,0.830646710700885,1.3816352013188724,0.00649400742041217,0.0019175794182739157,-2724.9037942188406
0.0040200883748227265,-0.002310128693745475,0.00375109830177591,0.019781211763103285,0.027581022354651603,1.5869319994914932,1.0755735792649554,0.9402265600874088,1.4543627602740696,0.004042955882407588,0.0017605705432108246,-2724.989683804073
0.0036219676153636977,-0.0024335569041909625,0.004035805977241951,0.020869762064501734,0.03447635038255372,1.5568339838411451,1.0588226204333577,0.9215694502508223,1.391267580766943,0.004588198506214814,0.0015121317026647934,-2723.570502861696
0.0036219676153636977,-0.0024335569041909625,0.004035805977241951,0.020869762064501734,0.03447635038255372,1.5568339838411451,1.0588226204333577,0.9215694502508223,1.391267580766943,0.004588198506214814,0.0015121317026647934,-2723.570502861696
0.0036219676153636977,-0.0024335569041909625,0.004035805977241951,0.020869762064501734,0.03447635038255372,1.5568339838411451,1.0588226204333577,0.9215694502508223,1.391267580766943,0.004588198506214814,0.0015121317026647934,-2723.570502861696
0.002849219597832511,-0.0022845981326897816,0.0035376747464743977,0.02169880832994649,0.0312599366320814,1.5254045903715723,1.0550789257415727,0.9535849065575676,1.3910916396547297,0.004622226853498361,0.0014630540866683059,-2725.4255427662893
0.0018090288462634108,-0.0014982846156490646,0.0037224133167877128,0.02325384569200942,0.03511227401469913,1.4835828794496317,1.0232242270143146,0.8383481122783432,1.314918113864969,0.004613580614407078,0.00109277383114433,-2720.1681878685545
0.001326542418473622,-0.0014971196596692818,0.003680758808682061,0.023770914300232565,0.03638460223119337,1.4806441716551397,1.02749216859768,0.8379057686448022,1.3497988342193838,0.0051517009367930845,0.0009708738656619731,-2720.2804887723005
0.001326542418473622,-0.0014971196596692818,0.003680758808682061,0.023770914300232565,0.03638460223119337,1.4806441716551397,1.02749216859768,0.8379057686448022,1.3497988342193838,0.0051517009367930845,0.0009708738656619731,-2720.2804887723005
0.001326542418473622,-0.0014971196596692818,0.003680758808682061,0.023770914300232565,0.03638460223119337,1.4806441716551397,1.02749216859768,0.8379057686448022,1.3497988342193838,0.0051517009367930845,0.0009708738656619731,-2720.2804887723005
0.001326542418473622,-0.0014971196596692818,0.003680758808682061,0.023770914300232565,0.03638460223119337,1.4806441716551397,1.02749216859768,0.8379057686448022,1.3497988342193838,0.0051517009367930845,0.0009708738656619731,-2720.2804887723005
0.001326542418473622,-0.0014971196596692818,0.003680758808682061,0.023770914300232565,0.03638460223119337,1.4806441716551397,1.02749216859768,0.8379057686448022,1.3497988342193838,0.0051517009367930845,0.0009708738656619731,-2720.2804887723005
0.001326542418473622,-0.0014971196596692818,0.003680758808682061,0.023770914300232565,0.03638460223119337,1.4806441716551397,1.02749216859768,0.8379057686448022,1.3497988342193838,0.0051517009367930845,0.0009708738656619731,-2720.2804887723005
0.0015449288638379934,-0.0016376596405525447,0.0037542116585713614,0.023908628823175,0.036378352477213875,1.4818763409818652,1.0289636169680962,0.8193963233823305,1.3217757970581865,0.0049657667990834695,0.0009466203024379874,-2721.695518747706
0.0015449288638379934,-0.0016376596405525447,0.0037542116585713614,0.023908628823175,0.036378352477213875,1.4818763409818652,1.0289636169680962,0.8193963233823305,1.3217757970581865,0.0049657667990834695,0.0009466203024379874,-2721.695518747706
0.0015449288638379934,-0.0016376596405525447,0.0037542116585713614,0.023908628823175,0.036378352477213875,1.4818763409818652,1.0289636169680962,0.8193963233823305,1.3217757970581865,0.0049657667990834695,0.0009466203024379874,-2721.695518747706
0.0015449288638379934,-0.0016376596405525447,0.0037542116585713614,0.023908628823175,0.036378352477213875,1.4818763409818652,1.0289636169680962,0.8193963233823305,1.3217757970581865,0.0049657667990834695,0.0009466203024379874,-2721.695518747706
0.0015449288638379934,-0.0016376596405525447,0.0037542116585713614,0.023908628823175,0.036378352477213875,1.4818763409818652,1.0289636169680962,0.8193963233823305,1.3217757970581865,0.0049657667990834695,0.0009466203024379874,-2721.695518747706
0.0015449288638379934,-0.0016376596405525447,0.0037542116585713614,0.023908628823175,0.036378352477213875,1.4818763409818652,1.0289636169680962,0.8193963233823305,1.3217757970581865,0.0049657667990834695,0.0009466203024379874,-2721.695518747706
0.0015449288638379934,-0.0016376596405525447,0.0037542116585713614,0.023908628823175,0.036378352477213875,1.4818763409818652,1.0289636169680962,0.8193963233823305,1.3217757970581865,0.0049657667990834695,0.0009466203024379874,-2721.695518747706
0.0015449288638379934,-0.0016376596405525447,0.0037542116585713614,0.023908628823175,0.036378352477213875,1.4818763409818652,1.0289636169680962,0.8193963233823305,1.3217757970581865,0.0049657667990834695,0.0009466203024379874,-2721.695518747706
0.0015449288638379934,-0.0016376596405525447,0.0037542116585713614,0.023908628823175,0.036378352477213875,1.4818763409818652,1.0289636169680962,0.8193963233823305,1.3217757970581865,0.0049657667990834695,0.0009466203024379874,-2721.695518747706
0.002128302464890054,-0.001721710440855239,0.0037419645298700727,0.023831311245713964,0.03577280301381537,1.470004144203832,1.0201855268016387,0.8294874310663982,1.2960809373695588,0.005401431077589468,0.0010036688251309903,-2720.826821812377
0.0012620673516434214,-0.0014893016642659384,0.0040995577035770414,0.02262153474380019,0.03622166982562623,1.5100704300159422,1.0224948538268628,0.8092260847490371,1.3785897268220009,0.004495657124750433,0.0010975956655841078,-2721.233182540886
0.0012620673516434214,-0.0014893016642659384,0.0040995577035770414,0.02262153474380019,0.03622166982562623,1.5100704300159422,1.0224948538268628,0.8092260847490371,1.3785897268220009,0.004495657124750433,0.0010975956655841078,-2721.233182540886
0.0012620673516434214,-0.0014893016642659384,0.0040995577035770414,0.02262153474380019,0.03622166982562623,1.5100704300159422,1.0224948538268628,0.8092260847490371,1.3785897268220009,0.004495657124750433,0.0010975956655841078,-2721.233182540886
0.0012099065922843658,-0.0013817932813827679,0.004000284308255916,0.023142905823653047,0.04109264893151553,1.495210254982402,1.004724949111755,0.8300616246521597,1.4192278507825389,0.003984598839530802,0.0009716835663210296,-2721.2771094092404
0.0012099065922843658,-0.0013817932813827679,0.004000284308255916,0.023142905823653047,0.04109264893151553,1.495210254982402,1.004724949111755,0.8300616246521597,1.4192278507825389,0.003984598839530802,0.0009716835663210296,-2721.2771094092404
0.0012099065922843658,-0.0013817932813827679,0.004000284308255916,0.023142905823653047,0.04109264893151553,1.495210254982402,1.004724949111755,0.8300616246521597,1.4192278507825389,0.003984598839530802,0.0009716835663210296,-2721.2771094092404
0.0012099065922843658,-0.0013817932813827679,0.004000284308255916,0.023142905823653047,0.04109264893151553,1.495210254982402,1.004724949111755,0.8300616246521597,1.4192278507825389,0.003984598839530802,0.0009716835663210296,-2721.2771094092404
0.0012099065922843658,-0.0013817932813827679,0.004000284308255916,0.023142905823653047,0.04109264893151553,1.495210254982402,1.004724949111755,0.8300616246521597,1.4192278507825389,0.003984598839530802,0.0009716835663210296,-2721.2771094092404
0.0012099065922843658,-0.0013817932813827679,0.004000284308255916,0.023142905823653047,0.04109264893151553,1.495210254982402,1.004724949111755,0.8300616246521597,1.4192278507825389,0.003984598839530802,0.0009716835663210296,-2721.2771094092404
0.0012099065922843658,-0.0013817932813827679,0.004000284308255916,0.023142905823653047,0.04109264893151553,1.495210254982402,1.004724949111755,0.8300616246521597,1.4192278507825389,0.003984598839530802,0.0009716835663210296,-2721.2771094092404
0.0013659716610112844,-0.001359914214905689,0.0032622889368337502,0.02471591323875694,0.03714104072942591,1.4688771196368844,1.0083442876709796,0.863181584084938,1.3633953449452818,0.004046702264883997,0.00091396814600233,-2721.2112233438643
0.0013659716610112844,-0.001359914214905689,0.0032622889368337502,0.02471591323875694,0.03714104072942591,1.4688771196368844,1.0083442876709796,0.863181584084938,1.3633953449452818,0.004046702264883997,0.00091396814600233,-2721.2112233438643
0.0013659716610112844,-0.001359914214905689,0.0032622889368337502,0.02471591323875694,0.03714104072942591,1.4688771196368844,1.0083442876709796,0.863181584084938,1.3633953449452818,0.004046702264883997,0.00091396814600233,-2721.2112233438643
0.0013659716610112844,-0.001359914214905689,0.0032622889368337502,0.02471591323875694,0.03714104072942591,1.4688771196368844,1.0083442876709796,0.863181584084938,1.3633953449452818,0.004046702264883997,0.00091396814600233,-2721.2112233438643
0.0013659716610112844,-0.001359914214905689,0.0032622889368337502,0.02471591323875694,0.03714104072942591,1.4688771196368844,1.0083442876709796,0.863181584084938,1.3633953449452818,0.004046702264883997,0.00091396814600233,-2721.2112233438643
0.0013659716610112844,-0.001359914214905689,0.0032622889368337502,0.02471591323875694,0.03714104072942591,1.4688771196368844,1.0083442876709796,0.863181584084938,1.3633953449452818,0.004046702264883997,0.00091396814600233,-2721.2112233438643
0.0013659716610112844,-0.001359914214905689,0.0032622889368337502,0.02471591323875694,0.03714104072942591,1.4688771196368844,1.0083442876709796,0.863181584084938,1.3633953449452818,0.004046702264883997,0.00091396814600233,-2721.2112233438643
0.0013659716610112844,-0.001359914214905689,0.0032622889368337502,0.02471591323875694,0.03714104072942591,1.4688771196368844,1.0083442876709796,0.863181584084938,1.3633953449452818,0.004046702264883997,0.00091396814600233,-2721.2112233438643
0.0013659716610112844,-0.001359914214905689,0.0032622889368337502,0.02471591323875694,0.03714104072942591,1.4688771196368844,1.0083442876709796,0.863181584084938,1.3633953449452818,0.004046702264883997,0.00091396814600233,-2721.2112233438643
0.0013659716610112844,-0.001359914214905689,0.0032622889368337502,0.02471591323875694,0.03714104072942591,1.4688771196368844,1.0083442876709796,0.863181584084938,1.3633953449452818,0.004046702264883997,0.00091396814600233,-2721.2112233438643
0.0013659716610112844,-0.001359914214905689,0.0032622889368337502,0.02471591323875694,0.03714104072942591,1.4688771196368844,1.0083442876709796,0.863181584084938,1.3633953449452818,0.004046702264883997,0.00091396814600233,-2721.2112233438643
0.0013659716610112844,-0.001359914214905689,0.0032622889368337502,0.02471591323875694,0.03714104072942591,1.4688771196368844,1.0083442876709796,0.863181584084938,1.3633953449452818,0.004046702264883997,0.00091396814600233,-2721.2112233438643
0.0013659716610112844,-0.001359914214905689,0.0032622889368337502,0.02471591323875694,0.03714104072942591,1.4688771196368844,1.0083442876709796,0.863181584084938,1.3633953449452818,0.004046702264883997,0.00091396814600233,-2721.2112233438643
0.0013659716610112844,-0.001359914214905689,0.0032622889368337502,0.02471591323875694,0.03714104072942591,1.4688771196368844,1.0083442876709796,0.863181584084938,1.3633953449452818,0.004046702264883997,0.00091396814600233,-2721.2112233438643
0.0013659716610112844,-0.001359914214905689,0.0032622889368337502,0.02471591323875694,0.03714104072942591,1.4688771196368844,1.0083442876709796,0.863181584084938,1.3633953449452818,0.004046702264883997,0.00091396814600233,-2721.2112233438643
0.0013659716610112844,-0.001359914214905689,0.0032622889368337502,0.02471591323875694,0.03714104072942591,1.4688771196368844,1.0083442876709796,0.863181584084938,1.3633953449452818,0.004046702264883997,0.00091396814600233,-2721.2112233438643
0.0015230221576237723,-0.001424771038716177,0.0035872229829669393,0.02355436427079221,0.03930549847132338,1.4549125096404114,1.015351420023595,0.8523692836394882,1.3669599172185984,0.004613636774165525,0.0010686299776477284,-2723.431574565455
0.0015230221576237723,-0.001424771038716177,0.0035872229829669393,0.02355436427079221,0.03930549847132338,1.4549125096404114,1.015351420023595,0.8523692836394882,1.3669599172185984,0.004613636774165525,0.0010686299776477284,-2723.431574565455
0.0015230221576237723,-0.001424771038716177,0.0035872229829669393,0.02355436427079221,0.03930549847132338,1.4549125096404114,1.015351420023595,0.8523692836394882,1.3669599172185984,0.004613636774165525,0.0010686299776477284,-2723.431574565455
0.0015230221576237723,-0.001424771038716177,0.0035872229829669393,0.02355436427079221,0.03930549847132338,1.4549125096404114,1.015351420023595,0.8523692836394882,1.3669599172185984,0.004613636774165525,0.0010686299776477284,-2723.431574565455
0.0015230221576237723,-0.001424771038716177,0.0035872229829669393,0.02355436427079221,0.03930549847132338,1.4549125096404114,1.015351420023595,0.8523692836394882,1.3669599172185984,0.004613636774165525,0.0010686299776477284,-2723.431574565455
0.0015230221576237723,-0.001424771038716177,0.0035872229829669393,0.02355436427079221,0.03930549847132338,1.4549125096404114,1.015351420023595,0.8523692836394882,1.3669599172185984,0.004613636774165525,0.0010686299776477284,-2723.431574565455
0.0015230221576237723,-0.001424771038716177,0.0035872229829669393,0.02355436427079221,0.03930549847132338,1.4549125096404114,1.015351420023595,0.8523692836394882,1.3669599172185984,0.004613636774165525,0.0010686299776477284,-2723.431574565455
0.0015230221576237723,-0.001424771038716177,0.0035872229829669393,0.02355436427079221,0.03930549847132338,1.4549125096404114,1.015351420023595,0.8523692836394882,1.3669599172185984,0.004613636774165525,0.0010686299776477284,-2723.431574565455
0.002165243915611058,-0.0017013116560581562,0.003962800995701035,0.02175838732956348,0.038889622602516015,1.5150710120839488,1.02964070286595,0.8764467470124471,1.4089087395106645,0.004048406664003278,0.0012895932347466116,-2723.180094019749
0.002165243915611058,-0.0017013116560581562,0.003962800995701035,0.02175838732956348,0.038889622602516015,1.5150710120839488,1.02964070286595,0.8764467470124471,1.4089087395106645,0.004048406664003278,0.0012895932347466116,-2723.180094019749
0.002165243915611058,-0.0017013116560581562,0.003962800995701035,0.02175838732956348,0.038889622602516015,1.5150710120839488,1.02964070286595,0.8764467470124471,1.4089087395106645,0.004048406664003278,0.0012895932347466116,-2723.180094019749
0.002165243915611058,-0.0017013116560581562,0.003962800995701035,0.02175838732956348,0.038889622602516015,1.5150710120839488,1.02964070286595,0.8764467470124471,1.4089087395106645,0.004048406664003278,0.0012895932347466116,-2723.180094019749
0.002548626804342589,-0.0019947580710914393,0.004507028891148392,0.021238350332356475,0.04928624070015373,1.5095046458934709,1.0385571083074385,0.8630262271525951,1.3711601474378594,0.004263620333258487,0.0012357335366344686,-2723.408838285586
0.002548626804342589,-0.0019947580710914393,0.004507028891148392,0.021238350332356475,0.04928624070015373,1.5095046458934709,1.0385571083074385,0.8630262271525951,1.3711601474378594,0.004263620333258487,0.0012357335366344686,-2723.408838285586
0.002548626804342589,-0.0019947580710914393,0.004507028891148392,0.021238350332356475,0.04928624070015373,1.5095046458934709,1.0385571083074385,0.8630262271525951,1.3711601474378594,0.004263620333258487,0.0012357335366344686,-2723.408838285586
0.002548626804342589,-0.0019947580710914393,0.004507028891148392,0.021238350332356475,0.04928624070015373,1.5095046458934709,1.0385571083074385,0.8630262271525951,1.3711601474378594,0.004263620333258487,0.0012357335366344686,-2723.408838285586
0.002548626804342589,-0.0019947580710914393,0.004507028891148392,0.021238350332356475,0.04928624070015373,1.5095046458934709,1.0385571083074385,0.8630262271525951,1.3711601474378594,0.004263620333258487,0.0012357335366344686,-2723.408838285586
0.0036738159079741633,-0.0022819143224674923,0.0035485539046958615,0.022385077365782827,0.03415836176943861,1.436037510202237,1.0279310249862985,0.9198820494625175,1.3083252490176567,0.005022401269249409,0.001387631296997991,-2722.539059063751
0.0036738159079741633,-0.0022819143224674923,0.0035485539046958615,0.022385077365782827,0.03415836176943861,1.436037510202237,1.0279310249862985,0.9198820494625175,1.3083252490176567,0.005022401269249409,0.001387631296997991,-2722.539059063751
0.004434384960469334,-0.002600556954226287,0.003427627194564491,0.02306118167767011,0.03596932436486097,1.3868765497061757,1.026078282974169,0.9517144962070374,1.2411888572090284,0.005260683431482569,0.0013871823288589037,-2723.5119023217944
0.0036873623931687055,-0.002173903010777998,0.003479172322891565,0.022789037286540016,0.03452983321511682,1.4325827731956768,1.0462520879517831,0.9388728543500261,1.2656570675307706,0.004977993823231706,0.0012608729539336616,-2723.427053950047
0.0036873623931687055,-0.002173903010777998,0.003479172322891565,0.022789037286540016,0.03452983321511682,1.4325827731956768,1.0462520879517831,0.9388728543500261,1.2656570675307706,0.004977993823231706,0.0012608729539336616,-2723.427053950047
0.0036873623931687055,-0.002173903010777998,0.003479172322891565,0.022789037286540016,0.03452983321511682,1.4325827731956768,1.0462520879517831,0.9388728543500261,1.2656570675307706,0.004977993823231706,0.0012608729539336616,-2723.427053950047
0.0036873623931687055,-0.002173903010777998,0.003479172322891565,0.022789037286540016,0.03452983321511682,1.4325827731956768,1.0462520879517831,0.9388728543500261,1.2656570675307706,0.004977993823231706,0.0012608729539336616,-2723.427053950047
0.0029860068720567127,-0.0020778120517916283,0.004020962883839898,0.021107427502028677,0.032878495346519834,1.495347584538795,1.073713938983755,0.9350871741076466,1.3664094009270675,0.003921987413804126,0.0013816352779796614,-2723.610957363015
0.0029860068720567127,-0.0020778120517916283,0.004020962883839898,0.021107427502028677,0.032878495346519834,1.495347584538795,1.073713938983755,0.9350871741076466,1.3664094009270675,0.003921987413804126,0.0013816352779796614,-2723.610957363015
0.0029860068720567127,-0.0020778120517916283,0.004020962883839898,0.021107427502028677,0.032878495346519834,1.495347584538795,1.073713938983755,0.9350871741076466,1.3664094009270675,0.003921987413804126,0.0013816352779796614,-2723.610957363015
0.0029860068720567127,-0.0020778120517916283,0.004020962883839898,0.021107427502028677,0.032878495346519834,1.495347584538795,1.073713938983755,0.9350871741076466,1.3664094009270675,0.003921987413804126,0.0013816352779796614,-2723.610957363015
0.0028154867687239047,-0.0018922629399080616,0.0035494670828324377,0.02129460242800173,0.030701833357909,1.5444184595583246,1.0944206790446414,0.9775880708393603,1.3844059364281684,0.003192556790351625,0.0013717826582140503,-2725.7005979095948
0.0028154867687239047,-0.0018922629399080616,0.0035494670828324377,0.02129460242800173,0.030701833357909,1.5444184595583246,1.0944206790446414,0.9775880708393603,1.3844059364281684,0.003192556790351625,0.0013717826582140503,-2725.7005979095948
0.0034370673620341616,-0.0018930407071801473,0.003341544800096894,0.02146965639830857,0.031256252729851455,1.5426151436099729,1.0860194680550008,1.021474628364171,1.3937060975063529,0.00308270750110944,0.0013666574889271443,-2724.67666994925
0.0034370673620341616,-0.0018930407071801473,0.003341544800096894,0.02146965639830857,0.031256252729851455,1.5426151436099729,1.0860194680550008,1.021474628364171,1.3937060975063529,0.00308270750110944,0.0013666574889271443,-2724.67666994925
0.0034370673620341616,-0.0018930407071801473,0.003341544800096894,0.02146965639830857,0.031256252729851455,1.5426151436099729,1.0860194680550008,1.021474628364171,1.3937060975063529,0.00308270750110944,0.0013666574889271443,-2724.67666994925
0.0034370673620341616,-0.0018930407071801473,0.003341544800096894,0.02146965639830857,0.031256252729851455,1.5426151436099729,1.0860194680550008,1.021474628364171,1.3937060975063529,0.00308270750110944,0.0013666574889271443,-2724.67666994925
0.0034370673620341616,-0.0018930407071801473,0.003341544800096894,0.02146965639830857,0.031256252729851455,1.5426151436099729,1.0860194680550008,1.021474628364171,1.3937060975063529,0.00308270750110944,0.0013666574889271443,-2724.67666994925
0.0034370673620341616,-0.0018930407071801473,0.003341544800096894,0.02146965639830857,0.031256252729851455,1.5426151436099729,1.0860194680550008,1.021474628364171,1.3937060975063529,0.00308270750110944,0.0013666574889271443,-2724.67666994925
0.0034370673620341616,-0.0018930407071801473,0.003341544800096894,0.02146965639830857,0.031256252729851455,1.5426151436099729,1.0860194680550008,1.021474628364171,1.3937060975063529,0.00308270750110944,0.0013666574889271443,-2724.67666994925
0.0034370673620341616,-0.0018930407071801473,0.003341544800096894,0.02146965639830857,0.031256252729851455,1.5426151436099729,1.0860194680550008,1.021474628364171,1.3937060975063529,0.00308270750110944,0.0013666574889271443,-2724.67666994925
0.0034370673620341616,-0.0018930407071801473,0.003341544800096894,0.02146965639830857,0.031256252729851455,1.5426151436099729,1.0860194680550008,1.021474628364171,1.3937060975063529,0.00308270750110944,0.0013666574889271443,-2724.67666994925
0.0034370673620341616,-0.0018930407071801473,0.003341544800096894,0.02146965639830857,0.031256252729851455,1.5426151436099729,1.0860194680550008,1.021474628364171,1.3937060975063529,0.00308270750110944,0.0013666574889271443,-2724.67666994925
0.0034370673620341616,-0.0018930407071801473,0.003341544800096894,0.02146965639830857,0.031256252729851455,1.5426151436099729,1.0860194680550008,1.021474628364171,1.3937060975063529,0.00308270750110944,0.0013666574889271443,-2724.67666994925
0.0034370673620341616,-0.0018930407071801473,0.003341544800096894,0.02146965639830857,0.031256252729851455,1.5426151436099729,1.0860194680550008,1.021474628364171,1.3937060975063529,0.00308270750110944,0.0013666574889271443,-2724.67666994925
0.0034370673620341616,-0.0018930407071801473,0.003341544800096894,0.02146965639830857,0.031256252729851455,1.5426151436099729,1.0860194680550008,1.021474628364171,1.3937060975063529,0.00308270750110944,0.0013666574889271443,-2724.67666994925
0.0034370673620341616,-0.0018930407071801473,0.003341544800096894,0.02146965639830857,0.031256252729851455,1.5426151436099729,1.0860194680550008,1.021474628364171,1.3937060975063529,0.00308270750110944,0.0013666574889271443,-2724.67666994925
0.003351779667543256,-0.0020185893877763617,0.003540511405517364,0.021168162941238963,0.0326282114074531,1.5525452852664638,1.1015245424225166,1.0193054518842581,1.4026668192271288,0.002877068313117376,0.001324243405164325,-2724.87715740139
0.003351779667543256,-0.0020185893877763617,0.003540511405517364,0.021168162941238963,0.0326282114074531,1.5525452852664638,1.1015245424225166,1.0193054518842581,1.4026668192271288,0.002877068313117376,0.001324243405164325,-2724.87715740139
0.004008514227184162,-0.002307640080156482,0.0032237298367097877,0.020952842368989765,0.02739988578592171,1.5266790592531019,1.0771210756804745,1.0061575222676684,1.4259969020857175,0.003935980471702241,0.0016515703213530355,-2725.0821727425823
0.004008514227184162,-0.002307640080156482,0.0032237298367097877,0.020952842368989765,0.02739988578592171,1.5266790592531019,1.0771210756804745,1.0061575222676684,1.4259969020857175,0.003935980471702241,0.0016515703213530355,-2725.0821727425823
0.004008514227184162,-0.002307640080156482,0.0032237298367097877,0.020952842368989765,0.02739988578592171,1.5266790592531019,1.0771210756804745,1.0061575222676684,1.4259969020857175,0.003935980471702241,0.0016515703213530355,-2725.0821727425823
0.004008514227184162,-0.002307640080156482,0.0032237298367097877,0.020952842368989765,0.02739988578592171,1.5266790592531019,1.0771210756804745,1.0061575222676684,1.4259969020857175,0.003935980471702241,0.0016515703213530355,-2725.0821727425823
0.004606878203102472,-0.002658842289595632,0.0032584673427482635,0.021254897903991963,0.02766341169070909,1.4710141812712938,1.077936581466644,1.0062736139010737,1.3798161185589954,0.005074773929623843,0.0016432492686794076,-2724.217804213571
0.004606878203102472,-0.002658842289595632,0.0032584673427482635,0.021254897903991963,0.02766341169070909,1.4710141812712938,1.077936581466644,1.0062736139010737,1.3798161185589954,0.005074773929623843,0.0016432492686794076,-2724.217804213571
0.004606878203102472,-0.002658842289595632,0.0032584673427482635,0.021254897903991963,0.02766341169070909,1.4710141812712938,1.077936581466644,1.0062736139010737,1.3798161185589954,0.005074773929623843,0.0016432492686794076,-2724.217804213571
0.004606878203102472,-0.002658842289595632,0.0032584673427482635,0.021254897903991963,0.02766341169070909,1.4710141812712938,1.077936581466644,1.0062736139010737,1.3798161185589954,0.005074773929623843,0.0016432492686794076,-2724.217804213571
0.004545100996477008,-0.002630191535596885,0.003425775283685741,0.021862964791159824,0.02887317326173535,1.454187862194308,1.0748961260388787,0.9891113654187902,1.335378696815349,0.004266271510836419,0.0014913511041085403,-2723.4573173849603
0.004545100996477008,-0.002630191535596885,0.003425775283685741,0.021862964791159824,0.02887317326173535,1.454187862194308,1.0748961260388787,0.9891113654187902,1.335378696815349,0.004266271510836419,0.0014913511041085403,-2723.4573173849603
0.005985333616634237,-0.0034224657559281876,0.0034815135252531815,0.020780884319689868,0.025794497882956284,1.4713103228571227,1.07429191577163,1.0125721360919124,1.3459902416228104,0.005026373074896225,0.0019874461480078078,-2726.452739906151
0.007171908091035349,-0.004262087495455166,0.0032925882890896445,0.020938128381884483,0.026757860557005672,1.4177542481804184,1.0679590203568408,1.0497151109516274,1.2717895300259268,0.006344807471255499,0.002201698656489736,-2727.214683775231
0.007171908091035349,-0.004262087495455166,0.0032925882890896445,0.020938128381884483,0.026757860557005672,1.4177542481804184,1.0679590203568408,1.0497151109516274,1.2717895300259268,0.006344807471255499,0.002201698656489736,-2727.214683775231
0.007171908091035349,-0.004262087495455166,0.0032925882890896445,0.020938128381884483,0.026757860557005672,1.4177542481804184,1.0679590203568408,1.0497151109516274,1.2717895300259268,0.006344807471255499,0.002201698656489736,-2727.214683775231
0.007171908091035349,-0.004262087495455166,0.0032925882890896445,0.020938128381884483,0.026757860557005672,1.4177542481804184,1.0679590203568408,1.0497151109516274,1.2717895300259268,0.006344807471255499,0.002201698656489736,-2727.214683775231
0.007171908091035349,-0.004262087495455166,0.0032925882890896445,0.020938128381884483,0.026757860557005672,1.4177542481804184,1.0679590203568408,1.0497151109516274,1.2717895300259268,0.006344807471255499,0.002201698656489736,-2727.214683775231
0.006762359605843189,-0.004124107217503744,0.0032998972461394513,0.02047759251465506,0.02439270902279992,1.4216949428588657,1.0337341720762652,0.9914839018168591,1.3131934648815433,0.007909419570107134,0.002380321055785941,-2725.509396649605
0.005738874373968748,-0.003752379108324275,0.0029290564221768132,0.021877245935956073,0.023774099815654648,1.451373260065645,1.0794308056933024,1.009771927884454,1.310527100027305,0.005444615663422764,0.0018577969043162906,-2726.4297565174834
0.005738874373968748,-0.003752379108324275,0.0029290564221768132,0.021877245935956073,0.023774099815654648,1.451373260065645,1.0794308056933024,1.009771927884454,1.310527100027305,0.005444615663422764,0.0018577969043162906,-2726.4297565174834
0.005738874373968748,-0.003752379108324275,0.0029290564221768132,0.021877245935956073,0.023774099815654648,1.451373260065645,1.0794308056933024,1.009771927884454,1.310527100027305,0.005444615663422764,0.0018577969043162906,-2726.4297565174834
0.006536619715674298,-0.004150543170505875,0.003599789991661397,0.020312139793726616,0.024753373668073647,1.4498321107258465,1.0292595216402132,0.9312729306787803,1.314981142647433,0.008471903718748378,0.0023593835349961525,-2725.8434461869642
0.006536619715674298,-0.004150543170505875,0.003599789991661397,0.020312139793726616,0.024753373668073647,1.4498321107258465,1.0292595216402132,0.9312729306787803,1.314981142647433,0.008471903718748378,0.0023593835349961525,-2725.8434461869642
0.006536619715674298,-0.004150543170505875,0.003599789991661397,0.020312139793726616,0.024753373668073647,1.4498321107258465,1.0292595216402132,0.9312729306787803,1.314981142647433,0.008471903718748378,0.0023593835349961525,-2725.8434461869642
0.006945270893816255,-0.0042346123592329685,0.003668583807658398,0.020689341748397445,0.02603029016569508,1.4276187466956376,1.0061815079042726,0.9400667603026984,1.238201111558546,0.00810025539338146,0.0022995105676808787,-2724.6863596137805
0.006262964099587157,-0.003778180688252618,0.003575054961124456,0.020299794312448428,0.024193460083840906,1.4791435130943567,1.0381523543247653,0.9049356353099104,1.2673012782948212,0.0070272885088883165,0.0023127815978884626,-2723.6449685956172
0.006262964099587157,-0.003778180688252618,0.003575054961124456,0.020299794312448428,0.024193460083840906,1.4791435130943567,1.0381523543247653,0.9049356353099104,1.2673012782948212,0.0070272885088883165,0.0023127815978884626,-2723.6449685956172
0.006262964099587157,-0.003778180688252618,0.003575054961124456,0.020299794312448428,0.024193460083840906,1.4791435130943567,1.0381523543247653,0.9049356353099104,1.2673012782948212,0.0070272885088883165,0.0023127815978884626,-2723.6449685956172
0.006262964099587157,-0.003778180688252618,0.003575054961124456,0.020299794312448428,0.024193460083840906,1.4791435130943567,1.0381523543247653,0.9049356353099104,1.2673012782948212,0.0070272885088883165,0.0023127815978884626,-2723.6449685956172
0.006262964099587157,-0.003778180688252618,0.003575054961124456,0.020299794312448428,0.024193460083840906,1.4791435130943567,1.0381523543247653,0.9049356353099104,1.2673012782948212,0.0070272885088883165,0.0023127815978884626,-2723.6449685956172
0.006262964099587157,-0.003778180688252618,0.003575054961124456,0.020299794312448428,0.024193460083840906,1.4791435130943567,1.0381523543247653,0.9049356353099104,1.2673012782948212,0.0070272885088883165,0.0023127815978884626,-2723.6449685956172
0.006262964099587157,-0.003778180688252618,0.003575054961124456,0.020299794312448428,0.024193460083840906,1.4791435130943567,1.0381523543247653,0.9049356353099104,1.2673012782948212,0.0070272885088883165,0.0023127815978884626,-2723.6449685956172
0.006297043307088766,-0.0039113771191208084,0.0038850441921668027,0.020132607148748302,0.027237968788641723,1.4750749777000505,1.06295794710041,0.9615672305711528,1.2795050045435825,0.006627883988375828,0.0020906861887706406,-2724.104994401002
0.006297043307088766,-0.0039113771191208084,0.0038850441921668027,0.020132607148748302,0.027237968788641723,1.4750749777000505,1.06295794710041,0.9615672305711528,1.2795050045435825,0.006627883988375828,0.0020906861887706406,-2724.104994401002
0.006297043307088766,-0.0039113771191208084,0.0038850441921668027,0.020132607148748302,0.027237968788641723,1.4750749777000505,1.06295794710041,0.9615672305711528,1.2795050045435825,0.006627883988375828,0.0020906861887706406,-2724.104994401002
0.006297043307088766,-0.0039113771191208084,0.0038850441921668027,0.020132607148748302,0.027237968788641723,1.4750749777000505,1.06295794710041,0.9615672305711528,1.2795050045435825,0.006627883988375828,0.0020906861887706406,-2724.104994401002
0.005743277506592374,-0.0035418811276624962,0.0031323874385167576,0.02178711803565897,0.026221425047849037,1.477210546518217,1.04724830193916,0.9853056827946148,1.2550053325223969,0.005486081749660693,0.0018031521417524688,-2725.4106909302063
0.005884855843071133,-0.002837907996229969,0.0026170642416924366,0.02248191748796003,0.025979594522674072,1.460657065574774,1.057573082282722,1.0332561748165623,1.210329530354175,0.0035793262259552435,0.0017243292394467046,-2727.027764060022
0.004900988001590849,-0.0025101853450830106,0.002763281059562632,0.022019148186318747,0.02609443068593339,1.4812666060713242,1.0643341052622535,1.0087359092325978,1.2302086681692401,0.0037828320367508475,0.0017666901582822961,-2725.694280523964
0.004900988001590849,-0.0025101853450830106,0.002763281059562632,0.022019148186318747,0.02609443068593339,1.4812666060713242,1.0643341052622535,1.0087359092325978,1.2302086681692401,0.0037828320367508475,0.0017666901582822961,-2725.694280523964
0.005014938318265291,-0.0029075454503636753,0.002707131529137501,0.02296252368354852,0.02660589726065577,1.431218019723066,1.0353149963262946,1.0306785183216274,1.2697777338441696,0.005347344872793143,0.0017343194655776485,-2722.614556236481
0.004151164401186434,-0.002796627137657508,0.002900277733581082,0.0225228737472487,0.026205701678117657,1.425257152850862,1.0196395431296994,0.9606949110206338,1.2701918735366566,0.007236352766664357,0.0017637942851490044,-2722.57172094589
0.005205305115231464,-0.003066547327962069,0.00318351877465857,0.023031561844478167,0.03155879639444174,1.373039124495925,0.9991142807729687,0.9671743698909548,1.2111987270784865,0.008560968270085052,0.0016622740172754086,-2722.6658388977744
0.005205305115231464,-0.003066547327962069,0.00318351877465857,0.023031561844478167,0.03155879639444174,1.373039124495925,0.9991142807729687,0.9671743698909548,1.2111987270784865,0.008560968270085052,0.0016622740172754086,-2722.6658388977744
0.005205305115231464,-0.003066547327962069,0.00318351877465857,0.023031561844478167,0.03155879639444174,1.373039124495925,0.9991142807729687,0.9671743698909548,1.2111987270784865,0.008560968270085052,0.0016622740172754086,-2722.6658388977744
0.005205305115231464,-0.003066547327962069,0.00318351877465857,0.023031561844478167,0.03155879639444174,1.373039124495925,0.9991142807729687,0.9671743698909548,1.2111987270784865,0.008560968270085052,0.0016622740172754086,-2722.6658388977744
0.004243277698485318,-0.0027552805278117567,0.002767345072929163,0.023525367517179832,0.024973825499016656,1.408515243365578,1.0422820401728476,0.9450982057027053,1.225853665821538,0.006674100292966394,0.0014807502123913496,-2721.2250728160516
0.004243277698485318,-0.0027552805278117567,0.002767345072929163,0.023525367517179832,0.024973825499016656,1.408515243365578,1.0422820401728476,0.9450982057027053,1.225853665821538,0.006674100292966394,0.0014807502123913496,-2721.2250728160516
0.004243277698485318,-0.0027552805278117567,0.002767345072929163,0.023525367517179832,0.024973825499016656,1.408515243365578,1.0422820401728476,0.9450982057027053,1.225853665821538,0.006674100292966394,0.0014807502123913496,-2721.2250728160516
0.004243277698485318,-0.0027552805278117567,0.002767345072929163,0.023525367517179832,0.024973825499016656,1.408515243365578,1.0422820401728476,0.9450982057027053,1.225853665821538,0.006674100292966394,0.0014807502123913496,-2721.2250728160516
0.004243277698485318,-0.0027552805278117567,0.002767345072929163,0.023525367517179832,0.024973825499016656,1.408515243365578,1.0422820401728476,0.9450982057027053,1.225853665821538,0.006674100292966394,0.0014807502123913496,-2721.2250728160516
0.004243277698485318,-0.0027552805278117567,0.002767345072929163,0.023525367517179832,0.024973825499016656,1.408515243365578,1.0422820401728476,0.9450982057027053,1.225853665821538,0.006674100292966394,0.0014807502123913496,-2721.2250728160516
0.004243277698485318,-0.0027552805278117567,0.002767345072929163,0.023525367517179832,0.024973825499016656,1.408515243365578,1.0422820401728476,0.9450982057027053,1.225853665821538,0.006674100292966394,0.0014807502123913496,-2721.2250728160516
0.004243277698485318,-0.0027552805278117567,0.002767345072929163,0.023525367517179832,0.024973825499016656,1.408515243365578,1.0422820401728476,0.9450982057027053,1.225853665821538,0.006674100292966394,0.0014807502123913496,-2721.2250728160516
0.004243277698485318,-0.0027552805278117567,0.002767345072929163,0.023525367517179832,0.024973825499016656,1.408515243365578,1.0422820401728476,0.9450982057027053,1.225853665821538,0.006674100292966394,0.0014807502123913496,-2721.2250728160516
0.004243277698485318,-0.0027552805278117567,0.002767345072929163,0.023525367517179832,0.024973825499016656,1.408515243365578,1.0422820401728476,0.9450982057027053,1.225853665821538,0.006674100292966394,0.0014807502123913496,-2721.2250728160516
0.0052023481213716305,-0.002885306050489299,0.0024802781854898585,0.023203457677856414,0.024006038144890947,1.4164337569998202,1.0212388443929252,0.9994706486570327,1.2502362213788807,0.006790884468268099,0.0017823387144546934,-2719.762899517939
0.0052023481213716305,-0.002885306050489299,0.0024802781854898585,0.023203457677856414,0.024006038144890947,1.4164337569998202,1.0212388443929252,0.9994706486570327,1.2502362213788807,0.006790884468268099,0.0017823387144546934,-2719.762899517939
0.0052023481213716305,-0.002885306050489299,0.0024802781854898585,0.023203457677856414,0.024006038144890947,1.4164337569998202,1.0212388443929252,0.9994706486570327,1.2502362213788807,0.006790884468268099,0.0017823387144546934,-2719.762899517939
0.0052023481213716305,-0.002885306050489299,0.0024802781854898585,0.023203457677856414,0.024006038144890947,1.4164337569998202,1.0212388443929252,0.9994706486570327,1.2502362213788807,0.006790884468268099,0.0017823387144546934,-2719.762899517939
0.0052023481213716305,-0.002885306050489299,0.0024802781854898585,0.023203457677856414,0.024006038144890947,1.4164337569998202,1.0212388443929252,0.9994706486570327,1.2502362213788807,0.006790884468268099,0.0017823387144546934,-2719.762899517939
0.0052023481213716305,-0.002885306050489299,0.0024802781854898585,0.023203457677856414,0.024006038144890947,1.4164337569998202,1.0212388443929252,0.9994706486570327,1.2502362213788807,0.006790884468268099,0.0017823387144546934,-2719.762899517939
0.0052023481213716305,-0.002885306050489299,0.0024802781854898585,0.023203457677856414,0.024006038144890947,1.4164337569998202,1.0212388443929252,0.9994706486570327,1.2502362213788807,0.006790884468268099,0.0017823387144546934,-2719.762899517939
0.0052023481213716305,-0.002885306050489299,0.0024802781854898585,0.023203457677856414,0.024006038144890947,1.4164337569998202,1.0212388443929252,0.9994706486570327,1.2502362213788807,0.006790884468268099,0.0017823387144546934,-2719.762899517939
0.0052023481213716305,-0.002885306050489299,0.0024802781854898585,0.023203457677856414,0.024006038144890947,1.4164337569998202,1.0212388443929252,0.9994706486570327,1.2502362213788807,0.006790884468268099,0.0017823387144546934,-2719.762899517939
0.0052023481213716305,-0.002885306050489299,0.0024802781854898585,0.023203457677856414,0.024006038144890947,1.4164337569998202,1.0212388443929252,0.9994706486570327,1.2502362213788807,0.006790884468268099,0.0017823387144546934,-2719.762899517939
0.005621513595194265,-0.0029816270927287116,0.0021499744783082236,0.024868144950703695,0.025082486957524755,1.3624156428602192,1.0170542910820088,1.0331077790898964,1.1783240395661645,0.007890729293380125,0.0015873026752350132,-2721.055903432714
0.0048238549662332365,-0.0025108906127685867,0.0019516909147958535,0.025398599054934513,0.023816632082294634,1.3791278275376024,1.0059319040576686,1.0604841954327882,1.2111724065746832,0.005842452154899836,0.0014394612786344772,-2720.566946066983
0.0048238549662332365,-0.0025108906127685867,0.0019516909147958535,0.025398599054934513,0.023816632082294634,1.3791278275376024,1.0059319040576686,1.0604841954327882,1.2111724065746832,0.005842452154899836,0.0014394612786344772,-2720.566946066983
0.0048238549662332365,-0.0025108906127685867,0.0019516909147958535,0.025398599054934513,0.023816632082294634,1.3791278275376024,1.0059319040576686,1.0604841954327882,1.2111724065746832,0.005842452154899836,0.0014394612786344772,-2720.566946066983
0.0048238549662332365,-0.0025108906127685867,0.0019516909147958535,0.025398599054934513,0.023816632082294634,1.3791278275376024,1.0059319040576686,1.0604841954327882,1.2111724065746832,0.005842452154899836,0.0014394612786344772,-2720.566946066983
0.0048238549662332365,-0.0025108906127685867,0.0019516909147958535,0.025398599054934513,0.023816632082294634,1.3791278275376024,1.0059319040576686,1.0604841954327882,1.2111724065746832,0.005842452154899836,0.0014394612786344772,-2720.566946066983
0.0048238549662332365,-0.0025108906127685867,0.0019516909147958535,0.025398599054934513,0.023816632082294634,1.3791278275376024,1.0059319040576686,1.0604841954327882,1.2111724065746832,0.005842452154899836,0.0014394612786344772,-2720.566946066983
0.0048238549662332365,-0.0025108906127685867,0.0019516909147958535,0.025398599054934513,0.023816632082294634,1.3791278275376024,1.0059319040576686,1.0604841954327882,1.2111724065746832,0.005842452154899836,0.0014394612786344772,-2720.566946066983
0.0048238549662332365,-0.0025108906127685867,0.0019516909147958535,0.025398599054934513,0.023816632082294634,1.3791278275376024,1.0059319040576686,1.0604841954327882,1.2111724065746832,0.005842452154899836,0.0014394612786344772,-2720.566946066983
0.0048238549662332365,-0.0025108906127685867,0.0019516909147958535,0.025398599054934513,0.023816632082294634,1.3791278275376024,1.0059319040576686,1.0604841954327882,1.2111724065746832,0.005842452154899836,0.0014394612786344772,-2720.566946066983
0.005768871803233627,-0.002995935340124662,0.001852347057728164,0.02483513025793459,0.022278875471871303,1.3683160669451295,0.9969372503618492,1.0744723766280349,1.2070099906268352,0.006858557325566988,0.001705253030132007,-2721.4408000642616
0.005768871803233627,-0.002995935340124662,0.001852347057728164,0.02483513025793459,0.022278875471871303,1.3683160669451295,0.9969372503618492,1.0744723766280349,1.2070099906268352,0.006858557325566988,0.001705253030132007,-2721.4408000642616
0.005768871803233627,-0.002995935340124662,0.001852347057728164,0.02483513025793459,0.022278875471871303,1.3683160669451295,0.9969372503618492,1.0744723766280349,1.2070099906268352,0.006858557325566988,0.001705253030132007,-2721.4408000642616
0.005768871803233627,-0.002995935340124662,0.001852347057728164,0.02483513025793459,0.022278875471871303,1.3683160669451295,0.9969372503618492,1.0744723766280349,1.2070099906268352,0.006858557325566988,0.001705253030132007,-2721.4408000642616
0.005768871803233627,-0.002995935340124662,0.001852347057728164,0.02483513025793459,0.022278875471871303,1.3683160669451295,0.9969372503618492,1.0744723766280349,1.2070099906268352,0.006858557325566988,0.001705253030132007,-2721.4408000642616
0.005768871803233627,-0.002995935340124662,0.001852347057728164,0.02483513025793459,0.022278875471871303,1.3683160669451295,0.9969372503618492,1.0744723766280349,1.2070099906268352,0.006858557325566988,0.001705253030132007,-2721.4408000642616
0.005768871803233627,-0.002995935340124662,0.001852347057728164,0.02483513025793459,0.022278875471871303,1.3683160669451295,0.9969372503618492,1.0744723766280349,1.2070099906268352,0.006858557325566988,0.001705253030132007,-2721.4408000642616
0.005768871803233627,-0.002995935340124662,0.001852347057728164,0.02483513025793459,0.022278875471871303,1.3683160669451295,0.9969372503618492,1.0744723766280349,1.2070099906268352,0.006858557325566988,0.001705253030132007,-2721.4408000642616
0.00502267975298807,-0.0026843427342130976,0.00216955447960785,0.0251058323372342,0.02348092960609169,1.3646828355821852,0.9607706537005285,1.0367879694222961,1.2266212863951582,0.006579723419004607,0.0016012746231066873,-2723.3397940118225
0.005596550765092521,-0.002510151319527841,0.0023870522784753094,0.024903354889374393,0.02660242958570106,1.3683603049530721,0.9781419426736073,1.0574583444061836,1.1876261670534316,0.006492958850051701,0.0015006630675163403,-2724.4293312208915
0.005596550765092521,-0.002510151319527841,0.0023870522784753094,0.024903354889374393,0.02660242958570106,1.3683603049530721,0.9781419426736073,1.0574583444061836,1.1876261670534316,0.006492958850051701,0.0015006630675163403,-2724.4293312208915
0.006277333659443222,-0.00304416706904941,0.0022169779304635775,0.025263904578223872,0.02604029263803447,1.355866364940823,0.9921777354109611,1.0690944089701508,1.1283560773881995,0.007717276427859956,0.0015918617134412908,-2723.7077599183967
0.006277333659443222,-0.00304416706904941,0.0022169779304635775,0.025263904578223872,0.02604029263803447,1.355866364940823,0.9921777354109611,1.0690944089701508,1.1283560773881995,0.007717276427859956,0.0015918617134412908,-2723.7077599183967
0.005406315690130991,-0.0029404604884768646,0.003429468092049174,0.023022038582824065,0.031581563903253694,1.4427974118842808,1.026019095318941,1.0057019921799375,1.1970070867651261,0.005889846393820275,0.0014683402211640066,-2724.4512479749374
0.005406315690130991,-0.0029404604884768646,0.003429468092049174,0.023022038582824065,0.031581563903253694,1.4427974118842808,1.026019095318941,1.0057019921799375,1.1970070867651261,0.005889846393820275,0.0014683402211640066,-2724.4512479749374
0.005120044636506496,-0.0024297083068860557,0.003733292721306547,0.022710767870338086,0.038028374796746575,1.4622809287868603,1.0260718563822682,1.003245419134272,1.2291845243935575,0.004628506420775007,0.001374353107636539,-2727.9879089373176
0.005120044636506496,-0.0024297083068860557,0.003733292721306547,0.022710767870338086,0.038028374796746575,1.4622809287868603,1.0260718563822682,1.003245419134272,1.2291845243935575,0.004628506420775007,0.001374353107636539,-2727.9879089373176
0.00405010559726394,-0.0021184283117584085,0.004613658077773155,0.020994807450384855,0.040283586664192225,1.534569798045652,1.0241190577343051,0.9117532596199285,1.314028698585496,0.0040752547926360665,0.001371598743667802,-2726.0390234081983
0.00405010559726394,-0.0021184283117584085,0.004613658077773155,0.020994807450384855,0.040283586664192225,1.534569798045652,1.0241190577343051,0.9117532596199285,1.314028698585496,0.0040752547926360665,0.001371598743667802,-2726.0390234081983
0.0028747371208486736,-0.0015685041960914903,0.004651480057491654,0.022056876372679612,0.044606010567143015,1.5215542636211605,1.0387631407623674,0.8603439609654813,1.2562866621792106,0.004314346800881418,0.0010306733015682874,-2725.5309573363256
0.0028747371208486736,-0.0015685041960914903,0.004651480057491654,0.022056876372679612,0.044606010567143015,1.5215542636211605,1.0387631407623674,0.8603439609654813,1.2562866621792106,0.004314346800881418,0.0010306733015682874,-2725.5309573363256
0.0028747371208486736,-0.0015685041960914903,0.004651480057491654,0.022056876372679612,0.044606010567143015,1.5215542636211605,1.0387631407623674,0.8603439609654813,1.2562866621792106,0.004314346800881418,0.0010306733015682874,-2725.5309573363256
0.002545303512736888,-0.0015079586837762884,0.00472641843704776,0.023086578657550913,0.04865361115175442,1.4711277049693456,1.0066972895339954,0.8321476464118274,1.2288662174292801,0.004441714772045074,0.0009032008129621668,-2726.8371025050324
0.0021189853203449245,-0.0014783603015783402,0.0038621665384883414,0.023956119131806265,0.03341633737222137,1.4566559021933332,1.0093111598475197,0.8277663102855757,1.265109755811392,0.0053824355590572194,0.0010787334888265206,-2723.214570079617
0.0021189853203449245,-0.0014783603015783402,0.0038621665384883414,0.023956119131806265,0.03341633737222137,1.4566559021933332,1.0093111598475197,0.8277663102855757,1.265109755811392,0.0053824355590572194,0.0010787334888265206,-2723.214570079617
0.0021189853203449245,-0.0014783603015783402,0.0038621665384883414,0.023956119131806265,0.03341633737222137,1.4566559021933332,1.0093111598475197,0.8277663102855757,1.265109755811392,0.0053824355590572194,0.0010787334888265206,-2723.214570079617
0.0021189853203449245,-0.0014783603015783402,0.0038621665384883414,0.023956119131806265,0.03341633737222137,1.4566559021933332,1.0093111598475197,0.8277663102855757,1.265109755811392,0.0053824355590572194,0.0010787334888265206,-2723.214570079617
0.0021189853203449245,-0.0014783603015783402,0.0038621665384883414,0.023956119131806265,0.03341633737222137,1.4566559021933332,1.0093111598475197,0.8277663102855757,1.265109755811392,0.0053824355590572194,0.0010787334888265206,-2723.214570079617
0.0021189853203449245,-0.0014783603015783402,0.0038621665384883414,0.023956119131806265,0.03341633737222137,1.4566559021933332,1.0093111598475197,0.8277663102855757,1.265109755811392,0.0053824355590572194,0.0010787334888265206,-2723.214570079617
0.0021189853203449245,-0.0014783603015783402,0.0038621665384883414,0.023956119131806265,0.03341633737222137,1.4566559021933332,1.0093111598475197,0.8277663102855757,1.265109755811392,0.0053824355590572194,0.0010787334888265206,-2723.214570079617
0.0021189853203449245,-0.0014783603015783402,0.0038621665384883414,0.023956119131806265,0.03341633737222137,1.4566559021933332,1.0093111598475197,0.8277663102855757,1.265109755811392,0.0053824355590572194,0.0010787334888265206,-2723.214570079617
0.0021189853203449245,-0.0014783603015783402,0.0038621665384883414,0.023956119131806265,0.03341633737222137,1.4566559021933332,1.0093111598475197,0.8277663102855757,1.265109755811392,0.0053824355590572194,0.0010787334888265206,-2723.214570079617
0.0021189853203449245,-0.0014783603015783402,0.0038621665384883414,0.023956119131806265,0.03341633737222137,1.4566559021933332,1.0093111598475197,0.8277663102855757,1.265109755811392,0.0053824355590572194,0.0010787334888265206,-2723.214570079617
0.0021189853203449245,-0.0014783603015783402,0.0038621665384883414,0.023956119131806265,0.03341633737222137,1.4566559021933332,1.0093111598475197,0.8277663102855757,1.265109755811392,0.0053824355590572194,0.0010787334888265206,-2723.214570079617
0.0030368829877833025,-0.002015098303738831,0.004632245215818397,0.022681504303744285,0.04634928678969056,1.4203943157216414,1.0092577810717853,0.8204635891615539,1.2151934817191834,0.006293869000269308,0.0011922599392089725,-2722.9612828919217
0.0030368829877833025,-0.002015098303738831,0.004632245215818397,0.022681504303744285,0.04634928678969056,1.4203943157216414,1.0092577810717853,0.8204635891615539,1.2151934817191834,0.006293869000269308,0.0011922599392089725,-2722.9612828919217
0.0030368829877833025,-0.002015098303738831,0.004632245215818397,0.022681504303744285,0.04634928678969056,1.4203943157216414,1.0092577810717853,0.8204635891615539,1.2151934817191834,0.006293869000269308,0.0011922599392089725,-2722.9612828919217
0.0030368829877833025,-0.002015098303738831,0.004632245215818397,0.022681504303744285,0.04634928678969056,1.4203943157216414,1.0092577810717853,0.8204635891615539,1.2151934817191834,0.006293869000269308,0.0011922599392089725,-2722.9612828919217
0.002671069608089263,-0.00207970598500036,0.004960639695994213,0.02287891112353014,0.05035437870963638,1.3958379003446484,0.9962406874290499,0.7528307484954618,1.2079195806662228,0.007976394960364404,0.0010730309255317437,-2723.1547435284874
0.002671069608089263,-0.00207970598500036,0.004960639695994213,0.02287891112353014,0.05035437870963638,1.3958379003446484,0.9962406874290499,0.7528307484954618,1.2079195806662228,0.007976394960364404,0.0010730309255317437,-2723.1547435284874
0.0032201341940748408,-0.0023484015337029056,0.004425754042174369,0.02123199864542718,0.03410007452510764,1.4755270239735259,1.0449652374441427,0.7899404506667558,1.282484656870512,0.00737415124370699,0.001370248739275863,-2721.496378568207
0.0032201341940748408,-0.0023484015337029056,0.004425754042174369,0.02123199864542718,0.03410007452510764,1.4755270239735259,1.0449652374441427,0.7899404506667558,1.282484656870512,0.00737415124370699,0.001370248739275863,-2721.496378568207
0.0032201341940748408,-0.0023484015337029056,0.004425754042174369,0.02123199864542718,0.03410007452510764,1.4755270239735259,1.0449652374441427,0.7899404506667558,1.282484656870512,0.00737415124370699,0.001370248739275863,-2721.496378568207
0.0028354643602995153,-0.0020209957462359604,0.003643203857414344,0.023091275466526177,0.03329073080709884,1.416997993367048,1.0182125754959321,0.8158225007997663,1.2998709798307628,0.008256743864525065,0.0012839193155646557,-2720.7421845109675
0.0028354643602995153,-0.0020209957462359604,0.003643203857414344,0.023091275466526177,0.03329073080709884,1.416997993367048,1.0182125754959321,0.8158225007997663,1.2998709798307628,0.008256743864525065,0.0012839193155646557,-2720.7421845109675
0.0028354643602995153,-0.0020209957462359604,0.003643203857414344,0.023091275466526177,0.03329073080709884,1.416997993367048,1.0182125754959321,0.8158225007997663,1.2998709798307628,0.008256743864525065,0.0012839193155646557,-2720.7421845109675
0.0028354643602995153,-0.0020209957462359604,0.003643203857414344,0.023091275466526177,0.03329073080709884,1.416997993367048,1.0182125754959321,0.8158225007997663,1.2998709798307628,0.008256743864525065,0.0012839193155646557,-2720.7421845109675
0.0028354643602995153,-0.0020209957462359604,0.003643203857414344,0.023091275466526177,0.03329073080709884,1.416997993367048,1.0182125754959321,0.8158225007997663,1.2998709798307628,0.008256743864525065,0.0012839193155646557,-2720.7421845109675
0.0028354643602995153,-0.0020209957462359604,0.003643203857414344,0.023091275466526177,0.03329073080709884,1.416997993367048,1.0182125754959321,0.8158225007997663,1.2998709798307628,0.008256743864525065,0.0012839193155646557,-2720.7421845109675
0.0028354643602995153,-0.0020209957462359604,0.003643203857414344,0.023091275466526177,0.03329073080709884,1.416997993367048,1.0182125754959321,0.8158225007997663,1.2998709798307628,0.008256743864525065,0.0012839193155646557,-2720.7421845109675
0.0028354643602995153,-0.0020209957462359604,0.003643203857414344,0.023091275466526177,0.03329073080709884,1.416997993367048,1.0182125754959321,0.8158225007997663,1.2998709798307628,0.008256743864525065,0.0012839193155646557,-2720.7421845109675
0.0028354643602995153,-0.0020209957462359604,0.003643203857414344,0.023091275466526177,0.03329073080709884,1.416997993367048,1.0182125754959321,0.8158225007997663,1.2998709798307628,0.008256743864525065,0.0012839193155646557,-2720.7421845109675
0.0028354643602995153,-0.0020209957462359604,0.003643203857414344,0.023091275466526177,0.03329073080709884,1.416997993367048,1.0182125754959321,0.8158225007997663,1.2998709798307628,0.008256743864525065,0.0012839193155646557,-2720.7421845109675
0.0028354643602995153,-0.0020209957462359604,0.003643203857414344,0.023091275466526177,0.03329073080709884,1.416997993367048,1.0182125754959321,0.8158225007997663,1.2998709798307628,0.008256743864525065,0.0012839193155646557,-2720.7421845109675
0.0028354643602995153,-0.0020209957462359604,0.003643203857414344,0.023091275466526177,0.03329073080709884,1.416997993367048,1.0182125754959321,0.8158225007997663,1.2998709798307628,0.008256743864525065,0.0012839193155646557,-2720.7421845109675
0.0028354643602995153,-0.0020209957462359604,0.003643203857414344,0.023091275466526177,0.03329073080709884,1.416997993367048,1.0182125754959321,0.8158225007997663,1.2998709798307628,0.008256743864525065,0.0012839193155646557,-2720.7421845109675
0.0028354643602995153,-0.0020209957462359604,0.003643203857414344,0.023091275466526177,0.03329073080709884,1.416997993367048,1.0182125754959321,0.8158225007997663,1.2998709798307628,0.008256743864525065,0.0012839193155646557,-2720.7421845109675
0.0028354643602995153,-0.0020209957462359604,0.003643203857414344,0.023091275466526177,0.03329073080709884,1.416997993367048,1.0182125754959321,0.8158225007997663,1.2998709798307628,0.008256743864525065,0.0012839193155646557,-2720.7421845109675
0.0017565987539398184,-0.0017188273501526057,0.003456787284246756,0.023683688195736723,0.030018695206747888,1.444157556148678,1.0191831699116267,0.8199750155320961,1.3198880136623612,0.006515967983204657,0.0011291493980384564,-2719.874927384847
0.0017565987539398184,-0.0017188273501526057,0.003456787284246756,0.023683688195736723,0.030018695206747888,1.444157556148678,1.0191831699116267,0.8199750155320961,1.3198880136623612,0.006515967983204657,0.0011291493980384564,-2719.874927384847
0.0017565987539398184,-0.0017188273501526057,0.003456787284246756,0.023683688195736723,0.030018695206747888,1.444157556148678,1.0191831699116267,0.8199750155320961,1.3198880136623612,0.006515967983204657,0.0011291493980384564,-2719.874927384847
0.002517866441771606,-0.0018897329834183024,0.003746677282376498,0.023464767523311933,0.031236686680282857,1.4042337295713399,0.9845205728617804,0.8030429912933235,1.279845759911759,0.007799635311066897,0.00127521066766019,-2719.562824658955
0.0042402831636657486,-0.002647415758787729,0.002915531413755136,0.024610303723372605,0.027153938689667506,1.328348497689221,0.9518228036345686,0.863803390701626,1.1909602890509694,0.009917837732153574,0.0016380227754454937,-2720.5389052273076
0.0042402831636657486,-0.002647415758787729,0.002915531413755136,0.024610303723372605,0.027153938689667506,1.328348497689221,0.9518228036345686,0.863803390701626,1.1909602890509694,0.009917837732153574,0.0016380227754454937,-2720.5389052273076
0.003967656037041849,-0.0025535881882798794,0.0028083378983216967,0.024258905418739877,0.02624521423140231,1.3508801102047914,0.963331504183053,0.8664320234912337,1.207740114228398,0.009393002641024687,0.001599244947943337,-2720.357254074719
0.003967656037041849,-0.0025535881882798794,0.0028083378983216967,0.024258905418739877,0.02624521423140231,1.3508801102047914,0.963331504183053,0.8664320234912337,1.207740114228398,0.009393002641024687,0.001599244947943337,-2720.357254074719
0.003967656037041849,-0.0025535881882798794,0.0028083378983216967,0.024258905418739877,0.02624521423140231,1.3508801102047914,0.963331504183053,0.8664320234912337,1.207740114228398,0.009393002641024687,0.001599244947943337,-2720.357254074719
0.003967656037041849,-0.0025535881882798794,0.0028083378983216967,0.024258905418739877,0.02624521423140231,1.3508801102047914,0.963331504183053,0.8664320234912337,1.207740114228398,0.009393002641024687,0.001599244947943337,-2720.357254074719
0.00450323736011447,-0.0026720350761815833,0.0025384805514481502,0.026125647835604903,0.028127074125260255,1.296028104727479,0.9580189046942091,0.8857625515084675,1.1800820835341819,0.009698023550612847,0.0013797536969338523,-2720.8554909777076
0.00450323736011447,-0.0026720350761815833,0.0025384805514481502,0.026125647835604903,0.028127074125260255,1.296028104727479,0.9580189046942091,0.8857625515084675,1.1800820835341819,0.009698023550612847,0.0013797536969338523,-2720.8554909777076
0.00450323736011447,-0.0026720350761815833,0.0025384805514481502,0.026125647835604903,0.028127074125260255,1.296028104727479,0.9580189046942091,0.8857625515084675,1.1800820835341819,0.009698023550612847,0.0013797536969338523,-2720.8554909777076
0.00450323736011447,-0.0026720350761815833,0.0025384805514481502,0.026125647835604903,0.028127074125260255,1.296028104727479,0.9580189046942091,0.8857625515084675,1.1800820835341819,0.009698023550612847,0.0013797536969338523,-2720.8554909777076
0.005140435440525941,-0.0028841813210643474,0.0025130850878086154,0.025619895171703492,0.029800311508790693,1.3050392579579735,0.9422052389426676,0.9398168076971627,1.180712644652525,0.009627879354619492,0.0015188286185200146,-2723.4591378870364
0.005351758091544525,-0.0030724598820401385,0.0024294431485409516,0.025893023700953522,0.028988214178129666,1.3036385722407977,0.9188837558558516,0.9676797053174908,1.1712927334729613,0.009217480411500946,0.0015923163084622114,-2725.5209295139166
0.005351758091544525,-0.0030724598820401385,0.0024294431485409516,0.025893023700953522,0.028988214178129666,1.3036385722407977,0.9188837558558516,0.9676797053174908,1.1712927334729613,0.009217480411500946,0.0015923163084622114,-2725.5209295139166
0.005351758091544525,-0.0030724598820401385,0.0024294431485409516,0.025893023700953522,0.028988214178129666,1.3036385722407977,0.9188837558558516,0.9676797053174908,1.1712927334729613,0.009217480411500946,0.0015923163084622114,-2725.5209295139166
0.005351758091544525,-0.0030724598820401385,0.0024294431485409516,0.025893023700953522,0.028988214178129666,1.3036385722407977,0.9188837558558516,0.9676797053174908,1.1712927334729613,0.009217480411500946,0.0015923163084622114,-2725.5209295139166
0.005351758091544525,-0.0030724598820401385,0.0024294431485409516,0.025893023700953522,0.028988214178129666,1.3036385722407977,0.9188837558558516,0.9676797053174908,1.1712927334729613,0.009217480411500946,0.0015923163084622114,-2725.5209295139166
0.003595474029746668,-0.0028214290304172038,0.0023490267981935635,0.026286100931449344,0.02583842845632644,1.3116366855170358,0.9394635255874306,0.9161999546947226,1.1726164684354219,0.009264265149800893,0.0014561022215034507,-2726.0945936020817
0.003595474029746668,-0.0028214290304172038,0.0023490267981935635,0.026286100931449344,0.02583842845632644,1.3116366855170358,0.9394635255874306,0.9161999546947226,1.1726164684354219,0.009264265149800893,0.0014561022215034507,-2726.0945936020817
0.003595474029746668,-0.0028214290304172038,0.0023490267981935635,0.026286100931449344,0.02583842845632644,1.3116366855170358,0.9394635255874306,0.9161999546947226,1.1726164684354219,0.009264265149800893,0.0014561022215034507,-2726.0945936020817
0.003595474029746668,-0.0028214290304172038,0.0023490267981935635,0.026286100931449344,0.02583842845632644,1.3116366855170358,0.9394635255874306,0.9161999546947226,1.1726164684354219,0.009264265149800893,0.0014561022215034507,-2726.0945936020817
0.003595474029746668,-0.0028214290304172038,0.0023490267981935635,0.026286100931449344,0.02583842845632644,1.3116366855170358,0.9394635255874306,0.9161999546947226,1.1726164684354219,0.009264265149800893,0.0014561022215034507,-2726.0945936020817
0.003595474029746668,-0.0028214290304172038,0.0023490267981935635,0.026286100931449344,0.02583842845632644,1.3116366855170358,0.9394635255874306,0.9161999546947226,1.1726164684354219,0.009264265149800893,0.0014561022215034507,-2726.0945936020817
0.003595474029746668,-0.0028214290304172038,0.0023490267981935635,0.026286100931449344,0.02583842845632644,1.3116366855170358,0.9394635255874306,0.9161999546947226,1.1726164684354219,0.009264265149800893,0.0014561022215034507,-2726.0945936020817
0.003595474029746668,-0.0028214290304172038,0.0023490267981935635,0.026286100931449344,0.02583842845632644,1.3116366855170358,0.9394635255874306,0.9161999546947226,1.1726164684354219,0.009264265149800893,0.0014561022215034507,-2726.0945936020817
0.003595474029746668,-0.0028214290304172038,0.0023490267981935635,0.026286100931449344,0.02583842845632644,1.3116366855170358,0.9394635255874306,0.9161999546947226,1.1726164684354219,0.009264265149800893,0.0014561022215034507,-2726.0945936020817
0.003595474029746668,-0.0028214290304172038,0.0023490267981935635,0.026286100931449344,0.02583842845632644,1.3116366855170358,0.9394635255874306,0.9161999546947226,1.1726164684354219,0.009264265149800893,0.0014561022215034507,-2726.0945936020817
0.003595474029746668,-0.0028214290304172038,0.0023490267981935635,0.026286100931449344,0.02583842845632644,1.3116366855170358,0.9394635255874306,0.9161999546947226,1.1726164684354219,0.009264265149800893,0.0014561022215034507,-2726.0945936020817
0.003595474029746668,-0.0028214290304172038,0.0023490267981935635,0.026286100931449344,0.02583842845632644,1.3116366855170358,0.9394635255874306,0.9161999546947226,1.1726164684354219,0.009264265149800893,0.0014561022215034507,-2726.0945936020817
0.003595474029746668,-0.0028214290304172038,0.0023490267981935635,0.026286100931449344,0.02583842845632644,1.3116366855170358,0.9394635255874306,0.9161999546947226,1.1726164684354219,0.009264265149800893,0.0014561022215034507,-2726.0945936020817
0.003595474029746668,-0.0028214290304172038,0.0023490267981935635,0.026286100931449344,0.02583842845632644,1.3116366855170358,0.9394635255874306,0.9161999546947226,1.1726164684354219,0.009264265149800893,0.0014561022215034507,-2726.0945936020817
0.003595474029746668,-0.0028214290304172038,0.0023490267981935635,0.026286100931449344,0.02583842845632644,1.3116366855170358,0.9394635255874306,0.9161999546947226,1.1726164684354219,0.009264265149800893,0.0014561022215034507,-2726.0945936020817
0.003446341266553181,-0.002631939720387854,0.002325861045153658,0.026459772129497038,0.025842655582300318,1.3280142398814019,0.9469305716752359,0.8837936758270614,1.2007102359921142,0.009805012201008774,0.0013696811379378378,-2722.814386779172
0.003446341266553181,-0.002631939720387854,0.002325861045153658,0.026459772129497038,0.025842655582300318,1.3280142398814019,0.9469305716752359,0.8837936758270614,1.2007102359921142,0.009805012201008774,0.0013696811379378378,-2722.814386779172
0.003446341266553181,-0.002631939720387854,0.002325861045153658,0.026459772129497038,0.025842655582300318,1.3280142398814019,0.9469305716752359,0.8837936758270614,1.2007102359921142,0.009805012201008774,0.0013696811379378378,-2722.814386779172
0.003446341266553181,-0.002631939720387854,0.002325861045153658,0.026459772129497038,0.025842655582300318,1.3280142398814019,0.9469305716752359,0.8837936758270614,1.2007102359921142,0.009805012201008774,0.0013696811379378378,-2722.814386779172
0.0035443889396576615,-0.002571734149956691,0.0026258241612952013,0.026110458563748967,0.030533592990449644,1.3519819489874432,0.9656337143650428,0.9408791450404095,1.1949370878987255,0.007704855857143104,0.001235030515972363,-2724.5545597288033
0.002137146699062776,-0.002106835348660509,0.003239469341721912,0.025038811085234827,0.031658194634085805,1.3633700019598538,0.9385339842474603,0.8600798137862458,1.2624223660596507,0.0075632125830593375,0.0012881810598986418,-2724.5867018419062
0.002137146699062776,-0.002106835348660509,0.003239469341721912,0.025038811085234827,0.031658194634085805,1.3633700019598538,0.9385339842474603,0.8600798137862458,1.2624223660596507,0.0075632125830593375,0.0012881810598986418,-2724.5867018419062
0.0018653011952866148,-0.0018246267337876073,0.003502627980279856,0.02587392722708617,0.03532768153790624,1.3497792593365237,0.8985599478536357,0.7711147518175412,1.2575207300362266,0.00753289173690206,0.0010946903461307176,-2723.4489605717295
0.0015271663833565131,-0.0015601484062911473,0.0027429116398437546,0.02953853945159895,0.03756901277771625,1.258624674927719,0.8752715091157354,0.7449101948912238,1.1498604200618385,0.009311661109532396,0.0008768740108415721,-2721.891910459074
0.0015271663833565131,-0.0015601484062911473,0.0027429116398437546,0.02953853945159895,0.03756901277771625,1.258624674927719,0.8752715091157354,0.7449101948912238,1.1498604200618385,0.009311661109532396,0.0008768740108415721,-2721.891910459074
0.0015271663833565131,-0.0015601484062911473,0.0027429116398437546,0.02953853945159895,0.03756901277771625,1.258624674927719,0.8752715091157354,0.7449101948912238,1.1498604200618385,0.009311661109532396,0.0008768740108415721,-2721.891910459074
0.0015271663833565131,-0.0015601484062911473,0.0027429116398437546,0.02953853945159895,0.03756901277771625,1.258624674927719,0.8752715091157354,0.7449101948912238,1.1498604200618385,0.009311661109532396,0.0008768740108415721,-2721.891910459074
0.0015271663833565131,-0.0015601484062911473,0.0027429116398437546,0.02953853945159895,0.03756901277771625,1.258624674927719,0.8752715091157354,0.7449101948912238,1.1498604200618385,0.009311661109532396,0.0008768740108415721,-2721.891910459074
0.0015271663833565131,-0.0015601484062911473,0.0027429116398437546,0.02953853945159895,0.03756901277771625,1.258624674927719,0.8752715091157354,0.7449101948912238,1.1498604200618385,0.009311661109532396,0.0008768740108415721,-2721.891910459074
0.0015271663833565131,-0.0015601484062911473,0.0027429116398437546,0.02953853945159895,0.03756901277771625,1.258624674927719,0.8752715091157354,0.7449101948912238,1.1498604200618385,0.009311661109532396,0.0008768740108415721,-2721.891910459074
0.0015271663833565131,-0.0015601484062911473,0.0027429116398437546,0.02953853945159895,0.03756901277771625,1.258624674927719,0.8752715091157354,0.7449101948912238,1.1498604200618385,0.009311661109532396,0.0008768740108415721,-2721.891910459074
0.0013890716309250036,-0.0017628981427412795,0.0023500668295339372,0.02949780817290609,0.02735925712062385,1.293108978836606,0.8704154315671353,0.7131235772434779,1.164772536249254,0.009994528772929839,0.001007469088236509,-2722.536925479863
0.0013890716309250036,-0.0017628981427412795,0.0023500668295339372,0.02949780817290609,0.02735925712062385,1.293108978836606,0.8704154315671353,0.7131235772434779,1.164772536249254,0.009994528772929839,0.001007469088236509,-2722.536925479863
0.003064616406085522,-0.001961750507654533,0.001822751338941193,0.030485586998471842,0.026138882166153145,1.2355381631156714,0.8657608000022983,0.8003166137425848,1.1233142204599464,0.010494050827067126,0.001118289426126302,-2722.5245729423727
0.003064616406085522,-0.001961750507654533,0.001822751338941193,0.030485586998471842,0.026138882166153145,1.2355381631156714,0.8657608000022983,0.8003166137425848,1.1233142204599464,0.010494050827067126,0.001118289426126302,-2722.5245729423727
0.003064616406085522,-0.001961750507654533,0.001822751338941193,0.030485586998471842,0.026138882166153145,1.2355381631156714,0.8657608000022983,0.8003166137425848,1.1233142204599464,0.010494050827067126,0.001118289426126302,-2722.5245729423727
0.003064616406085522,-0.001961750507654533,0.001822751338941193,0.030485586998471842,0.026138882166153145,1.2355381631156714,0.8657608000022983,0.8003166137425848,1.1233142204599464,0.010494050827067126,0.001118289426126302,-2722.5245729423727
0.003064616406085522,-0.001961750507654533,0.001822751338941193,0.030485586998471842,0.026138882166153145,1.2355381631156714,0.8657608000022983,0.8003166137425848,1.1233142204599464,0.010494050827067126,0.001118289426126302,-2722.5245729423727
0.003064616406085522,-0.001961750507654533,0.001822751338941193,0.030485586998471842,0.026138882166153145,1.2355381631156714,0.8657608000022983,0.8003166137425848,1.1233142204599464,0.010494050827067126,0.001118289426126302,-2722.5245729423727
0.003064616406085522,-0.001961750507654533,0.001822751338941193,0.030485586998471842,0.026138882166153145,1.2355381631156714,0.8657608000022983,0.8003166137425848,1.1233142204599464,0.010494050827067126,0.001118289426126302,-2722.5245729423727
0.003064616406085522,-0.001961750507654533,0.001822751338941193,0.030485586998471842,0.026138882166153145,1.2355381631156714,0.8657608000022983,0.8003166137425848,1.1233142204599464,0.010494050827067126,0.001118289426126302,-2722.5245729423727
0.003064616406085522,-0.001961750507654533,0.001822751338941193,0.030485586998471842,0.026138882166153145,1.2355381631156714,0.8657608000022983,0.8003166137425848,1.1233142204599464,0.010494050827067126,0.001118289426126302,-2722.5245729423727
0.003064616406085522,-0.001961750507654533,0.001822751338941193,0.030485586998471842,0.026138882166153145,1.2355381631156714,0.8657608000022983,0.8003166137425848,1.1233142204599464,0.010494050827067126,0.001118289426126302,-2722.5245729423727
0.002874545836212586,-0.002222362209326762,0.001991783841657737,0.027971432677653642,0.023284848346597165,1.3044420630866957,0.9315135100545573,0.8258469041302812,1.1838907976890238,0.00830800691237497,0.001220439882296045,-2720.0805888905584
0.002874545836212586,-0.002222362209326762,0.001991783841657737,0.027971432677653642,0.023284848346597165,1.3044420630866957,0.9315135100545573,0.8258469041302812,1.1838907976890238,0.00830800691237497,0.001220439882296045,-2720.0805888905584
0.002874545836212586,-0.002222362209326762,0.001991783841657737,0.027971432677653642,0.023284848346597165,1.3044420630866957,0.9315135100545573,0.8258469041302812,1.1838907976890238,0.00830800691237497,0.001220439882296045,-2720.0805888905584
0.002874545836212586,-0.002222362209326762,0.001991783841657737,0.027971432677653642,0.023284848346597165,1.3044420630866957,0.9315135100545573,0.8258469041302812,1.1838907976890238,0.00830800691237497,0.001220439882296045,-2720.0805888905584
0.002874545836212586,-0.002222362209326762,0.001991783841657737,0.027971432677653642,0.023284848346597165,1.3044420630866957,0.9315135100545573,0.8258469041302812,1.1838907976890238,0.00830800691237497,0.001220439882296045,-2720.0805888905584
0.002013637301735878,-0.0016633656943046199,0.0021382278360796082,0.029376182754220038,0.025758700329037116,1.2960400188566217,0.9214323247636657,0.7954586246590947,1.159028262358573,0.0076084983726762544,0.0009330142086040239,-2719.483794809899
0.001979316815534038,-0.0016916837279896948,0.00264923816466023,0.02879085652749908,0.029790385177276932,1.2988469462280647,0.9269439629427516,0.7832344361825829,1.1338970848757584,0.006930191857694441,0.0009216766156161015,-2720.256554029614
0.001979316815534038,-0.0016916837279896948,0.00264923816466023,0.02879085652749908,0.029790385177276932,1.2988469462280647,0.9269439629427516,0.7832344361825829,1.1338970848757584,0.006930191857694441,0.0009216766156161015,-2720.256554029614
0.0035837534414536413,-0.002409974961880411,0.002192303454748524,0.02978558496369464,0.02732423614157941,1.2197806953103887,0.9053204700029925,0.8674015646283255,1.061876989416372,0.00881296603208903,0.0011096025098903948,-2720.811938047742
0.0035837534414536413,-0.002409974961880411,0.002192303454748524,0.02978558496369464,0.02732423614157941,1.2197806953103887,0.9053204700029925,0.8674015646283255,1.061876989416372,0.00881296603208903,0.0011096025098903948,-2720.811938047742
0.0035837534414536413,-0.002409974961880411,0.002192303454748524,0.02978558496369464,0.02732423614157941,1.2197806953103887,0.9053204700029925,0.8674015646283255,1.061876989416372,0.00881296603208903,0.0011096025098903948,-2720.811938047742
0.0035837534414536413,-0.002409974961880411,0.002192303454748524,0.02978558496369464,0.02732423614157941,1.2197806953103887,0.9053204700029925,0.8674015646283255,1.061876989416372,0.00881296603208903,0.0011096025098903948,-2720.811938047742
0.0035837534414536413,-0.002409974961880411,0.002192303454748524,0.02978558496369464,0.02732423614157941,1.2197806953103887,0.9053204700029925,0.8674015646283255,1.061876989416372,0.00881296603208903,0.0011096025098903948,-2720.811938047742
0.0035837534414536413,-0.002409974961880411,0.002192303454748524,0.02978558496369464,0.02732423614157941,1.2197806953103887,0.9053204700029925,0.8674015646283255,1.061876989416372,0.00881296603208903,0.0011096025098903948,-2720.811938047742
0.0035837534414536413,-0.002409974961880411,0.002192303454748524,0.02978558496369464,0.02732423614157941,1.2197806953103887,0.9053204700029925,0.8674015646283255,1.061876989416372,0.00881296603208903,0.0011096025098903948,-2720.811938047742
0.0035837534414536413,-0.002409974961880411,0.002192303454748524,0.02978558496369464,0.02732423614157941,1.2197806953103887,0.9053204700029925,0.8674015646283255,1.061876989416372,0.00881296603208903,0.0011096025098903948,-2720.811938047742
0.003906877143193177,-0.0027191074563223524,0.0027305418395495613,0.028049382897800797,0.02811680066749732,1.259333868676283,0.9038912846631001,0.8190699578487892,1.0937671768306625,0.008233336929685916,0.001159290884659407,-2726.1930996014867
0.0032580362613089855,-0.002581649494252278,0.002257364706480901,0.02943122804206902,0.025827493430296534,1.2129749144857835,0.8831774867051345,0.7962517673619094,1.0737082713917099,0.01122572543084016,0.0012407839011557256,-2722.0212983816064
0.004217381472044654,-0.00265764738141164,0.0018909500554246611,0.030877436696604386,0.027039702336664095,1.1605700841195896,0.8640758951900281,0.8513314448710582,1.0387993644982705,0.012606990729961994,0.0011823344715724202,-2722.5282401028403
0.004217381472044654,-0.00265764738141164,0.0018909500554246611,0.030877436696604386,0.027039702336664095,1.1605700841195896,0.8640758951900281,0.8513314448710582,1.0387993644982705,0.012606990729961994,0.0011823344715724202,-2722.5282401028403
0.004217381472044654,-0.00265764738141164,0.0018909500554246611,0.030877436696604386,0.027039702336664095,1.1605700841195896,0.8640758951900281,0.8513314448710582,1.0387993644982705,0.012606990729961994,0.0011823344715724202,-2722.5282401028403
0.004217381472044654,-0.00265764738141164,0.0018909500554246611,0.030877436696604386,0.027039702336664095,1.1605700841195896,0.8640758951900281,0.8513314448710582,1.0387993644982705,0.012606990729961994,0.0011823344715724202,-2722.5282401028403
0.004217381472044654,-0.00265764738141164,0.0018909500554246611,0.030877436696604386,0.027039702336664095,1.1605700841195896,0.8640758951900281,0.8513314448710582,1.0387993644982705,0.012606990729961994,0.0011823344715724202,-2722.5282401028403
0.003072816785397496,-0.002185008506608593,0.0019682518208278925,0.030037408391546748,0.025860753380412563,1.2109062104270636,0.9022224822492102,0.8401021490928847,1.061362890539283,0.010245980914596282,0.001025804751900776,-2723.1750001197224
0.003072816785397496,-0.002185008506608593,0.0019682518208278925,0.030037408391546748,0.025860753380412563,1.2109062104270636,0.9022224822492102,0.8401021490928847,1.061362890539283,0.010245980914596282,0.001025804751900776,-2723.1750001197224
0.003072816785397496,-0.002185008506608593,0.0019682518208278925,0.030037408391546748,0.025860753380412563,1.2109062104270636,0.9022224822492102,0.8401021490928847,1.061362890539283,0.010245980914596282,0.001025804751900776,-2723.1750001197224
0.002780110737105922,-0.0019533845417184486,0.002040602059380573,0.02977626066343567,0.025552264183016725,1.2012734713547746,0.8839711496988831,0.8479944963395818,1.0995585183230874,0.009212223379417607,0.0011484909090862792,-2722.9128198160524
0.002780110737105922,-0.0019533845417184486,0.002040602059380573,0.02977626066343567,0.025552264183016725,1.2012734713547746,0.8839711496988831,0.8479944963395818,1.0995585183230874,0.009212223379417607,0.0011484909090862792,-2722.9128198160524
0.002780110737105922,-0.0019533845417184486,0.002040602059380573,0.02977626066343567,0.025552264183016725,1.2012734713547746,0.8839711496988831,0.8479944963395818,1.0995585183230874,0.009212223379417607,0.0011484909090862792,-2722.9128198160524
0.002780110737105922,-0.0019533845417184486,0.002040602059380573,0.02977626066343567,0.025552264183016725,1.2012734713547746,0.8839711496988831,0.8479944963395818,1.0995585183230874,0.009212223379417607,0.0011484909090862792,-2722.9128198160524
0.0027677424714629244,-0.0018816561079030916,0.00224970728135208,0.03057495404890847,0.028465838026392052,1.1924308672456831,0.8381193628207491,0.8037644988375845,1.078081625470255,0.009923605063621131,0.0010879551828540922,-2721.979635763229
0.0023315982059559388,-0.0019274830621565367,0.002833473152931374,0.029352378884794875,0.03144162138403072,1.2137886478960047,0.8436830342575112,0.7624293168418389,1.0915195820737587,0.009406083663671084,0.0011100383276418666,-2720.691636691946
0.003936840183102449,-0.002681064413488478,0.0025955205162883914,0.02809241613186867,0.02573133883871404,1.2031184237728094,0.8726490351345977,0.7999821421258987,1.0795974983758103,0.010279212932561102,0.0014891515631104775,-2719.619832397599
0.003936840183102449,-0.002681064413488478,0.0025955205162883914,0.02809241613186867,0.02573133883871404,1.2031184237728094,0.8726490351345977,0.7999821421258987,1.0795974983758103,0.010279212932561102,0.0014891515631104775,-2719.619832397599
0.003936840183102449,-0.002681064413488478,0.0025955205162883914,0.02809241613186867,0.02573133883871404,1.2031184237728094,0.8726490351345977,0.7999821421258987,1.0795974983758103,0.010279212932561102,0.0014891515631104775,-2719.619832397599
0.004985476372450611,-0.0032224633391170964,0.0027351435348465913,0.02722727998491518,0.023588031696780417,1.1755323260802164,0.8560543391507932,0.7820225807490844,1.0355196307206083,0.010527580580354917,0.0017946952049346298,-2719.9479194527407
0.004616170714174155,-0.0030053148351786114,0.0021139761864168295,0.02853371505987012,0.02236062395308128,1.1838868745311841,0.8707683563667934,0.8235958389244407,1.053352208626275,0.00916504246114965,0.0015915199778565676,-2718.1565649174113
0.004616170714174155,-0.0030053148351786114,0.0021139761864168295,0.02853371505987012,0.02236062395308128,1.1838868745311841,0.8707683563667934,0.8235958389244407,1.053352208626275,0.00916504246114965,0.0015915199778565676,-2718.1565649174113
0.004616170714174155,-0.0030053148351786114,0.0021139761864168295,0.02853371505987012,0.02236062395308128,1.1838868745311841,0.8707683563667934,0.8235958389244407,1.053352208626275,0.00916504246114965,0.0015915199778565676,-2718.1565649174113
0.004616170714174155,-0.0030053148351786114,0.0021139761864168295,0.02853371505987012,0.02236062395308128,1.1838868745311841,0.8707683563667934,0.8235958389244407,1.053352208626275,0.00916504246114965,0.0015915199778565676,-2718.1565649174113
0.004616170714174155,-0.0030053148351786114,0.0021139761864168295,0.02853371505987012,0.02236062395308128,1.1838868745311841,0.8707683563667934,0.8235958389244407,1.053352208626275,0.00916504246114965,0.0015915199778565676,-2718.1565649174113
0.004616170714174155,-0.0030053148351786114,0.0021139761864168295,0.02853371505987012,0.02236062395308128,1.1838868745311841,0.8707683563667934,0.8235958389244407,1.053352208626275,0.00916504246114965,0.0015915199778565676,-2718.1565649174113
0.0034401466249246084,-0.0025586777250365973,0.0021372471121592577,0.028498093615259654,0.021894253577620038,1.2393981899353022,0.8727384987878386,0.7827793094987214,1.1002322541971494,0.00907855414499869,0.0014904029212449914,-2719.2637113601527
0.0034401466249246084,-0.0025586777250365973,0.0021372471121592577,0.028498093615259654,0.021894253577620038,1.2393981899353022,0.8727384987878386,0.7827793094987214,1.1002322541971494,0.00907855414499869,0.0014904029212449914,-2719.2637113601527
0.0034401466249246084,-0.0025586777250365973,0.0021372471121592577,0.028498093615259654,0.021894253577620038,1.2393981899353022,0.8727384987878386,0.7827793094987214,1.1002322541971494,0.00907855414499869,0.0014904029212449914,-2719.2637113601527
0.0034401466249246084,-0.0025586777250365973,0.0021372471121592577,0.028498093615259654,0.021894253577620038,1.2393981899353022,0.8727384987878386,0.7827793094987214,1.1002322541971494,0.00907855414499869,0.0014904029212449914,-2719.2637113601527
0.0034401466249246084,-0.0025586777250365973,0.0021372471121592577,0.028498093615259654,0.021894253577620038,1.2393981899353022,0.8727384987878386,0.7827793094987214,1.1002322541971494,0.00907855414499869,0.0014904029212449914,-2719.2637113601527
0.003813347241290557,-0.002614715323547368,0.001873189388059996,0.028607822926702064,0.02150098926536188,1.222121018803857,0.8703360730242614,0.8140546853931029,1.0939548100023604,0.00875087490803703,0.001595342785428028,-2719.5969459271764
0.003813347241290557,-0.002614715323547368,0.001873189388059996,0.028607822926702064,0.02150098926536188,1.222121018803857,0.8703360730242614,0.8140546853931029,1.0939548100023604,0.00875087490803703,0.001595342785428028,-2719.5969459271764
0.003813347241290557,-0.002614715323547368,0.001873189388059996,0.028607822926702064,0.02150098926536188,1.222121018803857,0.8703360730242614,0.8140546853931029,1.0939548100023604,0.00875087490803703,0.001595342785428028,-2719.5969459271764
0.003813347241290557,-0.002614715323547368,0.001873189388059996,0.028607822926702064,0.02150098926536188,1.222121018803857,0.8703360730242614,0.8140546853931029,1.0939548100023604,0.00875087490803703,0.001595342785428028,-2719.5969459271764
0.006059354413031109,-0.0032791876213152027,0.0017334352830152195,0.02901786014556581,0.02211213865632116,1.2075030740517394,0.860591917201025,0.8909245846787761,1.043786951481914,0.00960492583516065,0.0017410216275035421,-2721.6716067687867
0.00476264800741351,-0.002830478879030638,0.0025797973834969885,0.026513177223384664,0.02269353620109415,1.2809928090201865,0.8657604184832965,0.8135347944029678,1.0948965960308499,0.006325994939362195,0.0018386616792791669,-2720.9619793643624
0.00476264800741351,-0.002830478879030638,0.0025797973834969885,0.026513177223384664,0.02269353620109415,1.2809928090201865,0.8657604184832965,0.8135347944029678,1.0948965960308499,0.006325994939362195,0.0018386616792791669,-2720.9619793643624
0.004593576249899416,-0.002715563094180729,0.002177227823000156,0.02752060096118863,0.02211530112844829,1.2320501088515377,0.8809625099870486,0.8213599770240643,1.0625393887216867,0.0072548072243529315,0.0017676573478088687,-2719.6455412882347
0.0063690606588392325,-0.003293102163215135,0.002214063501876756,0.026574323641023197,0.02337116093665162,1.2395627774057247,0.9055815392840892,0.9248592100428612,1.0516664468942647,0.005298156263683073,0.0018307715072624917,-2720.0425571028236
0.0063690606588392325,-0.003293102163215135,0.002214063501876756,0.026574323641023197,0.02337116093665162,1.2395627774057247,0.9055815392840892,0.9248592100428612,1.0516664468942647,0.005298156263683073,0.0018307715072624917,-2720.0425571028236
0.0063690606588392325,-0.003293102163215135,0.002214063501876756,0.026574323641023197,0.02337116093665162,1.2395627774057247,0.9055815392840892,0.9248592100428612,1.0516664468942647,0.005298156263683073,0.0018307715072624917,-2720.0425571028236
0.0063690606588392325,-0.003293102163215135,0.002214063501876756,0.026574323641023197,0.02337116093665162,1.2395627774057247,0.9055815392840892,0.9248592100428612,1.0516664468942647,0.005298156263683073,0.0018307715072624917,-2720.0425571028236
0.0063690606588392325,-0.003293102163215135,0.002214063501876756,0.026574323641023197,0.02337116093665162,1.2395627774057247,0.9055815392840892,0.9248592100428612,1.0516664468942647,0.005298156263683073,0.0018307715072624917,-2720.0425571028236
0.0063690606588392325,-0.003293102163215135,0.002214063501876756,0.026574323641023197,0.02337116093665162,1.2395627774057247,0.9055815392840892,0.9248592100428612,1.0516664468942647,0.005298156263683073,0.0018307715072624917,-2720.0425571028236
0.0063690606588392325,-0.003293102163215135,0.002214063501876756,0.026574323641023197,0.02337116093665162,1.2395627774057247,0.9055815392840892,0.9248592100428612,1.0516664468942647,0.005298156263683073,0.0018307715072624917,-2720.0425571028236
0.0063690606588392325,-0.003293102163215135,0.002214063501876756,0.026574323641023197,0.02337116093665162,1.2395627774057247,0.9055815392840892,0.9248592100428612,1.0516664468942647,0.005298156263683073,0.0018307715072624917,-2720.0425571028236
0.0063690606588392325,-0.003293102163215135,0.002214063501876756,0.026574323641023197,0.02337116093665162,1.2395627774057247,0.9055815392840892,0.9248592100428612,1.0516664468942647,0.005298156263683073,0.0018307715072624917,-2720.0425571028236
0.0063690606588392325,-0.003293102163215135,0.002214063501876756,0.026574323641023197,0.02337116093665162,1.2395627774057247,0.9055815392840892,0.9248592100428612,1.0516664468942647,0.005298156263683073,0.0018307715072624917,-2720.0425571028236
0.0063690606588392325,-0.003293102163215135,0.002214063501876756,0.026574323641023197,0.02337116093665162,1.2395627774057247,0.9055815392840892,0.9248592100428612,1.0516664468942647,0.005298156263683073,0.0018307715072624917,-2720.0425571028236
0.006723404931214679,-0.0035983028487798574,0.0020933360198049167,0.02714335411482643,0.023218346822493185,1.2065459039127542,0.8829613863932546,0.9269140844304546,1.0272329168488499,0.006937399969249255,0.001987629169774584,-2720.081822142239
0.005702375910506794,-0.0032220321209608417,0.0021326126580338365,0.027478726306511648,0.023389255115162367,1.218235866933529,0.8958062819429924,0.86768243182401,1.0406461831163765,0.007351162998954668,0.001739055203821789,-2718.247741168026
0.005702375910506794,-0.0032220321209608417,0.0021326126580338365,0.027478726306511648,0.023389255115162367,1.218235866933529,0.8958062819429924,0.86768243182401,1.0406461831163765,0.007351162998954668,0.001739055203821789,-2718.247741168026
0.005702375910506794,-0.0032220321209608417,0.0021326126580338365,0.027478726306511648,0.023389255115162367,1.218235866933529,0.8958062819429924,0.86768243182401,1.0406461831163765,0.007351162998954668,0.001739055203821789,-2718.247741168026
0.005702375910506794,-0.0032220321209608417,0.0021326126580338365,0.027478726306511648,0.023389255115162367,1.218235866933529,0.8958062819429924,0.86768243182401,1.0406461831163765,0.007351162998954668,0.001739055203821789,-2718.247741168026
0.005702375910506794,-0.0032220321209608417,0.0021326126580338365,0.027478726306511648,0.023389255115162367,1.218235866933529,0.8958062819429924,0.86768243182401,1.0406461831163765,0.007351162998954668,0.001739055203821789,-2718.247741168026
0.005702375910506794,-0.0032220321209608417,0.0021326126580338365,0.027478726306511648,0.023389255115162367,1.218235866933529,0.8958062819429924,0.86768243182401,1.0406461831163765,0.007351162998954668,0.001739055203821789,-2718.247741168026
0.005702375910506794,-0.0032220321209608417,0.0021326126580338365,0.027478726306511648,0.023389255115162367,1.218235866933529,0.8958062819429924,0.86768243182401,1.0406461831163765,0.007351162998954668,0.001739055203821789,-2718.247741168026
0.005702375910506794,-0.0032220321209608417,0.0021326126580338365,0.027478726306511648,0.023389255115162367,1.218235866933529,0.8958062819429924,0.86768243182401,1.0406461831163765,0.007351162998954668,0.001739055203821789,-2718.247741168026
0.005702375910506794,-0.0032220321209608417,0.0021326126580338365,0.027478726306511648,0.023389255115162367,1.218235866933529,0.8958062819429924,0.86768243182401,1.0406461831163765,0.007351162998954668,0.001739055203821789,-2718.247741168026
0.005702375910506794,-0.0032220321209608417,0.0021326126580338365,0.027478726306511648,0.023389255115162367,1.218235866933529,0.8958062819429924,0.86768243182401,1.0406461831163765,0.007351162998954668,0.001739055203821789,-2718.247741168026
0.005702375910506794,-0.0032220321209608417,0.0021326126580338365,0.027478726306511648,0.023389255115162367,1.218235866933529,0.8958062819429924,0.86768243182401,1.0406461831163765,0.007351162998954668,0.001739055203821789,-2718.247741168026
0.006186541374245012,-0.0032423633611838847,0.0022809527447547723,0.02729367389667803,0.023641743891170634,1.1963108812498855,0.8769346299561547,0.8718300134837312,1.0403198307341555,0.007468616896249461,0.001808439211447242,-2719.665371018874
0.006186541374245012,-0.0032423633611838847,0.0022809527447547723,0.02729367389667803,0.023641743891170634,1.1963108812498855,0.8769346299561547,0.8718300134837312,1.0403198307341555,0.007468616896249461,0.001808439211447242,-2719.665371018874
0.006186541374245012,-0.0032423633611838847,0.0022809527447547723,0.02729367389667803,0.023641743891170634,1.1963108812498855,0.8769346299561547,0.8718300134837312,1.0403198307341555,0.007468616896249461,0.001808439211447242,-2719.665371018874
0.006186541374245012,-0.0032423633611838847,0.0022809527447547723,0.02729367389667803,0.023641743891170634,1.1963108812498855,0.8769346299561547,0.8718300134837312,1.0403198307341555,0.007468616896249461,0.001808439211447242,-2719.665371018874
0.006186541374245012,-0.0032423633611838847,0.0022809527447547723,0.02729367389667803,0.023641743891170634,1.1963108812498855,0.8769346299561547,0.8718300134837312,1.0403198307341555,0.007468616896249461,0.001808439211447242,-2719.665371018874
0.006186541374245012,-0.0032423633611838847,0.0022809527447547723,0.02729367389667803,0.023641743891170634,1.1963108812498855,0.8769346299561547,0.8718300134837312,1.0403198307341555,0.007468616896249461,0.001808439211447242,-2719.665371018874
0.006186541374245012,-0.0032423633611838847,0.0022809527447547723,0.02729367389667803,0.023641743891170634,1.1963108812498855,0.8769346299561547,0.8718300134837312,1.0403198307341555,0.007468616896249461,0.001808439211447242,-2719.665371018874
0.006186541374245012,-0.0032423633611838847,0.0022809527447547723,0.02729367389667803,0.023641743891170634,1.1963108812498855,0.8769346299561547,0.8718300134837312,1.0403198307341555,0.007468616896249461,0.001808439211447242,-2719.665371018874
0.006186541374245012,-0.0032423633611838847,0.0022809527447547723,0.02729367389667803,0.023641743891170634,1.1963108812498855,0.8769346299561547,0.8718300134837312,1.0403198307341555,0.007468616896249461,0.001808439211447242,-2719.665371018874
0.006186541374245012,-0.0032423633611838847,0.0022809527447547723,0.02729367389667803,0.023641743891170634,1.1963108812498855,0.8769346299561547,0.8718300134837312,1.0403198307341555,0.007468616896249461,0.001808439211447242,-2719.665371018874
0.006186541374245012,-0.0032423633611838847,0.0022809527447547723,0.02729367389667803,0.023641743891170634,1.1963108812498855,0.8769346299561547,0.8718300134837312,1.0403198307341555,0.007468616896249461,0.001808439211447242,-2719.665371018874
0.006186541374245012,-0.0032423633611838847,0.0022809527447547723,0.02729367389667803,0.023641743891170634,1.1963108812498855,0.8769346299561547,0.8718300134837312,1.0403198307341555,0.007468616896249461,0.001808439211447242,-2719.665371018874
0.006186541374245012,-0.0032423633611838847,0.0022809527447547723,0.02729367389667803,0.023641743891170634,1.1963108812498855,0.8769346299561547,0.8718300134837312,1.0403198307341555,0.007468616896249461,0.001808439211447242,-2719.665371018874
0.006186541374245012,-0.0032423633611838847,0.0022809527447547723,0.02729367389667803,0.023641743891170634,1.1963108812498855,0.8769346299561547,0.8718300134837312,1.0403198307341555,0.007468616896249461,0.001808439211447242,-2719.665371018874
0.006186541374245012,-0.0032423633611838847,0.0022809527447547723,0.02729367389667803,0.023641743891170634,1.1963108812498855,0.8769346299561547,0.8718300134837312,1.0403198307341555,0.007468616896249461,0.001808439211447242,-2719.665371018874
0.005623307852194028,-0.0030514706927498936,0.0027522189484585633,0.025355839917302298,0.023276243347564292,1.2511075894957928,0.8960150804516815,0.8339101744914721,1.0399728124971181,0.006115268596885877,0.001976847968642999,-2722.1819933627908
0.005623307852194028,-0.0030514706927498936,0.0027522189484585633,0.025355839917302298,0.023276243347564292,1.2511075894957928,0.8960150804516815,0.8339101744914721,1.0399728124971181,0.006115268596885877,0.001976847968642999,-2722.1819933627908
0.005623307852194028,-0.0030514706927498936,0.0027522189484585633,0.025355839917302298,0.023276243347564292,1.2511075894957928,0.8960150804516815,0.8339101744914721,1.0399728124971181,0.006115268596885877,0.001976847968642999,-2722.1819933627908
0.0026371116747798684,-0.002338960791150815,0.0029524147289008806,0.02751172372889524,0.024681588018158673,1.2805291135972912,0.8977636152834761,0.7482631905167361,1.1034673708691118,0.0060063146738163235,0.0012987703776881142,-2721.7432692505536
0.002100214120115953,-0.0018589178071307128,0.0022397823033073905,0.029319145200391247,0.02320843549867234,1.2805686302913575,0.90049097984753,0.7775839841044864,1.093697166333428,0.005711272417584505,0.0010760253694629541,-2723.053731273786
0.002100214120115953,-0.0018589178071307128,0.0022397823033073905,0.029319145200391247,0.02320843549867234,1.2805686302913575,0.90049097984753,0.7775839841044864,1.093697166333428,0.005711272417584505,0.0010760253694629541,-2723.053731273786
0.002100214120115953,-0.0018589178071307128,0.0022397823033073905,0.029319145200391247,0.02320843549867234,1.2805686302913575,0.90049097984753,0.7775839841044864,1.093697166333428,0.005711272417584505,0.0010760253694629541,-2723.053731273786
0.002100214120115953,-0.0018589178071307128,0.0022397823033073905,0.029319145200391247,0.02320843549867234,1.2805686302913575,0.90049097984753,0.7775839841044864,1.093697166333428,0.005711272417584505,0.0010760253694629541,-2723.053731273786
0.002100214120115953,-0.0018589178071307128,0.0022397823033073905,0.029319145200391247,0.02320843549867234,1.2805686302913575,0.90049097984753,0.7775839841044864,1.093697166333428,0.005711272417584505,0.0010760253694629541,-2723.053731273786
0.0025979359540628712,-0.0020538186638042345,0.002328288528969017,0.028961825591724475,0.02380086534181262,1.2716894732126747,0.8844288667778948,0.7772920163440797,1.0903164188087642,0.006334839690948259,0.0011299148717585647,-2721.9227346567495
0.0025979359540628712,-0.0020538186638042345,0.002328288528969017,0.028961825591724475,0.02380086534181262,1.2716894732126747,0.8844288667778948,0.7772920163440797,1.0903164188087642,0.006334839690948259,0.0011299148717585647,-2721.9227346567495
0.0025979359540628712,-0.0020538186638042345,0.002328288528969017,0.028961825591724475,0.02380086534181262,1.2716894732126747,0.8844288667778948,0.7772920163440797,1.0903164188087642,0.006334839690948259,0.0011299148717585647,-2721.9227346567495
0.0025979359540628712,-0.0020538186638042345,0.002328288528969017,0.028961825591724475,0.02380086534181262,1.2716894732126747,0.8844288667778948,0.7772920163440797,1.0903164188087642,0.006334839690948259,0.0011299148717585647,-2721.9227346567495
0.0025979359540628712,-0.0020538186638042345,0.002328288528969017,0.028961825591724475,0.02380086534181262,1.2716894732126747,0.8844288667778948,0.7772920163440797,1.0903164188087642,0.006334839690948259,0.0011299148717585647,-2721.9227346567495
0.0025979359540628712,-0.0020538186638042345,0.002328288528969017,0.028961825591724475,0.02380086534181262,1.2716894732126747,0.8844288667778948,0.7772920163440797,1.0903164188087642,0.006334839690948259,0.0011299148717585647,-2721.9227346567495
0.0019815679022063323,-0.0015465017825787835,0.0025620045441301646,0.028117593964264685,0.023798152927540547,1.3211766006829277,0.9157112029672732,0.7904258192178754,1.12427732817154,0.004327682209078079,0.0010237456344044144,-2722.0708279714167
0.0019815679022063323,-0.0015465017825787835,0.0025620045441301646,0.028117593964264685,0.023798152927540547,1.3211766006829277,0.9157112029672732,0.7904258192178754,1.12427732817154,0.004327682209078079,0.0010237456344044144,-2722.0708279714167
0.0019815679022063323,-0.0015465017825787835,0.0025620045441301646,0.028117593964264685,0.023798152927540547,1.3211766006829277,0.9157112029672732,0.7904258192178754,1.12427732817154,0.004327682209078079,0.0010237456344044144,-2722.0708279714167
0.0019815679022063323,-0.0015465017825787835,0.0025620045441301646,0.028117593964264685,0.023798152927540547,1.3211766006829277,0.9157112029672732,0.7904258192178754,1.12427732817154,0.004327682209078079,0.0010237456344044144,-2722.0708279714167
0.0019815679022063323,-0.0015465017825787835,0.0025620045441301646,0.028117593964264685,0.023798152927540547,1.3211766006829277,0.9157112029672732,0.7904258192178754,1.12427732817154,0.004327682209078079,0.0010237456344044144,-2722.0708279714167
0.0019815679022063323,-0.0015465017825787835,0.0025620045441301646,0.028117593964264685,0.023798152927540547,1.3211766006829277,0.9157112029672732,0.7904258192178754,1.12427732817154,0.004327682209078079,0.0010237456344044144,-2722.0708279714167
0.0038750604764244898,-0.002043755889421563,0.002713228739886589,0.026895935663633446,0.024179282345924154,1.30668490986473,0.9248173649910094,0.8537351814854892,1.0818662612981829,0.003962318905575378,0.0013213719488806648,-2721.074043921493
0.0038750604764244898,-0.002043755889421563,0.002713228739886589,0.026895935663633446,0.024179282345924154,1.30668490986473,0.9248173649910094,0.8537351814854892,1.0818662612981829,0.003962318905575378,0.0013213719488806648,-2721.074043921493
0.0038750604764244898,-0.002043755889421563,0.002713228739886589,0.026895935663633446,0.024179282345924154,1.30668490986473,0.9248173649910094,0.8537351814854892,1.0818662612981829,0.003962318905575378,0.0013213719488806648,-2721.074043921493
0.0038750604764244898,-0.002043755889421563,0.002713228739886589,0.026895935663633446,0.024179282345924154,1.30668490986473,0.9248173649910094,0.8537351814854892,1.0818662612981829,0.003962318905575378,0.0013213719488806648,-2721.074043921493
0.0038750604764244898,-0.002043755889421563,0.002713228739886589,0.026895935663633446,0.024179282345924154,1.30668490986473,0.9248173649910094,0.8537351814854892,1.0818662612981829,0.003962318905575378,0.0013213719488806648,-2721.074043921493
0.0038750604764244898,-0.002043755889421563,0.002713228739886589,0.026895935663633446,0.024179282345924154,1.30668490986473,0.9248173649910094,0.8537351814854892,1.0818662612981829,0.003962318905575378,0.0013213719488806648,-2721.074043921493
0.0038750604764244898,-0.002043755889421563,0.002713228739886589,0.026895935663633446,0.024179282345924154,1.30668490986473,0.9248173649910094,0.8537351814854892,1.0818662612981829,0.003962318905575378,0.0013213719488806648,-2721.074043921493
0.0038750604764244898,-0.002043755889421563,0.002713228739886589,0.026895935663633446,0.024179282345924154,1.30668490986473,0.9248173649910094,0.8537351814854892,1.0818662612981829,0.003962318905575378,0.0013213719488806648,-2721.074043921493
0.002886502502576759,-0.0018906123384240404,0.002736042695208145,0.027594630229133665,0.023066836626652546,1.2837732861011713,0.8817741931951099,0.7819922059812403,1.105139205368801,0.004722895076694557,0.001379147563654926,-2722.8998232764075
0.002886502502576759,-0.0018906123384240404,0.002736042695208145,0.027594630229133665,0.023066836626652546,1.2837732861011713,0.8817741931951099,0.7819922059812403,1.105139205368801,0.004722895076694557,0.001379147563654926,-2722.8998232764075
0.0037286649834339363,-0.002490062568474812,0.0026909349717910867,0.026965487927204147,0.02243084233051938,1.2729018808209978,0.877480494555149,0.7732577342860014,1.1168569539402542,0.006160057862646243,0.0016447992370304128,-2720.783396400485
0.0037286649834339363,-0.002490062568474812,0.0026909349717910867,0.026965487927204147,0.02243084233051938,1.2729018808209978,0.877480494555149,0.7732577342860014,1.1168569539402542,0.006160057862646243,0.0016447992370304128,-2720.783396400485
0.0037286649834339363,-0.002490062568474812,0.0026909349717910867,0.026965487927204147,0.02243084233051938,1.2729018808209978,0.877480494555149,0.7732577342860014,1.1168569539402542,0.006160057862646243,0.0016447992370304128,-2720.783396400485
0.0037286649834339363,-0.002490062568474812,0.0026909349717910867,0.026965487927204147,0.02243084233051938,1.2729018808209978,0.877480494555149,0.7732577342860014,1.1168569539402542,0.006160057862646243,0.0016447992370304128,-2720.783396400485
0.0037286649834339363,-0.002490062568474812,0.0026909349717910867,0.026965487927204147,0.02243084233051938,1.2729018808209978,0.877480494555149,0.7732577342860014,1.1168569539402542,0.006160057862646243,0.0016447992370304128,-2720.783396400485
0.004007701378025657,-0.0027034691861329866,0.002669846470248128,0.02553639504433706,0.021354389364994338,1.2948129983724574,0.9043187419187387,0.7608818877616456,1.171791262896305,0.006210312413274917,0.0017674908530447156,-2720.25851922866
0.004007701378025657,-0.0027034691861329866,0.002669846470248128,0.02553639504433706,0.021354389364994338,1.2948129983724574,0.9043187419187387,0.7608818877616456,1.171791262896305,0.006210312413274917,0.0017674908530447156,-2720.25851922866
0.004007701378025657,-0.0027034691861329866,0.002669846470248128,0.02553639504433706,0.021354389364994338,1.2948129983724574,0.9043187419187387,0.7608818877616456,1.171791262896305,0.006210312413274917,0.0017674908530447156,-2720.25851922866
0.0038935782840902582,-0.0026232962280073047,0.0024814152933468475,0.025420041453735137,0.020877773193627183,1.304916969670394,0.907264636230732,0.754647737769488,1.1745744706077115,0.006162177265341684,0.0018157273108747349,-2721.3761302242947
0.0038935782840902582,-0.0026232962280073047,0.0024814152933468475,0.025420041453735137,0.020877773193627183,1.304916969670394,0.907264636230732,0.754647737769488,1.1745744706077115,0.006162177265341684,0.0018157273108747349,-2721.3761302242947
0.0038935782840902582,-0.0026232962280073047,0.0024814152933468475,0.025420041453735137,0.020877773193627183,1.304916969670394,0.907264636230732,0.754647737769488,1.1745744706077115,0.006162177265341684,0.0018157273108747349,-2721.3761302242947
0.0038935782840902582,-0.0026232962280073047,0.0024814152933468475,0.025420041453735137,0.020877773193627183,1.304916969670394,0.907264636230732,0.754647737769488,1.1745744706077115,0.006162177265341684,0.0018157273108747349,-2721.3761302242947
0.0038935782840902582,-0.0026232962280073047,0.0024814152933468475,0.025420041453735137,0.020877773193627183,1.304916969670394,0.907264636230732,0.754647737769488,1.1745744706077115,0.006162177265341684,0.0018157273108747349,-2721.3761302242947
0.0038935782840902582,-0.0026232962280073047,0.0024814152933468475,0.025420041453735137,0.020877773193627183,1.304916969670394,0.907264636230732,0.754647737769488,1.1745744706077115,0.006162177265341684,0.0018157273108747349,-2721.3761302242947
0.0031768033324558673,-0.0023472299395539374,0.0027902686686082827,0.025432581662832025,0.021189852133818386,1.3134726374960541,0.8936800462589614,0.7437801892193046,1.1837797096258702,0.005114479272604385,0.0017259315667988765,-2722.23633431903
0.0031768033324558673,-0.0023472299395539374,0.0027902686686082827,0.025432581662832025,0.021189852133818386,1.3134726374960541,0.8936800462589614,0.7437801892193046,1.1837797096258702,0.005114479272604385,0.0017259315667988765,-2722.23633431903
0.0031768033324558673,-0.0023472299395539374,0.0027902686686082827,0.025432581662832025,0.021189852133818386,1.3134726374960541,0.8936800462589614,0.7437801892193046,1.1837797096258702,0.005114479272604385,0.0017259315667988765,-2722.23633431903
0.0031768033324558673,-0.0023472299395539374,0.0027902686686082827,0.025432581662832025,0.021189852133818386,1.3134726374960541,0.8936800462589614,0.7437801892193046,1.1837797096258702,0.005114479272604385,0.0017259315667988765,-2722.23633431903
0.0031768033324558673,-0.0023472299395539374,0.0027902686686082827,0.025432581662832025,0.021189852133818386,1.3134726374960541,0.8936800462589614,0.7437801892193046,1.1837797096258702,0.005114479272604385,0.0017259315667988765,-2722.23633431903
0.003500859606962994,-0.0026533937875175577,0.003041405497034648,0.026141790783404326,0.02171828017865956,1.288078415512297,0.8776488103583853,0.7007399219303643,1.1167485777796227,0.007029965752323689,0.0017396153312590435,-2723.369681843055
0.0029620837742000226,-0.002565914871150701,0.002850847849692237,0.027375558076330957,0.02157156723434557,1.2505690259624216,0.8738383497373887,0.7174595987910697,1.0783179441404553,0.005737258799698251,0.0014568446920710102,-2721.552084610735
0.0029620837742000226,-0.002565914871150701,0.002850847849692237,0.027375558076330957,0.02157156723434557,1.2505690259624216,0.8738383497373887,0.7174595987910697,1.0783179441404553,0.005737258799698251,0.0014568446920710102,-2721.552084610735
0.0029620837742000226,-0.002565914871150701,0.002850847849692237,0.027375558076330957,0.02157156723434557,1.2505690259624216,0.8738383497373887,0.7174595987910697,1.0783179441404553,0.005737258799698251,0.0014568446920710102,-2721.552084610735
0.002341173398728323,-0.0021995557576180115,0.002678639621874179,0.028107427037609458,0.021431321287934187,1.2140283426815552,0.8797561193945747,0.7069857566655772,1.0948927254059697,0.006233450922693263,0.0013233297659480665,-2720.9487169023214
0.002341173398728323,-0.0021995557576180115,0.002678639621874179,0.028107427037609458,0.021431321287934187,1.2140283426815552,0.8797561193945747,0.7069857566655772,1.0948927254059697,0.006233450922693263,0.0013233297659480665,-2720.9487169023214
0.002341173398728323,-0.0021995557576180115,0.002678639621874179,0.028107427037609458,0.021431321287934187,1.2140283426815552,0.8797561193945747,0.7069857566655772,1.0948927254059697,0.006233450922693263,0.0013233297659480665,-2720.9487169023214
0.002341173398728323,-0.0021995557576180115,0.002678639621874179,0.028107427037609458,0.021431321287934187,1.2140283426815552,0.8797561193945747,0.7069857566655772,1.0948927254059697,0.006233450922693263,0.0013233297659480665,-2720.9487169023214
0.002341173398728323,-0.0021995557576180115,0.002678639621874179,0.028107427037609458,0.021431321287934187,1.2140283426815552,0.8797561193945747,0.7069857566655772,1.0948927254059697,0.006233450922693263,0.0013233297659480665,-2720.9487169023214
0.002341173398728323,-0.0021995557576180115,0.002678639621874179,0.028107427037609458,0.021431321287934187,1.2140283426815552,0.8797561193945747,0.7069857566655772,1.0948927254059697,0.006233450922693263,0.0013233297659480665,-2720.9487169023214
0.002341173398728323,-0.0021995557576180115,0.002678639621874179,0.028107427037609458,0.021431321287934187,1.2140283426815552,0.8797561193945747,0.7069857566655772,1.0948927254059697,0.006233450922693263,0.0013233297659480665,-2720.9487169023214
0.002341173398728323,-0.0021995557576180115,0.002678639621874179,0.028107427037609458,0.021431321287934187,1.2140283426815552,0.8797561193945747,0.7069857566655772,1.0948927254059697,0.006233450922693263,0.0013233297659480665,-2720.9487169023214
0.002341173398728323,-0.0021995557576180115,0.002678639621874179,0.028107427037609458,0.021431321287934187,1.2140283426815552,0.8797561193945747,0.7069857566655772,1.0948927254059697,0.006233450922693263,0.0013233297659480665,-2720.9487169023214
0.002341173398728323,-0.0021995557576180115,0.002678639621874179,0.028107427037609458,0.021431321287934187,1.2140283426815552,0.8797561193945747,0.7069857566655772,1.0948927254059697,0.006233450922693263,0.0013233297659480665,-2720.9487169023214
0.002341173398728323,-0.0021995557576180115,0.002678639621874179,0.028107427037609458,0.021431321287934187,1.2140283426815552,0.8797561193945747,0.7069857566655772,1.0948927254059697,0.006233450922693263,0.0013233297659480665,-2720.9487169023214
0.002341173398728323,-0.0021995557576180115,0.002678639621874179,0.028107427037609458,0.021431321287934187,1.2140283426815552,0.8797561193945747,0.7069857566655772,1.0948927254059697,0.006233450922693263,0.0013233297659480665,-2720.9487169023214
0.00316240007515115,-0.002275762809426818,0.0024814668882747345,0.0289459861644494,0.021959839041304472,1.171332519271148,0.8561238767664205,0.72970627361333,1.108905008951997,0.007275316688796193,0.0013983971955372023,-2721.313825310223
0.00316240007515115,-0.002275762809426818,0.0024814668882747345,0.0289459861644494,0.021959839041304472,1.171332519271148,0.8561238767664205,0.72970627361333,1.108905008951997,0.007275316688796193,0.0013983971955372023,-2721.313825310223
0.00316240007515115,-0.002275762809426818,0.0024814668882747345,0.0289459861644494,0.021959839041304472,1.171332519271148,0.8561238767664205,0.72970627361333,1.108905008951997,0.007275316688796193,0.0013983971955372023,-2721.313825310223
0.00316240007515115,-0.002275762809426818,0.0024814668882747345,0.0289459861644494,0.021959839041304472,1.171332519271148,0.8561238767664205,0.72970627361333,1.108905008951997,0.007275316688796193,0.0013983971955372023,-2721.313825310223
0.00316240007515115,-0.002275762809426818,0.0024814668882747345,0.0289459861644494,0.021959839041304472,1.171332519271148,0.8561238767664205,0.72970627361333,1.108905008951997,0.007275316688796193,0.0013983971955372023,-2721.313825310223
0.00316240007515115,-0.002275762809426818,0.0024814668882747345,0.0289459861644494,0.021959839041304472,1.171332519271148,0.8561238767664205,0.72970627361333,1.108905008951997,0.007275316688796193,0.0013983971955372023,-2721.313825310223
0.004926835164033345,-0.0031317190158649307,0.0028198966041070115,0.027440561262426447,0.022286282439318232,1.1764222646096218,0.8658237907724905,0.751926199412431,1.0727366305747617,0.007155860187860066,0.0018108791047549851,-2722.9302896153145
0.006519024015729664,-0.004105813251747599,0.0021632142088036464,0.02885054073640752,0.0216818977887934,1.1277270799950572,0.8428899208569793,0.767043735012759,0.9930466627487221,0.010890952737461417,0.0020110806966280085,-2722.316465000133
0.006519024015729664,-0.004105813251747599,0.0021632142088036464,0.02885054073640752,0.0216818977887934,1.1277270799950572,0.8428899208569793,0.767043735012759,0.9930466627487221,0.010890952737461417,0.0020110806966280085,-2722.316465000133
0.006519024015729664,-0.004105813251747599,0.0021632142088036464,0.02885054073640752,0.0216818977887934,1.1277270799950572,0.8428899208569793,0.767043735012759,0.9930466627487221,0.010890952737461417,0.0020110806966280085,-2722.316465000133
0.006519024015729664,-0.004105813251747599,0.0021632142088036464,0.02885054073640752,0.0216818977887934,1.1277270799950572,0.8428899208569793,0.767043735012759,0.9930466627487221,0.010890952737461417,0.0020110806966280085,-2722.316465000133
0.006519024015729664,-0.004105813251747599,0.0021632142088036464,0.02885054073640752,0.0216818977887934,1.1277270799950572,0.8428899208569793,0.767043735012759,0.9930466627487221,0.010890952737461417,0.0020110806966280085,-2722.316465000133
0.006519024015729664,-0.004105813251747599,0.0021632142088036464,0.02885054073640752,0.0216818977887934,1.1277270799950572,0.8428899208569793,0.767043735012759,0.9930466627487221,0.010890952737461417,0.0020110806966280085,-2722.316465000133
0.005947691719034436,-0.003979168899666712,0.0021237008537782005,0.029477878793860768,0.02160349034579028,1.128238088150677,0.8526415930442679,0.7482946173604107,0.9895902410994091,0.009986980123873843,0.0017047658056140301,-2724.1439408036663
0.005947691719034436,-0.003979168899666712,0.0021237008537782005,0.029477878793860768,0.02160349034579028,1.128238088150677,0.8526415930442679,0.7482946173604107,0.9895902410994091,0.009986980123873843,0.0017047658056140301,-2724.1439408036663
0.005947691719034436,-0.003979168899666712,0.0021237008537782005,0.029477878793860768,0.02160349034579028,1.128238088150677,0.8526415930442679,0.7482946173604107,0.9895902410994091,0.009986980123873843,0.0017047658056140301,-2724.1439408036663
0.005092406275352325,-0.003345848545819521,0.0023209675845457813,0.02758862768102384,0.021685047630882196,1.2236559617093743,0.8767719146323218,0.7246223278213156,1.0461635070028823,0.009112333249265834,0.001794005130151065,-2722.107194766113
0.005092406275352325,-0.003345848545819521,0.0023209675845457813,0.02758862768102384,0.021685047630882196,1.2236559617093743,0.8767719146323218,0.7246223278213156,1.0461635070028823,0.009112333249265834,0.001794005130151065,-2722.107194766113
0.005092406275352325,-0.003345848545819521,0.0023209675845457813,0.02758862768102384,0.021685047630882196,1.2236559617093743,0.8767719146323218,0.7246223278213156,1.0461635070028823,0.009112333249265834,0.001794005130151065,-2722.107194766113
0.005092406275352325,-0.003345848545819521,0.0023209675845457813,0.02758862768102384,0.021685047630882196,1.2236559617093743,0.8767719146323218,0.7246223278213156,1.0461635070028823,0.009112333249265834,0.001794005130151065,-2722.107194766113
0.005087841944548149,-0.0030835055735863514,0.002000989883045004,0.027123821526796935,0.02111913176589381,1.2540715709741805,0.882967805636952,0.7341741330752597,1.0639439187771338,0.00944318558794787,0.0020157417698381426,-2724.0172016986257
0.005087841944548149,-0.0030835055735863514,0.002000989883045004,0.027123821526796935,0.02111913176589381,1.2540715709741805,0.882967805636952,0.7341741330752597,1.0639439187771338,0.00944318558794787,0.0020157417698381426,-2724.0172016986257
0.005087841944548149,-0.0030835055735863514,0.002000989883045004,0.027123821526796935,0.02111913176589381,1.2540715709741805,0.882967805636952,0.7341741330752597,1.0639439187771338,0.00944318558794787,0.0020157417698381426,-2724.0172016986257
0.005326110700840339,-0.0030209724459654263,0.0019573813813397985,0.027014795917049313,0.021148761089132377,1.256087071863088,0.8813704669852861,0.7432225305270493,1.0791222111961563,0.00826000916787141,0.002055873616453665,-2723.8124573278124
0.004379223669064947,-0.0027624844923670715,0.0017355842854068501,0.027373718670793905,0.02062341281031234,1.2809832965168138,0.9166926380728307,0.7551286552769021,1.1104779545179404,0.005616609067334941,0.0017547223022173655,-2722.5129360939814
0.005633270336563986,-0.003417079955062706,0.0017801727876517173,0.026640002430711483,0.02083144519187876,1.2565860675669556,0.9284322064763562,0.8390743767267217,1.100502083934807,0.0062744853757954935,0.0018219765871396265,-2722.8467832472543
0.005954006501355984,-0.0035748474449743863,0.001443815714012007,0.026862319818354703,0.02040421860476912,1.255137552209258,0.9264878087819388,0.8894315251950478,1.111525436300239,0.0055697385310482985,0.002004091613255808,-2720.4122587337033
0.005954006501355984,-0.0035748474449743863,0.001443815714012007,0.026862319818354703,0.02040421860476912,1.255137552209258,0.9264878087819388,0.8894315251950478,1.111525436300239,0.0055697385310482985,0.002004091613255808,-2720.4122587337033
0.005954006501355984,-0.0035748474449743863,0.001443815714012007,0.026862319818354703,0.02040421860476912,1.255137552209258,0.9264878087819388,0.8894315251950478,1.111525436300239,0.0055697385310482985,0.002004091613255808,-2720.4122587337033
0.005954006501355984,-0.0035748474449743863,0.001443815714012007,0.026862319818354703,0.02040421860476912,1.255137552209258,0.9264878087819388,0.8894315251950478,1.111525436300239,0.0055697385310482985,0.002004091613255808,-2720.4122587337033
0.005954006501355984,-0.0035748474449743863,0.001443815714012007,0.026862319818354703,0.02040421860476912,1.255137552209258,0.9264878087819388,0.8894315251950478,1.111525436300239,0.0055697385310482985,0.002004091613255808,-2720.4122587337033
0.005954006501355984,-0.0035748474449743863,0.001443815714012007,0.026862319818354703,0.02040421860476912,1.255137552209258,0.9264878087819388,0.8894315251950478,1.111525436300239,0.0055697385310482985,0.002004091613255808,-2720.4122587337033
0.005954006501355984,-0.0035748474449743863,0.001443815714012007,0.026862319818354703,0.02040421860476912,1.255137552209258,0.9264878087819388,0.8894315251950478,1.111525436300239,0.0055697385310482985,0.002004091613255808,-2720.4122587337033
0.005954006501355984,-0.0035748474449743863,0.001443815714012007,0.026862319818354703,0.02040421860476912,1.255137552209258,0.9264878087819388,0.8894315251950478,1.111525436300239,0.0055697385310482985,0.002004091613255808,-2720.4122587337033
0.005954006501355984,-0.0035748474449743863,0.001443815714012007,0.026862319818354703,0.02040421860476912,1.255137552209258,0.9264878087819388,0.8894315251950478,1.111525436300239,0.0055697385310482985,0.002004091613255808,-2720.4122587337033
0.005954006501355984,-0.0035748474449743863,0.001443815714012007,0.026862319818354703,0.02040421860476912,1.255137552209258,0.9264878087819388,0.8894315251950478,1.111525436300239,0.0055697385310482985,0.002004091613255808,-2720.4122587337033
0.005954006501355984,-0.0035748474449743863,0.001443815714012007,0.026862319818354703,0.02040421860476912,1.255137552209258,0.9264878087819388,0.8894315251950478,1.111525436300239,0.0055697385310482985,0.002004091613255808,-2720.4122587337033
0.005954006501355984,-0.0035748474449743863,0.001443815714012007,0.026862319818354703,0.02040421860476912,1.255137552209258,0.9264878087819388,0.8894315251950478,1.111525436300239,0.0055697385310482985,0.002004091613255808,-2720.4122587337033
0.005954006501355984,-0.0035748474449743863,0.001443815714012007,0.026862319818354703,0.02040421860476912,1.255137552209258,0.9264878087819388,0.8894315251950478,1.111525436300239,0.0055697385310482985,0.002004091613255808,-2720.4122587337033
0.005971828779897062,-0.0032791302017821673,0.0013608254995629515,0.027129538855555226,0.020369750025290883,1.2407106408339237,0.925816714592196,0.873900659785716,1.132791049360971,0.00725575268671085,0.0019966337145199673,-2721.7501678473077
0.005943685308939793,-0.003670383172445153,0.0012729540429576016,0.02849055619912838,0.020270769591952637,1.2029766429302728,0.9083239611781285,0.8492837946177538,1.0683190328207564,0.008547362433048308,0.0018378085668474132,-2721.392230908242
0.005943685308939793,-0.003670383172445153,0.0012729540429576016,0.02849055619912838,0.020270769591952637,1.2029766429302728,0.9083239611781285,0.8492837946177538,1.0683190328207564,0.008547362433048308,0.0018378085668474132,-2721.392230908242
0.005943685308939793,-0.003670383172445153,0.0012729540429576016,0.02849055619912838,0.020270769591952637,1.2029766429302728,0.9083239611781285,0.8492837946177538,1.0683190328207564,0.008547362433048308,0.0018378085668474132,-2721.392230908242
0.005943685308939793,-0.003670383172445153,0.0012729540429576016,0.02849055619912838,0.020270769591952637,1.2029766429302728,0.9083239611781285,0.8492837946177538,1.0683190328207564,0.008547362433048308,0.0018378085668474132,-2721.392230908242
0.005943685308939793,-0.003670383172445153,0.0012729540429576016,0.02849055619912838,0.020270769591952637,1.2029766429302728,0.9083239611781285,0.8492837946177538,1.0683190328207564,0.008547362433048308,0.0018378085668474132,-2721.392230908242
0.005943685308939793,-0.003670383172445153,0.0012729540429576016,0.02849055619912838,0.020270769591952637,1.2029766429302728,0.9083239611781285,0.8492837946177538,1.0683190328207564,0.008547362433048308,0.0018378085668474132,-2721.392230908242
0.005943685308939793,-0.003670383172445153,0.0012729540429576016,0.02849055619912838,0.020270769591952637,1.2029766429302728,0.9083239611781285,0.8492837946177538,1.0683190328207564,0.008547362433048308,0.0018378085668474132,-2721.392230908242
0.005943685308939793,-0.003670383172445153,0.0012729540429576016,0.02849055619912838,0.020270769591952637,1.2029766429302728,0.9083239611781285,0.8492837946177538,1.0683190328207564,0.008547362433048308,0.0018378085668474132,-2721.392230908242
0.005943685308939793,-0.003670383172445153,0.0012729540429576016,0.02849055619912838,0.020270769591952637,1.2029766429302728,0.9083239611781285,0.8492837946177538,1.0683190328207564,0.008547362433048308,0.0018378085668474132,-2721.392230908242
0.005943685308939793,-0.003670383172445153,0.0012729540429576016,0.02849055619912838,0.020270769591952637,1.2029766429302728,0.9083239611781285,0.8492837946177538,1.0683190328207564,0.008547362433048308,0.0018378085668474132,-2721.392230908242
0.005943685308939793,-0.003670383172445153,0.0012729540429576016,0.02849055619912838,0.020270769591952637,1.2029766429302728,0.9083239611781285,0.8492837946177538,1.0683190328207564,0.008547362433048308,0.0018378085668474132,-2721.392230908242
0.005943685308939793,-0.003670383172445153,0.0012729540429576016,0.02849055619912838,0.020270769591952637,1.2029766429302728,0.9083239611781285,0.8492837946177538,1.0683190328207564,0.008547362433048308,0.0018378085668474132,-2721.392230908242
0.005943685308939793,-0.003670383172445153,0.0012729540429576016,0.02849055619912838,0.020270769591952637,1.2029766429302728,0.9083239611781285,0.8492837946177538,1.0683190328207564,0.008547362433048308,0.0018378085668474132,-2721.392230908242
0.005943685308939793,-0.003670383172445153,0.0012729540429576016,0.02849055619912838,0.020270769591952637,1.2029766429302728,0.9083239611781285,0.8492837946177538,1.0683190328207564,0.008547362433048308,0.0018378085668474132,-2721.392230908242
0.004394552557727574,-0.002782408319686686,0.001295520380667252,0.02998860493478912,0.02031650095932894,1.175959206767819,0.8906931470209689,0.8045062183194656,1.0848253607958267,0.007929412063173697,0.0015097303900844616,-2721.334630109669
0.004394552557727574,-0.002782408319686686,0.001295520380667252,0.02998860493478912,0.02031650095932894,1.175959206767819,0.8906931470209689,0.8045062183194656,1.0848253607958267,0.007929412063173697,0.0015097303900844616,-2721.334630109669
0.004394552557727574,-0.002782408319686686,0.001295520380667252,0.02998860493478912,0.02031650095932894,1.175959206767819,0.8906931470209689,0.8045062183194656,1.0848253607958267,0.007929412063173697,0.0015097303900844616,-2721.334630109669
0.004394552557727574,-0.002782408319686686,0.001295520380667252,0.02998860493478912,0.02031650095932894,1.175959206767819,0.8906931470209689,0.8045062183194656,1.0848253607958267,0.007929412063173697,0.0015097303900844616,-2721.334630109669
0.004394552557727574,-0.002782408319686686,0.001295520380667252,0.02998860493478912,0.02031650095932894,1.175959206767819,0.8906931470209689,0.8045062183194656,1.0848253607958267,0.007929412063173697,0.0015097303900844616,-2721.334630109669
0.004394552557727574,-0.002782408319686686,0.001295520380667252,0.02998860493478912,0.02031650095932894,1.175959206767819,0.8906931470209689,0.8045062183194656,1.0848253607958267,0.007929412063173697,0.0015097303900844616,-2721.334630109669
0.00508524960195739,-0.0032885666169673224,0.001452630667795426,0.029450667740871714,0.020441907935645248,1.1578602788949506,0.8704608085213958,0.8069696449836989,1.0733169346637883,0.00856414222265343,0.0016767120226736103,-2721.767856809725
0.005621902296237812,-0.0032895306843620216,0.0015716059881123196,0.029354371319835783,0.020577894971388237,1.1386678293114503,0.8539040558648017,0.8113148756111775,1.0383786904137366,0.007706290844042558,0.001852725025170715,-2719.9082550416338
0.005621902296237812,-0.0032895306843620216,0.0015716059881123196,0.029354371319835783,0.020577894971388237,1.1386678293114503,0.8539040558648017,0.8113148756111775,1.0383786904137366,0.007706290844042558,0.001852725025170715,-2719.9082550416338
0.005621902296237812,-0.0032895306843620216,0.0015716059881123196,0.029354371319835783,0.020577894971388237,1.1386678293114503,0.8539040558648017,0.8113148756111775,1.0383786904137366,0.007706290844042558,0.001852725025170715,-2719.9082550416338
0.005621902296237812,-0.0032895306843620216,0.0015716059881123196,0.029354371319835783,0.020577894971388237,1.1386678293114503,0.8539040558648017,0.8113148756111775,1.0383786904137366,0.007706290844042558,0.001852725025170715,-2719.9082550416338
0.005621902296237812,-0.0032895306843620216,0.0015716059881123196,0.029354371319835783,0.020577894971388237,1.1386678293114503,0.8539040558648017,0.8113148756111775,1.0383786904137366,0.007706290844042558,0.001852725025170715,-2719.9082550416338
0.005621902296237812,-0.0032895306843620216,0.0015716059881123196,0.029354371319835783,0.020577894971388237,1.1386678293114503,0.8539040558648017,0.8113148756111775,1.0383786904137366,0.007706290844042558,0.001852725025170715,-2719.9082550416338
0.005621902296237812,-0.0032895306843620216,0.0015716059881123196,0.029354371319835783,0.020577894971388237,1.1386678293114503,0.8539040558648017,0.8113148756111775,1.0383786904137366,0.007706290844042558,0.001852725025170715,-2719.9082550416338
0.005062200101377569,-0.003113986200964272,0.0015755720192782516,0.0304665855162596,0.020690220305654046,1.1273739112881924,0.842622689601387,0.7480910387508393,1.0215533204949807,0.008972408570351718,0.0016855852210268822,-2720.590395151202
0.005062200101377569,-0.003113986200964272,0.0015755720192782516,0.0304665855162596,0.020690220305654046,1.1273739112881924,0.842622689601387,0.7480910387508393,1.0215533204949807,0.008972408570351718,0.0016855852210268822,-2720.590395151202
0.005062200101377569,-0.003113986200964272,0.0015755720192782516,0.0304665855162596,0.020690220305654046,1.1273739112881924,0.842622689601387,0.7480910387508393,1.0215533204949807,0.008972408570351718,0.0016855852210268822,-2720.590395151202
0.005062200101377569,-0.003113986200964272,0.0015755720192782516,0.0304665855162596,0.020690220305654046,1.1273739112881924,0.842622689601387,0.7480910387508393,1.0215533204949807,0.008972408570351718,0.0016855852210268822,-2720.590395151202
0.005062200101377569,-0.003113986200964272,0.0015755720192782516,0.0304665855162596,0.020690220305654046,1.1273739112881924,0.842622689601387,0.7480910387508393,1.0215533204949807,0.008972408570351718,0.0016855852210268822,-2720.590395151202
0.005062200101377569,-0.003113986200964272,0.0015755720192782516,0.0304665855162596,0.020690220305654046,1.1273739112881924,0.842622689601387,0.7480910387508393,1.0215533204949807,0.008972408570351718,0.0016855852210268822,-2720.590395151202
0.004049268670687202,-0.0028359677162964805,0.0016595734814175665,0.03090792639239251,0.020712367598991296,1.1423831454888844,0.8220308992296365,0.7136692299532101,1.0085270285022236,0.00818092414318423,0.0016598557419620753,-2720.68557100261
0.004049268670687202,-0.0028359677162964805,0.0016595734814175665,0.03090792639239251,0.020712367598991296,1.1423831454888844,0.8220308992296365,0.7136692299532101,1.0085270285022236,0.00818092414318423,0.0016598557419620753,-2720.68557100261
0.004049268670687202,-0.0028359677162964805,0.0016595734814175665,0.03090792639239251,0.020712367598991296,1.1423831454888844,0.8220308992296365,0.7136692299532101,1.0085270285022236,0.00818092414318423,0.0016598557419620753,-2720.68557100261
0.004049268670687202,-0.0028359677162964805,0.0016595734814175665,0.03090792639239251,0.020712367598991296,1.1423831454888844,0.8220308992296365,0.7136692299532101,1.0085270285022236,0.00818092414318423,0.0016598557419620753,-2720.68557100261
0.004049268670687202,-0.0028359677162964805,0.0016595734814175665,0.03090792639239251,0.020712367598991296,1.1423831454888844,0.8220308992296365,0.7136692299532101,1.0085270285022236,0.00818092414318423,0.0016598557419620753,-2720.68557100261
0.002962987546961093,-0.0025034772390703525,0.0019996474799084465,0.03218417651134831,0.022102341440786984,1.1187247018715891,0.8110653233921742,0.6913966017993768,0.972165245486316,0.0080873219275634,0.0012946637042904852,-2720.3435122994756
0.002962987546961093,-0.0025034772390703525,0.0019996474799084465,0.03218417651134831,0.022102341440786984,1.1187247018715891,0.8110653233921742,0.6913966017993768,0.972165245486316,0.0080873219275634,0.0012946637042904852,-2720.3435122994756
0.002962987546961093,-0.0025034772390703525,0.0019996474799084465,0.03218417651134831,0.022102341440786984,1.1187247018715891,0.8110653233921742,0.6913966017993768,0.972165245486316,0.0080873219275634,0.0012946637042904852,-2720.3435122994756
0.002962987546961093,-0.0025034772390703525,0.0019996474799084465,0.03218417651134831,0.022102341440786984,1.1187247018715891,0.8110653233921742,0.6913966017993768,0.972165245486316,0.0080873219275634,0.0012946637042904852,-2720.3435122994756
0.002962987546961093,-0.0025034772390703525,0.0019996474799084465,0.03218417651134831,0.022102341440786984,1.1187247018715891,0.8110653233921742,0.6913966017993768,0.972165245486316,0.0080873219275634,0.0012946637042904852,-2720.3435122994756
0.002962987546961093,-0.0025034772390703525,0.0019996474799084465,0.03218417651134831,0.022102341440786984,1.1187247018715891,0.8110653233921742,0.6913966017993768,0.972165245486316,0.0080873219275634,0.0012946637042904852,-2720.3435122994756
0.002962987546961093,-0.0025034772390703525,0.0019996474799084465,0.03218417651134831,0.022102341440786984,1.1187247018715891,0.8110653233921742,0.6913966017993768,0.972165245486316,0.0080873219275634,0.0012946637042904852,-2720.3435122994756
0.002962987546961093,-0.0025034772390703525,0.0019996474799084465,0.03218417651134831,0.022102341440786984,1.1187247018715891,0.8110653233921742,0.6913966017993768,0.972165245486316,0.0080873219275634,0.0012946637042904852,-2720.3435122994756
0.002962987546961093,-0.0025034772390703525,0.0019996474799084465,0.03218417651134831,0.022102341440786984,1.1187247018715891,0.8110653233921742,0.6913966017993768,0.972165245486316,0.0080873219275634,0.0012946637042904852,-2720.3435122994756
0.002962987546961093,-0.0025034772390703525,0.0019996474799084465,0.03218417651134831,0.022102341440786984,1.1187247018715891,0.8110653233921742,0.6913966017993768,0.972165245486316,0.0080873219275634,0.0012946637042904852,-2720.3435122994756
0.002962987546961093,-0.0025034772390703525,0.0019996474799084465,0.03218417651134831,0.022102341440786984,1.1187247018715891,0.8110653233921742,0.6913966017993768,0.972165245486316,0.0080873219275634,0.0012946637042904852,-2720.3435122994756
0.002962987546961093,-0.0025034772390703525,0.0019996474799084465,0.03218417651134831,0.022102341440786984,1.1187247018715891,0.8110653233921742,0.6913966017993768,0.972165245486316,0.0080873219275634,0.0012946637042904852,-2720.3435122994756
0.002962987546961093,-0.0025034772390703525,0.0019996474799084465,0.03218417651134831,0.022102341440786984,1.1187247018715891,0.8110653233921742,0.6913966017993768,0.972165245486316,0.0080873219275634,0.0012946637042904852,-2720.3435122994756
0.002962987546961093,-0.0025034772390703525,0.0019996474799084465,0.03218417651134831,0.022102341440786984,1.1187247018715891,0.8110653233921742,0.6913966017993768,0.972165245486316,0.0080873219275634,0.0012946637042904852,-2720.3435122994756
0.002962987546961093,-0.0025034772390703525,0.0019996474799084465,0.03218417651134831,0.022102341440786984,1.1187247018715891,0.8110653233921742,0.6913966017993768,0.972165245486316,0.0080873219275634,0.0012946637042904852,-2720.3435122994756
0.0027877716708595342,-0.002200414137126976,0.0021634274148961317,0.030374149030842578,0.024425763473709283,1.1909431051327088,0.838976321005378,0.7501680562509324,1.0338089954637733,0.007776002884607633,0.0011955874466034954,-2721.025809494324
0.0027877716708595342,-0.002200414137126976,0.0021634274148961317,0.030374149030842578,0.024425763473709283,1.1909431051327088,0.838976321005378,0.7501680562509324,1.0338089954637733,0.007776002884607633,0.0011955874466034954,-2721.025809494324
0.0038903691071566666,-0.0022779764099750913,0.0019773819090586108,0.029822582839374355,0.022576864785560317,1.19038826025488,0.8333619006491301,0.794384655000305,1.0584742279999624,0.0071785369406631465,0.0015005806803894501,-2720.5675128702123
0.0038903691071566666,-0.0022779764099750913,0.0019773819090586108,0.029822582839374355,0.022576864785560317,1.19038826025488,0.8333619006491301,0.794384655000305,1.0584742279999624,0.0071785369406631465,0.0015005806803894501,-2720.5675128702123
0.0038903691071566666,-0.0022779764099750913,0.0019773819090586108,0.029822582839374355,0.022576864785560317,1.19038826025488,0.8333619006491301,0.794384655000305,1.0584742279999624,0.0071785369406631465,0.0015005806803894501,-2720.5675128702123
0.0038903691071566666,-0.0022779764099750913,0.0019773819090586108,0.029822582839374355,0.022576864785560317,1.19038826025488,0.8333619006491301,0.794384655000305,1.0584742279999624,0.0071785369406631465,0.0015005806803894501,-2720.5675128702123
0.0038903691071566666,-0.0022779764099750913,0.0019773819090586108,0.029822582839374355,0.022576864785560317,1.19038826025488,0.8333619006491301,0.794384655000305,1.0584742279999624,0.0071785369406631465,0.0015005806803894501,-2720.5675128702123
0.0038903691071566666,-0.0022779764099750913,0.0019773819090586108,0.029822582839374355,0.022576864785560317,1.19038826025488,0.8333619006491301,0.794384655000305,1.0584742279999624,0.0071785369406631465,0.0015005806803894501,-2720.5675128702123
0.0038903691071566666,-0.0022779764099750913,0.0019773819090586108,0.029822582839374355,0.022576864785560317,1.19038826025488,0.8333619006491301,0.794384655000305,1.0584742279999624,0.0071785369406631465,0.0015005806803894501,-2720.5675128702123
0.0038903691071566666,-0.0022779764099750913,0.0019773819090586108,0.029822582839374355,0.022576864785560317,1.19038826025488,0.8333619006491301,0.794384655000305,1.0584742279999624,0.0071785369406631465,0.0015005806803894501,-2720.5675128702123
0.0038903691071566666,-0.0022779764099750913,0.0019773819090586108,0.029822582839374355,0.022576864785560317,1.19038826025488,0.8333619006491301,0.794384655000305,1.0584742279999624,0.0071785369406631465,0.0015005806803894501,-2720.5675128702123
0.0038903691071566666,-0.0022779764099750913,0.0019773819090586108,0.029822582839374355,0.022576864785560317,1.19038826025488,0.8333619006491301,0.794384655000305,1.0584742279999624,0.0071785369406631465,0.0015005806803894501,-2720.5675128702123
0.0038903691071566666,-0.0022779764099750913,0.0019773819090586108,0.029822582839374355,0.022576864785560317,1.19038826025488,0.8333619006491301,0.794384655000305,1.0584742279999624,0.0071785369406631465,0.0015005806803894501,-2720.5675128702123
0.0038903691071566666,-0.0022779764099750913,0.0019773819090586108,0.029822582839374355,0.022576864785560317,1.19038826025488,0.8333619006491301,0.794384655000305,1.0584742279999624,0.0071785369406631465,0.0015005806803894501,-2720.5675128702123
0.0034163784166232735,-0.0022775615588451325,0.002447424568677021,0.03004165162133122,0.022973749283329705,1.1558361265640271,0.8160868439705522,0.7122372333640504,1.0011775681386803,0.007147006493400283,0.0013802086610492515,-2719.094699973004
0.0034163784166232735,-0.0022775615588451325,0.002447424568677021,0.03004165162133122,0.022973749283329705,1.1558361265640271,0.8160868439705522,0.7122372333640504,1.0011775681386803,0.007147006493400283,0.0013802086610492515,-2719.094699973004
0.0034163784166232735,-0.0022775615588451325,0.002447424568677021,0.03004165162133122,0.022973749283329705,1.1558361265640271,0.8160868439705522,0.7122372333640504,1.0011775681386803,0.007147006493400283,0.0013802086610492515,-2719.094699973004
0.0034163784166232735,-0.0022775615588451325,0.002447424568677021,0.03004165162133122,0.022973749283329705,1.1558361265640271,0.8160868439705522,0.7122372333640504,1.0011775681386803,0.007147006493400283,0.0013802086610492515,-2719.094699973004
0.0034163784166232735,-0.0022775615588451325,0.002447424568677021,0.03004165162133122,0.022973749283329705,1.1558361265640271,0.8160868439705522,0.7122372333640504,1.0011775681386803,0.007147006493400283,0.0013802086610492515,-2719.094699973004
0.0034163784166232735,-0.0022775615588451325,0.002447424568677021,0.03004165162133122,0.022973749283329705,1.1558361265640271,0.8160868439705522,0.7122372333640504,1.0011775681386803,0.007147006493400283,0.0013802086610492515,-2719.094699973004
0.0042338106830376,-0.002710501384427036,0.0021668356891794186,0.029739829707388105,0.021879390365533075,1.1475041209744319,0.8293729733398818,0.7296530006700974,1.008528195791099,0.007527103270308012,0.0015380359293904247,-2719.0347734399415
0.0042338106830376,-0.002710501384427036,0.0021668356891794186,0.029739829707388105,0.021879390365533075,1.1475041209744319,0.8293729733398818,0.7296530006700974,1.008528195791099,0.007527103270308012,0.0015380359293904247,-2719.0347734399415
0.004101472156741948,-0.0029742176871692333,0.0020914751562813166,0.029983407007341138,0.021005787235942153,1.106788872419216,0.822394212243257,0.681381512160985,0.9696090310832992,0.007833475850967222,0.0016808159700877636,-2722.215151084571
0.004101472156741948,-0.0029742176871692333,0.0020914751562813166,0.029983407007341138,0.021005787235942153,1.106788872419216,0.822394212243257,0.681381512160985,0.9696090310832992,0.007833475850967222,0.0016808159700877636,-2722.215151084571
0.004101472156741948,-0.0029742176871692333,0.0020914751562813166,0.029983407007341138,0.021005787235942153,1.106788872419216,0.822394212243257,0.681381512160985,0.9696090310832992,0.007833475850967222,0.0016808159700877636,-2722.215151084571
0.004101472156741948,-0.0029742176871692333,0.0020914751562813166,0.029983407007341138,0.021005787235942153,1.106788872419216,0.822394212243257,0.681381512160985,0.9696090310832992,0.007833475850967222,0.0016808159700877636,-2722.215151084571
0.004101472156741948,-0.0029742176871692333,0.0020914751562813166,0.029983407007341138,0.021005787235942153,1.106788872419216,0.822394212243257,0.681381512160985,0.9696090310832992,0.007833475850967222,0.0016808159700877636,-2722.215151084571
0.004101472156741948,-0.0029742176871692333,0.0020914751562813166,0.029983407007341138,0.021005787235942153,1.106788872419216,0.822394212243257,0.681381512160985,0.9696090310832992,0.007833475850967222,0.0016808159700877636,-2722.215151084571
0.004101472156741948,-0.0029742176871692333,0.0020914751562813166,0.029983407007341138,0.021005787235942153,1.106788872419216,0.822394212243257,0.681381512160985,0.9696090310832992,0.007833475850967222,0.0016808159700877636,-2722.215151084571
0.004604472331908768,-0.003373388488109458,0.0015574039860017542,0.03302152229633929,0.020671089621735524,1.0493075481126621,0.7870826629019657,0.7063163357300328,0.9459020138230945,0.010299674111624137,0.0016402405429284366,-2722.1630154032946
0.004604472331908768,-0.003373388488109458,0.0015574039860017542,0.03302152229633929,0.020671089621735524,1.0493075481126621,0.7870826629019657,0.7063163357300328,0.9459020138230945,0.010299674111624137,0.0016402405429284366,-2722.1630154032946
0.004604472331908768,-0.003373388488109458,0.0015574039860017542,0.03302152229633929,0.020671089621735524,1.0493075481126621,0.7870826629019657,0.7063163357300328,0.9459020138230945,0.010299674111624137,0.0016402405429284366,-2722.1630154032946
0.004604472331908768,-0.003373388488109458,0.0015574039860017542,0.03302152229633929,0.020671089621735524,1.0493075481126621,0.7870826629019657,0.7063163357300328,0.9459020138230945,0.010299674111624137,0.0016402405429284366,-2722.1630154032946
0.004604472331908768,-0.003373388488109458,0.0015574039860017542,0.03302152229633929,0.020671089621735524,1.0493075481126621,0.7870826629019657,0.7063163357300328,0.9459020138230945,0.010299674111624137,0.0016402405429284366,-2722.1630154032946
0.004604472331908768,-0.003373388488109458,0.0015574039860017542,0.03302152229633929,0.020671089621735524,1.0493075481126621,0.7870826629019657,0.7063163357300328,0.9459020138230945,0.010299674111624137,0.0016402405429284366,-2722.1630154032946
0.004604472331908768,-0.003373388488109458,0.0015574039860017542,0.03302152229633929,0.020671089621735524,1.0493075481126621,0.7870826629019657,0.7063163357300328,0.9459020138230945,0.010299674111624137,0.0016402405429284366,-2722.1630154032946
0.004604472331908768,-0.003373388488109458,0.0015574039860017542,0.03302152229633929,0.020671089621735524,1.0493075481126621,0.7870826629019657,0.7063163357300328,0.9459020138230945,0.010299674111624137,0.0016402405429284366,-2722.1630154032946
0.004604472331908768,-0.003373388488109458,0.0015574039860017542,0.03302152229633929,0.020671089621735524,1.0493075481126621,0.7870826629019657,0.7063163357300328,0.9459020138230945,0.010299674111624137,0.0016402405429284366,-2722.1630154032946
0.004604472331908768,-0.003373388488109458,0.0015574039860017542,0.03302152229633929,0.020671089621735524,1.0493075481126621,0.7870826629019657,0.7063163357300328,0.9459020138230945,0.010299674111624137,0.0016402405429284366,-2722.1630154032946
0.004604472331908768,-0.003373388488109458,0.0015574039860017542,0.03302152229633929,0.020671089621735524,1.0493075481126621,0.7870826629019657,0.7063163357300328,0.9459020138230945,0.010299674111624137,0.0016402405429284366,-2722.1630154032946
0.004604472331908768,-0.003373388488109458,0.0015574039860017542,0.03302152229633929,0.020671089621735524,1.0493075481126621,0.7870826629019657,0.7063163357300328,0.9459020138230945,0.010299674111624137,0.0016402405429284366,-2722.1630154032946
0.004604472331908768,-0.003373388488109458,0.0015574039860017542,0.03302152229633929,0.020671089621735524,1.0493075481126621,0.7870826629019657,0.7063163357300328,0.9459020138230945,0.010299674111624137,0.0016402405429284366,-2722.1630154032946
0.004604472331908768,-0.003373388488109458,0.0015574039860017542,0.03302152229633929,0.020671089621735524,1.0493075481126621,0.7870826629019657,0.7063163357300328,0.9459020138230945,0.010299674111624137,0.0016402405429284366,-2722.1630154032946
0.004604472331908768,-0.003373388488109458,0.0015574039860017542,0.03302152229633929,0.020671089621735524,1.0493075481126621,0.7870826629019657,0.7063163357300328,0.9459020138230945,0.010299674111624137,0.0016402405429284366,-2722.1630154032946
0.004604472331908768,-0.003373388488109458,0.0015574039860017542,0.03302152229633929,0.020671089621735524,1.0493075481126621,0.7870826629019657,0.7063163357300328,0.9459020138230945,0.010299674111624137,0.0016402405429284366,-2722.1630154032946
0.004604472331908768,-0.003373388488109458,0.0015574039860017542,0.03302152229633929,0.020671089621735524,1.0493075481126621,0.7870826629019657,0.7063163357300328,0.9459020138230945,0.010299674111624137,0.0016402405429284366,-2722.1630154032946
0.004604472331908768,-0.003373388488109458,0.0015574039860017542,0.03302152229633929,0.020671089621735524,1.0493075481126621,0.7870826629019657,0.7063163357300328,0.9459020138230945,0.010299674111624137,0.0016402405429284366,-2722.1630154032946
0.006291498627833783,-0.003913487829663599,0.0016166766138265977,0.03303360960756258,0.02098147108842186,1.025703169793633,0.7751923961210505,0.7719700086368644,0.9231517421684772,0.009140905298542883,0.001685097276495772,-2722.338379889366
0.006291498627833783,-0.003913487829663599,0.0016166766138265977,0.03303360960756258,0.02098147108842186,1.025703169793633,0.7751923961210505,0.7719700086368644,0.9231517421684772,0.009140905298542883,0.001685097276495772,-2722.338379889366
0.006291498627833783,-0.003913487829663599,0.0016166766138265977,0.03303360960756258,0.02098147108842186,1.025703169793633,0.7751923961210505,0.7719700086368644,0.9231517421684772,0.009140905298542883,0.001685097276495772,-2722.338379889366
0.006291498627833783,-0.003913487829663599,0.0016166766138265977,0.03303360960756258,0.02098147108842186,1.025703169793633,0.7751923961210505,0.7719700086368644,0.9231517421684772,0.009140905298542883,0.001685097276495772,-2722.338379889366
0.006917629650339393,-0.0039401615759763935,0.0012769969254906068,0.03436805773786798,0.02087190471902844,1.02120335779944,0.7881514632661517,0.8479711438487421,0.9157822980971742,0.00651205825022404,0.0014119207085460338,-2728.057695104488
0.006917629650339393,-0.0039401615759763935,0.0012769969254906068,0.03436805773786798,0.02087190471902844,1.02120335779944,0.7881514632661517,0.8479711438487421,0.9157822980971742,0.00651205825022404,0.0014119207085460338,-2728.057695104488
0.006062650749895525,-0.0035861713669568616,0.0016216034444688503,0.033668868445724406,0.021560906837854138,1.0256475698369627,0.805457928841187,0.8127798740625924,0.911308292297278,0.006415352779449455,0.0013167628578053014,-2725.255814560148
0.006062650749895525,-0.0035861713669568616,0.0016216034444688503,0.033668868445724406,0.021560906837854138,1.0256475698369627,0.805457928841187,0.8127798740625924,0.911308292297278,0.006415352779449455,0.0013167628578053014,-2725.255814560148
0.006062650749895525,-0.0035861713669568616,0.0016216034444688503,0.033668868445724406,0.021560906837854138,1.0256475698369627,0.805457928841187,0.8127798740625924,0.911308292297278,0.006415352779449455,0.0013167628578053014,-2725.255814560148
0.006062650749895525,-0.0035861713669568616,0.0016216034444688503,0.033668868445724406,0.021560906837854138,1.0256475698369627,0.805457928841187,0.8127798740625924,0.911308292297278,0.006415352779449455,0.0013167628578053014,-2725.255814560148
0.007395164688118837,-0.003849807570667208,0.0016867490723578011,0.03237173729439794,0.02165841673894553,1.034735863594729,0.7947231165563735,0.8378359238897706,0.9016087595110177,0.006436442328035523,0.0018047540837634582,-2723.4803620747853
0.0072724878194205134,-0.0040417939897583475,0.0021394203864095536,0.031138601031565478,0.022959403838020136,1.0433115290940647,0.8147655667551539,0.828290497150948,0.909798193461556,0.005650624856063787,0.0017426697812078613,-2721.763925040753
0.0072724878194205134,-0.0040417939897583475,0.0021394203864095536,0.031138601031565478,0.022959403838020136,1.0433115290940647,0.8147655667551539,0.828290497150948,0.909798193461556,0.005650624856063787,0.0017426697812078613,-2721.763925040753
0.0072724878194205134,-0.0040417939897583475,0.0021394203864095536,0.031138601031565478,0.022959403838020136,1.0433115290940647,0.8147655667551539,0.828290497150948,0.909798193461556,0.005650624856063787,0.0017426697812078613,-2721.763925040753
0.005264388272520433,-0.00305036166986594,0.0025459037762261584,0.029699846310841858,0.025599533182615354,1.1397176043220878,0.8517706305489485,0.8016532857635608,0.979614274018981,0.005024271824274494,0.0015307549535999714,-2722.0973390790487
0.005264388272520433,-0.00305036166986594,0.0025459037762261584,0.029699846310841858,0.025599533182615354,1.1397176043220878,0.8517706305489485,0.8016532857635608,0.979614274018981,0.005024271824274494,0.0015307549535999714,-2722.0973390790487
0.005264388272520433,-0.00305036166986594,0.0025459037762261584,0.029699846310841858,0.025599533182615354,1.1397176043220878,0.8517706305489485,0.8016532857635608,0.979614274018981,0.005024271824274494,0.0015307549535999714,-2722.0973390790487
0.005264388272520433,-0.00305036166986594,0.0025459037762261584,0.029699846310841858,0.025599533182615354,1.1397176043220878,0.8517706305489485,0.8016532857635608,0.979614274018981,0.005024271824274494,0.0015307549535999714,-2722.0973390790487
0.005846366340292782,-0.003740766723522188,0.0027074793190089135,0.028401665570424874,0.023760455708883067,1.1316441507683574,0.8594232925985237,0.7676916431543562,0.9571201119479201,0.00614050010827312,0.001720503571458587,-2721.512743551335
0.005846366340292782,-0.003740766723522188,0.0027074793190089135,0.028401665570424874,0.023760455708883067,1.1316441507683574,0.8594232925985237,0.7676916431543562,0.9571201119479201,0.00614050010827312,0.001720503571458587,-2721.512743551335
0.005846366340292782,-0.003740766723522188,0.0027074793190089135,0.028401665570424874,0.023760455708883067,1.1316441507683574,0.8594232925985237,0.7676916431543562,0.9571201119479201,0.00614050010827312,0.001720503571458587,-2721.512743551335
0.005846366340292782,-0.003740766723522188,0.0027074793190089135,0.028401665570424874,0.023760455708883067,1.1316441507683574,0.8594232925985237,0.7676916431543562,0.9571201119479201,0.00614050010827312,0.001720503571458587,-2721.512743551335
0.005846366340292782,-0.003740766723522188,0.0027074793190089135,0.028401665570424874,0.023760455708883067,1.1316441507683574,0.8594232925985237,0.7676916431543562,0.9571201119479201,0.00614050010827312,0.001720503571458587,-2721.512743551335
0.004948773477777705,-0.0031312239986439686,0.002684987830235175,0.0283455129995881,0.023507433623879553,1.130252375357851,0.8682047017913161,0.7695782295937326,0.9828446516243888,0.005364246267301121,0.0016996390968119306,-2722.6444737185866
0.004948773477777705,-0.0031312239986439686,0.002684987830235175,0.0283455129995881,0.023507433623879553,1.130252375357851,0.8682047017913161,0.7695782295937326,0.9828446516243888,0.005364246267301121,0.0016996390968119306,-2722.6444737185866
0.004948773477777705,-0.0031312239986439686,0.002684987830235175,0.0283455129995881,0.023507433623879553,1.130252375357851,0.8682047017913161,0.7695782295937326,0.9828446516243888,0.005364246267301121,0.0016996390968119306,-2722.6444737185866
0.004948773477777705,-0.0031312239986439686,0.002684987830235175,0.0283455129995881,0.023507433623879553,1.130252375357851,0.8682047017913161,0.7695782295937326,0.9828446516243888,0.005364246267301121,0.0016996390968119306,-2722.6444737185866
0.004948773477777705,-0.0031312239986439686,0.002684987830235175,0.0283455129995881,0.023507433623879553,1.130252375357851,0.8682047017913161,0.7695782295937326,0.9828446516243888,0.005364246267301121,0.0016996390968119306,-2722.6444737185866
0.004948773477777705,-0.0031312239986439686,0.002684987830235175,0.0283455129995881,0.023507433623879553,1.130252375357851,0.8682047017913161,0.7695782295937326,0.9828446516243888,0.005364246267301121,0.0016996390968119306,-2722.6444737185866
0.004948773477777705,-0.0031312239986439686,0.002684987830235175,0.0283455129995881,0.023507433623879553,1.130252375357851,0.8682047017913161,0.7695782295937326,0.9828446516243888,0.005364246267301121,0.0016996390968119306,-2722.6444737185866
0.004948773477777705,-0.0031312239986439686,0.002684987830235175,0.0283455129995881,0.023507433623879553,1.130252375357851,0.8682047017913161,0.7695782295937326,0.9828446516243888,0.005364246267301121,0.0016996390968119306,-2722.6444737185866
0.004622457234281844,-0.003117742412545029,0.003272515108562129,0.0267209731106807,0.026645734790331277,1.2000097669492589,0.894501240796107,0.7753706219884895,1.0224411346181426,0.0037687982130956035,0.001510208636523093,-2722.5563630491206
0.006613845423337986,-0.0035940201355892905,0.0031349777060452628,0.026377309015070495,0.027841493728822546,1.1513682715992795,0.8734945573141462,0.8135665167893837,0.9963574466824971,0.00581859520955555,0.001919917156331082,-2722.7354350254727
0.005668580938748207,-0.0033164993719071827,0.0031096768735268477,0.028851080688523354,0.03177648307010651,1.128922619794655,0.8473885078897561,0.7479324132334427,0.9384164850725639,0.005680183568179076,0.0014248759374513229,-2725.4689552521254
0.005668580938748207,-0.0033164993719071827,0.0031096768735268477,0.028851080688523354,0.03177648307010651,1.128922619794655,0.8473885078897561,0.7479324132334427,0.9384164850725639,0.005680183568179076,0.0014248759374513229,-2725.4689552521254
0.005668580938748207,-0.0033164993719071827,0.0031096768735268477,0.028851080688523354,0.03177648307010651,1.128922619794655,0.8473885078897561,0.7479324132334427,0.9384164850725639,0.005680183568179076,0.0014248759374513229,-2725.4689552521254
0.005668580938748207,-0.0033164993719071827,0.0031096768735268477,0.028851080688523354,0.03177648307010651,1.128922619794655,0.8473885078897561,0.7479324132334427,0.9384164850725639,0.005680183568179076,0.0014248759374513229,-2725.4689552521254
0.005668580938748207,-0.0033164993719071827,0.0031096768735268477,0.028851080688523354,0.03177648307010651,1.128922619794655,0.8473885078897561,0.7479324132334427,0.9384164850725639,0.005680183568179076,0.0014248759374513229,-2725.4689552521254
0.005668580938748207,-0.0033164993719071827,0.0031096768735268477,0.028851080688523354,0.03177648307010651,1.128922619794655,0.8473885078897561,0.7479324132334427,0.9384164850725639,0.005680183568179076,0.0014248759374513229,-2725.4689552521254
0.005668580938748207,-0.0033164993719071827,0.0031096768735268477,0.028851080688523354,0.03177648307010651,1.128922619794655,0.8473885078897561,0.7479324132334427,0.9384164850725639,0.005680183568179076,0.0014248759374513229,-2725.4689552521254
0.005668580938748207,-0.0033164993719071827,0.0031096768735268477,0.028851080688523354,0.03177648307010651,1.128922619794655,0.8473885078897561,0.7479324132334427,0.9384164850725639,0.005680183568179076,0.0014248759374513229,-2725.4689552521254
0.005668580938748207,-0.0033164993719071827,0.0031096768735268477,0.028851080688523354,0.03177648307010651,1.128922619794655,0.8473885078897561,0.7479324132334427,0.9384164850725639,0.005680183568179076,0.0014248759374513229,-2725.4689552521254
0.005668580938748207,-0.0033164993719071827,0.0031096768735268477,0.028851080688523354,0.03177648307010651,1.128922619794655,0.8473885078897561,0.7479324132334427,0.9384164850725639,0.005680183568179076,0.0014248759374513229,-2725.4689552521254
0.005240826816553672,-0.003213634336717586,0.003370755025561988,0.027804886375197114,0.02932300440561001,1.1372345866082003,0.8450138558687945,0.6961193660835497,0.9538694227958788,0.006977565412532761,0.0016150599375512591,-2722.4318986110516
0.005240826816553672,-0.003213634336717586,0.003370755025561988,0.027804886375197114,0.02932300440561001,1.1372345866082003,0.8450138558687945,0.6961193660835497,0.9538694227958788,0.006977565412532761,0.0016150599375512591,-2722.4318986110516
0.0049035507340213745,-0.0033266752632953337,0.003728327859135381,0.025026660977102967,0.029783497393562633,1.233969630601949,0.884977134822245,0.7273749311025577,1.0240620598316432,0.005984134776311711,0.0018326176414577328,-2721.685756560363
0.0049035507340213745,-0.0033266752632953337,0.003728327859135381,0.025026660977102967,0.029783497393562633,1.233969630601949,0.884977134822245,0.7273749311025577,1.0240620598316432,0.005984134776311711,0.0018326176414577328,-2721.685756560363
0.0049035507340213745,-0.0033266752632953337,0.003728327859135381,0.025026660977102967,0.029783497393562633,1.233969630601949,0.884977134822245,0.7273749311025577,1.0240620598316432,0.005984134776311711,0.0018326176414577328,-2721.685756560363
0.0049035507340213745,-0.0033266752632953337,0.003728327859135381,0.025026660977102967,0.029783497393562633,1.233969630601949,0.884977134822245,0.7273749311025577,1.0240620598316432,0.005984134776311711,0.0018326176414577328,-2721.685756560363
0.0049035507340213745,-0.0033266752632953337,0.003728327859135381,0.025026660977102967,0.029783497393562633,1.233969630601949,0.884977134822245,0.7273749311025577,1.0240620598316432,0.005984134776311711,0.0018326176414577328,-2721.685756560363
0.0049035507340213745,-0.0033266752632953337,0.003728327859135381,0.025026660977102967,0.029783497393562633,1.233969630601949,0.884977134822245,0.7273749311025577,1.0240620598316432,0.005984134776311711,0.0018326176414577328,-2721.685756560363
0.0049035507340213745,-0.0033266752632953337,0.003728327859135381,0.025026660977102967,0.029783497393562633,1.233969630601949,0.884977134822245,0.7273749311025577,1.0240620598316432,0.005984134776311711,0.0018326176414577328,-2721.685756560363
0.0049035507340213745,-0.0033266752632953337,0.003728327859135381,0.025026660977102967,0.029783497393562633,1.233969630601949,0.884977134822245,0.7273749311025577,1.0240620598316432,0.005984134776311711,0.0018326176414577328,-2721.685756560363
0.0049035507340213745,-0.0033266752632953337,0.003728327859135381,0.025026660977102967,0.029783497393562633,1.233969630601949,0.884977134822245,0.7273749311025577,1.0240620598316432,0.005984134776311711,0.0018326176414577328,-2721.685756560363
0.0049035507340213745,-0.0033266752632953337,0.003728327859135381,0.025026660977102967,0.029783497393562633,1.233969630601949,0.884977134822245,0.7273749311025577,1.0240620598316432,0.005984134776311711,0.0018326176414577328,-2721.685756560363
0.0049035507340213745,-0.0033266752632953337,0.003728327859135381,0.025026660977102967,0.029783497393562633,1.233969630601949,0.884977134822245,0.7273749311025577,1.0240620598316432,0.005984134776311711,0.0018326176414577328,-2721.685756560363
0.0053676025618614055,-0.0029600156929539883,0.004060855042929815,0.02470735146651558,0.03892652062347107,1.2543194463625709,0.8446939716070059,0.7845264588741107,1.0655236197157705,0.005732600768565521,0.0018141774595506024,-2726.2979468129083
0.0053676025618614055,-0.0029600156929539883,0.004060855042929815,0.02470735146651558,0.03892652062347107,1.2543194463625709,0.8446939716070059,0.7845264588741107,1.0655236197157705,0.005732600768565521,0.0018141774595506024,-2726.2979468129083
0.0053676025618614055,-0.0029600156929539883,0.004060855042929815,0.02470735146651558,0.03892652062347107,1.2543194463625709,0.8446939716070059,0.7845264588741107,1.0655236197157705,0.005732600768565521,0.0018141774595506024,-2726.2979468129083
0.0053676025618614055,-0.0029600156929539883,0.004060855042929815,0.02470735146651558,0.03892652062347107,1.2543194463625709,0.8446939716070059,0.7845264588741107,1.0655236197157705,0.005732600768565521,0.0018141774595506024,-2726.2979468129083
0.004200271806900165,-0.002776160488973464,0.004342137950678236,0.02459807084932188,0.034252493699168836,1.2840691630119867,0.8477534748491011,0.7204270260999465,1.0662150082188175,0.004564570608090009,0.0016018852136743225,-2724.946023400235
0.0028896522127319565,-0.0023270058933309197,0.003798687603306188,0.025716447045700287,0.02890240267333378,1.2618243640743434,0.8442255211079123,0.7162083702046758,1.098965207778153,0.004618180252911304,0.0015873495517645614,-2720.469825414903
0.0028896522127319565,-0.0023270058933309197,0.003798687603306188,0.025716447045700287,0.02890240267333378,1.2618243640743434,0.8442255211079123,0.7162083702046758,1.098965207778153,0.004618180252911304,0.0015873495517645614,-2720.469825414903
0.004006474107214865,-0.0025420478479028273,0.0026939246622464308,0.027939292342652123,0.025333539870120592,1.1913798731173646,0.8490269531561245,0.7961039520394315,1.0365882773582547,0.005155803816908772,0.0016110200050730042,-2719.3344982657904
0.004006474107214865,-0.0025420478479028273,0.0026939246622464308,0.027939292342652123,0.025333539870120592,1.1913798731173646,0.8490269531561245,0.7961039520394315,1.0365882773582547,0.005155803816908772,0.0016110200050730042,-2719.3344982657904
0.004006474107214865,-0.0025420478479028273,0.0026939246622464308,0.027939292342652123,0.025333539870120592,1.1913798731173646,0.8490269531561245,0.7961039520394315,1.0365882773582547,0.005155803816908772,0.0016110200050730042,-2719.3344982657904
0.004006474107214865,-0.0025420478479028273,0.0026939246622464308,0.027939292342652123,0.025333539870120592,1.1913798731173646,0.8490269531561245,0.7961039520394315,1.0365882773582547,0.005155803816908772,0.0016110200050730042,-2719.3344982657904
0.004006474107214865,-0.0025420478479028273,0.0026939246622464308,0.027939292342652123,0.025333539870120592,1.1913798731173646,0.8490269531561245,0.7961039520394315,1.0365882773582547,0.005155803816908772,0.0016110200050730042,-2719.3344982657904
0.004006474107214865,-0.0025420478479028273,0.0026939246622464308,0.027939292342652123,0.025333539870120592,1.1913798731173646,0.8490269531561245,0.7961039520394315,1.0365882773582547,0.005155803816908772,0.0016110200050730042,-2719.3344982657904
0.004006474107214865,-0.0025420478479028273,0.0026939246622464308,0.027939292342652123,0.025333539870120592,1.1913798731173646,0.8490269531561245,0.7961039520394315,1.0365882773582547,0.005155803816908772,0.0016110200050730042,-2719.3344982657904
0.004006474107214865,-0.0025420478479028273,0.0026939246622464308,0.027939292342652123,0.025333539870120592,1.1913798731173646,0.8490269531561245,0.7961039520394315,1.0365882773582547,0.005155803816908772,0.0016110200050730042,-2719.3344982657904
0.004006474107214865,-0.0025420478479028273,0.0026939246622464308,0.027939292342652123,0.025333539870120592,1.1913798731173646,0.8490269531561245,0.7961039520394315,1.0365882773582547,0.005155803816908772,0.0016110200050730042,-2719.3344982657904
0.004006474107214865,-0.0025420478479028273,0.0026939246622464308,0.027939292342652123,0.025333539870120592,1.1913798731173646,0.8490269531561245,0.7961039520394315,1.0365882773582547,0.005155803816908772,0.0016110200050730042,-2719.3344982657904
0.0035775476565862007,-0.0022586454853961175,0.002736492491652723,0.028998026049314053,0.02826488761853266,1.1881899911198563,0.855895818140615,0.7745102535371657,1.029850142912328,0.003792049396122416,0.0012455741231771256,-2720.541711311899
0.0035775476565862007,-0.0022586454853961175,0.002736492491652723,0.028998026049314053,0.02826488761853266,1.1881899911198563,0.855895818140615,0.7745102535371657,1.029850142912328,0.003792049396122416,0.0012455741231771256,-2720.541711311899
0.0035775476565862007,-0.0022586454853961175,0.002736492491652723,0.028998026049314053,0.02826488761853266,1.1881899911198563,0.855895818140615,0.7745102535371657,1.029850142912328,0.003792049396122416,0.0012455741231771256,-2720.541711311899
0.002953577030536253,-0.002027006966245133,0.0020120311243347062,0.03277634380084635,0.02467120185211222,1.097631761922156,0.8251458509224701,0.7708828612260181,0.9633509050117178,0.003913929803084602,0.0010722999078203884,-2722.100189847613
0.002953577030536253,-0.002027006966245133,0.0020120311243347062,0.03277634380084635,0.02467120185211222,1.097631761922156,0.8251458509224701,0.7708828612260181,0.9633509050117178,0.003913929803084602,0.0010722999078203884,-2722.100189847613
0.002953577030536253,-0.002027006966245133,0.0020120311243347062,0.03277634380084635,0.02467120185211222,1.097631761922156,0.8251458509224701,0.7708828612260181,0.9633509050117178,0.003913929803084602,0.0010722999078203884,-2722.100189847613
0.002953577030536253,-0.002027006966245133,0.0020120311243347062,0.03277634380084635,0.02467120185211222,1.097631761922156,0.8251458509224701,0.7708828612260181,0.9633509050117178,0.003913929803084602,0.0010722999078203884,-2722.100189847613
0.002953577030536253,-0.002027006966245133,0.0020120311243347062,0.03277634380084635,0.02467120185211222,1.097631761922156,0.8251458509224701,0.7708828612260181,0.9633509050117178,0.003913929803084602,0.0010722999078203884,-2722.100189847613
0.002953577030536253,-0.002027006966245133,0.0020120311243347062,0.03277634380084635,0.02467120185211222,1.097631761922156,0.8251458509224701,0.7708828612260181,0.9633509050117178,0.003913929803084602,0.0010722999078203884,-2722.100189847613
0.005528523684193281,-0.0031541115245164193,0.002624596398945873,0.029161591783985207,0.02785494080111547,1.1298416703599206,0.8585913089449794,0.8382426701036062,0.9649006490094159,0.004883643567097257,0.0014895203453895768,-2720.7080958090446
0.005528523684193281,-0.0031541115245164193,0.002624596398945873,0.029161591783985207,0.02785494080111547,1.1298416703599206,0.8585913089449794,0.8382426701036062,0.9649006490094159,0.004883643567097257,0.0014895203453895768,-2720.7080958090446
0.005528523684193281,-0.0031541115245164193,0.002624596398945873,0.029161591783985207,0.02785494080111547,1.1298416703599206,0.8585913089449794,0.8382426701036062,0.9649006490094159,0.004883643567097257,0.0014895203453895768,-2720.7080958090446
0.005528523684193281,-0.0031541115245164193,0.002624596398945873,0.029161591783985207,0.02785494080111547,1.1298416703599206,0.8585913089449794,0.8382426701036062,0.9649006490094159,0.004883643567097257,0.0014895203453895768,-2720.7080958090446
0.005528523684193281,-0.0031541115245164193,0.002624596398945873,0.029161591783985207,0.02785494080111547,1.1298416703599206,0.8585913089449794,0.8382426701036062,0.9649006490094159,0.004883643567097257,0.0014895203453895768,-2720.7080958090446
0.005528523684193281,-0.0031541115245164193,0.002624596398945873,0.029161591783985207,0.02785494080111547,1.1298416703599206,0.8585913089449794,0.8382426701036062,0.9649006490094159,0.004883643567097257,0.0014895203453895768,-2720.7080958090446
0.005528523684193281,-0.0031541115245164193,0.002624596398945873,0.029161591783985207,0.02785494080111547,1.1298416703599206,0.8585913089449794,0.8382426701036062,0.9649006490094159,0.004883643567097257,0.0014895203453895768,-2720.7080958090446
0.005528523684193281,-0.0031541115245164193,0.002624596398945873,0.029161591783985207,0.02785494080111547,1.1298416703599206,0.8585913089449794,0.8382426701036062,0.9649006490094159,0.004883643567097257,0.0014895203453895768,-2720.7080958090446
0.005528523684193281,-0.0031541115245164193,0.002624596398945873,0.029161591783985207,0.02785494080111547,1.1298416703599206,0.8585913089449794,0.8382426701036062,0.9649006490094159,0.004883643567097257,0.0014895203453895768,-2720.7080958090446
0.0055727333896277206,-0.002959546932183566,0.0026492637303175024,0.028622819836645216,0.025451233732426803,1.1385144404180823,0.8359963048890278,0.8168547619365281,1.0228329152046756,0.00492523234684281,0.0016330728523994338,-2721.0485916731227
0.0055727333896277206,-0.002959546932183566,0.0026492637303175024,0.028622819836645216,0.025451233732426803,1.1385144404180823,0.8359963048890278,0.8168547619365281,1.0228329152046756,0.00492523234684281,0.0016330728523994338,-2721.0485916731227
0.0055727333896277206,-0.002959546932183566,0.0026492637303175024,0.028622819836645216,0.025451233732426803,1.1385144404180823,0.8359963048890278,0.8168547619365281,1.0228329152046756,0.00492523234684281,0.0016330728523994338,-2721.0485916731227
0.0055727333896277206,-0.002959546932183566,0.0026492637303175024,0.028622819836645216,0.025451233732426803,1.1385144404180823,0.8359963048890278,0.8168547619365281,1.0228329152046756,0.00492523234684281,0.0016330728523994338,-2721.0485916731227
0.0055727333896277206,-0.002959546932183566,0.0026492637303175024,0.028622819836645216,0.025451233732426803,1.1385144404180823,0.8359963048890278,0.8168547619365281,1.0228329152046756,0.00492523234684281,0.0016330728523994338,-2721.0485916731227
0.0055727333896277206,-0.002959546932183566,0.0026492637303175024,0.028622819836645216,0.025451233732426803,1.1385144404180823,0.8359963048890278,0.8168547619365281,1.0228329152046756,0.00492523234684281,0.0016330728523994338,-2721.0485916731227
0.0055727333896277206,-0.002959546932183566,0.0026492637303175024,0.028622819836645216,0.025451233732426803,1.1385144404180823,0.8359963048890278,0.8168547619365281,1.0228329152046756,0.00492523234684281,0.0016330728523994338,-2721.0485916731227
0.0055727333896277206,-0.002959546932183566,0.0026492637303175024,0.028622819836645216,0.025451233732426803,1.1385144404180823,0.8359963048890278,0.8168547619365281,1.0228329152046756,0.00492523234684281,0.0016330728523994338,-2721.0485916731227
0.0055727333896277206,-0.002959546932183566,0.0026492637303175024,0.028622819836645216,0.025451233732426803,1.1385144404180823,0.8359963048890278,0.8168547619365281,1.0228329152046756,0.00492523234684281,0.0016330728523994338,-2721.0485916731227
0.0055727333896277206,-0.002959546932183566,0.0026492637303175024,0.028622819836645216,0.025451233732426803,1.1385144404180823,0.8359963048890278,0.8168547619365281,1.0228329152046756,0.00492523234684281,0.0016330728523994338,-2721.0485916731227
0.0055727333896277206,-0.002959546932183566,0.0026492637303175024,0.028622819836645216,0.025451233732426803,1.1385144404180823,0.8359963048890278,0.8168547619365281,1.0228329152046756,0.00492523234684281,0.0016330728523994338,-2721.0485916731227
0.003869316455956154,-0.0025942934847545474,0.00292344176836602,0.02945082193180422,0.027914809963483736,1.1421452475512632,0.8503433447946064,0.7709773637848356,0.9901899753215386,0.0045634863388548585,0.0012832334747860258,-2718.8452364594873
0.003869316455956154,-0.0025942934847545474,0.00292344176836602,0.02945082193180422,0.027914809963483736,1.1421452475512632,0.8503433447946064,0.7709773637848356,0.9901899753215386,0.0045634863388548585,0.0012832334747860258,-2718.8452364594873
0.003869316455956154,-0.0025942934847545474,0.00292344176836602,0.02945082193180422,0.027914809963483736,1.1421452475512632,0.8503433447946064,0.7709773637848356,0.9901899753215386,0.0045634863388548585,0.0012832334747860258,-2718.8452364594873
0.003869316455956154,-0.0025942934847545474,0.00292344176836602,0.02945082193180422,0.027914809963483736,1.1421452475512632,0.8503433447946064,0.7709773637848356,0.9901899753215386,0.0045634863388548585,0.0012832334747860258,-2718.8452364594873
0.0036594531962327124,-0.002355345579090155,0.002547705069566297,0.029730175279708435,0.02591917285097759,1.1504932121936826,0.8402177365467671,0.7883960140247461,1.0112990999685159,0.004976169692796458,0.0012932628233627438,-2718.4234235124163
0.0036594531962327124,-0.002355345579090155,0.002547705069566297,0.029730175279708435,0.02591917285097759,1.1504932121936826,0.8402177365467671,0.7883960140247461,1.0112990999685159,0.004976169692796458,0.0012932628233627438,-2718.4234235124163
0.00388001453080581,-0.0022583076746303336,0.002303278403095342,0.03012299377722954,0.02704713976051843,1.1793511646394905,0.8476596939905816,0.7998155191957236,1.036587160046854,0.0049411966954885115,0.0012627021267426891,-2718.6657473422406
0.00388001453080581,-0.0022583076746303336,0.002303278403095342,0.03012299377722954,0.02704713976051843,1.1793511646394905,0.8476596939905816,0.7998155191957236,1.036587160046854,0.0049411966954885115,0.0012627021267426891,-2718.6657473422406
0.00388001453080581,-0.0022583076746303336,0.002303278403095342,0.03012299377722954,0.02704713976051843,1.1793511646394905,0.8476596939905816,0.7998155191957236,1.036587160046854,0.0049411966954885115,0.0012627021267426891,-2718.6657473422406
0.00388001453080581,-0.0022583076746303336,0.002303278403095342,0.03012299377722954,0.02704713976051843,1.1793511646394905,0.8476596939905816,0.7998155191957236,1.036587160046854,0.0049411966954885115,0.0012627021267426891,-2718.6657473422406
0.00388001453080581,-0.0022583076746303336,0.002303278403095342,0.03012299377722954,0.02704713976051843,1.1793511646394905,0.8476596939905816,0.7998155191957236,1.036587160046854,0.0049411966954885115,0.0012627021267426891,-2718.6657473422406
0.00388001453080581,-0.0022583076746303336,0.002303278403095342,0.03012299377722954,0.02704713976051843,1.1793511646394905,0.8476596939905816,0.7998155191957236,1.036587160046854,0.0049411966954885115,0.0012627021267426891,-2718.6657473422406
0.00388001453080581,-0.0022583076746303336,0.002303278403095342,0.03012299377722954,0.02704713976051843,1.1793511646394905,0.8476596939905816,0.7998155191957236,1.036587160046854,0.0049411966954885115,0.0012627021267426891,-2718.6657473422406
0.00388001453080581,-0.0022583076746303336,0.002303278403095342,0.03012299377722954,0.02704713976051843,1.1793511646394905,0.8476596939905816,0.7998155191957236,1.036587160046854,0.0049411966954885115,0.0012627021267426891,-2718.6657473422406
0.00388001453080581,-0.0022583076746303336,0.002303278403095342,0.03012299377722954,0.02704713976051843,1.1793511646394905,0.8476596939905816,0.7998155191957236,1.036587160046854,0.0049411966954885115,0.0012627021267426891,-2718.6657473422406
0.00388001453080581,-0.0022583076746303336,0.002303278403095342,0.03012299377722954,0.02704713976051843,1.1793511646394905,0.8476596939905816,0.7998155191957236,1.036587160046854,0.0049411966954885115,0.0012627021267426891,-2718.6657473422406
0.00388001453080581,-0.0022583076746303336,0.002303278403095342,0.03012299377722954,0.02704713976051843,1.1793511646394905,0.8476596939905816,0.7998155191957236,1.036587160046854,0.0049411966954885115,0.0012627021267426891,-2718.6657473422406
0.00388001453080581,-0.0022583076746303336,0.002303278403095342,0.03012299377722954,0.02704713976051843,1.1793511646394905,0.8476596939905816,0.7998155191957236,1.036587160046854,0.0049411966954885115,0.0012627021267426891,-2718.6657473422406
0.00388001453080581,-0.0022583076746303336,0.002303278403095342,0.03012299377722954,0.02704713976051843,1.1793511646394905,0.8476596939905816,0.7998155191957236,1.036587160046854,0.0049411966954885115,0.0012627021267426891,-2718.6657473422406
0.00388001453080581,-0.0022583076746303336,0.002303278403095342,0.03012299377722954,0.02704713976051843,1.1793511646394905,0.8476596939905816,0.7998155191957236,1.036587160046854,0.0049411966954885115,0.0012627021267426891,-2718.6657473422406
0.0036413251020131713,-0.002583363586309998,0.0026373241827176482,0.030040532683628076,0.026983217925571425,1.159433249734666,0.8631709311593787,0.7193348702244193,1.0091341340459317,0.0062854583772458,0.0012601919809791444,-2719.89057241725
0.0036413251020131713,-0.002583363586309998,0.0026373241827176482,0.030040532683628076,0.026983217925571425,1.159433249734666,0.8631709311593787,0.7193348702244193,1.0091341340459317,0.0062854583772458,0.0012601919809791444,-2719.89057241725
0.0036413251020131713,-0.002583363586309998,0.0026373241827176482,0.030040532683628076,0.026983217925571425,1.159433249734666,0.8631709311593787,0.7193348702244193,1.0091341340459317,0.0062854583772458,0.0012601919809791444,-2719.89057241725
0.0036413251020131713,-0.002583363586309998,0.0026373241827176482,0.030040532683628076,0.026983217925571425,1.159433249734666,0.8631709311593787,0.7193348702244193,1.0091341340459317,0.0062854583772458,0.0012601919809791444,-2719.89057241725
0.003664016381648972,-0.0024286053248312456,0.0031464862237201544,0.02857263413001059,0.034537767271057056,1.2063054041482775,0.8679371019919837,0.7102031466609753,1.0370853941855738,0.006013682617606304,0.0012861050439581453,-2720.556287925039
0.003664016381648972,-0.0024286053248312456,0.0031464862237201544,0.02857263413001059,0.034537767271057056,1.2063054041482775,0.8679371019919837,0.7102031466609753,1.0370853941855738,0.006013682617606304,0.0012861050439581453,-2720.556287925039
0.003664016381648972,-0.0024286053248312456,0.0031464862237201544,0.02857263413001059,0.034537767271057056,1.2063054041482775,0.8679371019919837,0.7102031466609753,1.0370853941855738,0.006013682617606304,0.0012861050439581453,-2720.556287925039
0.003664016381648972,-0.0024286053248312456,0.0031464862237201544,0.02857263413001059,0.034537767271057056,1.2063054041482775,0.8679371019919837,0.7102031466609753,1.0370853941855738,0.006013682617606304,0.0012861050439581453,-2720.556287925039
0.003664016381648972,-0.0024286053248312456,0.0031464862237201544,0.02857263413001059,0.034537767271057056,1.2063054041482775,0.8679371019919837,0.7102031466609753,1.0370853941855738,0.006013682617606304,0.0012861050439581453,-2720.556287925039
0.003664016381648972,-0.0024286053248312456,0.0031464862237201544,0.02857263413001059,0.034537767271057056,1.2063054041482775,0.8679371019919837,0.7102031466609753,1.0370853941855738,0.006013682617606304,0.0012861050439581453,-2720.556287925039
0.003664016381648972,-0.0024286053248312456,0.0031464862237201544,0.02857263413001059,0.034537767271057056,1.2063054041482775,0.8679371019919837,0.7102031466609753,1.0370853941855738,0.006013682617606304,0.0012861050439581453,-2720.556287925039
0.003664016381648972,-0.0024286053248312456,0.0031464862237201544,0.02857263413001059,0.034537767271057056,1.2063054041482775,0.8679371019919837,0.7102031466609753,1.0370853941855738,0.006013682617606304,0.0012861050439581453,-2720.556287925039
0.003664016381648972,-0.0024286053248312456,0.0031464862237201544,0.02857263413001059,0.034537767271057056,1.2063054041482775,0.8679371019919837,0.7102031466609753,1.0370853941855738,0.006013682617606304,0.0012861050439581453,-2720.556287925039
0.0019361598369911758,-0.0016826983231994141,0.002808325450214519,0.030602317742807212,0.032886786289297365,1.1900540344494923,0.8475741816814182,0.6527450308022531,1.036214561582237,0.00533743467040611,0.0009528373158538334,-2721.442009562806
0.0019361598369911758,-0.0016826983231994141,0.002808325450214519,0.030602317742807212,0.032886786289297365,1.1900540344494923,0.8475741816814182,0.6527450308022531,1.036214561582237,0.00533743467040611,0.0009528373158538334,-2721.442009562806
0.0019361598369911758,-0.0016826983231994141,0.002808325450214519,0.030602317742807212,0.032886786289297365,1.1900540344494923,0.8475741816814182,0.6527450308022531,1.036214561582237,0.00533743467040611,0.0009528373158538334,-2721.442009562806
0.0019361598369911758,-0.0016826983231994141,0.002808325450214519,0.030602317742807212,0.032886786289297365,1.1900540344494923,0.8475741816814182,0.6527450308022531,1.036214561582237,0.00533743467040611,0.0009528373158538334,-2721.442009562806
0.0019361598369911758,-0.0016826983231994141,0.002808325450214519,0.030602317742807212,0.032886786289297365,1.1900540344494923,0.8475741816814182,0.6527450308022531,1.036214561582237,0.00533743467040611,0.0009528373158538334,-2721.442009562806
0.0019361598369911758,-0.0016826983231994141,0.002808325450214519,0.030602317742807212,0.032886786289297365,1.1900540344494923,0.8475741816814182,0.6527450308022531,1.036214561582237,0.00533743467040611,0.0009528373158538334,-2721.442009562806
0.0019361598369911758,-0.0016826983231994141,0.002808325450214519,0.030602317742807212,0.032886786289297365,1.1900540344494923,0.8475741816814182,0.6527450308022531,1.036214561582237,0.00533743467040611,0.0009528373158538334,-2721.442009562806
0.004021552077821865,-0.002495983193392077,0.002950967233927594,0.029248141335539247,0.0371455753253815,1.1691517894409427,0.8456376054588758,0.7132813261476445,1.0324459361644047,0.006696234489382893,0.0012934272696397166,-2721.7050465500356
0.004021552077821865,-0.002495983193392077,0.002950967233927594,0.029248141335539247,0.0371455753253815,1.1691517894409427,0.8456376054588758,0.7132813261476445,1.0324459361644047,0.006696234489382893,0.0012934272696397166,-2721.7050465500356
0.004021552077821865,-0.002495983193392077,0.002950967233927594,0.029248141335539247,0.0371455753253815,1.1691517894409427,0.8456376054588758,0.7132813261476445,1.0324459361644047,0.006696234489382893,0.0012934272696397166,-2721.7050465500356
0.0029941693964173274,-0.0019727618634691304,0.002048531449017983,0.03149793938415893,0.026335860314804213,1.1489504836182083,0.8325389503704212,0.7131192338437385,1.014532727601833,0.005774494700471685,0.0012402900045040478,-2721.4758542236605
0.0029941693964173274,-0.0019727618634691304,0.002048531449017983,0.03149793938415893,0.026335860314804213,1.1489504836182083,0.8325389503704212,0.7131192338437385,1.014532727601833,0.005774494700471685,0.0012402900045040478,-2721.4758542236605
0.005709804918960056,-0.003461375919912993,0.0017565311962536132,0.03035154308335943,0.02704252464481666,1.126053734421375,0.851534781964884,0.8364807708493467,0.9970224252540394,0.009635141141684013,0.0015622661297494422,-2720.2896747727186
0.005281181309436269,-0.003294037436308246,0.0016990644173668955,0.02984834354606692,0.024831056433776887,1.155015222978627,0.8782277062867776,0.8255105916534506,1.0036284264607291,0.011176879984462231,0.0015416487568525928,-2720.981353628202
0.005281181309436269,-0.003294037436308246,0.0016990644173668955,0.02984834354606692,0.024831056433776887,1.155015222978627,0.8782277062867776,0.8255105916534506,1.0036284264607291,0.011176879984462231,0.0015416487568525928,-2720.981353628202
0.005281181309436269,-0.003294037436308246,0.0016990644173668955,0.02984834354606692,0.024831056433776887,1.155015222978627,0.8782277062867776,0.8255105916534506,1.0036284264607291,0.011176879984462231,0.0015416487568525928,-2720.981353628202
0.005281181309436269,-0.003294037436308246,0.0016990644173668955,0.02984834354606692,0.024831056433776887,1.155015222978627,0.8782277062867776,0.8255105916534506,1.0036284264607291,0.011176879984462231,0.0015416487568525928,-2720.981353628202
0.005281181309436269,-0.003294037436308246,0.0016990644173668955,0.02984834354606692,0.024831056433776887,1.155015222978627,0.8782277062867776,0.8255105916534506,1.0036284264607291,0.011176879984462231,0.0015416487568525928,-2720.981353628202
0.005281181309436269,-0.003294037436308246,0.0016990644173668955,0.02984834354606692,0.024831056433776887,1.155015222978627,0.8782277062867776,0.8255105916534506,1.0036284264607291,0.011176879984462231,0.0015416487568525928,-2720.981353628202
0.005281181309436269,-0.003294037436308246,0.0016990644173668955,0.02984834354606692,0.024831056433776887,1.155015222978627,0.8782277062867776,0.8255105916534506,1.0036284264607291,0.011176879984462231,0.0015416487568525928,-2720.981353628202
0.005281181309436269,-0.003294037436308246,0.0016990644173668955,0.02984834354606692,0.024831056433776887,1.155015222978627,0.8782277062867776,0.8255105916534506,1.0036284264607291,0.011176879984462231,0.0015416487568525928,-2720.981353628202
0.005281181309436269,-0.003294037436308246,0.0016990644173668955,0.02984834354606692,0.024831056433776887,1.155015222978627,0.8782277062867776,0.8255105916534506,1.0036284264607291,0.011176879984462231,0.0015416487568525928,-2720.981353628202
0.005281181309436269,-0.003294037436308246,0.0016990644173668955,0.02984834354606692,0.024831056433776887,1.155015222978627,0.8782277062867776,0.8255105916534506,1.0036284264607291,0.011176879984462231,0.0015416487568525928,-2720.981353628202
0.005281181309436269,-0.003294037436308246,0.0016990644173668955,0.02984834354606692,0.024831056433776887,1.155015222978627,0.8782277062867776,0.8255105916534506,1.0036284264607291,0.011176879984462231,0.0015416487568525928,-2720.981353628202
0.005281181309436269,-0.003294037436308246,0.0016990644173668955,0.02984834354606692,0.024831056433776887,1.155015222978627,0.8782277062867776,0.8255105916534506,1.0036284264607291,0.011176879984462231,0.0015416487568525928,-2720.981353628202
0.005281181309436269,-0.003294037436308246,0.0016990644173668955,0.02984834354606692,0.024831056433776887,1.155015222978627,0.8782277062867776,0.8255105916534506,1.0036284264607291,0.011176879984462231,0.0015416487568525928,-2720.981353628202
0.005281181309436269,-0.003294037436308246,0.0016990644173668955,0.02984834354606692,0.024831056433776887,1.155015222978627,0.8782277062867776,0.8255105916534506,1.0036284264607291,0.011176879984462231,0.0015416487568525928,-2720.981353628202
0.005281181309436269,-0.003294037436308246,0.0016990644173668955,0.02984834354606692,0.024831056433776887,1.155015222978627,0.8782277062867776,0.8255105916534506,1.0036284264607291,0.011176879984462231,0.0015416487568525928,-2720.981353628202
0.005281181309436269,-0.003294037436308246,0.0016990644173668955,0.02984834354606692,0.024831056433776887,1.155015222978627,0.8782277062867776,0.8255105916534506,1.0036284264607291,0.011176879984462231,0.0015416487568525928,-2720.981353628202
0.005281181309436269,-0.003294037436308246,0.0016990644173668955,0.02984834354606692,0.024831056433776887,1.155015222978627,0.8782277062867776,0.8255105916534506,1.0036284264607291,0.011176879984462231,0.0015416487568525928,-2720.981353628202
0.005281181309436269,-0.003294037436308246,0.0016990644173668955,0.02984834354606692,0.024831056433776887,1.155015222978627,0.8782277062867776,0.8255105916534506,1.0036284264607291,0.011176879984462231,0.0015416487568525928,-2720.981353628202
0.005281181309436269,-0.003294037436308246,0.0016990644173668955,0.02984834354606692,0.024831056433776887,1.155015222978627,0.8782277062867776,0.8255105916534506,1.0036284264607291,0.011176879984462231,0.0015416487568525928,-2720.981353628202
0.005281181309436269,-0.003294037436308246,0.0016990644173668955,0.02984834354606692,0.024831056433776887,1.155015222978627,0.8782277062867776,0.8255105916534506,1.0036284264607291,0.011176879984462231,0.0015416487568525928,-2720.981353628202
0.005281181309436269,-0.003294037436308246,0.0016990644173668955,0.02984834354606692,0.024831056433776887,1.155015222978627,0.8782277062867776,0.8255105916534506,1.0036284264607291,0.011176879984462231,0.0015416487568525928,-2720.981353628202
0.005281181309436269,-0.003294037436308246,0.0016990644173668955,0.02984834354606692,0.024831056433776887,1.155015222978627,0.8782277062867776,0.8255105916534506,1.0036284264607291,0.011176879984462231,0.0015416487568525928,-2720.981353628202
0.005281181309436269,-0.003294037436308246,0.0016990644173668955,0.02984834354606692,0.024831056433776887,1.155015222978627,0.8782277062867776,0.8255105916534506,1.0036284264607291,0.011176879984462231,0.0015416487568525928,-2720.981353628202
0.004525887197032627,-0.00282390432794316,0.0016744084809393663,0.02975389700132281,0.024464476954251267,1.1979299136540618,0.8988711003766081,0.8117594304876392,1.0241681296297436,0.010085914964716128,0.0013802482730806622,-2720.251934728723
0.004525887197032627,-0.00282390432794316,0.0016744084809393663,0.02975389700132281,0.024464476954251267,1.1979299136540618,0.8988711003766081,0.8117594304876392,1.0241681296297436,0.010085914964716128,0.0013802482730806622,-2720.251934728723
0.004525887197032627,-0.00282390432794316,0.0016744084809393663,0.02975389700132281,0.024464476954251267,1.1979299136540618,0.8988711003766081,0.8117594304876392,1.0241681296297436,0.010085914964716128,0.0013802482730806622,-2720.251934728723
0.004525887197032627,-0.00282390432794316,0.0016744084809393663,0.02975389700132281,0.024464476954251267,1.1979299136540618,0.8988711003766081,0.8117594304876392,1.0241681296297436,0.010085914964716128,0.0013802482730806622,-2720.251934728723
0.003734450090294359,-0.002420783356272011,0.0015870957411868389,0.029007553334297543,0.023146780947714753,1.2502999621452342,0.9044326460995438,0.8283429022529671,1.0850168159086762,0.009423280929062675,0.001415356158087352,-2718.7626987460512
0.003734450090294359,-0.002420783356272011,0.0015870957411868389,0.029007553334297543,0.023146780947714753,1.2502999621452342,0.9044326460995438,0.8283429022529671,1.0850168159086762,0.009423280929062675,0.001415356158087352,-2718.7626987460512
0.003734450090294359,-0.002420783356272011,0.0015870957411868389,0.029007553334297543,0.023146780947714753,1.2502999621452342,0.9044326460995438,0.8283429022529671,1.0850168159086762,0.009423280929062675,0.001415356158087352,-2718.7626987460512
0.003734450090294359,-0.002420783356272011,0.0015870957411868389,0.029007553334297543,0.023146780947714753,1.2502999621452342,0.9044326460995438,0.8283429022529671,1.0850168159086762,0.009423280929062675,0.001415356158087352,-2718.7626987460512
0.003734450090294359,-0.002420783356272011,0.0015870957411868389,0.029007553334297543,0.023146780947714753,1.2502999621452342,0.9044326460995438,0.8283429022529671,1.0850168159086762,0.009423280929062675,0.001415356158087352,-2718.7626987460512
0.003734450090294359,-0.002420783356272011,0.0015870957411868389,0.029007553334297543,0.023146780947714753,1.2502999621452342,0.9044326460995438,0.8283429022529671,1.0850168159086762,0.009423280929062675,0.001415356158087352,-2718.7626987460512
0.003734450090294359,-0.002420783356272011,0.0015870957411868389,0.029007553334297543,0.023146780947714753,1.2502999621452342,0.9044326460995438,0.8283429022529671,1.0850168159086762,0.009423280929062675,0.001415356158087352,-2718.7626987460512
0.003734450090294359,-0.002420783356272011,0.0015870957411868389,0.029007553334297543,0.023146780947714753,1.2502999621452342,0.9044326460995438,0.8283429022529671,1.0850168159086762,0.009423280929062675,0.001415356158087352,-2718.7626987460512
0.003734450090294359,-0.002420783356272011,0.0015870957411868389,0.029007553334297543,0.023146780947714753,1.2502999621452342,0.9044326460995438,0.8283429022529671,1.0850168159086762,0.009423280929062675,0.001415356158087352,-2718.7626987460512
0.003734450090294359,-0.002420783356272011,0.0015870957411868389,0.029007553334297543,0.023146780947714753,1.2502999621452342,0.9044326460995438,0.8283429022529671,1.0850168159086762,0.009423280929062675,0.001415356158087352,-2718.7626987460512
0.003734450090294359,-0.002420783356272011,0.0015870957411868389,0.029007553334297543,0.023146780947714753,1.2502999621452342,0.9044326460995438,0.8283429022529671,1.0850168159086762,0.009423280929062675,0.001415356158087352,-2718.7626987460512
0.003734450090294359,-0.002420783356272011,0.0015870957411868389,0.029007553334297543,0.023146780947714753,1.2502999621452342,0.9044326460995438,0.8283429022529671,1.0850168159086762,0.009423280929062675,0.001415356158087352,-2718.7626987460512
0.003734450090294359,-0.002420783356272011,0.0015870957411868389,0.029007553334297543,0.023146780947714753,1.2502999621452342,0.9044326460995438,0.8283429022529671,1.0850168159086762,0.009423280929062675,0.001415356158087352,-2718.7626987460512
0.003734450090294359,-0.002420783356272011,0.0015870957411868389,0.029007553334297543,0.023146780947714753,1.2502999621452342,0.9044326460995438,0.8283429022529671,1.0850168159086762,0.009423280929062675,0.001415356158087352,-2718.7626987460512
0.003734450090294359,-0.002420783356272011,0.0015870957411868389,0.029007553334297543,0.023146780947714753,1.2502999621452342,0.9044326460995438,0.8283429022529671,1.0850168159086762,0.009423280929062675,0.001415356158087352,-2718.7626987460512
0.003734450090294359,-0.002420783356272011,0.0015870957411868389,0.029007553334297543,0.023146780947714753,1.2502999621452342,0.9044326460995438,0.8283429022529671,1.0850168159086762,0.009423280929062675,0.001415356158087352,-2718.7626987460512
0.003734450090294359,-0.002420783356272011,0.0015870957411868389,0.029007553334297543,0.023146780947714753,1.2502999621452342,0.9044326460995438,0.8283429022529671,1.0850168159086762,0.009423280929062675,0.001415356158087352,-2718.7626987460512
0.003734450090294359,-0.002420783356272011,0.0015870957411868389,0.029007553334297543,0.023146780947714753,1.2502999621452342,0.9044326460995438,0.8283429022529671,1.0850168159086762,0.009423280929062675,0.001415356158087352,-2718.7626987460512
0.003734450090294359,-0.002420783356272011,0.0015870957411868389,0.029007553334297543,0.023146780947714753,1.2502999621452342,0.9044326460995438,0.8283429022529671,1.0850168159086762,0.009423280929062675,0.001415356158087352,-2718.7626987460512
0.003734450090294359,-0.002420783356272011,0.0015870957411868389,0.029007553334297543,0.023146780947714753,1.2502999621452342,0.9044326460995438,0.8283429022529671,1.0850168159086762,0.009423280929062675,0.001415356158087352,-2718.7626987460512
0.003734450090294359,-0.002420783356272011,0.0015870957411868389,0.029007553334297543,0.023146780947714753,1.2502999621452342,0.9044326460995438,0.8283429022529671,1.0850168159086762,0.009423280929062675,0.001415356158087352,-2718.7626987460512
0.003734450090294359,-0.002420783356272011,0.0015870957411868389,0.029007553334297543,0.023146780947714753,1.2502999621452342,0.9044326460995438,0.8283429022529671,1.0850168159086762,0.009423280929062675,0.001415356158087352,-2718.7626987460512
0.003734450090294359,-0.002420783356272011,0.0015870957411868389,0.029007553334297543,0.023146780947714753,1.2502999621452342,0.9044326460995438,0.8283429022529671,1.0850168159086762,0.009423280929062675,0.001415356158087352,-2718.7626987460512
0.003734450090294359,-0.002420783356272011,0.0015870957411868389,0.029007553334297543,0.023146780947714753,1.2502999621452342,0.9044326460995438,0.8283429022529671,1.0850168159086762,0.009423280929062675,0.001415356158087352,-2718.7626987460512
0.00381612214152929,-0.002521683458411279,0.001399001952267395,0.029308223498200267,0.022338852151171047,1.263288417699259,0.9153545530853597,0.8496172820812826,1.099950798334803,0.00872262237141004,0.001390269607548138,-2719.9188683569023
0.00381612214152929,-0.002521683458411279,0.001399001952267395,0.029308223498200267,0.022338852151171047,1.263288417699259,0.9153545530853597,0.8496172820812826,1.099950798334803,0.00872262237141004,0.001390269607548138,-2719.9188683569023
0.00381612214152929,-0.002521683458411279,0.001399001952267395,0.029308223498200267,0.022338852151171047,1.263288417699259,0.9153545530853597,0.8496172820812826,1.099950798334803,0.00872262237141004,0.001390269607548138,-2719.9188683569023
0.00381612214152929,-0.002521683458411279,0.001399001952267395,0.029308223498200267,0.022338852151171047,1.263288417699259,0.9153545530853597,0.8496172820812826,1.099950798334803,0.00872262237141004,0.001390269607548138,-2719.9188683569023
0.00381612214152929,-0.002521683458411279,0.001399001952267395,0.029308223498200267,0.022338852151171047,1.263288417699259,0.9153545530853597,0.8496172820812826,1.099950798334803,0.00872262237141004,0.001390269607548138,-2719.9188683569023
0.00381612214152929,-0.002521683458411279,0.001399001952267395,0.029308223498200267,0.022338852151171047,1.263288417699259,0.9153545530853597,0.8496172820812826,1.099950798334803,0.00872262237141004,0.001390269607548138,-2719.9188683569023
0.00381612214152929,-0.002521683458411279,0.001399001952267395,0.029308223498200267,0.022338852151171047,1.263288417699259,0.9153545530853597,0.8496172820812826,1.099950798334803,0.00872262237141004,0.001390269607548138,-2719.9188683569023
0.00381612214152929,-0.002521683458411279,0.001399001952267395,0.029308223498200267,0.022338852151171047,1.263288417699259,0.9153545530853597,0.8496172820812826,1.099950798334803,0.00872262237141004,0.001390269607548138,-2719.9188683569023
0.00381612214152929,-0.002521683458411279,0.001399001952267395,0.029308223498200267,0.022338852151171047,1.263288417699259,0.9153545530853597,0.8496172820812826,1.099950798334803,0.00872262237141004,0.001390269607548138,-2719.9188683569023
0.00381612214152929,-0.002521683458411279,0.001399001952267395,0.029308223498200267,0.022338852151171047,1.263288417699259,0.9153545530853597,0.8496172820812826,1.099950798334803,0.00872262237141004,0.001390269607548138,-2719.9188683569023
0.00381612214152929,-0.002521683458411279,0.001399001952267395,0.029308223498200267,0.022338852151171047,1.263288417699259,0.9153545530853597,0.8496172820812826,1.099950798334803,0.00872262237141004,0.001390269607548138,-2719.9188683569023
0.00381612214152929,-0.002521683458411279,0.001399001952267395,0.029308223498200267,0.022338852151171047,1.263288417699259,0.9153545530853597,0.8496172820812826,1.099950798334803,0.00872262237141004,0.001390269607548138,-2719.9188683569023
0.00381612214152929,-0.002521683458411279,0.001399001952267395,0.029308223498200267,0.022338852151171047,1.263288417699259,0.9153545530853597,0.8496172820812826,1.099950798334803,0.00872262237141004,0.001390269607548138,-2719.9188683569023
0.00381612214152929,-0.002521683458411279,0.001399001952267395,0.029308223498200267,0.022338852151171047,1.263288417699259,0.9153545530853597,0.8496172820812826,1.099950798334803,0.00872262237141004,0.001390269607548138,-2719.9188683569023
0.00381612214152929,-0.002521683458411279,0.001399001952267395,0.029308223498200267,0.022338852151171047,1.263288417699259,0.9153545530853597,0.8496172820812826,1.099950798334803,0.00872262237141004,0.001390269607548138,-2719.9188683569023
0.00381612214152929,-0.002521683458411279,0.001399001952267395,0.029308223498200267,0.022338852151171047,1.263288417699259,0.9153545530853597,0.8496172820812826,1.099950798334803,0.00872262237141004,0.001390269607548138,-2719.9188683569023
0.00381612214152929,-0.002521683458411279,0.001399001952267395,0.029308223498200267,0.022338852151171047,1.263288417699259,0.9153545530853597,0.8496172820812826,1.099950798334803,0.00872262237141004,0.001390269607548138,-2719.9188683569023
0.00381612214152929,-0.002521683458411279,0.001399001952267395,0.029308223498200267,0.022338852151171047,1.263288417699259,0.9153545530853597,0.8496172820812826,1.099950798334803,0.00872262237141004,0.001390269607548138,-2719.9188683569023
0.00381612214152929,-0.002521683458411279,0.001399001952267395,0.029308223498200267,0.022338852151171047,1.263288417699259,0.9153545530853597,0.8496172820812826,1.099950798334803,0.00872262237141004,0.001390269607548138,-2719.9188683569023
0.00381612214152929,-0.002521683458411279,0.001399001952267395,0.029308223498200267,0.022338852151171047,1.263288417699259,0.9153545530853597,0.8496172820812826,1.099950798334803,0.00872262237141004,0.001390269607548138,-2719.9188683569023
0.00381612214152929,-0.002521683458411279,0.001399001952267395,0.029308223498200267,0.022338852151171047,1.263288417699259,0.9153545530853597,0.8496172820812826,1.099950798334803,0.00872262237141004,0.001390269607548138,-2719.9188683569023
0.00381612214152929,-0.002521683458411279,0.001399001952267395,0.029308223498200267,0.022338852151171047,1.263288417699259,0.9153545530853597,0.8496172820812826,1.099950798334803,0.00872262237141004,0.001390269607548138,-2719.9188683569023
0.0038673656104994403,-0.0025122243043683495,0.0014754728007164005,0.029193092952633976,0.02172452655535291,1.2321099533909965,0.8893636673890056,0.7772975889232739,1.0780440385055776,0.008600008911479579,0.0014634186119757222,-2719.185127866504
0.0038673656104994403,-0.0025122243043683495,0.0014754728007164005,0.029193092952633976,0.02172452655535291,1.2321099533909965,0.8893636673890056,0.7772975889232739,1.0780440385055776,0.008600008911479579,0.0014634186119757222,-2719.185127866504
0.0038673656104994403,-0.0025122243043683495,0.0014754728007164005,0.029193092952633976,0.02172452655535291,1.2321099533909965,0.8893636673890056,0.7772975889232739,1.0780440385055776,0.008600008911479579,0.0014634186119757222,-2719.185127866504
0.0038673656104994403,-0.0025122243043683495,0.0014754728007164005,0.029193092952633976,0.02172452655535291,1.2321099533909965,0.8893636673890056,0.7772975889232739,1.0780440385055776,0.008600008911479579,0.0014634186119757222,-2719.185127866504
0.0038673656104994403,-0.0025122243043683495,0.0014754728007164005,0.029193092952633976,0.02172452655535291,1.2321099533909965,0.8893636673890056,0.7772975889232739,1.0780440385055776,0.008600008911479579,0.0014634186119757222,-2719.185127866504
0.0038673656104994403,-0.0025122243043683495,0.0014754728007164005,0.029193092952633976,0.02172452655535291,1.2321099533909965,0.8893636673890056,0.7772975889232739,1.0780440385055776,0.008600008911479579,0.0014634186119757222,-2719.185127866504
0.0038673656104994403,-0.0025122243043683495,0.0014754728007164005,0.029193092952633976,0.02172452655535291,1.2321099533909965,0.8893636673890056,0.7772975889232739,1.0780440385055776,0.008600008911479579,0.0014634186119757222,-2719.185127866504
0.0038673656104994403,-0.0025122243043683495,0.0014754728007164005,0.029193092952633976,0.02172452655535291,1.2321099533909965,0.8893636673890056,0.7772975889232739,1.0780440385055776,0.008600008911479579,0.0014634186119757222,-2719.185127866504
0.0038673656104994403,-0.0025122243043683495,0.0014754728007164005,0.029193092952633976,0.02172452655535291,1.2321099533909965,0.8893636673890056,0.7772975889232739,1.0780440385055776,0.008600008911479579,0.0014634186119757222,-2719.185127866504
0.0038673656104994403,-0.0025122243043683495,0.0014754728007164005,0.029193092952633976,0.02172452655535291,1.2321099533909965,0.8893636673890056,0.7772975889232739,1.0780440385055776,0.008600008911479579,0.0014634186119757222,-2719.185127866504
0.0038673656104994403,-0.0025122243043683495,0.0014754728007164005,0.029193092952633976,0.02172452655535291,1.2321099533909965,0.8893636673890056,0.7772975889232739,1.0780440385055776,0.008600008911479579,0.0014634186119757222,-2719.185127866504
0.0038673656104994403,-0.0025122243043683495,0.0014754728007164005,0.029193092952633976,0.02172452655535291,1.2321099533909965,0.8893636673890056,0.7772975889232739,1.0780440385055776,0.008600008911479579,0.0014634186119757222,-2719.185127866504
0.0038673656104994403,-0.0025122243043683495,0.0014754728007164005,0.029193092952633976,0.02172452655535291,1.2321099533909965,0.8893636673890056,0.7772975889232739,1.0780440385055776,0.008600008911479579,0.0014634186119757222,-2719.185127866504
0.0038673656104994403,-0.0025122243043683495,0.0014754728007164005,0.029193092952633976,0.02172452655535291,1.2321099533909965,0.8893636673890056,0.7772975889232739,1.0780440385055776,0.008600008911479579,0.0014634186119757222,-2719.185127866504
0.0038673656104994403,-0.0025122243043683495,0.0014754728007164005,0.029193092952633976,0.02172452655535291,1.2321099533909965,0.8893636673890056,0.7772975889232739,1.0780440385055776,0.008600008911479579,0.0014634186119757222,-2719.185127866504
0.0038673656104994403,-0.0025122243043683495,0.0014754728007164005,0.029193092952633976,0.02172452655535291,1.2321099533909965,0.8893636673890056,0.7772975889232739,1.0780440385055776,0.008600008911479579,0.0014634186119757222,-2719.185127866504
0.0038673656104994403,-0.0025122243043683495,0.0014754728007164005,0.029193092952633976,0.02172452655535291,1.2321099533909965,0.8893636673890056,0.7772975889232739,1.0780440385055776,0.008600008911479579,0.0014634186119757222,-2719.185127866504
0.0038673656104994403,-0.0025122243043683495,0.0014754728007164005,0.029193092952633976,0.02172452655535291,1.2321099533909965,0.8893636673890056,0.7772975889232739,1.0780440385055776,0.008600008911479579,0.0014634186119757222,-2719.185127866504
0.0038673656104994403,-0.0025122243043683495,0.0014754728007164005,0.029193092952633976,0.02172452655535291,1.2321099533909965,0.8893636673890056,0.7772975889232739,1.0780440385055776,0.008600008911479579,0.0014634186119757222,-2719.185127866504
0.0038673656104994403,-0.0025122243043683495,0.0014754728007164005,0.029193092952633976,0.02172452655535291,1.2321099533909965,0.8893636673890056,0.7772975889232739,1.0780440385055776,0.008600008911479579,0.0014634186119757222,-2719.185127866504
0.0038673656104994403,-0.0025122243043683495,0.0014754728007164005,0.029193092952633976,0.02172452655535291,1.2321099533909965,0.8893636673890056,0.7772975889232739,1.0780440385055776,0.008600008911479579,0.0014634186119757222,-2719.185127866504
0.0038673656104994403,-0.0025122243043683495,0.0014754728007164005,0.029193092952633976,0.02172452655535291,1.2321099533909965,0.8893636673890056,0.7772975889232739,1.0780440385055776,0.008600008911479579,0.0014634186119757222,-2719.185127866504
0.0038673656104994403,-0.0025122243043683495,0.0014754728007164005,0.029193092952633976,0.02172452655535291,1.2321099533909965,0.8893636673890056,0.7772975889232739,1.0780440385055776,0.008600008911479579,0.0014634186119757222,-2719.185127866504
0.0038673656104994403,-0.0025122243043683495,0.0014754728007164005,0.029193092952633976,0.02172452655535291,1.2321099533909965,0.8893636673890056,0.7772975889232739,1.0780440385055776,0.008600008911479579,0.0014634186119757222,-2719.185127866504
0.0038673656104994403,-0.0025122243043683495,0.0014754728007164005,0.029193092952633976,0.02172452655535291,1.2321099533909965,0.8893636673890056,0.7772975889232739,1.0780440385055776,0.008600008911479579,0.0014634186119757222,-2719.185127866504
0.0038673656104994403,-0.0025122243043683495,0.0014754728007164005,0.029193092952633976,0.02172452655535291,1.2321099533909965,0.8893636673890056,0.7772975889232739,1.0780440385055776,0.008600008911479579,0.0014634186119757222,-2719.185127866504
0.0038673656104994403,-0.0025122243043683495,0.0014754728007164005,0.029193092952633976,0.02172452655535291,1.2321099533909965,0.8893636673890056,0.7772975889232739,1.0780440385055776,0.008600008911479579,0.0014634186119757222,-2719.185127866504
0.0038673656104994403,-0.0025122243043683495,0.0014754728007164005,0.029193092952633976,0.02172452655535291,1.2321099533909965,0.8893636673890056,0.7772975889232739,1.0780440385055776,0.008600008911479579,0.0014634186119757222,-2719.185127866504
0.0038673656104994403,-0.0025122243043683495,0.0014754728007164005,0.029193092952633976,0.02172452655535291,1.2321099533909965,0.8893636673890056,0.7772975889232739,1.0780440385055776,0.008600008911479579,0.0014634186119757222,-2719.185127866504
0.0038673656104994403,-0.0025122243043683495,0.0014754728007164005,0.029193092952633976,0.02172452655535291,1.2321099533909965,0.8893636673890056,0.7772975889232739,1.0780440385055776,0.008600008911479579,0.0014634186119757222,-2719.185127866504
0.0038673656104994403,-0.0025122243043683495,0.0014754728007164005,0.029193092952633976,0.02172452655535291,1.2321099533909965,0.8893636673890056,0.7772975889232739,1.0780440385055776,0.008600008911479579,0.0014634186119757222,-2719.185127866504
0.0038673656104994403,-0.0025122243043683495,0.0014754728007164005,0.029193092952633976,0.02172452655535291,1.2321099533909965,0.8893636673890056,0.7772975889232739,1.0780440385055776,0.008600008911479579,0.0014634186119757222,-2719.185127866504
0.0038673656104994403,-0.0025122243043683495,0.0014754728007164005,0.029193092952633976,0.02172452655535291,1.2321099533909965,0.8893636673890056,0.7772975889232739,1.0780440385055776,0.008600008911479579,0.0014634186119757222,-2719.185127866504
0.0038673656104994403,-0.0025122243043683495,0.0014754728007164005,0.029193092952633976,0.02172452655535291,1.2321099533909965,0.8893636673890056,0.7772975889232739,1.0780440385055776,0.008600008911479579,0.0014634186119757222,-2719.185127866504
0.0038673656104994403,-0.0025122243043683495,0.0014754728007164005,0.029193092952633976,0.02172452655535291,1.2321099533909965,0.8893636673890056,0.7772975889232739,1.0780440385055776,0.008600008911479579,0.0014634186119757222,-2719.185127866504
0.0038673656104994403,-0.0025122243043683495,0.0014754728007164005,0.029193092952633976,0.02172452655535291,1.2321099533909965,0.8893636673890056,0.7772975889232739,1.0780440385055776,0.008600008911479579,0.0014634186119757222,-2719.185127866504
0.005518297679314792,-0.00311135053508266,0.0012709624682728305,0.030370172532837428,0.021233320679999328,1.1713071343300587,0.8619614447313928,0.8408381502573399,1.04791786921701,0.008330956568018572,0.0016657327439175524,-2720.2681046609964
0.005635270662454259,-0.0030736202249037597,0.0009004531989475903,0.03283066333943635,0.020706050072159712,1.1073746925348205,0.834346203989479,0.8367177390153056,0.9977095046680092,0.009161422558083701,0.0014973622161053028,-2722.39500002932
0.005635270662454259,-0.0030736202249037597,0.0009004531989475903,0.03283066333943635,0.020706050072159712,1.1073746925348205,0.834346203989479,0.8367177390153056,0.9977095046680092,0.009161422558083701,0.0014973622161053028,-2722.39500002932
0.005635270662454259,-0.0030736202249037597,0.0009004531989475903,0.03283066333943635,0.020706050072159712,1.1073746925348205,0.834346203989479,0.8367177390153056,0.9977095046680092,0.009161422558083701,0.0014973622161053028,-2722.39500002932
0.004685747667219789,-0.002735804706086948,0.0012690680370379612,0.03138857804774426,0.0211472536007329,1.172624025203675,0.8540556892494069,0.7985288052533415,1.0058752274428682,0.005634973414106668,0.001464717355408044,-2720.222554576784
0.004685747667219789,-0.002735804706086948,0.0012690680370379612,0.03138857804774426,0.0211472536007329,1.172624025203675,0.8540556892494069,0.7985288052533415,1.0058752274428682,0.005634973414106668,0.001464717355408044,-2720.222554576784
0.004685747667219789,-0.002735804706086948,0.0012690680370379612,0.03138857804774426,0.0211472536007329,1.172624025203675,0.8540556892494069,0.7985288052533415,1.0058752274428682,0.005634973414106668,0.001464717355408044,-2720.222554576784
0.004685747667219789,-0.002735804706086948,0.0012690680370379612,0.03138857804774426,0.0211472536007329,1.172624025203675,0.8540556892494069,0.7985288052533415,1.0058752274428682,0.005634973414106668,0.001464717355408044,-2720.222554576784
0.004685747667219789,-0.002735804706086948,0.0012690680370379612,0.03138857804774426,0.0211472536007329,1.172624025203675,0.8540556892494069,0.7985288052533415,1.0058752274428682,0.005634973414106668,0.001464717355408044,-2720.222554576784
0.004685747667219789,-0.002735804706086948,0.0012690680370379612,0.03138857804774426,0.0211472536007329,1.172624025203675,0.8540556892494069,0.7985288052533415,1.0058752274428682,0.005634973414106668,0.001464717355408044,-2720.222554576784
0.004685747667219789,-0.002735804706086948,0.0012690680370379612,0.03138857804774426,0.0211472536007329,1.172624025203675,0.8540556892494069,0.7985288052533415,1.0058752274428682,0.005634973414106668,0.001464717355408044,-2720.222554576784
0.004918854855349394,-0.0028152585811043263,0.0018431354979102671,0.028743236974770475,0.022281817762120237,1.2104839970373102,0.8644569049097961,0.7789746416018759,1.042015496003249,0.006526873756432309,0.0017679378022644322,-2719.796216572808
0.004937193555447722,-0.0029222310480310114,0.0012670480488187086,0.031659970198364466,0.02185886258655845,1.1688197397993756,0.8628661220193556,0.7998927615402716,0.9827910213120017,0.0067220509849823815,0.0014937242501664968,-2724.1182636978933
0.004937193555447722,-0.0029222310480310114,0.0012670480488187086,0.031659970198364466,0.02185886258655845,1.1688197397993756,0.8628661220193556,0.7998927615402716,0.9827910213120017,0.0067220509849823815,0.0014937242501664968,-2724.1182636978933
0.004937193555447722,-0.0029222310480310114,0.0012670480488187086,0.031659970198364466,0.02185886258655845,1.1688197397993756,0.8628661220193556,0.7998927615402716,0.9827910213120017,0.0067220509849823815,0.0014937242501664968,-2724.1182636978933
0.004937193555447722,-0.0029222310480310114,0.0012670480488187086,0.031659970198364466,0.02185886258655845,1.1688197397993756,0.8628661220193556,0.7998927615402716,0.9827910213120017,0.0067220509849823815,0.0014937242501664968,-2724.1182636978933
0.005639194831368511,-0.003131084300323143,0.0010131344766546797,0.03282620065520339,0.02190885433859149,1.1355355735569734,0.8705113077495827,0.8898294753992663,0.9614110541861801,0.005588798358816869,0.0013650712613568691,-2727.7363097008374
0.005639194831368511,-0.003131084300323143,0.0010131344766546797,0.03282620065520339,0.02190885433859149,1.1355355735569734,0.8705113077495827,0.8898294753992663,0.9614110541861801,0.005588798358816869,0.0013650712613568691,-2727.7363097008374
0.005639194831368511,-0.003131084300323143,0.0010131344766546797,0.03282620065520339,0.02190885433859149,1.1355355735569734,0.8705113077495827,0.8898294753992663,0.9614110541861801,0.005588798358816869,0.0013650712613568691,-2727.7363097008374
0.005639194831368511,-0.003131084300323143,0.0010131344766546797,0.03282620065520339,0.02190885433859149,1.1355355735569734,0.8705113077495827,0.8898294753992663,0.9614110541861801,0.005588798358816869,0.0013650712613568691,-2727.7363097008374
0.005639194831368511,-0.003131084300323143,0.0010131344766546797,0.03282620065520339,0.02190885433859149,1.1355355735569734,0.8705113077495827,0.8898294753992663,0.9614110541861801,0.005588798358816869,0.0013650712613568691,-2727.7363097008374
0.004579143237039359,-0.0024441564238175196,0.001359371028342951,0.032977224519153255,0.027131433037266693,1.1176137497238123,0.8490158235329103,0.876473761181095,0.9783185933818419,0.005960820104273563,0.001187800057786462,-2724.218829689818
0.004579143237039359,-0.0024441564238175196,0.001359371028342951,0.032977224519153255,0.027131433037266693,1.1176137497238123,0.8490158235329103,0.876473761181095,0.9783185933818419,0.005960820104273563,0.001187800057786462,-2724.218829689818
0.004579143237039359,-0.0024441564238175196,0.001359371028342951,0.032977224519153255,0.027131433037266693,1.1176137497238123,0.8490158235329103,0.876473761181095,0.9783185933818419,0.005960820104273563,0.001187800057786462,-2724.218829689818
0.004579143237039359,-0.0024441564238175196,0.001359371028342951,0.032977224519153255,0.027131433037266693,1.1176137497238123,0.8490158235329103,0.876473761181095,0.9783185933818419,0.005960820104273563,0.001187800057786462,-2724.218829689818
0.004579143237039359,-0.0024441564238175196,0.001359371028342951,0.032977224519153255,0.027131433037266693,1.1176137497238123,0.8490158235329103,0.876473761181095,0.9783185933818419,0.005960820104273563,0.001187800057786462,-2724.218829689818
0.004579143237039359,-0.0024441564238175196,0.001359371028342951,0.032977224519153255,0.027131433037266693,1.1176137497238123,0.8490158235329103,0.876473761181095,0.9783185933818419,0.005960820104273563,0.001187800057786462,-2724.218829689818
0.0045797417317359895,-0.00241176802940903,0.001896028447462474,0.030812944725406705,0.03224567627789848,1.1616036285784568,0.8560402530073994,0.8604472249090942,1.0099641041713852,0.005390349839117538,0.0011952129666073182,-2724.3338694401314
0.0045797417317359895,-0.00241176802940903,0.001896028447462474,0.030812944725406705,0.03224567627789848,1.1616036285784568,0.8560402530073994,0.8604472249090942,1.0099641041713852,0.005390349839117538,0.0011952129666073182,-2724.3338694401314
0.0045797417317359895,-0.00241176802940903,0.001896028447462474,0.030812944725406705,0.03224567627789848,1.1616036285784568,0.8560402530073994,0.8604472249090942,1.0099641041713852,0.005390349839117538,0.0011952129666073182,-2724.3338694401314
0.0045797417317359895,-0.00241176802940903,0.001896028447462474,0.030812944725406705,0.03224567627789848,1.1616036285784568,0.8560402530073994,0.8604472249090942,1.0099641041713852,0.005390349839117538,0.0011952129666073182,-2724.3338694401314
0.0045797417317359895,-0.00241176802940903,0.001896028447462474,0.030812944725406705,0.03224567627789848,1.1616036285784568,0.8560402530073994,0.8604472249090942,1.0099641041713852,0.005390349839117538,0.0011952129666073182,-2724.3338694401314
0.003996306422929767,-0.002414701049613657,0.001999323418531433,0.0306852066844648,0.032585086561911586,1.184715650507201,0.8565141146387093,0.8510316811369734,1.026263855854453,0.005814010293408579,0.0012306514318204365,-2721.1484235669636
0.005254730687639073,-0.002941134392555153,0.00179241527889979,0.03109685209799171,0.026791635807407337,1.1307648616142942,0.8299898067608571,0.8546112431339907,0.9810706041296339,0.006703774055263066,0.001550451967751697,-2722.8924421004763
0.0063212781282632625,-0.0037784771694793365,0.0014614069278866366,0.03250307273820556,0.022725460510254286,1.0610289661383878,0.7860078681769082,0.7818437576716133,0.9570389451275451,0.010052726952338673,0.0017403823217804711,-2722.763046919474
0.005451995651501061,-0.0036055180812050577,0.0014875800691378483,0.031593410348532226,0.022165175202634647,1.1232165836097026,0.8118742813787866,0.7816274489605145,0.9855404056596632,0.01021587089772659,0.0017256431187167845,-2722.7546029525843
0.005494605887653546,-0.0036654019706625265,0.0018430550387335673,0.029465707488972218,0.02261401203590199,1.1514086394763796,0.831669497575646,0.7730998845037127,0.981303319269992,0.009209486414868852,0.0018366899039533229,-2721.1994233418895
0.005494605887653546,-0.0036654019706625265,0.0018430550387335673,0.029465707488972218,0.02261401203590199,1.1514086394763796,0.831669497575646,0.7730998845037127,0.981303319269992,0.009209486414868852,0.0018366899039533229,-2721.1994233418895
0.005494605887653546,-0.0036654019706625265,0.0018430550387335673,0.029465707488972218,0.02261401203590199,1.1514086394763796,0.831669497575646,0.7730998845037127,0.981303319269992,0.009209486414868852,0.0018366899039533229,-2721.1994233418895
0.005857658140628778,-0.0037529019344370073,0.001990943822200921,0.02901639296799427,0.02272966131232202,1.117593657351421,0.8252868581780026,0.7793779600430215,0.9702095196696238,0.009745521502036721,0.002042511914520142,-2721.3032068024454
0.005857658140628778,-0.0037529019344370073,0.001990943822200921,0.02901639296799427,0.02272966131232202,1.117593657351421,0.8252868581780026,0.7793779600430215,0.9702095196696238,0.009745521502036721,0.002042511914520142,-2721.3032068024454
0.005857658140628778,-0.0037529019344370073,0.001990943822200921,0.02901639296799427,0.02272966131232202,1.117593657351421,0.8252868581780026,0.7793779600430215,0.9702095196696238,0.009745521502036721,0.002042511914520142,-2721.3032068024454
0.005511757287686455,-0.0036360729774694575,0.0019180824177790858,0.030796263992532324,0.0238434857200127,1.0504750817851396,0.821723787494815,0.7914707427132417,0.9393551014708477,0.00674155191566881,0.0017872298607423454,-2723.3213400115355
0.0058159610870903,-0.0038144596829834477,0.00228300115836245,0.02967075142123739,0.026682098208937705,1.0760676885097435,0.8395752839241298,0.8206620534227098,0.9505202964300321,0.006847898651679846,0.0016787601373675996,-2722.745435342862
0.0058159610870903,-0.0038144596829834477,0.00228300115836245,0.02967075142123739,0.026682098208937705,1.0760676885097435,0.8395752839241298,0.8206620534227098,0.9505202964300321,0.006847898651679846,0.0016787601373675996,-2722.745435342862
0.0058159610870903,-0.0038144596829834477,0.00228300115836245,0.02967075142123739,0.026682098208937705,1.0760676885097435,0.8395752839241298,0.8206620534227098,0.9505202964300321,0.006847898651679846,0.0016787601373675996,-2722.745435342862
0.0058159610870903,-0.0038144596829834477,0.00228300115836245,0.02967075142123739,0.026682098208937705,1.0760676885097435,0.8395752839241298,0.8206620534227098,0.9505202964300321,0.006847898651679846,0.0016787601373675996,-2722.745435342862
0.0058159610870903,-0.0038144596829834477,0.00228300115836245,0.02967075142123739,0.026682098208937705,1.0760676885097435,0.8395752839241298,0.8206620534227098,0.9505202964300321,0.006847898651679846,0.0016787601373675996,-2722.745435342862
0.006392288451648862,-0.0039028639126989437,0.002372434419765193,0.029432123002858256,0.026501055427610994,1.0553857971244092,0.8173794588650493,0.7671345021904853,0.9379643134332856,0.010402793579534346,0.0018644273302750236,-2724.8403097993614
0.005258344713073368,-0.0037648897342016843,0.002646941459378782,0.02800023035010132,0.02523152295071902,1.1269019923316228,0.8485113108354506,0.7634112230630372,0.9710540207930609,0.008182486414639931,0.0017504415484350412,-2724.8798683391565
0.005098288246098667,-0.0032929071614821778,0.002912159061441617,0.027725876016499635,0.03440185271786464,1.14608979517782,0.8668943039555661,0.7822877250566764,0.9974367444807413,0.010540735914616272,0.0016171124677593458,-2725.270933055678
0.005098288246098667,-0.0032929071614821778,0.002912159061441617,0.027725876016499635,0.03440185271786464,1.14608979517782,0.8668943039555661,0.7822877250566764,0.9974367444807413,0.010540735914616272,0.0016171124677593458,-2725.270933055678
0.005098288246098667,-0.0032929071614821778,0.002912159061441617,0.027725876016499635,0.03440185271786464,1.14608979517782,0.8668943039555661,0.7822877250566764,0.9974367444807413,0.010540735914616272,0.0016171124677593458,-2725.270933055678
0.005098288246098667,-0.0032929071614821778,0.002912159061441617,0.027725876016499635,0.03440185271786464,1.14608979517782,0.8668943039555661,0.7822877250566764,0.9974367444807413,0.010540735914616272,0.0016171124677593458,-2725.270933055678
0.005098288246098667,-0.0032929071614821778,0.002912159061441617,0.027725876016499635,0.03440185271786464,1.14608979517782,0.8668943039555661,0.7822877250566764,0.9974367444807413,0.010540735914616272,0.0016171124677593458,-2725.270933055678
0.005098288246098667,-0.0032929071614821778,0.002912159061441617,0.027725876016499635,0.03440185271786464,1.14608979517782,0.8668943039555661,0.7822877250566764,0.9974367444807413,0.010540735914616272,0.0016171124677593458,-2725.270933055678
0.00399151911996436,-0.0024673205823622585,0.003346547559536574,0.026583663635165032,0.04093059543239724,1.1996865681973659,0.8691445520506326,0.7896090335368473,1.0645954326269282,0.006124295653173301,0.0014759441943631236,-2725.5260807428617
0.00399151911996436,-0.0024673205823622585,0.003346547559536574,0.026583663635165032,0.04093059543239724,1.1996865681973659,0.8691445520506326,0.7896090335368473,1.0645954326269282,0.006124295653173301,0.0014759441943631236,-2725.5260807428617
0.00399151911996436,-0.0024673205823622585,0.003346547559536574,0.026583663635165032,0.04093059543239724,1.1996865681973659,0.8691445520506326,0.7896090335368473,1.0645954326269282,0.006124295653173301,0.0014759441943631236,-2725.5260807428617
0.00399151911996436,-0.0024673205823622585,0.003346547559536574,0.026583663635165032,0.04093059543239724,1.1996865681973659,0.8691445520506326,0.7896090335368473,1.0645954326269282,0.006124295653173301,0.0014759441943631236,-2725.5260807428617
0.00399151911996436,-0.0024673205823622585,0.003346547559536574,0.026583663635165032,0.04093059543239724,1.1996865681973659,0.8691445520506326,0.7896090335368473,1.0645954326269282,0.006124295653173301,0.0014759441943631236,-2725.5260807428617
0.004786924285076386,-0.003187273696041751,0.0028867079022005934,0.02865457291583809,0.03915190793050956,1.1537258742622853,0.8503250513413119,0.8044728979515912,0.9882215824278182,0.005267254853061069,0.0014125617972905239,-2724.249298197978
0.004786924285076386,-0.003187273696041751,0.0028867079022005934,0.02865457291583809,0.03915190793050956,1.1537258742622853,0.8503250513413119,0.8044728979515912,0.9882215824278182,0.005267254853061069,0.0014125617972905239,-2724.249298197978
0.004786924285076386,-0.003187273696041751,0.0028867079022005934,0.02865457291583809,0.03915190793050956,1.1537258742622853,0.8503250513413119,0.8044728979515912,0.9882215824278182,0.005267254853061069,0.0014125617972905239,-2724.249298197978
0.004786924285076386,-0.003187273696041751,0.0028867079022005934,0.02865457291583809,0.03915190793050956,1.1537258742622853,0.8503250513413119,0.8044728979515912,0.9882215824278182,0.005267254853061069,0.0014125617972905239,-2724.249298197978
0.004786924285076386,-0.003187273696041751,0.0028867079022005934,0.02865457291583809,0.03915190793050956,1.1537258742622853,0.8503250513413119,0.8044728979515912,0.9882215824278182,0.005267254853061069,0.0014125617972905239,-2724.249298197978
0.004786924285076386,-0.003187273696041751,0.0028867079022005934,0.02865457291583809,0.03915190793050956,1.1537258742622853,0.8503250513413119,0.8044728979515912,0.9882215824278182,0.005267254853061069,0.0014125617972905239,-2724.249298197978
0.004786924285076386,-0.003187273696041751,0.0028867079022005934,0.02865457291583809,0.03915190793050956,1.1537258742622853,0.8503250513413119,0.8044728979515912,0.9882215824278182,0.005267254853061069,0.0014125617972905239,-2724.249298197978
0.004786924285076386,-0.003187273696041751,0.0028867079022005934,0.02865457291583809,0.03915190793050956,1.1537258742622853,0.8503250513413119,0.8044728979515912,0.9882215824278182,0.005267254853061069,0.0014125617972905239,-2724.249298197978
0.004786924285076386,-0.003187273696041751,0.0028867079022005934,0.02865457291583809,0.03915190793050956,1.1537258742622853,0.8503250513413119,0.8044728979515912,0.9882215824278182,0.005267254853061069,0.0014125617972905239,-2724.249298197978
0.004786924285076386,-0.003187273696041751,0.0028867079022005934,0.02865457291583809,0.03915190793050956,1.1537258742622853,0.8503250513413119,0.8044728979515912,0.9882215824278182,0.005267254853061069,0.0014125617972905239,-2724.249298197978
0.004786924285076386,-0.003187273696041751,0.0028867079022005934,0.02865457291583809,0.03915190793050956,1.1537258742622853,0.8503250513413119,0.8044728979515912,0.9882215824278182,0.005267254853061069,0.0014125617972905239,-2724.249298197978
0.005465260889695829,-0.0031919653195340066,0.002412006174728169,0.029693485201513062,0.02917580047374459,1.1021984514237944,0.8143594537829941,0.8125699893161911,0.9629507110549955,0.004713592327555262,0.0016453793574879075,-2721.6132531465855
0.005465260889695829,-0.0031919653195340066,0.002412006174728169,0.029693485201513062,0.02917580047374459,1.1021984514237944,0.8143594537829941,0.8125699893161911,0.9629507110549955,0.004713592327555262,0.0016453793574879075,-2721.6132531465855
0.005465260889695829,-0.0031919653195340066,0.002412006174728169,0.029693485201513062,0.02917580047374459,1.1021984514237944,0.8143594537829941,0.8125699893161911,0.9629507110549955,0.004713592327555262,0.0016453793574879075,-2721.6132531465855
0.005527765163172006,-0.003415682902792352,0.0018872757728917594,0.032220286571102055,0.026104092338729963,1.064839290352416,0.7974796438478111,0.788775763815766,0.9127606058078135,0.0049483489543422935,0.0016221041661152182,-2721.708115849339
0.005527765163172006,-0.003415682902792352,0.0018872757728917594,0.032220286571102055,0.026104092338729963,1.064839290352416,0.7974796438478111,0.788775763815766,0.9127606058078135,0.0049483489543422935,0.0016221041661152182,-2721.708115849339
0.004743870428667125,-0.003672718919799506,0.0021260163604614876,0.02988661715722591,0.023865043455052994,1.1083811034697675,0.8013555159966335,0.7270019435144728,0.9542099156637616,0.005519920263660254,0.0019756781651464246,-2722.0421084607806
0.004743870428667125,-0.003672718919799506,0.0021260163604614876,0.02988661715722591,0.023865043455052994,1.1083811034697675,0.8013555159966335,0.7270019435144728,0.9542099156637616,0.005519920263660254,0.0019756781651464246,-2722.0421084607806
0.005931338247710737,-0.004086384574866947,0.0017653663770767123,0.03224253101049478,0.023136948015285867,1.0275900952832386,0.7674461414840696,0.7358416344840594,0.8978354982862512,0.005288203331948919,0.0019121402782483463,-2721.311339946357
0.005931338247710737,-0.004086384574866947,0.0017653663770767123,0.03224253101049478,0.023136948015285867,1.0275900952832386,0.7674461414840696,0.7358416344840594,0.8978354982862512,0.005288203331948919,0.0019121402782483463,-2721.311339946357
0.005931338247710737,-0.004086384574866947,0.0017653663770767123,0.03224253101049478,0.023136948015285867,1.0275900952832386,0.7674461414840696,0.7358416344840594,0.8978354982862512,0.005288203331948919,0.0019121402782483463,-2721.311339946357
0.005931338247710737,-0.004086384574866947,0.0017653663770767123,0.03224253101049478,0.023136948015285867,1.0275900952832386,0.7674461414840696,0.7358416344840594,0.8978354982862512,0.005288203331948919,0.0019121402782483463,-2721.311339946357
0.005931338247710737,-0.004086384574866947,0.0017653663770767123,0.03224253101049478,0.023136948015285867,1.0275900952832386,0.7674461414840696,0.7358416344840594,0.8978354982862512,0.005288203331948919,0.0019121402782483463,-2721.311339946357
0.0056610267464303875,-0.0035736986484039782,0.0017980051537402069,0.0324163437606399,0.025879480110608734,1.0443593509403661,0.7685556319124294,0.7594394621874003,0.9078663291290747,0.004972017768995649,0.001715342219891407,-2721.2775205492508
0.0056610267464303875,-0.0035736986484039782,0.0017980051537402069,0.0324163437606399,0.025879480110608734,1.0443593509403661,0.7685556319124294,0.7594394621874003,0.9078663291290747,0.004972017768995649,0.001715342219891407,-2721.2775205492508
0.0056610267464303875,-0.0035736986484039782,0.0017980051537402069,0.0324163437606399,0.025879480110608734,1.0443593509403661,0.7685556319124294,0.7594394621874003,0.9078663291290747,0.004972017768995649,0.001715342219891407,-2721.2775205492508
0.0056610267464303875,-0.0035736986484039782,0.0017980051537402069,0.0324163437606399,0.025879480110608734,1.0443593509403661,0.7685556319124294,0.7594394621874003,0.9078663291290747,0.004972017768995649,0.001715342219891407,-2721.2775205492508
0.005458660244878422,-0.003481782841407893,0.001593497307432973,0.03272377835912817,0.02339346035034793,1.0518421076731643,0.7611897177943173,0.7507389421812822,0.9253897405036792,0.005179357840375063,0.0018353988735916634,-2721.449375035818
0.005458660244878422,-0.003481782841407893,0.001593497307432973,0.03272377835912817,0.02339346035034793,1.0518421076731643,0.7611897177943173,0.7507389421812822,0.9253897405036792,0.005179357840375063,0.0018353988735916634,-2721.449375035818
0.005458660244878422,-0.003481782841407893,0.001593497307432973,0.03272377835912817,0.02339346035034793,1.0518421076731643,0.7611897177943173,0.7507389421812822,0.9253897405036792,0.005179357840375063,0.0018353988735916634,-2721.449375035818
0.005458660244878422,-0.003481782841407893,0.001593497307432973,0.03272377835912817,0.02339346035034793,1.0518421076731643,0.7611897177943173,0.7507389421812822,0.9253897405036792,0.005179357840375063,0.0018353988735916634,-2721.449375035818
0.005458660244878422,-0.003481782841407893,0.001593497307432973,0.03272377835912817,0.02339346035034793,1.0518421076731643,0.7611897177943173,0.7507389421812822,0.9253897405036792,0.005179357840375063,0.0018353988735916634,-2721.449375035818
0.00659208287675259,-0.004017906113399813,0.0014267221922038538,0.032955182471105335,0.02235208316374363,1.0290932638345127,0.7493274682606514,0.7634518860868642,0.8977428960859245,0.006217667642544912,0.001987046812006378,-2722.3478527800326
0.00659208287675259,-0.004017906113399813,0.0014267221922038538,0.032955182471105335,0.02235208316374363,1.0290932638345127,0.7493274682606514,0.7634518860868642,0.8977428960859245,0.006217667642544912,0.001987046812006378,-2722.3478527800326
0.00659208287675259,-0.004017906113399813,0.0014267221922038538,0.032955182471105335,0.02235208316374363,1.0290932638345127,0.7493274682606514,0.7634518860868642,0.8977428960859245,0.006217667642544912,0.001987046812006378,-2722.3478527800326
0.00659208287675259,-0.004017906113399813,0.0014267221922038538,0.032955182471105335,0.02235208316374363,1.0290932638345127,0.7493274682606514,0.7634518860868642,0.8977428960859245,0.006217667642544912,0.001987046812006378,-2722.3478527800326
0.006305636430248156,-0.003694222043118576,0.001588705657202801,0.03201752489330384,0.023687277335144266,1.0405990155592408,0.7592641251208883,0.7571978759092708,0.9198354443164971,0.0063227133477097444,0.001951161367018026,-2722.7729165929463
0.004608430669047937,-0.0030058142045871527,0.0019311868375841382,0.03137018079050559,0.024985926735084343,1.0657426594178652,0.7796070832611783,0.7035791765065131,0.9491125015749919,0.006074185662174101,0.0016908592330237915,-2721.541487483859
0.004608430669047937,-0.0030058142045871527,0.0019311868375841382,0.03137018079050559,0.024985926735084343,1.0657426594178652,0.7796070832611783,0.7035791765065131,0.9491125015749919,0.006074185662174101,0.0016908592330237915,-2721.541487483859
0.005574366126496538,-0.0040694828394204,0.0015639402709460713,0.033860332099974036,0.02292972808931612,0.9838429826639203,0.736335273871203,0.6572405156475746,0.877458154481763,0.006567542190100937,0.0019054607386062483,-2722.37791383813
0.004313341282649945,-0.0029881967255313254,0.0017143287804243625,0.03279673200263389,0.027168317411491477,1.0719120381124583,0.7568856671478916,0.7085355630162251,0.9460488249253753,0.0044751562551492595,0.0016828886450699185,-2722.982078747796
0.004313341282649945,-0.0029881967255313254,0.0017143287804243625,0.03279673200263389,0.027168317411491477,1.0719120381124583,0.7568856671478916,0.7085355630162251,0.9460488249253753,0.0044751562551492595,0.0016828886450699185,-2722.982078747796
0.004313341282649945,-0.0029881967255313254,0.0017143287804243625,0.03279673200263389,0.027168317411491477,1.0719120381124583,0.7568856671478916,0.7085355630162251,0.9460488249253753,0.0044751562551492595,0.0016828886450699185,-2722.982078747796
0.004313341282649945,-0.0029881967255313254,0.0017143287804243625,0.03279673200263389,0.027168317411491477,1.0719120381124583,0.7568856671478916,0.7085355630162251,0.9460488249253753,0.0044751562551492595,0.0016828886450699185,-2722.982078747796
0.004313341282649945,-0.0029881967255313254,0.0017143287804243625,0.03279673200263389,0.027168317411491477,1.0719120381124583,0.7568856671478916,0.7085355630162251,0.9460488249253753,0.0044751562551492595,0.0016828886450699185,-2722.982078747796
0.004313341282649945,-0.0029881967255313254,0.0017143287804243625,0.03279673200263389,0.027168317411491477,1.0719120381124583,0.7568856671478916,0.7085355630162251,0.9460488249253753,0.0044751562551492595,0.0016828886450699185,-2722.982078747796
0.004313341282649945,-0.0029881967255313254,0.0017143287804243625,0.03279673200263389,0.027168317411491477,1.0719120381124583,0.7568856671478916,0.7085355630162251,0.9460488249253753,0.0044751562551492595,0.0016828886450699185,-2722.982078747796
0.004313341282649945,-0.0029881967255313254,0.0017143287804243625,0.03279673200263389,0.027168317411491477,1.0719120381124583,0.7568856671478916,0.7085355630162251,0.9460488249253753,0.0044751562551492595,0.0016828886450699185,-2722.982078747796
0.004313341282649945,-0.0029881967255313254,0.0017143287804243625,0.03279673200263389,0.027168317411491477,1.0719120381124583,0.7568856671478916,0.7085355630162251,0.9460488249253753,0.0044751562551492595,0.0016828886450699185,-2722.982078747796
0.004313341282649945,-0.0029881967255313254,0.0017143287804243625,0.03279673200263389,0.027168317411491477,1.0719120381124583,0.7568856671478916,0.7085355630162251,0.9460488249253753,0.0044751562551492595,0.0016828886450699185,-2722.982078747796
0.004313341282649945,-0.0029881967255313254,0.0017143287804243625,0.03279673200263389,0.027168317411491477,1.0719120381124583,0.7568856671478916,0.7085355630162251,0.9460488249253753,0.0044751562551492595,0.0016828886450699185,-2722.982078747796
0.004313341282649945,-0.0029881967255313254,0.0017143287804243625,0.03279673200263389,0.027168317411491477,1.0719120381124583,0.7568856671478916,0.7085355630162251,0.9460488249253753,0.0044751562551492595,0.0016828886450699185,-2722.982078747796
0.0053840329293906326,-0.003541827623164056,0.0016300520434369811,0.03262821724558583,0.026345363335766266,1.0575329600811374,0.7512706915663594,0.6762831949013428,0.9207189081092179,0.005966530967096465,0.0019634552026232596,-2723.7420524910485
0.0053840329293906326,-0.003541827623164056,0.0016300520434369811,0.03262821724558583,0.026345363335766266,1.0575329600811374,0.7512706915663594,0.6762831949013428,0.9207189081092179,0.005966530967096465,0.0019634552026232596,-2723.7420524910485
0.0053840329293906326,-0.003541827623164056,0.0016300520434369811,0.03262821724558583,0.026345363335766266,1.0575329600811374,0.7512706915663594,0.6762831949013428,0.9207189081092179,0.005966530967096465,0.0019634552026232596,-2723.7420524910485
0.0053840329293906326,-0.003541827623164056,0.0016300520434369811,0.03262821724558583,0.026345363335766266,1.0575329600811374,0.7512706915663594,0.6762831949013428,0.9207189081092179,0.005966530967096465,0.0019634552026232596,-2723.7420524910485
0.0053840329293906326,-0.003541827623164056,0.0016300520434369811,0.03262821724558583,0.026345363335766266,1.0575329600811374,0.7512706915663594,0.6762831949013428,0.9207189081092179,0.005966530967096465,0.0019634552026232596,-2723.7420524910485
0.00555864284103769,-0.0034873172466236184,0.0012834465043933523,0.03554324540131373,0.027029008340941664,1.0106939875229708,0.747037746540732,0.7187017846124057,0.8992888473778367,0.006008894610577187,0.0015074504060975256,-2724.776821028869
0.00555864284103769,-0.0034873172466236184,0.0012834465043933523,0.03554324540131373,0.027029008340941664,1.0106939875229708,0.747037746540732,0.7187017846124057,0.8992888473778367,0.006008894610577187,0.0015074504060975256,-2724.776821028869
0.00555864284103769,-0.0034873172466236184,0.0012834465043933523,0.03554324540131373,0.027029008340941664,1.0106939875229708,0.747037746540732,0.7187017846124057,0.8992888473778367,0.006008894610577187,0.0015074504060975256,-2724.776821028869
0.00555864284103769,-0.0034873172466236184,0.0012834465043933523,0.03554324540131373,0.027029008340941664,1.0106939875229708,0.747037746540732,0.7187017846124057,0.8992888473778367,0.006008894610577187,0.0015074504060975256,-2724.776821028869
0.00555864284103769,-0.0034873172466236184,0.0012834465043933523,0.03554324540131373,0.027029008340941664,1.0106939875229708,0.747037746540732,0.7187017846124057,0.8992888473778367,0.006008894610577187,0.0015074504060975256,-2724.776821028869
0.004759968453055983,-0.0035341985622623136,0.001100794512435581,0.03366231799584297,0.02168923756883646,1.0345400306475339,0.792019377452871,0.7197821057125109,0.9352339383952857,0.006798903024575032,0.0017173558092410729,-2722.4904124051272
0.004759968453055983,-0.0035341985622623136,0.001100794512435581,0.03366231799584297,0.02168923756883646,1.0345400306475339,0.792019377452871,0.7197821057125109,0.9352339383952857,0.006798903024575032,0.0017173558092410729,-2722.4904124051272
0.004759968453055983,-0.0035341985622623136,0.001100794512435581,0.03366231799584297,0.02168923756883646,1.0345400306475339,0.792019377452871,0.7197821057125109,0.9352339383952857,0.006798903024575032,0.0017173558092410729,-2722.4904124051272
0.004759968453055983,-0.0035341985622623136,0.001100794512435581,0.03366231799584297,0.02168923756883646,1.0345400306475339,0.792019377452871,0.7197821057125109,0.9352339383952857,0.006798903024575032,0.0017173558092410729,-2722.4904124051272
0.004759968453055983,-0.0035341985622623136,0.001100794512435581,0.03366231799584297,0.02168923756883646,1.0345400306475339,0.792019377452871,0.7197821057125109,0.9352339383952857,0.006798903024575032,0.0017173558092410729,-2722.4904124051272
0.004759968453055983,-0.0035341985622623136,0.001100794512435581,0.03366231799584297,0.02168923756883646,1.0345400306475339,0.792019377452871,0.7197821057125109,0.9352339383952857,0.006798903024575032,0.0017173558092410729,-2722.4904124051272
0.004759968453055983,-0.0035341985622623136,0.001100794512435581,0.03366231799584297,0.02168923756883646,1.0345400306475339,0.792019377452871,0.7197821057125109,0.9352339383952857,0.006798903024575032,0.0017173558092410729,-2722.4904124051272
0.004759968453055983,-0.0035341985622623136,0.001100794512435581,0.03366231799584297,0.02168923756883646,1.0345400306475339,0.792019377452871,0.7197821057125109,0.9352339383952857,0.006798903024575032,0.0017173558092410729,-2722.4904124051272
0.004759968453055983,-0.0035341985622623136,0.001100794512435581,0.03366231799584297,0.02168923756883646,1.0345400306475339,0.792019377452871,0.7197821057125109,0.9352339383952857,0.006798903024575032,0.0017173558092410729,-2722.4904124051272
0.005406260898216202,-0.003848523000621537,0.0009787562877098485,0.03531880388007278,0.022224635386753875,0.9924654628586258,0.765598294418635,0.7116840158264373,0.8952924431454188,0.005987374629394078,0.0017494045077911555,-2725.537899583479
0.005465096629978279,-0.003591956895479225,0.0012377672891840494,0.034629258450480746,0.02440236300916483,0.9972537533771548,0.761402439175516,0.7136062668669736,0.9051539140397569,0.004880399671804384,0.0016461297094784312,-2722.1293460056972
0.005465096629978279,-0.003591956895479225,0.0012377672891840494,0.034629258450480746,0.02440236300916483,0.9972537533771548,0.761402439175516,0.7136062668669736,0.9051539140397569,0.004880399671804384,0.0016461297094784312,-2722.1293460056972
0.005349726610543009,-0.0037966982874011812,0.0011720167881547792,0.03501782944758444,0.023924545907662235,0.9975552649428476,0.7612319199504246,0.6713671590736604,0.8900261018537144,0.006564158135817957,0.0016099999130318426,-2722.875720221645
0.005349726610543009,-0.0037966982874011812,0.0011720167881547792,0.03501782944758444,0.023924545907662235,0.9975552649428476,0.7612319199504246,0.6713671590736604,0.8900261018537144,0.006564158135817957,0.0016099999130318426,-2722.875720221645
0.004696783558346539,-0.0036386218891063804,0.0010945561744404536,0.03527037545466901,0.02232956816074835,1.002643098733923,0.7590457492505961,0.6638886403001096,0.8908482344019717,0.006601844764140254,0.0016069776597608932,-2722.7907033630513
0.004696783558346539,-0.0036386218891063804,0.0010945561744404536,0.03527037545466901,0.02232956816074835,1.002643098733923,0.7590457492505961,0.6638886403001096,0.8908482344019717,0.006601844764140254,0.0016069776597608932,-2722.7907033630513
0.004696783558346539,-0.0036386218891063804,0.0010945561744404536,0.03527037545466901,0.02232956816074835,1.002643098733923,0.7590457492505961,0.6638886403001096,0.8908482344019717,0.006601844764140254,0.0016069776597608932,-2722.7907033630513
0.004696783558346539,-0.0036386218891063804,0.0010945561744404536,0.03527037545466901,0.02232956816074835,1.002643098733923,0.7590457492505961,0.6638886403001096,0.8908482344019717,0.006601844764140254,0.0016069776597608932,-2722.7907033630513
0.004696783558346539,-0.0036386218891063804,0.0010945561744404536,0.03527037545466901,0.02232956816074835,1.002643098733923,0.7590457492505961,0.6638886403001096,0.8908482344019717,0.006601844764140254,0.0016069776597608932,-2722.7907033630513
0.004696783558346539,-0.0036386218891063804,0.0010945561744404536,0.03527037545466901,0.02232956816074835,1.002643098733923,0.7590457492505961,0.6638886403001096,0.8908482344019717,0.006601844764140254,0.0016069776597608932,-2722.7907033630513
0.005545415595355723,-0.0037800607747431247,0.0012164730371736021,0.034347412883344024,0.024068775994109403,1.0129735953004233,0.7520122070945672,0.6860440248225267,0.9032235484810367,0.007882103050022155,0.0017240033407068612,-2722.0655845729743
0.005545415595355723,-0.0037800607747431247,0.0012164730371736021,0.034347412883344024,0.024068775994109403,1.0129735953004233,0.7520122070945672,0.6860440248225267,0.9032235484810367,0.007882103050022155,0.0017240033407068612,-2722.0655845729743
0.005545415595355723,-0.0037800607747431247,0.0012164730371736021,0.034347412883344024,0.024068775994109403,1.0129735953004233,0.7520122070945672,0.6860440248225267,0.9032235484810367,0.007882103050022155,0.0017240033407068612,-2722.0655845729743
0.005545415595355723,-0.0037800607747431247,0.0012164730371736021,0.034347412883344024,0.024068775994109403,1.0129735953004233,0.7520122070945672,0.6860440248225267,0.9032235484810367,0.007882103050022155,0.0017240033407068612,-2722.0655845729743
0.005545415595355723,-0.0037800607747431247,0.0012164730371736021,0.034347412883344024,0.024068775994109403,1.0129735953004233,0.7520122070945672,0.6860440248225267,0.9032235484810367,0.007882103050022155,0.0017240033407068612,-2722.0655845729743
0.005536380108534878,-0.003684257706419623,0.0009631799347406835,0.03566598762073251,0.022962339002495013,1.0146430656980951,0.760106251399418,0.7060518771028484,0.8902914471380987,0.0067215210692108665,0.0016130608003976058,-2723.1540689031553
0.005536380108534878,-0.003684257706419623,0.0009631799347406835,0.03566598762073251,0.022962339002495013,1.0146430656980951,0.760106251399418,0.7060518771028484,0.8902914471380987,0.0067215210692108665,0.0016130608003976058,-2723.1540689031553
0.005536380108534878,-0.003684257706419623,0.0009631799347406835,0.03566598762073251,0.022962339002495013,1.0146430656980951,0.760106251399418,0.7060518771028484,0.8902914471380987,0.0067215210692108665,0.0016130608003976058,-2723.1540689031553
0.005536380108534878,-0.003684257706419623,0.0009631799347406835,0.03566598762073251,0.022962339002495013,1.0146430656980951,0.760106251399418,0.7060518771028484,0.8902914471380987,0.0067215210692108665,0.0016130608003976058,-2723.1540689031553
0.007472352397419441,-0.0041415941682090285,0.000927151228782668,0.03322771499314715,0.023844961074057952,1.045378344295417,0.7887782145231382,0.7897055909309467,0.9052192091529434,0.007833330611410495,0.0019529494243950242,-2723.015981379332
0.007472352397419441,-0.0041415941682090285,0.000927151228782668,0.03322771499314715,0.023844961074057952,1.045378344295417,0.7887782145231382,0.7897055909309467,0.9052192091529434,0.007833330611410495,0.0019529494243950242,-2723.015981379332
0.007472352397419441,-0.0041415941682090285,0.000927151228782668,0.03322771499314715,0.023844961074057952,1.045378344295417,0.7887782145231382,0.7897055909309467,0.9052192091529434,0.007833330611410495,0.0019529494243950242,-2723.015981379332
0.005673041512036174,-0.003601768073762386,0.0009944356585991105,0.03239803239960308,0.02496040868543124,1.11916547384201,0.8084911649498663,0.7308620674631827,0.9553135383746332,0.009588977789017258,0.0017045767155658299,-2722.9869972991437
0.006407172802375417,-0.0037137744616343622,0.0008832045373840605,0.031952405234882186,0.023358378666401516,1.118235067874775,0.8296839202933072,0.7545378653138203,0.9602639589520485,0.00987548732822192,0.0018129278871480779,-2722.5939691757635
0.006407172802375417,-0.0037137744616343622,0.0008832045373840605,0.031952405234882186,0.023358378666401516,1.118235067874775,0.8296839202933072,0.7545378653138203,0.9602639589520485,0.00987548732822192,0.0018129278871480779,-2722.5939691757635
0.006407172802375417,-0.0037137744616343622,0.0008832045373840605,0.031952405234882186,0.023358378666401516,1.118235067874775,0.8296839202933072,0.7545378653138203,0.9602639589520485,0.00987548732822192,0.0018129278871480779,-2722.5939691757635
0.006407172802375417,-0.0037137744616343622,0.0008832045373840605,0.031952405234882186,0.023358378666401516,1.118235067874775,0.8296839202933072,0.7545378653138203,0.9602639589520485,0.00987548732822192,0.0018129278871480779,-2722.5939691757635
0.006407172802375417,-0.0037137744616343622,0.0008832045373840605,0.031952405234882186,0.023358378666401516,1.118235067874775,0.8296839202933072,0.7545378653138203,0.9602639589520485,0.00987548732822192,0.0018129278871480779,-2722.5939691757635
0.006407172802375417,-0.0037137744616343622,0.0008832045373840605,0.031952405234882186,0.023358378666401516,1.118235067874775,0.8296839202933072,0.7545378653138203,0.9602639589520485,0.00987548732822192,0.0018129278871480779,-2722.5939691757635
0.006407172802375417,-0.0037137744616343622,0.0008832045373840605,0.031952405234882186,0.023358378666401516,1.118235067874775,0.8296839202933072,0.7545378653138203,0.9602639589520485,0.00987548732822192,0.0018129278871480779,-2722.5939691757635
0.006407172802375417,-0.0037137744616343622,0.0008832045373840605,0.031952405234882186,0.023358378666401516,1.118235067874775,0.8296839202933072,0.7545378653138203,0.9602639589520485,0.00987548732822192,0.0018129278871480779,-2722.5939691757635
0.006407172802375417,-0.0037137744616343622,0.0008832045373840605,0.031952405234882186,0.023358378666401516,1.118235067874775,0.8296839202933072,0.7545378653138203,0.9602639589520485,0.00987548732822192,0.0018129278871480779,-2722.5939691757635
0.0065316891506541075,-0.004062762602651305,0.000777204783322641,0.030657667653276273,0.02132155267346443,1.1412394062106077,0.8489191775631895,0.8030345719540369,0.9748806692746791,0.008034673761208621,0.0020153601958335337,-2721.133434211985
0.0065316891506541075,-0.004062762602651305,0.000777204783322641,0.030657667653276273,0.02132155267346443,1.1412394062106077,0.8489191775631895,0.8030345719540369,0.9748806692746791,0.008034673761208621,0.0020153601958335337,-2721.133434211985
0.0065316891506541075,-0.004062762602651305,0.000777204783322641,0.030657667653276273,0.02132155267346443,1.1412394062106077,0.8489191775631895,0.8030345719540369,0.9748806692746791,0.008034673761208621,0.0020153601958335337,-2721.133434211985
0.0065316891506541075,-0.004062762602651305,0.000777204783322641,0.030657667653276273,0.02132155267346443,1.1412394062106077,0.8489191775631895,0.8030345719540369,0.9748806692746791,0.008034673761208621,0.0020153601958335337,-2721.133434211985
0.0065316891506541075,-0.004062762602651305,0.000777204783322641,0.030657667653276273,0.02132155267346443,1.1412394062106077,0.8489191775631895,0.8030345719540369,0.9748806692746791,0.008034673761208621,0.0020153601958335337,-2721.133434211985
0.0065316891506541075,-0.004062762602651305,0.000777204783322641,0.030657667653276273,0.02132155267346443,1.1412394062106077,0.8489191775631895,0.8030345719540369,0.9748806692746791,0.008034673761208621,0.0020153601958335337,-2721.133434211985
0.0065316891506541075,-0.004062762602651305,0.000777204783322641,0.030657667653276273,0.02132155267346443,1.1412394062106077,0.8489191775631895,0.8030345719540369,0.9748806692746791,0.008034673761208621,0.0020153601958335337,-2721.133434211985
0.0065316891506541075,-0.004062762602651305,0.000777204783322641,0.030657667653276273,0.02132155267346443,1.1412394062106077,0.8489191775631895,0.8030345719540369,0.9748806692746791,0.008034673761208621,0.0020153601958335337,-2721.133434211985
0.0065316891506541075,-0.004062762602651305,0.000777204783322641,0.030657667653276273,0.02132155267346443,1.1412394062106077,0.8489191775631895,0.8030345719540369,0.9748806692746791,0.008034673761208621,0.0020153601958335337,-2721.133434211985
0.0065316891506541075,-0.004062762602651305,0.000777204783322641,0.030657667653276273,0.02132155267346443,1.1412394062106077,0.8489191775631895,0.8030345719540369,0.9748806692746791,0.008034673761208621,0.0020153601958335337,-2721.133434211985
0.0065316891506541075,-0.004062762602651305,0.000777204783322641,0.030657667653276273,0.02132155267346443,1.1412394062106077,0.8489191775631895,0.8030345719540369,0.9748806692746791,0.008034673761208621,0.0020153601958335337,-2721.133434211985
0.0065316891506541075,-0.004062762602651305,0.000777204783322641,0.030657667653276273,0.02132155267346443,1.1412394062106077,0.8489191775631895,0.8030345719540369,0.9748806692746791,0.008034673761208621,0.0020153601958335337,-2721.133434211985
0.0065316891506541075,-0.004062762602651305,0.000777204783322641,0.030657667653276273,0.02132155267346443,1.1412394062106077,0.8489191775631895,0.8030345719540369,0.9748806692746791,0.008034673761208621,0.0020153601958335337,-2721.133434211985
0.0065316891506541075,-0.004062762602651305,0.000777204783322641,0.030657667653276273,0.02132155267346443,1.1412394062106077,0.8489191775631895,0.8030345719540369,0.9748806692746791,0.008034673761208621,0.0020153601958335337,-2721.133434211985
0.0065316891506541075,-0.004062762602651305,0.000777204783322641,0.030657667653276273,0.02132155267346443,1.1412394062106077,0.8489191775631895,0.8030345719540369,0.9748806692746791,0.008034673761208621,0.0020153601958335337,-2721.133434211985
0.0065316891506541075,-0.004062762602651305,0.000777204783322641,0.030657667653276273,0.02132155267346443,1.1412394062106077,0.8489191775631895,0.8030345719540369,0.9748806692746791,0.008034673761208621,0.0020153601958335337,-2721.133434211985
0.0065316891506541075,-0.004062762602651305,0.000777204783322641,0.030657667653276273,0.02132155267346443,1.1412394062106077,0.8489191775631895,0.8030345719540369,0.9748806692746791,0.008034673761208621,0.0020153601958335337,-2721.133434211985
0.0065316891506541075,-0.004062762602651305,0.000777204783322641,0.030657667653276273,0.02132155267346443,1.1412394062106077,0.8489191775631895,0.8030345719540369,0.9748806692746791,0.008034673761208621,0.0020153601958335337,-2721.133434211985
0.0065316891506541075,-0.004062762602651305,0.000777204783322641,0.030657667653276273,0.02132155267346443,1.1412394062106077,0.8489191775631895,0.8030345719540369,0.9748806692746791,0.008034673761208621,0.0020153601958335337,-2721.133434211985
0.0065316891506541075,-0.004062762602651305,0.000777204783322641,0.030657667653276273,0.02132155267346443,1.1412394062106077,0.8489191775631895,0.8030345719540369,0.9748806692746791,0.008034673761208621,0.0020153601958335337,-2721.133434211985
0.0065316891506541075,-0.004062762602651305,0.000777204783322641,0.030657667653276273,0.02132155267346443,1.1412394062106077,0.8489191775631895,0.8030345719540369,0.9748806692746791,0.008034673761208621,0.0020153601958335337,-2721.133434211985
0.0065316891506541075,-0.004062762602651305,0.000777204783322641,0.030657667653276273,0.02132155267346443,1.1412394062106077,0.8489191775631895,0.8030345719540369,0.9748806692746791,0.008034673761208621,0.0020153601958335337,-2721.133434211985
0.0065316891506541075,-0.004062762602651305,0.000777204783322641,0.030657667653276273,0.02132155267346443,1.1412394062106077,0.8489191775631895,0.8030345719540369,0.9748806692746791,0.008034673761208621,0.0020153601958335337,-2721.133434211985
0.0065316891506541075,-0.004062762602651305,0.000777204783322641,0.030657667653276273,0.02132155267346443,1.1412394062106077,0.8489191775631895,0.8030345719540369,0.9748806692746791,0.008034673761208621,0.0020153601958335337,-2721.133434211985
0.0065316891506541075,-0.004062762602651305,0.000777204783322641,0.030657667653276273,0.02132155267346443,1.1412394062106077,0.8489191775631895,0.8030345719540369,0.9748806692746791,0.008034673761208621,0.0020153601958335337,-2721.133434211985
0.0065316891506541075,-0.004062762602651305,0.000777204783322641,0.030657667653276273,0.02132155267346443,1.1412394062106077,0.8489191775631895,0.8030345719540369,0.9748806692746791,0.008034673761208621,0.0020153601958335337,-2721.133434211985
0.0065316891506541075,-0.004062762602651305,0.000777204783322641,0.030657667653276273,0.02132155267346443,1.1412394062106077,0.8489191775631895,0.8030345719540369,0.9748806692746791,0.008034673761208621,0.0020153601958335337,-2721.133434211985
0.006859362465225583,-0.0040722509851187395,0.0008787760508387905,0.029796352433503655,0.021471481693522285,1.159256504241112,0.8323340810158031,0.7737730923928253,0.9886284271770093,0.009162032703289844,0.0023413314733070722,-2722.2065344105577
0.006859362465225583,-0.0040722509851187395,0.0008787760508387905,0.029796352433503655,0.021471481693522285,1.159256504241112,0.8323340810158031,0.7737730923928253,0.9886284271770093,0.009162032703289844,0.0023413314733070722,-2722.2065344105577
0.006859362465225583,-0.0040722509851187395,0.0008787760508387905,0.029796352433503655,0.021471481693522285,1.159256504241112,0.8323340810158031,0.7737730923928253,0.9886284271770093,0.009162032703289844,0.0023413314733070722,-2722.2065344105577
0.007414023420314476,-0.004530881580459004,0.0009964694730438322,0.03073216322095767,0.022749241296628434,1.1039227813258512,0.8186777162239175,0.7969866431644298,0.9415620667315605,0.008045382731898651,0.002214599702766931,-2721.485718857548
0.007414023420314476,-0.004530881580459004,0.0009964694730438322,0.03073216322095767,0.022749241296628434,1.1039227813258512,0.8186777162239175,0.7969866431644298,0.9415620667315605,0.008045382731898651,0.002214599702766931,-2721.485718857548
0.007414023420314476,-0.004530881580459004,0.0009964694730438322,0.03073216322095767,0.022749241296628434,1.1039227813258512,0.8186777162239175,0.7969866431644298,0.9415620667315605,0.008045382731898651,0.002214599702766931,-2721.485718857548
0.007414023420314476,-0.004530881580459004,0.0009964694730438322,0.03073216322095767,0.022749241296628434,1.1039227813258512,0.8186777162239175,0.7969866431644298,0.9415620667315605,0.008045382731898651,0.002214599702766931,-2721.485718857548
0.007414023420314476,-0.004530881580459004,0.0009964694730438322,0.03073216322095767,0.022749241296628434,1.1039227813258512,0.8186777162239175,0.7969866431644298,0.9415620667315605,0.008045382731898651,0.002214599702766931,-2721.485718857548
0.007414023420314476,-0.004530881580459004,0.0009964694730438322,0.03073216322095767,0.022749241296628434,1.1039227813258512,0.8186777162239175,0.7969866431644298,0.9415620667315605,0.008045382731898651,0.002214599702766931,-2721.485718857548
0.007414023420314476,-0.004530881580459004,0.0009964694730438322,0.03073216322095767,0.022749241296628434,1.1039227813258512,0.8186777162239175,0.7969866431644298,0.9415620667315605,0.008045382731898651,0.002214599702766931,-2721.485718857548
0.007414023420314476,-0.004530881580459004,0.0009964694730438322,0.03073216322095767,0.022749241296628434,1.1039227813258512,0.8186777162239175,0.7969866431644298,0.9415620667315605,0.008045382731898651,0.002214599702766931,-2721.485718857548
0.007414023420314476,-0.004530881580459004,0.0009964694730438322,0.03073216322095767,0.022749241296628434,1.1039227813258512,0.8186777162239175,0.7969866431644298,0.9415620667315605,0.008045382731898651,0.002214599702766931,-2721.485718857548
0.007414023420314476,-0.004530881580459004,0.0009964694730438322,0.03073216322095767,0.022749241296628434,1.1039227813258512,0.8186777162239175,0.7969866431644298,0.9415620667315605,0.008045382731898651,0.002214599702766931,-2721.485718857548
0.007414023420314476,-0.004530881580459004,0.0009964694730438322,0.03073216322095767,0.022749241296628434,1.1039227813258512,0.8186777162239175,0.7969866431644298,0.9415620667315605,0.008045382731898651,0.002214599702766931,-2721.485718857548
0.007414023420314476,-0.004530881580459004,0.0009964694730438322,0.03073216322095767,0.022749241296628434,1.1039227813258512,0.8186777162239175,0.7969866431644298,0.9415620667315605,0.008045382731898651,0.002214599702766931,-2721.485718857548
0.007414023420314476,-0.004530881580459004,0.0009964694730438322,0.03073216322095767,0.022749241296628434,1.1039227813258512,0.8186777162239175,0.7969866431644298,0.9415620667315605,0.008045382731898651,0.002214599702766931,-2721.485718857548
0.007414023420314476,-0.004530881580459004,0.0009964694730438322,0.03073216322095767,0.022749241296628434,1.1039227813258512,0.8186777162239175,0.7969866431644298,0.9415620667315605,0.008045382731898651,0.002214599702766931,-2721.485718857548
0.007414023420314476,-0.004530881580459004,0.0009964694730438322,0.03073216322095767,0.022749241296628434,1.1039227813258512,0.8186777162239175,0.7969866431644298,0.9415620667315605,0.008045382731898651,0.002214599702766931,-2721.485718857548
0.007414023420314476,-0.004530881580459004,0.0009964694730438322,0.03073216322095767,0.022749241296628434,1.1039227813258512,0.8186777162239175,0.7969866431644298,0.9415620667315605,0.008045382731898651,0.002214599702766931,-2721.485718857548
0.007414023420314476,-0.004530881580459004,0.0009964694730438322,0.03073216322095767,0.022749241296628434,1.1039227813258512,0.8186777162239175,0.7969866431644298,0.9415620667315605,0.008045382731898651,0.002214599702766931,-2721.485718857548
0.007414023420314476,-0.004530881580459004,0.0009964694730438322,0.03073216322095767,0.022749241296628434,1.1039227813258512,0.8186777162239175,0.7969866431644298,0.9415620667315605,0.008045382731898651,0.002214599702766931,-2721.485718857548
0.0060178184285060755,-0.0037265109387489767,0.001008937060626119,0.031894186757058365,0.022759175687662746,1.0993436589511965,0.8209296222918037,0.832613999165067,0.9699224560818834,0.00706780062241883,0.0018530938354761703,-2720.9101221438295
0.0060178184285060755,-0.0037265109387489767,0.001008937060626119,0.031894186757058365,0.022759175687662746,1.0993436589511965,0.8209296222918037,0.832613999165067,0.9699224560818834,0.00706780062241883,0.0018530938354761703,-2720.9101221438295
0.003440094744479134,-0.002449829635387319,0.0013439795482895322,0.029625031974345486,0.022056921700945805,1.229185520837436,0.8331432443315929,0.7449889997483332,1.0621077244959722,0.00342993195463579,0.0017615709952953716,-2725.3168711661187
0.005422715018116166,-0.0035421966898349358,0.0010760780979755,0.031012402429771515,0.021649525693746702,1.1302585809468193,0.8154031706235644,0.7703630971479494,0.980689095395654,0.004619983587463241,0.0020304869833883974,-2721.1158197164737
0.005422715018116166,-0.0035421966898349358,0.0010760780979755,0.031012402429771515,0.021649525693746702,1.1302585809468193,0.8154031706235644,0.7703630971479494,0.980689095395654,0.004619983587463241,0.0020304869833883974,-2721.1158197164737
0.005422715018116166,-0.0035421966898349358,0.0010760780979755,0.031012402429771515,0.021649525693746702,1.1302585809468193,0.8154031706235644,0.7703630971479494,0.980689095395654,0.004619983587463241,0.0020304869833883974,-2721.1158197164737
0.004584227968878465,-0.003780387326755919,0.001176242084926289,0.029962017028414736,0.021416451925517128,1.1189716012087056,0.8284101747397827,0.733449672403634,0.9970070549594321,0.00752441539850752,0.0020348030577534756,-2725.101295657004
0.004584227968878465,-0.003780387326755919,0.001176242084926289,0.029962017028414736,0.021416451925517128,1.1189716012087056,0.8284101747397827,0.733449672403634,0.9970070549594321,0.00752441539850752,0.0020348030577534756,-2725.101295657004
0.004584227968878465,-0.003780387326755919,0.001176242084926289,0.029962017028414736,0.021416451925517128,1.1189716012087056,0.8284101747397827,0.733449672403634,0.9970070549594321,0.00752441539850752,0.0020348030577534756,-2725.101295657004
0.004584227968878465,-0.003780387326755919,0.001176242084926289,0.029962017028414736,0.021416451925517128,1.1189716012087056,0.8284101747397827,0.733449672403634,0.9970070549594321,0.00752441539850752,0.0020348030577534756,-2725.101295657004
0.004584227968878465,-0.003780387326755919,0.001176242084926289,0.029962017028414736,0.021416451925517128,1.1189716012087056,0.8284101747397827,0.733449672403634,0.9970070549594321,0.00752441539850752,0.0020348030577534756,-2725.101295657004
0.004584227968878465,-0.003780387326755919,0.001176242084926289,0.029962017028414736,0.021416451925517128,1.1189716012087056,0.8284101747397827,0.733449672403634,0.9970070549594321,0.00752441539850752,0.0020348030577534756,-2725.101295657004
0.004584227968878465,-0.003780387326755919,0.001176242084926289,0.029962017028414736,0.021416451925517128,1.1189716012087056,0.8284101747397827,0.733449672403634,0.9970070549594321,0.00752441539850752,0.0020348030577534756,-2725.101295657004
0.004584227968878465,-0.003780387326755919,0.001176242084926289,0.029962017028414736,0.021416451925517128,1.1189716012087056,0.8284101747397827,0.733449672403634,0.9970070549594321,0.00752441539850752,0.0020348030577534756,-2725.101295657004
0.0051316621938050245,-0.0040104596595200315,0.0007740903708680693,0.03230563101901698,0.02060691422184686,1.0727051046423917,0.8018574857796942,0.7452948075785377,0.9606978728409886,0.006008794698745327,0.0019443163005044364,-2724.860451176938
0.0051316621938050245,-0.0040104596595200315,0.0007740903708680693,0.03230563101901698,0.02060691422184686,1.0727051046423917,0.8018574857796942,0.7452948075785377,0.9606978728409886,0.006008794698745327,0.0019443163005044364,-2724.860451176938
0.0051316621938050245,-0.0040104596595200315,0.0007740903708680693,0.03230563101901698,0.02060691422184686,1.0727051046423917,0.8018574857796942,0.7452948075785377,0.9606978728409886,0.006008794698745327,0.0019443163005044364,-2724.860451176938
0.0056531323248653065,-0.004108630218468316,0.0006034889026852976,0.03364803140646666,0.0203581334791854,1.0493174593246752,0.7741186103202116,0.7043398666267906,0.9360066778016821,0.006330010244643697,0.002141615763313497,-2724.786390954701
0.0056531323248653065,-0.004108630218468316,0.0006034889026852976,0.03364803140646666,0.0203581334791854,1.0493174593246752,0.7741186103202116,0.7043398666267906,0.9360066778016821,0.006330010244643697,0.002141615763313497,-2724.786390954701
0.004736216029011735,-0.0030443902027125613,0.0005919018024554486,0.03247910170036855,0.020385308705239198,1.1446758830984771,0.8176877427834199,0.7820417673796629,1.0288650193376456,0.005109879177375011,0.0017252141319358137,-2723.7586366291134
0.004736216029011735,-0.0030443902027125613,0.0005919018024554486,0.03247910170036855,0.020385308705239198,1.1446758830984771,0.8176877427834199,0.7820417673796629,1.0288650193376456,0.005109879177375011,0.0017252141319358137,-2723.7586366291134
0.004736216029011735,-0.0030443902027125613,0.0005919018024554486,0.03247910170036855,0.020385308705239198,1.1446758830984771,0.8176877427834199,0.7820417673796629,1.0288650193376456,0.005109879177375011,0.0017252141319358137,-2723.7586366291134
0.004736216029011735,-0.0030443902027125613,0.0005919018024554486,0.03247910170036855,0.020385308705239198,1.1446758830984771,0.8176877427834199,0.7820417673796629,1.0288650193376456,0.005109879177375011,0.0017252141319358137,-2723.7586366291134
0.006294924894422021,-0.003683066979246999,0.0005712684523032905,0.033216452869101555,0.020507388324235286,1.077078464680889,0.8077786004172792,0.8150751628741035,0.9757521492528262,0.005402569243822686,0.0018208479759676557,-2722.7294419344216
0.006294924894422021,-0.003683066979246999,0.0005712684523032905,0.033216452869101555,0.020507388324235286,1.077078464680889,0.8077786004172792,0.8150751628741035,0.9757521492528262,0.005402569243822686,0.0018208479759676557,-2722.7294419344216
0.006294924894422021,-0.003683066979246999,0.0005712684523032905,0.033216452869101555,0.020507388324235286,1.077078464680889,0.8077786004172792,0.8150751628741035,0.9757521492528262,0.005402569243822686,0.0018208479759676557,-2722.7294419344216
0.006294924894422021,-0.003683066979246999,0.0005712684523032905,0.033216452869101555,0.020507388324235286,1.077078464680889,0.8077786004172792,0.8150751628741035,0.9757521492528262,0.005402569243822686,0.0018208479759676557,-2722.7294419344216
0.006294924894422021,-0.003683066979246999,0.0005712684523032905,0.033216452869101555,0.020507388324235286,1.077078464680889,0.8077786004172792,0.8150751628741035,0.9757521492528262,0.005402569243822686,0.0018208479759676557,-2722.7294419344216
0.006294924894422021,-0.003683066979246999,0.0005712684523032905,0.033216452869101555,0.020507388324235286,1.077078464680889,0.8077786004172792,0.8150751628741035,0.9757521492528262,0.005402569243822686,0.0018208479759676557,-2722.7294419344216
0.006294924894422021,-0.003683066979246999,0.0005712684523032905,0.033216452869101555,0.020507388324235286,1.077078464680889,0.8077786004172792,0.8150751628741035,0.9757521492528262,0.005402569243822686,0.0018208479759676557,-2722.7294419344216
0.006294924894422021,-0.003683066979246999,0.0005712684523032905,0.033216452869101555,0.020507388324235286,1.077078464680889,0.8077786004172792,0.8150751628741035,0.9757521492528262,0.005402569243822686,0.0018208479759676557,-2722.7294419344216
0.007556451893821757,-0.004301737241988408,0.0007406930092312478,0.030758650202716196,0.02074953451014881,1.1069223160455224,0.8204894695042126,0.8624107290870981,0.9891287308515045,0.008077320838474723,0.00222762959187809,-2722.234409988059
0.007556451893821757,-0.004301737241988408,0.0007406930092312478,0.030758650202716196,0.02074953451014881,1.1069223160455224,0.8204894695042126,0.8624107290870981,0.9891287308515045,0.008077320838474723,0.00222762959187809,-2722.234409988059
0.007556451893821757,-0.004301737241988408,0.0007406930092312478,0.030758650202716196,0.02074953451014881,1.1069223160455224,0.8204894695042126,0.8624107290870981,0.9891287308515045,0.008077320838474723,0.00222762959187809,-2722.234409988059
0.007556451893821757,-0.004301737241988408,0.0007406930092312478,0.030758650202716196,0.02074953451014881,1.1069223160455224,0.8204894695042126,0.8624107290870981,0.9891287308515045,0.008077320838474723,0.00222762959187809,-2722.234409988059
0.00534462138073025,-0.0032754114071626384,0.0009434401375820723,0.02939640203303463,0.020648574919206977,1.2072591568864692,0.8767532535611537,0.8726955192431751,1.0824449336365165,0.00621931699234499,0.0017736849995887466,-2721.0348417202135
0.00534462138073025,-0.0032754114071626384,0.0009434401375820723,0.02939640203303463,0.020648574919206977,1.2072591568864692,0.8767532535611537,0.8726955192431751,1.0824449336365165,0.00621931699234499,0.0017736849995887466,-2721.0348417202135
0.00534462138073025,-0.0032754114071626384,0.0009434401375820723,0.02939640203303463,0.020648574919206977,1.2072591568864692,0.8767532535611537,0.8726955192431751,1.0824449336365165,0.00621931699234499,0.0017736849995887466,-2721.0348417202135
0.00534462138073025,-0.0032754114071626384,0.0009434401375820723,0.02939640203303463,0.020648574919206977,1.2072591568864692,0.8767532535611537,0.8726955192431751,1.0824449336365165,0.00621931699234499,0.0017736849995887466,-2721.0348417202135
0.00534462138073025,-0.0032754114071626384,0.0009434401375820723,0.02939640203303463,0.020648574919206977,1.2072591568864692,0.8767532535611537,0.8726955192431751,1.0824449336365165,0.00621931699234499,0.0017736849995887466,-2721.0348417202135
0.00534462138073025,-0.0032754114071626384,0.0009434401375820723,0.02939640203303463,0.020648574919206977,1.2072591568864692,0.8767532535611537,0.8726955192431751,1.0824449336365165,0.00621931699234499,0.0017736849995887466,-2721.0348417202135
0.00534462138073025,-0.0032754114071626384,0.0009434401375820723,0.02939640203303463,0.020648574919206977,1.2072591568864692,0.8767532535611537,0.8726955192431751,1.0824449336365165,0.00621931699234499,0.0017736849995887466,-2721.0348417202135
0.00534462138073025,-0.0032754114071626384,0.0009434401375820723,0.02939640203303463,0.020648574919206977,1.2072591568864692,0.8767532535611537,0.8726955192431751,1.0824449336365165,0.00621931699234499,0.0017736849995887466,-2721.0348417202135
0.00534462138073025,-0.0032754114071626384,0.0009434401375820723,0.02939640203303463,0.020648574919206977,1.2072591568864692,0.8767532535611537,0.8726955192431751,1.0824449336365165,0.00621931699234499,0.0017736849995887466,-2721.0348417202135
0.00534462138073025,-0.0032754114071626384,0.0009434401375820723,0.02939640203303463,0.020648574919206977,1.2072591568864692,0.8767532535611537,0.8726955192431751,1.0824449336365165,0.00621931699234499,0.0017736849995887466,-2721.0348417202135
0.00539897009145225,-0.003089443250893181,0.0012015706768066286,0.028132695201360487,0.02149668959876428,1.246131326919532,0.8973587637092391,0.8604907100495853,1.1275747641624712,0.0077489699693574065,0.0018824944926845717,-2720.1520175672576
0.00539897009145225,-0.003089443250893181,0.0012015706768066286,0.028132695201360487,0.02149668959876428,1.246131326919532,0.8973587637092391,0.8604907100495853,1.1275747641624712,0.0077489699693574065,0.0018824944926845717,-2720.1520175672576
0.00539897009145225,-0.003089443250893181,0.0012015706768066286,0.028132695201360487,0.02149668959876428,1.246131326919532,0.8973587637092391,0.8604907100495853,1.1275747641624712,0.0077489699693574065,0.0018824944926845717,-2720.1520175672576
0.00539897009145225,-0.003089443250893181,0.0012015706768066286,0.028132695201360487,0.02149668959876428,1.246131326919532,0.8973587637092391,0.8604907100495853,1.1275747641624712,0.0077489699693574065,0.0018824944926845717,-2720.1520175672576
0.00539897009145225,-0.003089443250893181,0.0012015706768066286,0.028132695201360487,0.02149668959876428,1.246131326919532,0.8973587637092391,0.8604907100495853,1.1275747641624712,0.0077489699693574065,0.0018824944926845717,-2720.1520175672576
0.00539897009145225,-0.003089443250893181,0.0012015706768066286,0.028132695201360487,0.02149668959876428,1.246131326919532,0.8973587637092391,0.8604907100495853,1.1275747641624712,0.0077489699693574065,0.0018824944926845717,-2720.1520175672576
0.00539897009145225,-0.003089443250893181,0.0012015706768066286,0.028132695201360487,0.02149668959876428,1.246131326919532,0.8973587637092391,0.8604907100495853,1.1275747641624712,0.0077489699693574065,0.0018824944926845717,-2720.1520175672576
0.00539897009145225,-0.003089443250893181,0.0012015706768066286,0.028132695201360487,0.02149668959876428,1.246131326919532,0.8973587637092391,0.8604907100495853,1.1275747641624712,0.0077489699693574065,0.0018824944926845717,-2720.1520175672576
0.00539897009145225,-0.003089443250893181,0.0012015706768066286,0.028132695201360487,0.02149668959876428,1.246131326919532,0.8973587637092391,0.8604907100495853,1.1275747641624712,0.0077489699693574065,0.0018824944926845717,-2720.1520175672576
0.00539897009145225,-0.003089443250893181,0.0012015706768066286,0.028132695201360487,0.02149668959876428,1.246131326919532,0.8973587637092391,0.8604907100495853,1.1275747641624712,0.0077489699693574065,0.0018824944926845717,-2720.1520175672576
0.00539897009145225,-0.003089443250893181,0.0012015706768066286,0.028132695201360487,0.02149668959876428,1.246131326919532,0.8973587637092391,0.8604907100495853,1.1275747641624712,0.0077489699693574065,0.0018824944926845717,-2720.1520175672576
0.00539897009145225,-0.003089443250893181,0.0012015706768066286,0.028132695201360487,0.02149668959876428,1.246131326919532,0.8973587637092391,0.8604907100495853,1.1275747641624712,0.0077489699693574065,0.0018824944926845717,-2720.1520175672576
0.00539897009145225,-0.003089443250893181,0.0012015706768066286,0.028132695201360487,0.02149668959876428,1.246131326919532,0.8973587637092391,0.8604907100495853,1.1275747641624712,0.0077489699693574065,0.0018824944926845717,-2720.1520175672576
0.00539897009145225,-0.003089443250893181,0.0012015706768066286,0.028132695201360487,0.02149668959876428,1.246131326919532,0.8973587637092391,0.8604907100495853,1.1275747641624712,0.0077489699693574065,0.0018824944926845717,-2720.1520175672576
0.00539897009145225,-0.003089443250893181,0.0012015706768066286,0.028132695201360487,0.02149668959876428,1.246131326919532,0.8973587637092391,0.8604907100495853,1.1275747641624712,0.0077489699693574065,0.0018824944926845717,-2720.1520175672576
0.00539897009145225,-0.003089443250893181,0.0012015706768066286,0.028132695201360487,0.02149668959876428,1.246131326919532,0.8973587637092391,0.8604907100495853,1.1275747641624712,0.0077489699693574065,0.0018824944926845717,-2720.1520175672576
0.00539897009145225,-0.003089443250893181,0.0012015706768066286,0.028132695201360487,0.02149668959876428,1.246131326919532,0.8973587637092391,0.8604907100495853,1.1275747641624712,0.0077489699693574065,0.0018824944926845717,-2720.1520175672576
0.00539897009145225,-0.003089443250893181,0.0012015706768066286,0.028132695201360487,0.02149668959876428,1.246131326919532,0.8973587637092391,0.8604907100495853,1.1275747641624712,0.0077489699693574065,0.0018824944926845717,-2720.1520175672576
0.00539897009145225,-0.003089443250893181,0.0012015706768066286,0.028132695201360487,0.02149668959876428,1.246131326919532,0.8973587637092391,0.8604907100495853,1.1275747641624712,0.0077489699693574065,0.0018824944926845717,-2720.1520175672576
0.00539897009145225,-0.003089443250893181,0.0012015706768066286,0.028132695201360487,0.02149668959876428,1.246131326919532,0.8973587637092391,0.8604907100495853,1.1275747641624712,0.0077489699693574065,0.0018824944926845717,-2720.1520175672576
0.00539897009145225,-0.003089443250893181,0.0012015706768066286,0.028132695201360487,0.02149668959876428,1.246131326919532,0.8973587637092391,0.8604907100495853,1.1275747641624712,0.0077489699693574065,0.0018824944926845717,-2720.1520175672576
0.00539897009145225,-0.003089443250893181,0.0012015706768066286,0.028132695201360487,0.02149668959876428,1.246131326919532,0.8973587637092391,0.8604907100495853,1.1275747641624712,0.0077489699693574065,0.0018824944926845717,-2720.1520175672576
0.00539897009145225,-0.003089443250893181,0.0012015706768066286,0.028132695201360487,0.02149668959876428,1.246131326919532,0.8973587637092391,0.8604907100495853,1.1275747641624712,0.0077489699693574065,0.0018824944926845717,-2720.1520175672576
0.00539897009145225,-0.003089443250893181,0.0012015706768066286,0.028132695201360487,0.02149668959876428,1.246131326919532,0.8973587637092391,0.8604907100495853,1.1275747641624712,0.0077489699693574065,0.0018824944926845717,-2720.1520175672576
0.00539897009145225,-0.003089443250893181,0.0012015706768066286,0.028132695201360487,0.02149668959876428,1.246131326919532,0.8973587637092391,0.8604907100495853,1.1275747641624712,0.0077489699693574065,0.0018824944926845717,-2720.1520175672576
0.00539897009145225,-0.003089443250893181,0.0012015706768066286,0.028132695201360487,0.02149668959876428,1.246131326919532,0.8973587637092391,0.8604907100495853,1.1275747641624712,0.0077489699693574065,0.0018824944926845717,-2720.1520175672576
0.004357088738521267,-0.002790973143639716,0.001043862990018549,0.0304237395464084,0.020997330459965036,1.1737789758806056,0.8560568765399473,0.7772521407941463,1.077206872933141,0.0071951489640285585,0.0016250603622396463,-2720.1482797769495
0.004357088738521267,-0.002790973143639716,0.001043862990018549,0.0304237395464084,0.020997330459965036,1.1737789758806056,0.8560568765399473,0.7772521407941463,1.077206872933141,0.0071951489640285585,0.0016250603622396463,-2720.1482797769495
0.004357088738521267,-0.002790973143639716,0.001043862990018549,0.0304237395464084,0.020997330459965036,1.1737789758806056,0.8560568765399473,0.7772521407941463,1.077206872933141,0.0071951489640285585,0.0016250603622396463,-2720.1482797769495
0.004357088738521267,-0.002790973143639716,0.001043862990018549,0.0304237395464084,0.020997330459965036,1.1737789758806056,0.8560568765399473,0.7772521407941463,1.077206872933141,0.0071951489640285585,0.0016250603622396463,-2720.1482797769495
0.004357088738521267,-0.002790973143639716,0.001043862990018549,0.0304237395464084,0.020997330459965036,1.1737789758806056,0.8560568765399473,0.7772521407941463,1.077206872933141,0.0071951489640285585,0.0016250603622396463,-2720.1482797769495
0.004357088738521267,-0.002790973143639716,0.001043862990018549,0.0304237395464084,0.020997330459965036,1.1737789758806056,0.8560568765399473,0.7772521407941463,1.077206872933141,0.0071951489640285585,0.0016250603622396463,-2720.1482797769495
0.004357088738521267,-0.002790973143639716,0.001043862990018549,0.0304237395464084,0.020997330459965036,1.1737789758806056,0.8560568765399473,0.7772521407941463,1.077206872933141,0.0071951489640285585,0.0016250603622396463,-2720.1482797769495
0.004357088738521267,-0.002790973143639716,0.001043862990018549,0.0304237395464084,0.020997330459965036,1.1737789758806056,0.8560568765399473,0.7772521407941463,1.077206872933141,0.0071951489640285585,0.0016250603622396463,-2720.1482797769495
0.004357088738521267,-0.002790973143639716,0.001043862990018549,0.0304237395464084,0.020997330459965036,1.1737789758806056,0.8560568765399473,0.7772521407941463,1.077206872933141,0.0071951489640285585,0.0016250603622396463,-2720.1482797769495
0.004357088738521267,-0.002790973143639716,0.001043862990018549,0.0304237395464084,0.020997330459965036,1.1737789758806056,0.8560568765399473,0.7772521407941463,1.077206872933141,0.0071951489640285585,0.0016250603622396463,-2720.1482797769495
0.004357088738521267,-0.002790973143639716,0.001043862990018549,0.0304237395464084,0.020997330459965036,1.1737789758806056,0.8560568765399473,0.7772521407941463,1.077206872933141,0.0071951489640285585,0.0016250603622396463,-2720.1482797769495
0.004357088738521267,-0.002790973143639716,0.001043862990018549,0.0304237395464084,0.020997330459965036,1.1737789758806056,0.8560568765399473,0.7772521407941463,1.077206872933141,0.0071951489640285585,0.0016250603622396463,-2720.1482797769495
0.004357088738521267,-0.002790973143639716,0.001043862990018549,0.0304237395464084,0.020997330459965036,1.1737789758806056,0.8560568765399473,0.7772521407941463,1.077206872933141,0.0071951489640285585,0.0016250603622396463,-2720.1482797769495
0.004357088738521267,-0.002790973143639716,0.001043862990018549,0.0304237395464084,0.020997330459965036,1.1737789758806056,0.8560568765399473,0.7772521407941463,1.077206872933141,0.0071951489640285585,0.0016250603622396463,-2720.1482797769495
0.004357088738521267,-0.002790973143639716,0.001043862990018549,0.0304237395464084,0.020997330459965036,1.1737789758806056,0.8560568765399473,0.7772521407941463,1.077206872933141,0.0071951489640285585,0.0016250603622396463,-2720.1482797769495
0.004357088738521267,-0.002790973143639716,0.001043862990018549,0.0304237395464084,0.020997330459965036,1.1737789758806056,0.8560568765399473,0.7772521407941463,1.077206872933141,0.0071951489640285585,0.0016250603622396463,-2720.1482797769495
0.004425663097911842,-0.002793527905379587,0.0007665734620195087,0.03307406536955631,0.020927421533381507,1.105226768385406,0.8447719828957901,0.7567622653726492,0.9850325176706975,0.008768114314866697,0.0014391264974046125,-2721.239546520022
0.004425663097911842,-0.002793527905379587,0.0007665734620195087,0.03307406536955631,0.020927421533381507,1.105226768385406,0.8447719828957901,0.7567622653726492,0.9850325176706975,0.008768114314866697,0.0014391264974046125,-2721.239546520022
0.004425663097911842,-0.002793527905379587,0.0007665734620195087,0.03307406536955631,0.020927421533381507,1.105226768385406,0.8447719828957901,0.7567622653726492,0.9850325176706975,0.008768114314866697,0.0014391264974046125,-2721.239546520022
0.004425663097911842,-0.002793527905379587,0.0007665734620195087,0.03307406536955631,0.020927421533381507,1.105226768385406,0.8447719828957901,0.7567622653726492,0.9850325176706975,0.008768114314866697,0.0014391264974046125,-2721.239546520022
0.004425663097911842,-0.002793527905379587,0.0007665734620195087,0.03307406536955631,0.020927421533381507,1.105226768385406,0.8447719828957901,0.7567622653726492,0.9850325176706975,0.008768114314866697,0.0014391264974046125,-2721.239546520022
0.004425663097911842,-0.002793527905379587,0.0007665734620195087,0.03307406536955631,0.020927421533381507,1.105226768385406,0.8447719828957901,0.7567622653726492,0.9850325176706975,0.008768114314866697,0.0014391264974046125,-2721.239546520022
0.004425663097911842,-0.002793527905379587,0.0007665734620195087,0.03307406536955631,0.020927421533381507,1.105226768385406,0.8447719828957901,0.7567622653726492,0.9850325176706975,0.008768114314866697,0.0014391264974046125,-2721.239546520022
0.004425663097911842,-0.002793527905379587,0.0007665734620195087,0.03307406536955631,0.020927421533381507,1.105226768385406,0.8447719828957901,0.7567622653726492,0.9850325176706975,0.008768114314866697,0.0014391264974046125,-2721.239546520022
0.004425663097911842,-0.002793527905379587,0.0007665734620195087,0.03307406536955631,0.020927421533381507,1.105226768385406,0.8447719828957901,0.7567622653726492,0.9850325176706975,0.008768114314866697,0.0014391264974046125,-2721.239546520022
0.004425663097911842,-0.002793527905379587,0.0007665734620195087,0.03307406536955631,0.020927421533381507,1.105226768385406,0.8447719828957901,0.7567622653726492,0.9850325176706975,0.008768114314866697,0.0014391264974046125,-2721.239546520022
0.004425663097911842,-0.002793527905379587,0.0007665734620195087,0.03307406536955631,0.020927421533381507,1.105226768385406,0.8447719828957901,0.7567622653726492,0.9850325176706975,0.008768114314866697,0.0014391264974046125,-2721.239546520022
0.004425663097911842,-0.002793527905379587,0.0007665734620195087,0.03307406536955631,0.020927421533381507,1.105226768385406,0.8447719828957901,0.7567622653726492,0.9850325176706975,0.008768114314866697,0.0014391264974046125,-2721.239546520022
0.004425663097911842,-0.002793527905379587,0.0007665734620195087,0.03307406536955631,0.020927421533381507,1.105226768385406,0.8447719828957901,0.7567622653726492,0.9850325176706975,0.008768114314866697,0.0014391264974046125,-2721.239546520022
0.004425663097911842,-0.002793527905379587,0.0007665734620195087,0.03307406536955631,0.020927421533381507,1.105226768385406,0.8447719828957901,0.7567622653726492,0.9850325176706975,0.008768114314866697,0.0014391264974046125,-2721.239546520022
0.005215271007024328,-0.003280066337943517,0.0007309784852121624,0.032021911019612694,0.02087098057467202,1.127277687791683,0.8722090889533203,0.812057228566702,1.001286309014286,0.008621772513627278,0.0015172566046262749,-2721.510767838874
0.00513299957140655,-0.003134414718989265,0.0009247163507974314,0.02945866410532646,0.021314322789801166,1.2020067545984292,0.9214844007772132,0.8723173749756699,1.0719664681579468,0.007534629430059876,0.0017024823088333503,-2723.0182101449136
0.003772617202105196,-0.0025905913173110253,0.0008865633095134325,0.03123807436441832,0.021038972653730267,1.218166167785058,0.8904653443286247,0.8178081511560193,1.0768047799687281,0.006893840675165628,0.0013980184228580613,-2723.83817387077
0.003772617202105196,-0.0025905913173110253,0.0008865633095134325,0.03123807436441832,0.021038972653730267,1.218166167785058,0.8904653443286247,0.8178081511560193,1.0768047799687281,0.006893840675165628,0.0013980184228580613,-2723.83817387077
0.003772617202105196,-0.0025905913173110253,0.0008865633095134325,0.03123807436441832,0.021038972653730267,1.218166167785058,0.8904653443286247,0.8178081511560193,1.0768047799687281,0.006893840675165628,0.0013980184228580613,-2723.83817387077
0.00421321254149019,-0.0025044198956266283,0.0014269226460405945,0.02940721778327711,0.023436206370089977,1.2131388590186623,0.8798077617117892,0.7669996663822632,1.0805693402746617,0.008674312362940383,0.0014865260418070122,-2720.503354802452
0.003970764852863181,-0.00223195474376274,0.0013116064487759017,0.029783071757307298,0.024529178715973262,1.236407002920433,0.8978629841372499,0.7947895423749152,1.0743912630663455,0.007859243835317792,0.001373675726685372,-2719.5508931229915
0.003970764852863181,-0.00223195474376274,0.0013116064487759017,0.029783071757307298,0.024529178715973262,1.236407002920433,0.8978629841372499,0.7947895423749152,1.0743912630663455,0.007859243835317792,0.001373675726685372,-2719.5508931229915
0.003970764852863181,-0.00223195474376274,0.0013116064487759017,0.029783071757307298,0.024529178715973262,1.236407002920433,0.8978629841372499,0.7947895423749152,1.0743912630663455,0.007859243835317792,0.001373675726685372,-2719.5508931229915
0.003970764852863181,-0.00223195474376274,0.0013116064487759017,0.029783071757307298,0.024529178715973262,1.236407002920433,0.8978629841372499,0.7947895423749152,1.0743912630663455,0.007859243835317792,0.001373675726685372,-2719.5508931229915
0.003970764852863181,-0.00223195474376274,0.0013116064487759017,0.029783071757307298,0.024529178715973262,1.236407002920433,0.8978629841372499,0.7947895423749152,1.0743912630663455,0.007859243835317792,0.001373675726685372,-2719.5508931229915
0.003970764852863181,-0.00223195474376274,0.0013116064487759017,0.029783071757307298,0.024529178715973262,1.236407002920433,0.8978629841372499,0.7947895423749152,1.0743912630663455,0.007859243835317792,0.001373675726685372,-2719.5508931229915
0.003970764852863181,-0.00223195474376274,0.0013116064487759017,0.029783071757307298,0.024529178715973262,1.236407002920433,0.8978629841372499,0.7947895423749152,1.0743912630663455,0.007859243835317792,0.001373675726685372,-2719.5508931229915
0.003970764852863181,-0.00223195474376274,0.0013116064487759017,0.029783071757307298,0.024529178715973262,1.236407002920433,0.8978629841372499,0.7947895423749152,1.0743912630663455,0.007859243835317792,0.001373675726685372,-2719.5508931229915
0.003970764852863181,-0.00223195474376274,0.0013116064487759017,0.029783071757307298,0.024529178715973262,1.236407002920433,0.8978629841372499,0.7947895423749152,1.0743912630663455,0.007859243835317792,0.001373675726685372,-2719.5508931229915
0.003970764852863181,-0.00223195474376274,0.0013116064487759017,0.029783071757307298,0.024529178715973262,1.236407002920433,0.8978629841372499,0.7947895423749152,1.0743912630663455,0.007859243835317792,0.001373675726685372,-2719.5508931229915
0.003970764852863181,-0.00223195474376274,0.0013116064487759017,0.029783071757307298,0.024529178715973262,1.236407002920433,0.8978629841372499,0.7947895423749152,1.0743912630663455,0.007859243835317792,0.001373675726685372,-2719.5508931229915
0.003970764852863181,-0.00223195474376274,0.0013116064487759017,0.029783071757307298,0.024529178715973262,1.236407002920433,0.8978629841372499,0.7947895423749152,1.0743912630663455,0.007859243835317792,0.001373675726685372,-2719.5508931229915
0.003970764852863181,-0.00223195474376274,0.0013116064487759017,0.029783071757307298,0.024529178715973262,1.236407002920433,0.8978629841372499,0.7947895423749152,1.0743912630663455,0.007859243835317792,0.001373675726685372,-2719.5508931229915
0.003970764852863181,-0.00223195474376274,0.0013116064487759017,0.029783071757307298,0.024529178715973262,1.236407002920433,0.8978629841372499,0.7947895423749152,1.0743912630663455,0.007859243835317792,0.001373675726685372,-2719.5508931229915
0.003970764852863181,-0.00223195474376274,0.0013116064487759017,0.029783071757307298,0.024529178715973262,1.236407002920433,0.8978629841372499,0.7947895423749152,1.0743912630663455,0.007859243835317792,0.001373675726685372,-2719.5508931229915
0.003970764852863181,-0.00223195474376274,0.0013116064487759017,0.029783071757307298,0.024529178715973262,1.236407002920433,0.8978629841372499,0.7947895423749152,1.0743912630663455,0.007859243835317792,0.001373675726685372,-2719.5508931229915
0.003970764852863181,-0.00223195474376274,0.0013116064487759017,0.029783071757307298,0.024529178715973262,1.236407002920433,0.8978629841372499,0.7947895423749152,1.0743912630663455,0.007859243835317792,0.001373675726685372,-2719.5508931229915
0.003970764852863181,-0.00223195474376274,0.0013116064487759017,0.029783071757307298,0.024529178715973262,1.236407002920433,0.8978629841372499,0.7947895423749152,1.0743912630663455,0.007859243835317792,0.001373675726685372,-2719.5508931229915
0.003970764852863181,-0.00223195474376274,0.0013116064487759017,0.029783071757307298,0.024529178715973262,1.236407002920433,0.8978629841372499,0.7947895423749152,1.0743912630663455,0.007859243835317792,0.001373675726685372,-2719.5508931229915
0.003970764852863181,-0.00223195474376274,0.0013116064487759017,0.029783071757307298,0.024529178715973262,1.236407002920433,0.8978629841372499,0.7947895423749152,1.0743912630663455,0.007859243835317792,0.001373675726685372,-2719.5508931229915
0.003970764852863181,-0.00223195474376274,0.0013116064487759017,0.029783071757307298,0.024529178715973262,1.236407002920433,0.8978629841372499,0.7947895423749152,1.0743912630663455,0.007859243835317792,0.001373675726685372,-2719.5508931229915
0.003970764852863181,-0.00223195474376274,0.0013116064487759017,0.029783071757307298,0.024529178715973262,1.236407002920433,0.8978629841372499,0.7947895423749152,1.0743912630663455,0.007859243835317792,0.001373675726685372,-2719.5508931229915
0.003970764852863181,-0.00223195474376274,0.0013116064487759017,0.029783071757307298,0.024529178715973262,1.236407002920433,0.8978629841372499,0.7947895423749152,1.0743912630663455,0.007859243835317792,0.001373675726685372,-2719.5508931229915
0.003970764852863181,-0.00223195474376274,0.0013116064487759017,0.029783071757307298,0.024529178715973262,1.236407002920433,0.8978629841372499,0.7947895423749152,1.0743912630663455,0.007859243835317792,0.001373675726685372,-2719.5508931229915
0.004666887460072865,-0.0025890483437599867,0.0009808521736477472,0.03229014395931448,0.023164836606757735,1.1399101210725462,0.8620961030465039,0.7961652441223415,1.0224194728753968,0.009025967038231567,0.001321679589934588,-2721.5644624297724
0.004666887460072865,-0.0025890483437599867,0.0009808521736477472,0.03229014395931448,0.023164836606757735,1.1399101210725462,0.8620961030465039,0.7961652441223415,1.0224194728753968,0.009025967038231567,0.001321679589934588,-2721.5644624297724
0.004278669812769559,-0.002814284041952492,0.0008697446080694668,0.031536071905627176,0.021094171110479138,1.1580666844851095,0.8597229668770241,0.7766165802787355,1.0563475376816296,0.008447793511927454,0.0014573155750002575,-2720.434369622841
0.004278669812769559,-0.002814284041952492,0.0008697446080694668,0.031536071905627176,0.021094171110479138,1.1580666844851095,0.8597229668770241,0.7766165802787355,1.0563475376816296,0.008447793511927454,0.0014573155750002575,-2720.434369622841
0.004278669812769559,-0.002814284041952492,0.0008697446080694668,0.031536071905627176,0.021094171110479138,1.1580666844851095,0.8597229668770241,0.7766165802787355,1.0563475376816296,0.008447793511927454,0.0014573155750002575,-2720.434369622841
0.004278669812769559,-0.002814284041952492,0.0008697446080694668,0.031536071905627176,0.021094171110479138,1.1580666844851095,0.8597229668770241,0.7766165802787355,1.0563475376816296,0.008447793511927454,0.0014573155750002575,-2720.434369622841
0.004278669812769559,-0.002814284041952492,0.0008697446080694668,0.031536071905627176,0.021094171110479138,1.1580666844851095,0.8597229668770241,0.7766165802787355,1.0563475376816296,0.008447793511927454,0.0014573155750002575,-2720.434369622841
0.004278669812769559,-0.002814284041952492,0.0008697446080694668,0.031536071905627176,0.021094171110479138,1.1580666844851095,0.8597229668770241,0.7766165802787355,1.0563475376816296,0.008447793511927454,0.0014573155750002575,-2720.434369622841
0.004278669812769559,-0.002814284041952492,0.0008697446080694668,0.031536071905627176,0.021094171110479138,1.1580666844851095,0.8597229668770241,0.7766165802787355,1.0563475376816296,0.008447793511927454,0.0014573155750002575,-2720.434369622841
0.004278669812769559,-0.002814284041952492,0.0008697446080694668,0.031536071905627176,0.021094171110479138,1.1580666844851095,0.8597229668770241,0.7766165802787355,1.0563475376816296,0.008447793511927454,0.0014573155750002575,-2720.434369622841
0.004278669812769559,-0.002814284041952492,0.0008697446080694668,0.031536071905627176,0.021094171110479138,1.1580666844851095,0.8597229668770241,0.7766165802787355,1.0563475376816296,0.008447793511927454,0.0014573155750002575,-2720.434369622841
0.004278669812769559,-0.002814284041952492,0.0008697446080694668,0.031536071905627176,0.021094171110479138,1.1580666844851095,0.8597229668770241,0.7766165802787355,1.0563475376816296,0.008447793511927454,0.0014573155750002575,-2720.434369622841
0.004278669812769559,-0.002814284041952492,0.0008697446080694668,0.031536071905627176,0.021094171110479138,1.1580666844851095,0.8597229668770241,0.7766165802787355,1.0563475376816296,0.008447793511927454,0.0014573155750002575,-2720.434369622841
0.004278669812769559,-0.002814284041952492,0.0008697446080694668,0.031536071905627176,0.021094171110479138,1.1580666844851095,0.8597229668770241,0.7766165802787355,1.0563475376816296,0.008447793511927454,0.0014573155750002575,-2720.434369622841
0.004278669812769559,-0.002814284041952492,0.0008697446080694668,0.031536071905627176,0.021094171110479138,1.1580666844851095,0.8597229668770241,0.7766165802787355,1.0563475376816296,0.008447793511927454,0.0014573155750002575,-2720.434369622841
0.004278669812769559,-0.002814284041952492,0.0008697446080694668,0.031536071905627176,0.021094171110479138,1.1580666844851095,0.8597229668770241,0.7766165802787355,1.0563475376816296,0.008447793511927454,0.0014573155750002575,-2720.434369622841
0.004278669812769559,-0.002814284041952492,0.0008697446080694668,0.031536071905627176,0.021094171110479138,1.1580666844851095,0.8597229668770241,0.7766165802787355,1.0563475376816296,0.008447793511927454,0.0014573155750002575,-2720.434369622841
0.004278669812769559,-0.002814284041952492,0.0008697446080694668,0.031536071905627176,0.021094171110479138,1.1580666844851095,0.8597229668770241,0.7766165802787355,1.0563475376816296,0.008447793511927454,0.0014573155750002575,-2720.434369622841
0.004278669812769559,-0.002814284041952492,0.0008697446080694668,0.031536071905627176,0.021094171110479138,1.1580666844851095,0.8597229668770241,0.7766165802787355,1.0563475376816296,0.008447793511927454,0.0014573155750002575,-2720.434369622841
0.004278669812769559,-0.002814284041952492,0.0008697446080694668,0.031536071905627176,0.021094171110479138,1.1580666844851095,0.8597229668770241,0.7766165802787355,1.0563475376816296,0.008447793511927454,0.0014573155750002575,-2720.434369622841
0.005549795652975838,-0.0031734653135844677,0.0007419998058671426,0.030000249014627584,0.020567357956933777,1.1901277331240592,0.8809976597808067,0.8214749792371157,1.0636733693951,0.007472292324557293,0.0018931822785812,-2721.833899434263
0.005549795652975838,-0.0031734653135844677,0.0007419998058671426,0.030000249014627584,0.020567357956933777,1.1901277331240592,0.8809976597808067,0.8214749792371157,1.0636733693951,0.007472292324557293,0.0018931822785812,-2721.833899434263
0.005549795652975838,-0.0031734653135844677,0.0007419998058671426,0.030000249014627584,0.020567357956933777,1.1901277331240592,0.8809976597808067,0.8214749792371157,1.0636733693951,0.007472292324557293,0.0018931822785812,-2721.833899434263
0.005549795652975838,-0.0031734653135844677,0.0007419998058671426,0.030000249014627584,0.020567357956933777,1.1901277331240592,0.8809976597808067,0.8214749792371157,1.0636733693951,0.007472292324557293,0.0018931822785812,-2721.833899434263
0.005549795652975838,-0.0031734653135844677,0.0007419998058671426,0.030000249014627584,0.020567357956933777,1.1901277331240592,0.8809976597808067,0.8214749792371157,1.0636733693951,0.007472292324557293,0.0018931822785812,-2721.833899434263
0.005549795652975838,-0.0031734653135844677,0.0007419998058671426,0.030000249014627584,0.020567357956933777,1.1901277331240592,0.8809976597808067,0.8214749792371157,1.0636733693951,0.007472292324557293,0.0018931822785812,-2721.833899434263
0.005549795652975838,-0.0031734653135844677,0.0007419998058671426,0.030000249014627584,0.020567357956933777,1.1901277331240592,0.8809976597808067,0.8214749792371157,1.0636733693951,0.007472292324557293,0.0018931822785812,-2721.833899434263
0.005549795652975838,-0.0031734653135844677,0.0007419998058671426,0.030000249014627584,0.020567357956933777,1.1901277331240592,0.8809976597808067,0.8214749792371157,1.0636733693951,0.007472292324557293,0.0018931822785812,-2721.833899434263
0.005549795652975838,-0.0031734653135844677,0.0007419998058671426,0.030000249014627584,0.020567357956933777,1.1901277331240592,0.8809976597808067,0.8214749792371157,1.0636733693951,0.007472292324557293,0.0018931822785812,-2721.833899434263
0.005549795652975838,-0.0031734653135844677,0.0007419998058671426,0.030000249014627584,0.020567357956933777,1.1901277331240592,0.8809976597808067,0.8214749792371157,1.0636733693951,0.007472292324557293,0.0018931822785812,-2721.833899434263
0.005549795652975838,-0.0031734653135844677,0.0007419998058671426,0.030000249014627584,0.020567357956933777,1.1901277331240592,0.8809976597808067,0.8214749792371157,1.0636733693951,0.007472292324557293,0.0018931822785812,-2721.833899434263
0.005528351343254285,-0.002918686700956352,0.0008054507498467345,0.02892510340813071,0.02087915898023628,1.2532078597275542,0.9015319518133127,0.8358565006283143,1.0640886586284357,0.006995045732993917,0.0018814040425750571,-2721.6364778337265
0.005528351343254285,-0.002918686700956352,0.0008054507498467345,0.02892510340813071,0.02087915898023628,1.2532078597275542,0.9015319518133127,0.8358565006283143,1.0640886586284357,0.006995045732993917,0.0018814040425750571,-2721.6364778337265
0.005528351343254285,-0.002918686700956352,0.0008054507498467345,0.02892510340813071,0.02087915898023628,1.2532078597275542,0.9015319518133127,0.8358565006283143,1.0640886586284357,0.006995045732993917,0.0018814040425750571,-2721.6364778337265
0.005528351343254285,-0.002918686700956352,0.0008054507498467345,0.02892510340813071,0.02087915898023628,1.2532078597275542,0.9015319518133127,0.8358565006283143,1.0640886586284357,0.006995045732993917,0.0018814040425750571,-2721.6364778337265
0.005528351343254285,-0.002918686700956352,0.0008054507498467345,0.02892510340813071,0.02087915898023628,1.2532078597275542,0.9015319518133127,0.8358565006283143,1.0640886586284357,0.006995045732993917,0.0018814040425750571,-2721.6364778337265
0.005528351343254285,-0.002918686700956352,0.0008054507498467345,0.02892510340813071,0.02087915898023628,1.2532078597275542,0.9015319518133127,0.8358565006283143,1.0640886586284357,0.006995045732993917,0.0018814040425750571,-2721.6364778337265
0.005528351343254285,-0.002918686700956352,0.0008054507498467345,0.02892510340813071,0.02087915898023628,1.2532078597275542,0.9015319518133127,0.8358565006283143,1.0640886586284357,0.006995045732993917,0.0018814040425750571,-2721.6364778337265
0.005528351343254285,-0.002918686700956352,0.0008054507498467345,0.02892510340813071,0.02087915898023628,1.2532078597275542,0.9015319518133127,0.8358565006283143,1.0640886586284357,0.006995045732993917,0.0018814040425750571,-2721.6364778337265
0.005528351343254285,-0.002918686700956352,0.0008054507498467345,0.02892510340813071,0.02087915898023628,1.2532078597275542,0.9015319518133127,0.8358565006283143,1.0640886586284357,0.006995045732993917,0.0018814040425750571,-2721.6364778337265
0.00622850936088429,-0.0031064833951518697,0.0012716130434135655,0.02574468559165498,0.02139080742795113,1.3406987192215927,0.959915275629582,0.8957136538734711,1.145987407852851,0.008174201440038725,0.002116089666750353,-2722.286694764693
0.00622850936088429,-0.0031064833951518697,0.0012716130434135655,0.02574468559165498,0.02139080742795113,1.3406987192215927,0.959915275629582,0.8957136538734711,1.145987407852851,0.008174201440038725,0.002116089666750353,-2722.286694764693
0.00622850936088429,-0.0031064833951518697,0.0012716130434135655,0.02574468559165498,0.02139080742795113,1.3406987192215927,0.959915275629582,0.8957136538734711,1.145987407852851,0.008174201440038725,0.002116089666750353,-2722.286694764693
0.00622850936088429,-0.0031064833951518697,0.0012716130434135655,0.02574468559165498,0.02139080742795113,1.3406987192215927,0.959915275629582,0.8957136538734711,1.145987407852851,0.008174201440038725,0.002116089666750353,-2722.286694764693
0.00622850936088429,-0.0031064833951518697,0.0012716130434135655,0.02574468559165498,0.02139080742795113,1.3406987192215927,0.959915275629582,0.8957136538734711,1.145987407852851,0.008174201440038725,0.002116089666750353,-2722.286694764693
0.00622850936088429,-0.0031064833951518697,0.0012716130434135655,0.02574468559165498,0.02139080742795113,1.3406987192215927,0.959915275629582,0.8957136538734711,1.145987407852851,0.008174201440038725,0.002116089666750353,-2722.286694764693
0.00622850936088429,-0.0031064833951518697,0.0012716130434135655,0.02574468559165498,0.02139080742795113,1.3406987192215927,0.959915275629582,0.8957136538734711,1.145987407852851,0.008174201440038725,0.002116089666750353,-2722.286694764693
0.00622850936088429,-0.0031064833951518697,0.0012716130434135655,0.02574468559165498,0.02139080742795113,1.3406987192215927,0.959915275629582,0.8957136538734711,1.145987407852851,0.008174201440038725,0.002116089666750353,-2722.286694764693
0.00622850936088429,-0.0031064833951518697,0.0012716130434135655,0.02574468559165498,0.02139080742795113,1.3406987192215927,0.959915275629582,0.8957136538734711,1.145987407852851,0.008174201440038725,0.002116089666750353,-2722.286694764693
0.005160407020272,-0.00261389911501057,0.0018823689986188425,0.026296820625347436,0.025819503797955487,1.3264578851892974,0.9221883119919645,0.8367370403175725,1.1169943154535984,0.008769689571099267,0.0016570584455652894,-2727.8476791029184
0.005160407020272,-0.00261389911501057,0.0018823689986188425,0.026296820625347436,0.025819503797955487,1.3264578851892974,0.9221883119919645,0.8367370403175725,1.1169943154535984,0.008769689571099267,0.0016570584455652894,-2727.8476791029184
0.006054560858346122,-0.0025024133474961475,0.001120539845654857,0.028391444907971655,0.02215474689259768,1.239858445813536,0.8857855661257586,0.8589294795912074,1.0657775975483506,0.009285854276677087,0.001906837526672899,-2729.261246797757
0.006054560858346122,-0.0025024133474961475,0.001120539845654857,0.028391444907971655,0.02215474689259768,1.239858445813536,0.8857855661257586,0.8589294795912074,1.0657775975483506,0.009285854276677087,0.001906837526672899,-2729.261246797757
0.006054560858346122,-0.0025024133474961475,0.001120539845654857,0.028391444907971655,0.02215474689259768,1.239858445813536,0.8857855661257586,0.8589294795912074,1.0657775975483506,0.009285854276677087,0.001906837526672899,-2729.261246797757
0.006054560858346122,-0.0025024133474961475,0.001120539845654857,0.028391444907971655,0.02215474689259768,1.239858445813536,0.8857855661257586,0.8589294795912074,1.0657775975483506,0.009285854276677087,0.001906837526672899,-2729.261246797757
0.005667461031374181,-0.0023941165201863592,0.0008039672792057366,0.030845800542608517,0.02183164630649512,1.2003814173469092,0.8847706439806059,0.8862983292150989,1.02612887644515,0.009598878711439135,0.0014496504340901176,-2727.182975969572
0.005955435543022589,-0.0028494856184342826,0.0008759694981987254,0.029902185912483874,0.02249231424448119,1.2242052491620221,0.9112301014010893,0.9091428850360126,1.0353102714310154,0.010758085744375622,0.001555792102204988,-2723.639846717852
0.005955435543022589,-0.0028494856184342826,0.0008759694981987254,0.029902185912483874,0.02249231424448119,1.2242052491620221,0.9112301014010893,0.9091428850360126,1.0353102714310154,0.010758085744375622,0.001555792102204988,-2723.639846717852
0.005955435543022589,-0.0028494856184342826,0.0008759694981987254,0.029902185912483874,0.02249231424448119,1.2242052491620221,0.9112301014010893,0.9091428850360126,1.0353102714310154,0.010758085744375622,0.001555792102204988,-2723.639846717852
0.005955435543022589,-0.0028494856184342826,0.0008759694981987254,0.029902185912483874,0.02249231424448119,1.2242052491620221,0.9112301014010893,0.9091428850360126,1.0353102714310154,0.010758085744375622,0.001555792102204988,-2723.639846717852
0.005955435543022589,-0.0028494856184342826,0.0008759694981987254,0.029902185912483874,0.02249231424448119,1.2242052491620221,0.9112301014010893,0.9091428850360126,1.0353102714310154,0.010758085744375622,0.001555792102204988,-2723.639846717852
0.005955435543022589,-0.0028494856184342826,0.0008759694981987254,0.029902185912483874,0.02249231424448119,1.2242052491620221,0.9112301014010893,0.9091428850360126,1.0353102714310154,0.010758085744375622,0.001555792102204988,-2723.639846717852
0.005955435543022589,-0.0028494856184342826,0.0008759694981987254,0.029902185912483874,0.02249231424448119,1.2242052491620221,0.9112301014010893,0.9091428850360126,1.0353102714310154,0.010758085744375622,0.001555792102204988,-2723.639846717852
0.005955435543022589,-0.0028494856184342826,0.0008759694981987254,0.029902185912483874,0.02249231424448119,1.2242052491620221,0.9112301014010893,0.9091428850360126,1.0353102714310154,0.010758085744375622,0.001555792102204988,-2723.639846717852
0.005955435543022589,-0.0028494856184342826,0.0008759694981987254,0.029902185912483874,0.02249231424448119,1.2242052491620221,0.9112301014010893,0.9091428850360126,1.0353102714310154,0.010758085744375622,0.001555792102204988,-2723.639846717852
0.005955435543022589,-0.0028494856184342826,0.0008759694981987254,0.029902185912483874,0.02249231424448119,1.2242052491620221,0.9112301014010893,0.9091428850360126,1.0353102714310154,0.010758085744375622,0.001555792102204988,-2723.639846717852
0.005955435543022589,-0.0028494856184342826,0.0008759694981987254,0.029902185912483874,0.02249231424448119,1.2242052491620221,0.9112301014010893,0.9091428850360126,1.0353102714310154,0.010758085744375622,0.001555792102204988,-2723.639846717852
0.005955435543022589,-0.0028494856184342826,0.0008759694981987254,0.029902185912483874,0.02249231424448119,1.2242052491620221,0.9112301014010893,0.9091428850360126,1.0353102714310154,0.010758085744375622,0.001555792102204988,-2723.639846717852
0.005955435543022589,-0.0028494856184342826,0.0008759694981987254,0.029902185912483874,0.02249231424448119,1.2242052491620221,0.9112301014010893,0.9091428850360126,1.0353102714310154,0.010758085744375622,0.001555792102204988,-2723.639846717852
0.005955435543022589,-0.0028494856184342826,0.0008759694981987254,0.029902185912483874,0.02249231424448119,1.2242052491620221,0.9112301014010893,0.9091428850360126,1.0353102714310154,0.010758085744375622,0.001555792102204988,-2723.639846717852
0.005955435543022589,-0.0028494856184342826,0.0008759694981987254,0.029902185912483874,0.02249231424448119,1.2242052491620221,0.9112301014010893,0.9091428850360126,1.0353102714310154,0.010758085744375622,0.001555792102204988,-2723.639846717852
0.005955435543022589,-0.0028494856184342826,0.0008759694981987254,0.029902185912483874,0.02249231424448119,1.2242052491620221,0.9112301014010893,0.9091428850360126,1.0353102714310154,0.010758085744375622,0.001555792102204988,-2723.639846717852
0.004896341023343378,-0.0026323444305639465,0.0011215011343169677,0.02906169552615302,0.02791190231681881,1.282940004141167,0.952198774826561,0.9212428672595038,1.0631975573049761,0.00800934229624339,0.001291715597821428,-2723.9311963579316
0.004896341023343378,-0.0026323444305639465,0.0011215011343169677,0.02906169552615302,0.02791190231681881,1.282940004141167,0.952198774826561,0.9212428672595038,1.0631975573049761,0.00800934229624339,0.001291715597821428,-2723.9311963579316
0.004896341023343378,-0.0026323444305639465,0.0011215011343169677,0.02906169552615302,0.02791190231681881,1.282940004141167,0.952198774826561,0.9212428672595038,1.0631975573049761,0.00800934229624339,0.001291715597821428,-2723.9311963579316
0.004896341023343378,-0.0026323444305639465,0.0011215011343169677,0.02906169552615302,0.02791190231681881,1.282940004141167,0.952198774826561,0.9212428672595038,1.0631975573049761,0.00800934229624339,0.001291715597821428,-2723.9311963579316
0.004896341023343378,-0.0026323444305639465,0.0011215011343169677,0.02906169552615302,0.02791190231681881,1.282940004141167,0.952198774826561,0.9212428672595038,1.0631975573049761,0.00800934229624339,0.001291715597821428,-2723.9311963579316
0.004896341023343378,-0.0026323444305639465,0.0011215011343169677,0.02906169552615302,0.02791190231681881,1.282940004141167,0.952198774826561,0.9212428672595038,1.0631975573049761,0.00800934229624339,0.001291715597821428,-2723.9311963579316
0.004896341023343378,-0.0026323444305639465,0.0011215011343169677,0.02906169552615302,0.02791190231681881,1.282940004141167,0.952198774826561,0.9212428672595038,1.0631975573049761,0.00800934229624339,0.001291715597821428,-2723.9311963579316
0.004896341023343378,-0.0026323444305639465,0.0011215011343169677,0.02906169552615302,0.02791190231681881,1.282940004141167,0.952198774826561,0.9212428672595038,1.0631975573049761,0.00800934229624339,0.001291715597821428,-2723.9311963579316
0.004896341023343378,-0.0026323444305639465,0.0011215011343169677,0.02906169552615302,0.02791190231681881,1.282940004141167,0.952198774826561,0.9212428672595038,1.0631975573049761,0.00800934229624339,0.001291715597821428,-2723.9311963579316
0.004896341023343378,-0.0026323444305639465,0.0011215011343169677,0.02906169552615302,0.02791190231681881,1.282940004141167,0.952198774826561,0.9212428672595038,1.0631975573049761,0.00800934229624339,0.001291715597821428,-2723.9311963579316
0.004896341023343378,-0.0026323444305639465,0.0011215011343169677,0.02906169552615302,0.02791190231681881,1.282940004141167,0.952198774826561,0.9212428672595038,1.0631975573049761,0.00800934229624339,0.001291715597821428,-2723.9311963579316
0.003849812641595479,-0.002104793394931491,0.0009494142682082319,0.03126221222216095,0.0271130637265923,1.2511877694489797,0.9176359544547461,0.8566195025502084,1.0668825422107138,0.010453332268616137,0.0010857582790525352,-2722.6104709499527
0.003849812641595479,-0.002104793394931491,0.0009494142682082319,0.03126221222216095,0.0271130637265923,1.2511877694489797,0.9176359544547461,0.8566195025502084,1.0668825422107138,0.010453332268616137,0.0010857582790525352,-2722.6104709499527
0.003849812641595479,-0.002104793394931491,0.0009494142682082319,0.03126221222216095,0.0271130637265923,1.2511877694489797,0.9176359544547461,0.8566195025502084,1.0668825422107138,0.010453332268616137,0.0010857582790525352,-2722.6104709499527
0.003849812641595479,-0.002104793394931491,0.0009494142682082319,0.03126221222216095,0.0271130637265923,1.2511877694489797,0.9176359544547461,0.8566195025502084,1.0668825422107138,0.010453332268616137,0.0010857582790525352,-2722.6104709499527
0.003849812641595479,-0.002104793394931491,0.0009494142682082319,0.03126221222216095,0.0271130637265923,1.2511877694489797,0.9176359544547461,0.8566195025502084,1.0668825422107138,0.010453332268616137,0.0010857582790525352,-2722.6104709499527
0.003849812641595479,-0.002104793394931491,0.0009494142682082319,0.03126221222216095,0.0271130637265923,1.2511877694489797,0.9176359544547461,0.8566195025502084,1.0668825422107138,0.010453332268616137,0.0010857582790525352,-2722.6104709499527
0.003849812641595479,-0.002104793394931491,0.0009494142682082319,0.03126221222216095,0.0271130637265923,1.2511877694489797,0.9176359544547461,0.8566195025502084,1.0668825422107138,0.010453332268616137,0.0010857582790525352,-2722.6104709499527
0.0034499070644326765,-0.0024116890258809266,0.001032943306914503,0.030729663174093758,0.02473936584611732,1.2458003734440264,0.9121117650268915,0.8217338587522469,1.0735493582009488,0.009251394252843319,0.00119227485297525,-2721.005513903411
0.0034499070644326765,-0.0024116890258809266,0.001032943306914503,0.030729663174093758,0.02473936584611732,1.2458003734440264,0.9121117650268915,0.8217338587522469,1.0735493582009488,0.009251394252843319,0.00119227485297525,-2721.005513903411
0.0034499070644326765,-0.0024116890258809266,0.001032943306914503,0.030729663174093758,0.02473936584611732,1.2458003734440264,0.9121117650268915,0.8217338587522469,1.0735493582009488,0.009251394252843319,0.00119227485297525,-2721.005513903411
0.0030805833323743984,-0.0017775614592296027,0.0012424032459106224,0.029939174265499732,0.028715893280054867,1.2839115085323483,0.9088059061023976,0.821734097963482,1.1055308133851345,0.006194963331810966,0.0011787803015888144,-2720.174834850934
0.0030805833323743984,-0.0017775614592296027,0.0012424032459106224,0.029939174265499732,0.028715893280054867,1.2839115085323483,0.9088059061023976,0.821734097963482,1.1055308133851345,0.006194963331810966,0.0011787803015888144,-2720.174834850934
0.0030805833323743984,-0.0017775614592296027,0.0012424032459106224,0.029939174265499732,0.028715893280054867,1.2839115085323483,0.9088059061023976,0.821734097963482,1.1055308133851345,0.006194963331810966,0.0011787803015888144,-2720.174834850934
0.0030805833323743984,-0.0017775614592296027,0.0012424032459106224,0.029939174265499732,0.028715893280054867,1.2839115085323483,0.9088059061023976,0.821734097963482,1.1055308133851345,0.006194963331810966,0.0011787803015888144,-2720.174834850934
0.0030805833323743984,-0.0017775614592296027,0.0012424032459106224,0.029939174265499732,0.028715893280054867,1.2839115085323483,0.9088059061023976,0.821734097963482,1.1055308133851345,0.006194963331810966,0.0011787803015888144,-2720.174834850934
0.0030805833323743984,-0.0017775614592296027,0.0012424032459106224,0.029939174265499732,0.028715893280054867,1.2839115085323483,0.9088059061023976,0.821734097963482,1.1055308133851345,0.006194963331810966,0.0011787803015888144,-2720.174834850934
0.0030805833323743984,-0.0017775614592296027,0.0012424032459106224,0.029939174265499732,0.028715893280054867,1.2839115085323483,0.9088059061023976,0.821734097963482,1.1055308133851345,0.006194963331810966,0.0011787803015888144,-2720.174834850934
0.0030805833323743984,-0.0017775614592296027,0.0012424032459106224,0.029939174265499732,0.028715893280054867,1.2839115085323483,0.9088059061023976,0.821734097963482,1.1055308133851345,0.006194963331810966,0.0011787803015888144,-2720.174834850934
0.0030805833323743984,-0.0017775614592296027,0.0012424032459106224,0.029939174265499732,0.028715893280054867,1.2839115085323483,0.9088059061023976,0.821734097963482,1.1055308133851345,0.006194963331810966,0.0011787803015888144,-2720.174834850934
0.0030805833323743984,-0.0017775614592296027,0.0012424032459106224,0.029939174265499732,0.028715893280054867,1.2839115085323483,0.9088059061023976,0.821734097963482,1.1055308133851345,0.006194963331810966,0.0011787803015888144,-2720.174834850934
0.0030805833323743984,-0.0017775614592296027,0.0012424032459106224,0.029939174265499732,0.028715893280054867,1.2839115085323483,0.9088059061023976,0.821734097963482,1.1055308133851345,0.006194963331810966,0.0011787803015888144,-2720.174834850934
0.0030805833323743984,-0.0017775614592296027,0.0012424032459106224,0.029939174265499732,0.028715893280054867,1.2839115085323483,0.9088059061023976,0.821734097963482,1.1055308133851345,0.006194963331810966,0.0011787803015888144,-2720.174834850934
0.0035615336196308765,-0.0025122286330249146,0.0014782230413747848,0.02820983674596351,0.02669485627522244,1.307350987851678,0.9333751939430432,0.8222859090493624,1.1296360621191432,0.006425110429105901,0.0013999558279657717,-2719.330926950969
0.0035615336196308765,-0.0025122286330249146,0.0014782230413747848,0.02820983674596351,0.02669485627522244,1.307350987851678,0.9333751939430432,0.8222859090493624,1.1296360621191432,0.006425110429105901,0.0013999558279657717,-2719.330926950969
0.0035615336196308765,-0.0025122286330249146,0.0014782230413747848,0.02820983674596351,0.02669485627522244,1.307350987851678,0.9333751939430432,0.8222859090493624,1.1296360621191432,0.006425110429105901,0.0013999558279657717,-2719.330926950969
0.0035615336196308765,-0.0025122286330249146,0.0014782230413747848,0.02820983674596351,0.02669485627522244,1.307350987851678,0.9333751939430432,0.8222859090493624,1.1296360621191432,0.006425110429105901,0.0013999558279657717,-2719.330926950969
0.0035615336196308765,-0.0025122286330249146,0.0014782230413747848,0.02820983674596351,0.02669485627522244,1.307350987851678,0.9333751939430432,0.8222859090493624,1.1296360621191432,0.006425110429105901,0.0013999558279657717,-2719.330926950969
0.0035615336196308765,-0.0025122286330249146,0.0014782230413747848,0.02820983674596351,0.02669485627522244,1.307350987851678,0.9333751939430432,0.8222859090493624,1.1296360621191432,0.006425110429105901,0.0013999558279657717,-2719.330926950969
0.0035615336196308765,-0.0025122286330249146,0.0014782230413747848,0.02820983674596351,0.02669485627522244,1.307350987851678,0.9333751939430432,0.8222859090493624,1.1296360621191432,0.006425110429105901,0.0013999558279657717,-2719.330926950969
0.0030723442976523813,-0.002298171344794155,0.001342198477180474,0.02985157620336407,0.025577055163007366,1.2464088395985775,0.8899528414294416,0.7751149666503712,1.0930035812949934,0.006043253755387902,0.0013200280641415829,-2718.799129499391
0.0030723442976523813,-0.002298171344794155,0.001342198477180474,0.02985157620336407,0.025577055163007366,1.2464088395985775,0.8899528414294416,0.7751149666503712,1.0930035812949934,0.006043253755387902,0.0013200280641415829,-2718.799129499391
0.0030723442976523813,-0.002298171344794155,0.001342198477180474,0.02985157620336407,0.025577055163007366,1.2464088395985775,0.8899528414294416,0.7751149666503712,1.0930035812949934,0.006043253755387902,0.0013200280641415829,-2718.799129499391
0.0030723442976523813,-0.002298171344794155,0.001342198477180474,0.02985157620336407,0.025577055163007366,1.2464088395985775,0.8899528414294416,0.7751149666503712,1.0930035812949934,0.006043253755387902,0.0013200280641415829,-2718.799129499391
0.0030723442976523813,-0.002298171344794155,0.001342198477180474,0.02985157620336407,0.025577055163007366,1.2464088395985775,0.8899528414294416,0.7751149666503712,1.0930035812949934,0.006043253755387902,0.0013200280641415829,-2718.799129499391
0.0030723442976523813,-0.002298171344794155,0.001342198477180474,0.02985157620336407,0.025577055163007366,1.2464088395985775,0.8899528414294416,0.7751149666503712,1.0930035812949934,0.006043253755387902,0.0013200280641415829,-2718.799129499391
0.0030723442976523813,-0.002298171344794155,0.001342198477180474,0.02985157620336407,0.025577055163007366,1.2464088395985775,0.8899528414294416,0.7751149666503712,1.0930035812949934,0.006043253755387902,0.0013200280641415829,-2718.799129499391
0.0030723442976523813,-0.002298171344794155,0.001342198477180474,0.02985157620336407,0.025577055163007366,1.2464088395985775,0.8899528414294416,0.7751149666503712,1.0930035812949934,0.006043253755387902,0.0013200280641415829,-2718.799129499391
0.0030723442976523813,-0.002298171344794155,0.001342198477180474,0.02985157620336407,0.025577055163007366,1.2464088395985775,0.8899528414294416,0.7751149666503712,1.0930035812949934,0.006043253755387902,0.0013200280641415829,-2718.799129499391
0.0030723442976523813,-0.002298171344794155,0.001342198477180474,0.02985157620336407,0.025577055163007366,1.2464088395985775,0.8899528414294416,0.7751149666503712,1.0930035812949934,0.006043253755387902,0.0013200280641415829,-2718.799129499391
0.0030723442976523813,-0.002298171344794155,0.001342198477180474,0.02985157620336407,0.025577055163007366,1.2464088395985775,0.8899528414294416,0.7751149666503712,1.0930035812949934,0.006043253755387902,0.0013200280641415829,-2718.799129499391
0.0030723442976523813,-0.002298171344794155,0.001342198477180474,0.02985157620336407,0.025577055163007366,1.2464088395985775,0.8899528414294416,0.7751149666503712,1.0930035812949934,0.006043253755387902,0.0013200280641415829,-2718.799129499391
0.0030723442976523813,-0.002298171344794155,0.001342198477180474,0.02985157620336407,0.025577055163007366,1.2464088395985775,0.8899528414294416,0.7751149666503712,1.0930035812949934,0.006043253755387902,0.0013200280641415829,-2718.799129499391
0.0030723442976523813,-0.002298171344794155,0.001342198477180474,0.02985157620336407,0.025577055163007366,1.2464088395985775,0.8899528414294416,0.7751149666503712,1.0930035812949934,0.006043253755387902,0.0013200280641415829,-2718.799129499391
0.0030723442976523813,-0.002298171344794155,0.001342198477180474,0.02985157620336407,0.025577055163007366,1.2464088395985775,0.8899528414294416,0.7751149666503712,1.0930035812949934,0.006043253755387902,0.0013200280641415829,-2718.799129499391
0.0030723442976523813,-0.002298171344794155,0.001342198477180474,0.02985157620336407,0.025577055163007366,1.2464088395985775,0.8899528414294416,0.7751149666503712,1.0930035812949934,0.006043253755387902,0.0013200280641415829,-2718.799129499391
0.0030723442976523813,-0.002298171344794155,0.001342198477180474,0.02985157620336407,0.025577055163007366,1.2464088395985775,0.8899528414294416,0.7751149666503712,1.0930035812949934,0.006043253755387902,0.0013200280641415829,-2718.799129499391
0.0030723442976523813,-0.002298171344794155,0.001342198477180474,0.02985157620336407,0.025577055163007366,1.2464088395985775,0.8899528414294416,0.7751149666503712,1.0930035812949934,0.006043253755387902,0.0013200280641415829,-2718.799129499391
0.0030723442976523813,-0.002298171344794155,0.001342198477180474,0.02985157620336407,0.025577055163007366,1.2464088395985775,0.8899528414294416,0.7751149666503712,1.0930035812949934,0.006043253755387902,0.0013200280641415829,-2718.799129499391
0.0030723442976523813,-0.002298171344794155,0.001342198477180474,0.02985157620336407,0.025577055163007366,1.2464088395985775,0.8899528414294416,0.7751149666503712,1.0930035812949934,0.006043253755387902,0.0013200280641415829,-2718.799129499391
0.0030723442976523813,-0.002298171344794155,0.001342198477180474,0.02985157620336407,0.025577055163007366,1.2464088395985775,0.8899528414294416,0.7751149666503712,1.0930035812949934,0.006043253755387902,0.0013200280641415829,-2718.799129499391
0.0030723442976523813,-0.002298171344794155,0.001342198477180474,0.02985157620336407,0.025577055163007366,1.2464088395985775,0.8899528414294416,0.7751149666503712,1.0930035812949934,0.006043253755387902,0.0013200280641415829,-2718.799129499391
0.0030723442976523813,-0.002298171344794155,0.001342198477180474,0.02985157620336407,0.025577055163007366,1.2464088395985775,0.8899528414294416,0.7751149666503712,1.0930035812949934,0.006043253755387902,0.0013200280641415829,-2718.799129499391
0.0030723442976523813,-0.002298171344794155,0.001342198477180474,0.02985157620336407,0.025577055163007366,1.2464088395985775,0.8899528414294416,0.7751149666503712,1.0930035812949934,0.006043253755387902,0.0013200280641415829,-2718.799129499391
0.0030723442976523813,-0.002298171344794155,0.001342198477180474,0.02985157620336407,0.025577055163007366,1.2464088395985775,0.8899528414294416,0.7751149666503712,1.0930035812949934,0.006043253755387902,0.0013200280641415829,-2718.799129499391
0.0030723442976523813,-0.002298171344794155,0.001342198477180474,0.02985157620336407,0.025577055163007366,1.2464088395985775,0.8899528414294416,0.7751149666503712,1.0930035812949934,0.006043253755387902,0.0013200280641415829,-2718.799129499391
0.0030723442976523813,-0.002298171344794155,0.001342198477180474,0.02985157620336407,0.025577055163007366,1.2464088395985775,0.8899528414294416,0.7751149666503712,1.0930035812949934,0.006043253755387902,0.0013200280641415829,-2718.799129499391
0.0030723442976523813,-0.002298171344794155,0.001342198477180474,0.02985157620336407,0.025577055163007366,1.2464088395985775,0.8899528414294416,0.7751149666503712,1.0930035812949934,0.006043253755387902,0.0013200280641415829,-2718.799129499391
0.0030723442976523813,-0.002298171344794155,0.001342198477180474,0.02985157620336407,0.025577055163007366,1.2464088395985775,0.8899528414294416,0.7751149666503712,1.0930035812949934,0.006043253755387902,0.0013200280641415829,-2718.799129499391
0.0030723442976523813,-0.002298171344794155,0.001342198477180474,0.02985157620336407,0.025577055163007366,1.2464088395985775,0.8899528414294416,0.7751149666503712,1.0930035812949934,0.006043253755387902,0.0013200280641415829,-2718.799129499391
0.004256858267159458,-0.002601992204842621,0.00161546664490069,0.029494164509852115,0.026832942037067414,1.2071650821542688,0.8737000764405313,0.7394178746427531,1.0510490287458332,0.007030605808615091,0.0016145427069653732,-2720.8461762547645
0.0023915298792161286,-0.002403068083708327,0.0017616609548171856,0.029181280282413805,0.026262612331847717,1.2733724692076225,0.8860918611968354,0.7194603905569698,1.1441890866343711,0.00666120334813162,0.0013999874994605167,-2721.709755067832
0.0023915298792161286,-0.002403068083708327,0.0017616609548171856,0.029181280282413805,0.026262612331847717,1.2733724692076225,0.8860918611968354,0.7194603905569698,1.1441890866343711,0.00666120334813162,0.0013999874994605167,-2721.709755067832
0.0023915298792161286,-0.002403068083708327,0.0017616609548171856,0.029181280282413805,0.026262612331847717,1.2733724692076225,0.8860918611968354,0.7194603905569698,1.1441890866343711,0.00666120334813162,0.0013999874994605167,-2721.709755067832
0.0023915298792161286,-0.002403068083708327,0.0017616609548171856,0.029181280282413805,0.026262612331847717,1.2733724692076225,0.8860918611968354,0.7194603905569698,1.1441890866343711,0.00666120334813162,0.0013999874994605167,-2721.709755067832
0.0023915298792161286,-0.002403068083708327,0.0017616609548171856,0.029181280282413805,0.026262612331847717,1.2733724692076225,0.8860918611968354,0.7194603905569698,1.1441890866343711,0.00666120334813162,0.0013999874994605167,-2721.709755067832
0.0023915298792161286,-0.002403068083708327,0.0017616609548171856,0.029181280282413805,0.026262612331847717,1.2733724692076225,0.8860918611968354,0.7194603905569698,1.1441890866343711,0.00666120334813162,0.0013999874994605167,-2721.709755067832
0.0023915298792161286,-0.002403068083708327,0.0017616609548171856,0.029181280282413805,0.026262612331847717,1.2733724692076225,0.8860918611968354,0.7194603905569698,1.1441890866343711,0.00666120334813162,0.0013999874994605167,-2721.709755067832
0.0023915298792161286,-0.002403068083708327,0.0017616609548171856,0.029181280282413805,0.026262612331847717,1.2733724692076225,0.8860918611968354,0.7194603905569698,1.1441890866343711,0.00666120334813162,0.0013999874994605167,-2721.709755067832
0.0023915298792161286,-0.002403068083708327,0.0017616609548171856,0.029181280282413805,0.026262612331847717,1.2733724692076225,0.8860918611968354,0.7194603905569698,1.1441890866343711,0.00666120334813162,0.0013999874994605167,-2721.709755067832
0.00215127969132688,-0.00236472602379184,0.0022077226847169572,0.027490648510762983,0.029254804564297125,1.2913309154562054,0.9060427203405041,0.7222171833721509,1.1652639857728202,0.006937489384128463,0.0014659780842300979,-2720.089407373203
0.001959897567232102,-0.002195219417295607,0.003047701488914434,0.0258598080229136,0.0397837788933071,1.3363644723002008,0.9293499793612028,0.7050668215368316,1.1690638534379252,0.006600142837098387,0.0013288465212864175,-2719.8991820208535
0.001959897567232102,-0.002195219417295607,0.003047701488914434,0.0258598080229136,0.0397837788933071,1.3363644723002008,0.9293499793612028,0.7050668215368316,1.1690638534379252,0.006600142837098387,0.0013288465212864175,-2719.8991820208535
0.003078968265177907,-0.002413612673202072,0.0024798578010982214,0.027452388553008675,0.035534968533367704,1.282017540762206,0.9048540809126706,0.7381641440960764,1.1059372132298018,0.005913256685182264,0.0014223013237998046,-2719.353397712484
0.003078968265177907,-0.002413612673202072,0.0024798578010982214,0.027452388553008675,0.035534968533367704,1.282017540762206,0.9048540809126706,0.7381641440960764,1.1059372132298018,0.005913256685182264,0.0014223013237998046,-2719.353397712484
0.003078968265177907,-0.002413612673202072,0.0024798578010982214,0.027452388553008675,0.035534968533367704,1.282017540762206,0.9048540809126706,0.7381641440960764,1.1059372132298018,0.005913256685182264,0.0014223013237998046,-2719.353397712484
0.003078968265177907,-0.002413612673202072,0.0024798578010982214,0.027452388553008675,0.035534968533367704,1.282017540762206,0.9048540809126706,0.7381641440960764,1.1059372132298018,0.005913256685182264,0.0014223013237998046,-2719.353397712484
0.003078968265177907,-0.002413612673202072,0.0024798578010982214,0.027452388553008675,0.035534968533367704,1.282017540762206,0.9048540809126706,0.7381641440960764,1.1059372132298018,0.005913256685182264,0.0014223013237998046,-2719.353397712484
0.003078968265177907,-0.002413612673202072,0.0024798578010982214,0.027452388553008675,0.035534968533367704,1.282017540762206,0.9048540809126706,0.7381641440960764,1.1059372132298018,0.005913256685182264,0.0014223013237998046,-2719.353397712484
0.003078968265177907,-0.002413612673202072,0.0024798578010982214,0.027452388553008675,0.035534968533367704,1.282017540762206,0.9048540809126706,0.7381641440960764,1.1059372132298018,0.005913256685182264,0.0014223013237998046,-2719.353397712484
0.003078968265177907,-0.002413612673202072,0.0024798578010982214,0.027452388553008675,0.035534968533367704,1.282017540762206,0.9048540809126706,0.7381641440960764,1.1059372132298018,0.005913256685182264,0.0014223013237998046,-2719.353397712484
0.003078968265177907,-0.002413612673202072,0.0024798578010982214,0.027452388553008675,0.035534968533367704,1.282017540762206,0.9048540809126706,0.7381641440960764,1.1059372132298018,0.005913256685182264,0.0014223013237998046,-2719.353397712484
0.003078968265177907,-0.002413612673202072,0.0024798578010982214,0.027452388553008675,0.035534968533367704,1.282017540762206,0.9048540809126706,0.7381641440960764,1.1059372132298018,0.005913256685182264,0.0014223013237998046,-2719.353397712484
0.0038400673930451303,-0.0025506826519482353,0.002462715971856451,0.027220435240820663,0.03710691796290654,1.2727550214691132,0.9178404467972389,0.7132342435636962,1.0774517167902413,0.0058903576497702035,0.0014273326394869305,-2722.763591909355
0.0038400673930451303,-0.0025506826519482353,0.002462715971856451,0.027220435240820663,0.03710691796290654,1.2727550214691132,0.9178404467972389,0.7132342435636962,1.0774517167902413,0.0058903576497702035,0.0014273326394869305,-2722.763591909355
0.0038400673930451303,-0.0025506826519482353,0.002462715971856451,0.027220435240820663,0.03710691796290654,1.2727550214691132,0.9178404467972389,0.7132342435636962,1.0774517167902413,0.0058903576497702035,0.0014273326394869305,-2722.763591909355
0.0038400673930451303,-0.0025506826519482353,0.002462715971856451,0.027220435240820663,0.03710691796290654,1.2727550214691132,0.9178404467972389,0.7132342435636962,1.0774517167902413,0.0058903576497702035,0.0014273326394869305,-2722.763591909355
0.003271938574355945,-0.002118275974311072,0.0023943224020972695,0.025616997603637108,0.0383142843408962,1.3749203692493774,0.9829617150013947,0.7500192848161225,1.2007166628116563,0.0065128297833059534,0.0014196681965159472,-2722.392160292045
0.0027326913166517072,-0.0020610222194971366,0.0026787424325466326,0.02720260514651917,0.04698405101529013,1.320812564645773,0.9612642620501273,0.7261667187654248,1.1604642133838916,0.006599496196077509,0.0011528446816836875,-2723.3308907110736
0.0027326913166517072,-0.0020610222194971366,0.0026787424325466326,0.02720260514651917,0.04698405101529013,1.320812564645773,0.9612642620501273,0.7261667187654248,1.1604642133838916,0.006599496196077509,0.0011528446816836875,-2723.3308907110736
0.0027326913166517072,-0.0020610222194971366,0.0026787424325466326,0.02720260514651917,0.04698405101529013,1.320812564645773,0.9612642620501273,0.7261667187654248,1.1604642133838916,0.006599496196077509,0.0011528446816836875,-2723.3308907110736
0.0027326913166517072,-0.0020610222194971366,0.0026787424325466326,0.02720260514651917,0.04698405101529013,1.320812564645773,0.9612642620501273,0.7261667187654248,1.1604642133838916,0.006599496196077509,0.0011528446816836875,-2723.3308907110736
0.0027326913166517072,-0.0020610222194971366,0.0026787424325466326,0.02720260514651917,0.04698405101529013,1.320812564645773,0.9612642620501273,0.7261667187654248,1.1604642133838916,0.006599496196077509,0.0011528446816836875,-2723.3308907110736
0.0027326913166517072,-0.0020610222194971366,0.0026787424325466326,0.02720260514651917,0.04698405101529013,1.320812564645773,0.9612642620501273,0.7261667187654248,1.1604642133838916,0.006599496196077509,0.0011528446816836875,-2723.3308907110736
0.0027326913166517072,-0.0020610222194971366,0.0026787424325466326,0.02720260514651917,0.04698405101529013,1.320812564645773,0.9612642620501273,0.7261667187654248,1.1604642133838916,0.006599496196077509,0.0011528446816836875,-2723.3308907110736
0.003530938397173361,-0.002436515934912991,0.0021975712677964865,0.0287583360526799,0.03568600800844253,1.2337469300793555,0.8848408224071539,0.7084383756806993,1.0857109213536458,0.005844203390682141,0.0013868871158607041,-2719.6202934772773
0.003530938397173361,-0.002436515934912991,0.0021975712677964865,0.0287583360526799,0.03568600800844253,1.2337469300793555,0.8848408224071539,0.7084383756806993,1.0857109213536458,0.005844203390682141,0.0013868871158607041,-2719.6202934772773
0.003530938397173361,-0.002436515934912991,0.0021975712677964865,0.0287583360526799,0.03568600800844253,1.2337469300793555,0.8848408224071539,0.7084383756806993,1.0857109213536458,0.005844203390682141,0.0013868871158607041,-2719.6202934772773
0.003530938397173361,-0.002436515934912991,0.0021975712677964865,0.0287583360526799,0.03568600800844253,1.2337469300793555,0.8848408224071539,0.7084383756806993,1.0857109213536458,0.005844203390682141,0.0013868871158607041,-2719.6202934772773
0.003530938397173361,-0.002436515934912991,0.0021975712677964865,0.0287583360526799,0.03568600800844253,1.2337469300793555,0.8848408224071539,0.7084383756806993,1.0857109213536458,0.005844203390682141,0.0013868871158607041,-2719.6202934772773
0.003530938397173361,-0.002436515934912991,0.0021975712677964865,0.0287583360526799,0.03568600800844253,1.2337469300793555,0.8848408224071539,0.7084383756806993,1.0857109213536458,0.005844203390682141,0.0013868871158607041,-2719.6202934772773
0.003530938397173361,-0.002436515934912991,0.0021975712677964865,0.0287583360526799,0.03568600800844253,1.2337469300793555,0.8848408224071539,0.7084383756806993,1.0857109213536458,0.005844203390682141,0.0013868871158607041,-2719.6202934772773
0.003530938397173361,-0.002436515934912991,0.0021975712677964865,0.0287583360526799,0.03568600800844253,1.2337469300793555,0.8848408224071539,0.7084383756806993,1.0857109213536458,0.005844203390682141,0.0013868871158607041,-2719.6202934772773
0.003530938397173361,-0.002436515934912991,0.0021975712677964865,0.0287583360526799,0.03568600800844253,1.2337469300793555,0.8848408224071539,0.7084383756806993,1.0857109213536458,0.005844203390682141,0.0013868871158607041,-2719.6202934772773
0.003530938397173361,-0.002436515934912991,0.0021975712677964865,0.0287583360526799,0.03568600800844253,1.2337469300793555,0.8848408224071539,0.7084383756806993,1.0857109213536458,0.005844203390682141,0.0013868871158607041,-2719.6202934772773
0.003530938397173361,-0.002436515934912991,0.0021975712677964865,0.0287583360526799,0.03568600800844253,1.2337469300793555,0.8848408224071539,0.7084383756806993,1.0857109213536458,0.005844203390682141,0.0013868871158607041,-2719.6202934772773
0.003530938397173361,-0.002436515934912991,0.0021975712677964865,0.0287583360526799,0.03568600800844253,1.2337469300793555,0.8848408224071539,0.7084383756806993,1.0857109213536458,0.005844203390682141,0.0013868871158607041,-2719.6202934772773
0.003530938397173361,-0.002436515934912991,0.0021975712677964865,0.0287583360526799,0.03568600800844253,1.2337469300793555,0.8848408224071539,0.7084383756806993,1.0857109213536458,0.005844203390682141,0.0013868871158607041,-2719.6202934772773
0.003530938397173361,-0.002436515934912991,0.0021975712677964865,0.0287583360526799,0.03568600800844253,1.2337469300793555,0.8848408224071539,0.7084383756806993,1.0857109213536458,0.005844203390682141,0.0013868871158607041,-2719.6202934772773
0.003530938397173361,-0.002436515934912991,0.0021975712677964865,0.0287583360526799,0.03568600800844253,1.2337469300793555,0.8848408224071539,0.7084383756806993,1.0857109213536458,0.005844203390682141,0.0013868871158607041,-2719.6202934772773
0.003530938397173361,-0.002436515934912991,0.0021975712677964865,0.0287583360526799,0.03568600800844253,1.2337469300793555,0.8848408224071539,0.7084383756806993,1.0857109213536458,0.005844203390682141,0.0013868871158607041,-2719.6202934772773
0.003530938397173361,-0.002436515934912991,0.0021975712677964865,0.0287583360526799,0.03568600800844253,1.2337469300793555,0.8848408224071539,0.7084383756806993,1.0857109213536458,0.005844203390682141,0.0013868871158607041,-2719.6202934772773
0.003530938397173361,-0.002436515934912991,0.0021975712677964865,0.0287583360526799,0.03568600800844253,1.2337469300793555,0.8848408224071539,0.7084383756806993,1.0857109213536458,0.005844203390682141,0.0013868871158607041,-2719.6202934772773
0.003530938397173361,-0.002436515934912991,0.0021975712677964865,0.0287583360526799,0.03568600800844253,1.2337469300793555,0.8848408224071539,0.7084383756806993,1.0857109213536458,0.005844203390682141,0.0013868871158607041,-2719.6202934772773
0.003530938397173361,-0.002436515934912991,0.0021975712677964865,0.0287583360526799,0.03568600800844253,1.2337469300793555,0.8848408224071539,0.7084383756806993,1.0857109213536458,0.005844203390682141,0.0013868871158607041,-2719.6202934772773
0.0031016651658672557,-0.0023297326168025267,0.0027570619263647565,0.026252755221382804,0.037192124475869254,1.3035914338295345,0.9292079569433425,0.6660819371459521,1.1504496433332951,0.006888075086389102,0.001478563227524157,-2721.455197383613
0.0031016651658672557,-0.0023297326168025267,0.0027570619263647565,0.026252755221382804,0.037192124475869254,1.3035914338295345,0.9292079569433425,0.6660819371459521,1.1504496433332951,0.006888075086389102,0.001478563227524157,-2721.455197383613
0.0031016651658672557,-0.0023297326168025267,0.0027570619263647565,0.026252755221382804,0.037192124475869254,1.3035914338295345,0.9292079569433425,0.6660819371459521,1.1504496433332951,0.006888075086389102,0.001478563227524157,-2721.455197383613
0.0031016651658672557,-0.0023297326168025267,0.0027570619263647565,0.026252755221382804,0.037192124475869254,1.3035914338295345,0.9292079569433425,0.6660819371459521,1.1504496433332951,0.006888075086389102,0.001478563227524157,-2721.455197383613
0.0031016651658672557,-0.0023297326168025267,0.0027570619263647565,0.026252755221382804,0.037192124475869254,1.3035914338295345,0.9292079569433425,0.6660819371459521,1.1504496433332951,0.006888075086389102,0.001478563227524157,-2721.455197383613
0.0031016651658672557,-0.0023297326168025267,0.0027570619263647565,0.026252755221382804,0.037192124475869254,1.3035914338295345,0.9292079569433425,0.6660819371459521,1.1504496433332951,0.006888075086389102,0.001478563227524157,-2721.455197383613
0.0031016651658672557,-0.0023297326168025267,0.0027570619263647565,0.026252755221382804,0.037192124475869254,1.3035914338295345,0.9292079569433425,0.6660819371459521,1.1504496433332951,0.006888075086389102,0.001478563227524157,-2721.455197383613
0.0031016651658672557,-0.0023297326168025267,0.0027570619263647565,0.026252755221382804,0.037192124475869254,1.3035914338295345,0.9292079569433425,0.6660819371459521,1.1504496433332951,0.006888075086389102,0.001478563227524157,-2721.455197383613
0.0031016651658672557,-0.0023297326168025267,0.0027570619263647565,0.026252755221382804,0.037192124475869254,1.3035914338295345,0.9292079569433425,0.6660819371459521,1.1504496433332951,0.006888075086389102,0.001478563227524157,-2721.455197383613
0.002285891509980008,-0.002270289855361778,0.002555453951869388,0.028258026255779688,0.031170100675714622,1.218875157397964,0.8732062515155055,0.6165030525714464,1.0945708154738205,0.005542952643505389,0.001426160861256221,-2720.6405660277264
0.002285891509980008,-0.002270289855361778,0.002555453951869388,0.028258026255779688,0.031170100675714622,1.218875157397964,0.8732062515155055,0.6165030525714464,1.0945708154738205,0.005542952643505389,0.001426160861256221,-2720.6405660277264
0.002285891509980008,-0.002270289855361778,0.002555453951869388,0.028258026255779688,0.031170100675714622,1.218875157397964,0.8732062515155055,0.6165030525714464,1.0945708154738205,0.005542952643505389,0.001426160861256221,-2720.6405660277264
0.002285891509980008,-0.002270289855361778,0.002555453951869388,0.028258026255779688,0.031170100675714622,1.218875157397964,0.8732062515155055,0.6165030525714464,1.0945708154738205,0.005542952643505389,0.001426160861256221,-2720.6405660277264
0.002285891509980008,-0.002270289855361778,0.002555453951869388,0.028258026255779688,0.031170100675714622,1.218875157397964,0.8732062515155055,0.6165030525714464,1.0945708154738205,0.005542952643505389,0.001426160861256221,-2720.6405660277264
0.002285891509980008,-0.002270289855361778,0.002555453951869388,0.028258026255779688,0.031170100675714622,1.218875157397964,0.8732062515155055,0.6165030525714464,1.0945708154738205,0.005542952643505389,0.001426160861256221,-2720.6405660277264
0.002285891509980008,-0.002270289855361778,0.002555453951869388,0.028258026255779688,0.031170100675714622,1.218875157397964,0.8732062515155055,0.6165030525714464,1.0945708154738205,0.005542952643505389,0.001426160861256221,-2720.6405660277264
0.003721366597277216,-0.0032472392593072717,0.001744433513805847,0.03135996517723532,0.02845008954945006,1.088607562228712,0.8258801932261894,0.6291584496340747,0.9785941438705211,0.007454058410651596,0.0016478149968371235,-2723.11207190418
0.004928646548966924,-0.0035951193809543314,0.0014940609680454985,0.03217405697943817,0.0266983596605058,1.048970647957257,0.7821774537497538,0.6382449741403028,0.9446605870423896,0.0068565802434440385,0.0019106335985863588,-2721.670708984308
0.005033707863634374,-0.003933243878004183,0.0013056622429788857,0.032596724108740704,0.02464763852224723,1.0351304556258367,0.7727648713786383,0.6385136198903515,0.919087091875589,0.008338151895441891,0.0019705523182956598,-2722.075482332023
0.005033707863634374,-0.003933243878004183,0.0013056622429788857,0.032596724108740704,0.02464763852224723,1.0351304556258367,0.7727648713786383,0.6385136198903515,0.919087091875589,0.008338151895441891,0.0019705523182956598,-2722.075482332023
0.005033707863634374,-0.003933243878004183,0.0013056622429788857,0.032596724108740704,0.02464763852224723,1.0351304556258367,0.7727648713786383,0.6385136198903515,0.919087091875589,0.008338151895441891,0.0019705523182956598,-2722.075482332023
0.005033707863634374,-0.003933243878004183,0.0013056622429788857,0.032596724108740704,0.02464763852224723,1.0351304556258367,0.7727648713786383,0.6385136198903515,0.919087091875589,0.008338151895441891,0.0019705523182956598,-2722.075482332023
0.005033707863634374,-0.003933243878004183,0.0013056622429788857,0.032596724108740704,0.02464763852224723,1.0351304556258367,0.7727648713786383,0.6385136198903515,0.919087091875589,0.008338151895441891,0.0019705523182956598,-2722.075482332023
0.0055071468140217295,-0.004178149534779083,0.0013640618978784647,0.03270952175730514,0.03174896941247532,1.0432403121077782,0.7779889274828309,0.6378050166094194,0.9254374880386963,0.0093286905638794,0.001901482584951776,-2723.069478433871
0.0055071468140217295,-0.004178149534779083,0.0013640618978784647,0.03270952175730514,0.03174896941247532,1.0432403121077782,0.7779889274828309,0.6378050166094194,0.9254374880386963,0.0093286905638794,0.001901482584951776,-2723.069478433871
0.005268637743624762,-0.0038482498999609666,0.0017725883374679649,0.029632780679375772,0.03579121873600516,1.137268549216768,0.8103206061526269,0.7003805067950429,0.9892303094108302,0.007066686912960581,0.001914779824755066,-2724.737663987064
0.005268637743624762,-0.0038482498999609666,0.0017725883374679649,0.029632780679375772,0.03579121873600516,1.137268549216768,0.8103206061526269,0.7003805067950429,0.9892303094108302,0.007066686912960581,0.001914779824755066,-2724.737663987064
0.0034990631704196855,-0.0034373702408099184,0.0017915331317731454,0.030460896043404437,0.03894551471474654,1.1610218976481188,0.8060537079202256,0.6393042687536356,0.9881767994507159,0.006447198390757445,0.0017655975276787321,-2724.0287372812113
0.0035059713996877795,-0.003395726443615899,0.002138256621706163,0.02869424031782633,0.037167182162806844,1.1795105833872446,0.828755202785222,0.6566369618341883,1.0443546720633574,0.005623565532507246,0.001772358411349192,-2723.792492737484
0.0035059713996877795,-0.003395726443615899,0.002138256621706163,0.02869424031782633,0.037167182162806844,1.1795105833872446,0.828755202785222,0.6566369618341883,1.0443546720633574,0.005623565532507246,0.001772358411349192,-2723.792492737484
0.0035059713996877795,-0.003395726443615899,0.002138256621706163,0.02869424031782633,0.037167182162806844,1.1795105833872446,0.828755202785222,0.6566369618341883,1.0443546720633574,0.005623565532507246,0.001772358411349192,-2723.792492737484
0.0035059713996877795,-0.003395726443615899,0.002138256621706163,0.02869424031782633,0.037167182162806844,1.1795105833872446,0.828755202785222,0.6566369618341883,1.0443546720633574,0.005623565532507246,0.001772358411349192,-2723.792492737484
0.003839286501658115,-0.0036332780000707153,0.0016696466818154595,0.0295856504479313,0.02596774675496621,1.1452030054697833,0.8218594283389833,0.6730107090113666,1.0387800116646377,0.00713355360756879,0.0020028216562970247,-2720.489458260426
0.004988015900822087,-0.0038418995927082854,0.001487672095657346,0.030069950445200586,0.02555583863299498,1.1139163921403987,0.8015123555091014,0.6563213597893218,0.9923782136787128,0.007055780645586111,0.002234480029346994,-2721.1521211544077
0.004988015900822087,-0.0038418995927082854,0.001487672095657346,0.030069950445200586,0.02555583863299498,1.1139163921403987,0.8015123555091014,0.6563213597893218,0.9923782136787128,0.007055780645586111,0.002234480029346994,-2721.1521211544077
0.004988015900822087,-0.0038418995927082854,0.001487672095657346,0.030069950445200586,0.02555583863299498,1.1139163921403987,0.8015123555091014,0.6563213597893218,0.9923782136787128,0.007055780645586111,0.002234480029346994,-2721.1521211544077
0.004988015900822087,-0.0038418995927082854,0.001487672095657346,0.030069950445200586,0.02555583863299498,1.1139163921403987,0.8015123555091014,0.6563213597893218,0.9923782136787128,0.007055780645586111,0.002234480029346994,-2721.1521211544077
0.004988015900822087,-0.0038418995927082854,0.001487672095657346,0.030069950445200586,0.02555583863299498,1.1139163921403987,0.8015123555091014,0.6563213597893218,0.9923782136787128,0.007055780645586111,0.002234480029346994,-2721.1521211544077
0.004988015900822087,-0.0038418995927082854,0.001487672095657346,0.030069950445200586,0.02555583863299498,1.1139163921403987,0.8015123555091014,0.6563213597893218,0.9923782136787128,0.007055780645586111,0.002234480029346994,-2721.1521211544077
0.004988015900822087,-0.0038418995927082854,0.001487672095657346,0.030069950445200586,0.02555583863299498,1.1139163921403987,0.8015123555091014,0.6563213597893218,0.9923782136787128,0.007055780645586111,0.002234480029346994,-2721.1521211544077
0.005200649448994817,-0.003717436948412832,0.0010516859327932221,0.032565780794463706,0.02417415768045228,1.0616091977574613,0.7906792553514573,0.6882851267606014,0.9546943792343192,0.007672022460565831,0.001959312958417696,-2720.954723849324
0.005200649448994817,-0.003717436948412832,0.0010516859327932221,0.032565780794463706,0.02417415768045228,1.0616091977574613,0.7906792553514573,0.6882851267606014,0.9546943792343192,0.007672022460565831,0.001959312958417696,-2720.954723849324
0.005200649448994817,-0.003717436948412832,0.0010516859327932221,0.032565780794463706,0.02417415768045228,1.0616091977574613,0.7906792553514573,0.6882851267606014,0.9546943792343192,0.007672022460565831,0.001959312958417696,-2720.954723849324
0.005200649448994817,-0.003717436948412832,0.0010516859327932221,0.032565780794463706,0.02417415768045228,1.0616091977574613,0.7906792553514573,0.6882851267606014,0.9546943792343192,0.007672022460565831,0.001959312958417696,-2720.954723849324
0.005200649448994817,-0.003717436948412832,0.0010516859327932221,0.032565780794463706,0.02417415768045228,1.0616091977574613,0.7906792553514573,0.6882851267606014,0.9546943792343192,0.007672022460565831,0.001959312958417696,-2720.954723849324
0.005200649448994817,-0.003717436948412832,0.0010516859327932221,0.032565780794463706,0.02417415768045228,1.0616091977574613,0.7906792553514573,0.6882851267606014,0.9546943792343192,0.007672022460565831,0.001959312958417696,-2720.954723849324
0.004081909586771034,-0.0033163011773109713,0.0015851192126264508,0.0300165226565801,0.024915874331563646,1.1478256088856027,0.8154879141834269,0.6877034842462209,1.021911629292425,0.007790478580488725,0.0018529620511405522,-2719.7721300211206
0.004081909586771034,-0.0033163011773109713,0.0015851192126264508,0.0300165226565801,0.024915874331563646,1.1478256088856027,0.8154879141834269,0.6877034842462209,1.021911629292425,0.007790478580488725,0.0018529620511405522,-2719.7721300211206
0.004081909586771034,-0.0033163011773109713,0.0015851192126264508,0.0300165226565801,0.024915874331563646,1.1478256088856027,0.8154879141834269,0.6877034842462209,1.021911629292425,0.007790478580488725,0.0018529620511405522,-2719.7721300211206
0.004081909586771034,-0.0033163011773109713,0.0015851192126264508,0.0300165226565801,0.024915874331563646,1.1478256088856027,0.8154879141834269,0.6877034842462209,1.021911629292425,0.007790478580488725,0.0018529620511405522,-2719.7721300211206
0.004081909586771034,-0.0033163011773109713,0.0015851192126264508,0.0300165226565801,0.024915874331563646,1.1478256088856027,0.8154879141834269,0.6877034842462209,1.021911629292425,0.007790478580488725,0.0018529620511405522,-2719.7721300211206
0.004081909586771034,-0.0033163011773109713,0.0015851192126264508,0.0300165226565801,0.024915874331563646,1.1478256088856027,0.8154879141834269,0.6877034842462209,1.021911629292425,0.007790478580488725,0.0018529620511405522,-2719.7721300211206
0.004081909586771034,-0.0033163011773109713,0.0015851192126264508,0.0300165226565801,0.024915874331563646,1.1478256088856027,0.8154879141834269,0.6877034842462209,1.021911629292425,0.007790478580488725,0.0018529620511405522,-2719.7721300211206
0.004081909586771034,-0.0033163011773109713,0.0015851192126264508,0.0300165226565801,0.024915874331563646,1.1478256088856027,0.8154879141834269,0.6877034842462209,1.021911629292425,0.007790478580488725,0.0018529620511405522,-2719.7721300211206
0.004081909586771034,-0.0033163011773109713,0.0015851192126264508,0.0300165226565801,0.024915874331563646,1.1478256088856027,0.8154879141834269,0.6877034842462209,1.021911629292425,0.007790478580488725,0.0018529620511405522,-2719.7721300211206
0.004081909586771034,-0.0033163011773109713,0.0015851192126264508,0.0300165226565801,0.024915874331563646,1.1478256088856027,0.8154879141834269,0.6877034842462209,1.021911629292425,0.007790478580488725,0.0018529620511405522,-2719.7721300211206
0.004081909586771034,-0.0033163011773109713,0.0015851192126264508,0.0300165226565801,0.024915874331563646,1.1478256088856027,0.8154879141834269,0.6877034842462209,1.021911629292425,0.007790478580488725,0.0018529620511405522,-2719.7721300211206
0.004081909586771034,-0.0033163011773109713,0.0015851192126264508,0.0300165226565801,0.024915874331563646,1.1478256088856027,0.8154879141834269,0.6877034842462209,1.021911629292425,0.007790478580488725,0.0018529620511405522,-2719.7721300211206
0.004081909586771034,-0.0033163011773109713,0.0015851192126264508,0.0300165226565801,0.024915874331563646,1.1478256088856027,0.8154879141834269,0.6877034842462209,1.021911629292425,0.007790478580488725,0.0018529620511405522,-2719.7721300211206
0.004081909586771034,-0.0033163011773109713,0.0015851192126264508,0.0300165226565801,0.024915874331563646,1.1478256088856027,0.8154879141834269,0.6877034842462209,1.021911629292425,0.007790478580488725,0.0018529620511405522,-2719.7721300211206
0.004081909586771034,-0.0033163011773109713,0.0015851192126264508,0.0300165226565801,0.024915874331563646,1.1478256088856027,0.8154879141834269,0.6877034842462209,1.021911629292425,0.007790478580488725,0.0018529620511405522,-2719.7721300211206
0.004750062787442154,-0.003507877642787996,0.0013594743278738186,0.030646740889455668,0.02370027501099893,1.1592527905542465,0.8226610233175764,0.7155180014091834,1.0139915639127672,0.007585502532288484,0.001872383474819095,-2720.371513771712
0.004750062787442154,-0.003507877642787996,0.0013594743278738186,0.030646740889455668,0.02370027501099893,1.1592527905542465,0.8226610233175764,0.7155180014091834,1.0139915639127672,0.007585502532288484,0.001872383474819095,-2720.371513771712
0.004429899454419385,-0.003036807217418884,0.0016556439744996668,0.030341069462859374,0.02564062455743492,1.1844880405048164,0.8259771793166277,0.7419960917850501,1.0430269892516286,0.00884119455689521,0.0016401906118605205,-2720.8756358673327
0.0035101921725218827,-0.0024310286613141215,0.001534178478382384,0.03174260322754227,0.023415565176073096,1.167637487166204,0.8272506389711752,0.6961651524285366,1.0256355595069464,0.008389906094371093,0.0014548356463312958,-2722.939318498441
0.0035101921725218827,-0.0024310286613141215,0.001534178478382384,0.03174260322754227,0.023415565176073096,1.167637487166204,0.8272506389711752,0.6961651524285366,1.0256355595069464,0.008389906094371093,0.0014548356463312958,-2722.939318498441
0.0033369224267240406,-0.002411074700380351,0.0017180305689638133,0.030260668773129544,0.022455177461124912,1.1973511452039585,0.8250194345434645,0.7038532422990319,1.0652963853208441,0.008431418837431835,0.0014568322030704373,-2721.9834781070713
0.0033369224267240406,-0.002411074700380351,0.0017180305689638133,0.030260668773129544,0.022455177461124912,1.1973511452039585,0.8250194345434645,0.7038532422990319,1.0652963853208441,0.008431418837431835,0.0014568322030704373,-2721.9834781070713
0.0033369224267240406,-0.002411074700380351,0.0017180305689638133,0.030260668773129544,0.022455177461124912,1.1973511452039585,0.8250194345434645,0.7038532422990319,1.0652963853208441,0.008431418837431835,0.0014568322030704373,-2721.9834781070713
0.0033369224267240406,-0.002411074700380351,0.0017180305689638133,0.030260668773129544,0.022455177461124912,1.1973511452039585,0.8250194345434645,0.7038532422990319,1.0652963853208441,0.008431418837431835,0.0014568322030704373,-2721.9834781070713
0.0033369224267240406,-0.002411074700380351,0.0017180305689638133,0.030260668773129544,0.022455177461124912,1.1973511452039585,0.8250194345434645,0.7038532422990319,1.0652963853208441,0.008431418837431835,0.0014568322030704373,-2721.9834781070713
0.0033369224267240406,-0.002411074700380351,0.0017180305689638133,0.030260668773129544,0.022455177461124912,1.1973511452039585,0.8250194345434645,0.7038532422990319,1.0652963853208441,0.008431418837431835,0.0014568322030704373,-2721.9834781070713
0.0033369224267240406,-0.002411074700380351,0.0017180305689638133,0.030260668773129544,0.022455177461124912,1.1973511452039585,0.8250194345434645,0.7038532422990319,1.0652963853208441,0.008431418837431835,0.0014568322030704373,-2721.9834781070713
0.0033369224267240406,-0.002411074700380351,0.0017180305689638133,0.030260668773129544,0.022455177461124912,1.1973511452039585,0.8250194345434645,0.7038532422990319,1.0652963853208441,0.008431418837431835,0.0014568322030704373,-2721.9834781070713
0.0033369224267240406,-0.002411074700380351,0.0017180305689638133,0.030260668773129544,0.022455177461124912,1.1973511452039585,0.8250194345434645,0.7038532422990319,1.0652963853208441,0.008431418837431835,0.0014568322030704373,-2721.9834781070713
0.0022940174610985523,-0.002535855512872604,0.001933897718401435,0.027639476424572002,0.021118470981760222,1.3117011647755645,0.9008859891255403,0.7016661214364301,1.1490279464317628,0.008653647702438223,0.0014494796610462293,-2725.547189435837
0.0022940174610985523,-0.002535855512872604,0.001933897718401435,0.027639476424572002,0.021118470981760222,1.3117011647755645,0.9008859891255403,0.7016661214364301,1.1490279464317628,0.008653647702438223,0.0014494796610462293,-2725.547189435837
0.0022940174610985523,-0.002535855512872604,0.001933897718401435,0.027639476424572002,0.021118470981760222,1.3117011647755645,0.9008859891255403,0.7016661214364301,1.1490279464317628,0.008653647702438223,0.0014494796610462293,-2725.547189435837
0.0022940174610985523,-0.002535855512872604,0.001933897718401435,0.027639476424572002,0.021118470981760222,1.3117011647755645,0.9008859891255403,0.7016661214364301,1.1490279464317628,0.008653647702438223,0.0014494796610462293,-2725.547189435837
0.0022940174610985523,-0.002535855512872604,0.001933897718401435,0.027639476424572002,0.021118470981760222,1.3117011647755645,0.9008859891255403,0.7016661214364301,1.1490279464317628,0.008653647702438223,0.0014494796610462293,-2725.547189435837
0.002157660368198311,-0.002288998458404334,0.0029592440309588026,0.02341243645913179,0.02186223994595452,1.464943720651657,1.0191715320307544,0.758134269323375,1.3063066628193947,0.008454133246303142,0.0014683574985331056,-2724.9010900604485
0.002157660368198311,-0.002288998458404334,0.0029592440309588026,0.02341243645913179,0.02186223994595452,1.464943720651657,1.0191715320307544,0.758134269323375,1.3063066628193947,0.008454133246303142,0.0014683574985331056,-2724.9010900604485
0.002157660368198311,-0.002288998458404334,0.0029592440309588026,0.02341243645913179,0.02186223994595452,1.464943720651657,1.0191715320307544,0.758134269323375,1.3063066628193947,0.008454133246303142,0.0014683574985331056,-2724.9010900604485
0.002157660368198311,-0.002288998458404334,0.0029592440309588026,0.02341243645913179,0.02186223994595452,1.464943720651657,1.0191715320307544,0.758134269323375,1.3063066628193947,0.008454133246303142,0.0014683574985331056,-2724.9010900604485
0.002157660368198311,-0.002288998458404334,0.0029592440309588026,0.02341243645913179,0.02186223994595452,1.464943720651657,1.0191715320307544,0.758134269323375,1.3063066628193947,0.008454133246303142,0.0014683574985331056,-2724.9010900604485
0.002157660368198311,-0.002288998458404334,0.0029592440309588026,0.02341243645913179,0.02186223994595452,1.464943720651657,1.0191715320307544,0.758134269323375,1.3063066628193947,0.008454133246303142,0.0014683574985331056,-2724.9010900604485
0.004609217208251509,-0.003017953294593567,0.0018207555310904323,0.026377305527865776,0.020659915276318556,1.2792065585971375,0.9341999980365753,0.7408353464958254,1.1130697548556745,0.01092673408991488,0.0018823216913740623,-2725.0772317595342
0.004609217208251509,-0.003017953294593567,0.0018207555310904323,0.026377305527865776,0.020659915276318556,1.2792065585971375,0.9341999980365753,0.7408353464958254,1.1130697548556745,0.01092673408991488,0.0018823216913740623,-2725.0772317595342
0.004609217208251509,-0.003017953294593567,0.0018207555310904323,0.026377305527865776,0.020659915276318556,1.2792065585971375,0.9341999980365753,0.7408353464958254,1.1130697548556745,0.01092673408991488,0.0018823216913740623,-2725.0772317595342
0.005889644928223248,-0.0031890406858524414,0.0028553509875102103,0.02282319580283084,0.021679982742253506,1.3748204471966377,0.9534898957708264,0.8107944786732633,1.1703480516313471,0.009967446646761411,0.0022979513836849123,-2725.736811544437
0.005889644928223248,-0.0031890406858524414,0.0028553509875102103,0.02282319580283084,0.021679982742253506,1.3748204471966377,0.9534898957708264,0.8107944786732633,1.1703480516313471,0.009967446646761411,0.0022979513836849123,-2725.736811544437
0.005889644928223248,-0.0031890406858524414,0.0028553509875102103,0.02282319580283084,0.021679982742253506,1.3748204471966377,0.9534898957708264,0.8107944786732633,1.1703480516313471,0.009967446646761411,0.0022979513836849123,-2725.736811544437
0.0047816142160773505,-0.003305624731789192,0.0028873650113292928,0.02468326378043501,0.02097431630402548,1.3183646213862694,0.9253898861648759,0.7527640270004912,1.0932395572225335,0.007534172312761941,0.0019653035626378238,-2724.1616354600264
0.005820886704104661,-0.0038346678017057156,0.002963607836313707,0.025230322895081994,0.02163293582967003,1.2551793305391064,0.9396208331152318,0.8014823747545736,1.080104751993244,0.010904493677508103,0.001845871211611873,-2724.5608285278354
0.005820886704104661,-0.0038346678017057156,0.002963607836313707,0.025230322895081994,0.02163293582967003,1.2551793305391064,0.9396208331152318,0.8014823747545736,1.080104751993244,0.010904493677508103,0.001845871211611873,-2724.5608285278354
0.005820886704104661,-0.0038346678017057156,0.002963607836313707,0.025230322895081994,0.02163293582967003,1.2551793305391064,0.9396208331152318,0.8014823747545736,1.080104751993244,0.010904493677508103,0.001845871211611873,-2724.5608285278354
0.005820886704104661,-0.0038346678017057156,0.002963607836313707,0.025230322895081994,0.02163293582967003,1.2551793305391064,0.9396208331152318,0.8014823747545736,1.080104751993244,0.010904493677508103,0.001845871211611873,-2724.5608285278354
0.005820886704104661,-0.0038346678017057156,0.002963607836313707,0.025230322895081994,0.02163293582967003,1.2551793305391064,0.9396208331152318,0.8014823747545736,1.080104751993244,0.010904493677508103,0.001845871211611873,-2724.5608285278354
0.006734165230486184,-0.0032681476236052064,0.0023225692709150873,0.02809689458872048,0.023087295910704977,1.1630048617006403,0.8650546071276792,0.8227495650323826,1.0094072434629935,0.009163221881788561,0.001804678800086378,-2723.801217467749
0.006734165230486184,-0.0032681476236052064,0.0023225692709150873,0.02809689458872048,0.023087295910704977,1.1630048617006403,0.8650546071276792,0.8227495650323826,1.0094072434629935,0.009163221881788561,0.001804678800086378,-2723.801217467749
0.007220584980306671,-0.003684713619181842,0.003352683605637921,0.024974165487408037,0.024370043701177777,1.197106038181626,0.8789722130174973,0.8261544543112886,1.036349897386918,0.008670397908239086,0.0021205201574956973,-2723.4019177526984
0.007220584980306671,-0.003684713619181842,0.003352683605637921,0.024974165487408037,0.024370043701177777,1.197106038181626,0.8789722130174973,0.8261544543112886,1.036349897386918,0.008670397908239086,0.0021205201574956973,-2723.4019177526984
0.007220584980306671,-0.003684713619181842,0.003352683605637921,0.024974165487408037,0.024370043701177777,1.197106038181626,0.8789722130174973,0.8261544543112886,1.036349897386918,0.008670397908239086,0.0021205201574956973,-2723.4019177526984
0.007220584980306671,-0.003684713619181842,0.003352683605637921,0.024974165487408037,0.024370043701177777,1.197106038181626,0.8789722130174973,0.8261544543112886,1.036349897386918,0.008670397908239086,0.0021205201574956973,-2723.4019177526984
0.007220584980306671,-0.003684713619181842,0.003352683605637921,0.024974165487408037,0.024370043701177777,1.197106038181626,0.8789722130174973,0.8261544543112886,1.036349897386918,0.008670397908239086,0.0021205201574956973,-2723.4019177526984
0.007220584980306671,-0.003684713619181842,0.003352683605637921,0.024974165487408037,0.024370043701177777,1.197106038181626,0.8789722130174973,0.8261544543112886,1.036349897386918,0.008670397908239086,0.0021205201574956973,-2723.4019177526984
0.007220584980306671,-0.003684713619181842,0.003352683605637921,0.024974165487408037,0.024370043701177777,1.197106038181626,0.8789722130174973,0.8261544543112886,1.036349897386918,0.008670397908239086,0.0021205201574956973,-2723.4019177526984
0.007220584980306671,-0.003684713619181842,0.003352683605637921,0.024974165487408037,0.024370043701177777,1.197106038181626,0.8789722130174973,0.8261544543112886,1.036349897386918,0.008670397908239086,0.0021205201574956973,-2723.4019177526984
0.005464083650591032,-0.0028931592367860215,0.00280917183892711,0.02537095698125768,0.022623772676324757,1.2547985274872895,0.9070129144409698,0.8019271255078135,1.129347338344131,0.00826608848254828,0.0018000350119369345,-2722.9336672551276
0.004782844859369096,-0.002433852583044599,0.0026677144592118533,0.026266309187662942,0.023528133351860887,1.2390909502206617,0.9265918777815623,0.8127066895601959,1.119921440042655,0.006819826451659457,0.0015586602618495886,-2723.143390492839
0.004782844859369096,-0.002433852583044599,0.0026677144592118533,0.026266309187662942,0.023528133351860887,1.2390909502206617,0.9265918777815623,0.8127066895601959,1.119921440042655,0.006819826451659457,0.0015586602618495886,-2723.143390492839
0.004782844859369096,-0.002433852583044599,0.0026677144592118533,0.026266309187662942,0.023528133351860887,1.2390909502206617,0.9265918777815623,0.8127066895601959,1.119921440042655,0.006819826451659457,0.0015586602618495886,-2723.143390492839
0.004782844859369096,-0.002433852583044599,0.0026677144592118533,0.026266309187662942,0.023528133351860887,1.2390909502206617,0.9265918777815623,0.8127066895601959,1.119921440042655,0.006819826451659457,0.0015586602618495886,-2723.143390492839
0.004782844859369096,-0.002433852583044599,0.0026677144592118533,0.026266309187662942,0.023528133351860887,1.2390909502206617,0.9265918777815623,0.8127066895601959,1.119921440042655,0.006819826451659457,0.0015586602618495886,-2723.143390492839
0.004782844859369096,-0.002433852583044599,0.0026677144592118533,0.026266309187662942,0.023528133351860887,1.2390909502206617,0.9265918777815623,0.8127066895601959,1.119921440042655,0.006819826451659457,0.0015586602618495886,-2723.143390492839
0.004782844859369096,-0.002433852583044599,0.0026677144592118533,0.026266309187662942,0.023528133351860887,1.2390909502206617,0.9265918777815623,0.8127066895601959,1.119921440042655,0.006819826451659457,0.0015586602618495886,-2723.143390492839
0.004782844859369096,-0.002433852583044599,0.0026677144592118533,0.026266309187662942,0.023528133351860887,1.2390909502206617,0.9265918777815623,0.8127066895601959,1.119921440042655,0.006819826451659457,0.0015586602618495886,-2723.143390492839
0.004782844859369096,-0.002433852583044599,0.0026677144592118533,0.026266309187662942,0.023528133351860887,1.2390909502206617,0.9265918777815623,0.8127066895601959,1.119921440042655,0.006819826451659457,0.0015586602618495886,-2723.143390492839
0.004782844859369096,-0.002433852583044599,0.0026677144592118533,0.026266309187662942,0.023528133351860887,1.2390909502206617,0.9265918777815623,0.8127066895601959,1.119921440042655,0.006819826451659457,0.0015586602618495886,-2723.143390492839
0.0047801370886102115,-0.002829852647656338,0.0032582828010009703,0.024835530517835092,0.02523096164066614,1.2668509394658027,0.9480082148912247,0.8279766424105428,1.1296472617110864,0.007004985425904014,0.0016563522591390442,-2720.2409182070724
0.0047801370886102115,-0.002829852647656338,0.0032582828010009703,0.024835530517835092,0.02523096164066614,1.2668509394658027,0.9480082148912247,0.8279766424105428,1.1296472617110864,0.007004985425904014,0.0016563522591390442,-2720.2409182070724
0.0047801370886102115,-0.002829852647656338,0.0032582828010009703,0.024835530517835092,0.02523096164066614,1.2668509394658027,0.9480082148912247,0.8279766424105428,1.1296472617110864,0.007004985425904014,0.0016563522591390442,-2720.2409182070724
0.0047801370886102115,-0.002829852647656338,0.0032582828010009703,0.024835530517835092,0.02523096164066614,1.2668509394658027,0.9480082148912247,0.8279766424105428,1.1296472617110864,0.007004985425904014,0.0016563522591390442,-2720.2409182070724
0.0047801370886102115,-0.002829852647656338,0.0032582828010009703,0.024835530517835092,0.02523096164066614,1.2668509394658027,0.9480082148912247,0.8279766424105428,1.1296472617110864,0.007004985425904014,0.0016563522591390442,-2720.2409182070724
0.0047801370886102115,-0.002829852647656338,0.0032582828010009703,0.024835530517835092,0.02523096164066614,1.2668509394658027,0.9480082148912247,0.8279766424105428,1.1296472617110864,0.007004985425904014,0.0016563522591390442,-2720.2409182070724
0.0047801370886102115,-0.002829852647656338,0.0032582828010009703,0.024835530517835092,0.02523096164066614,1.2668509394658027,0.9480082148912247,0.8279766424105428,1.1296472617110864,0.007004985425904014,0.0016563522591390442,-2720.2409182070724
0.004251763780677176,-0.0029840791989452125,0.0028493168102814697,0.02547087220946622,0.023046879217910984,1.280933247580911,0.9534977451166796,0.7917767539544145,1.15366217950746,0.007276314923197564,0.0015677800776245127,-2720.196781096744
0.004251763780677176,-0.0029840791989452125,0.0028493168102814697,0.02547087220946622,0.023046879217910984,1.280933247580911,0.9534977451166796,0.7917767539544145,1.15366217950746,0.007276314923197564,0.0015677800776245127,-2720.196781096744
0.004251763780677176,-0.0029840791989452125,0.0028493168102814697,0.02547087220946622,0.023046879217910984,1.280933247580911,0.9534977451166796,0.7917767539544145,1.15366217950746,0.007276314923197564,0.0015677800776245127,-2720.196781096744
0.004251763780677176,-0.0029840791989452125,0.0028493168102814697,0.02547087220946622,0.023046879217910984,1.280933247580911,0.9534977451166796,0.7917767539544145,1.15366217950746,0.007276314923197564,0.0015677800776245127,-2720.196781096744
0.004251763780677176,-0.0029840791989452125,0.0028493168102814697,0.02547087220946622,0.023046879217910984,1.280933247580911,0.9534977451166796,0.7917767539544145,1.15366217950746,0.007276314923197564,0.0015677800776245127,-2720.196781096744
0.004251763780677176,-0.0029840791989452125,0.0028493168102814697,0.02547087220946622,0.023046879217910984,1.280933247580911,0.9534977451166796,0.7917767539544145,1.15366217950746,0.007276314923197564,0.0015677800776245127,-2720.196781096744
0.004393708385031834,-0.002904018969922955,0.002312528562604337,0.027748373942388854,0.02262787245717634,1.1852019514299534,0.909208335644452,0.777846019944175,1.0909335538105098,0.009252886721832892,0.0014769731446804691,-2721.6430209258565
0.004393708385031834,-0.002904018969922955,0.002312528562604337,0.027748373942388854,0.02262787245717634,1.1852019514299534,0.909208335644452,0.777846019944175,1.0909335538105098,0.009252886721832892,0.0014769731446804691,-2721.6430209258565
0.004393708385031834,-0.002904018969922955,0.002312528562604337,0.027748373942388854,0.02262787245717634,1.1852019514299534,0.909208335644452,0.777846019944175,1.0909335538105098,0.009252886721832892,0.0014769731446804691,-2721.6430209258565
0.004393708385031834,-0.002904018969922955,0.002312528562604337,0.027748373942388854,0.02262787245717634,1.1852019514299534,0.909208335644452,0.777846019944175,1.0909335538105098,0.009252886721832892,0.0014769731446804691,-2721.6430209258565
0.004393708385031834,-0.002904018969922955,0.002312528562604337,0.027748373942388854,0.02262787245717634,1.1852019514299534,0.909208335644452,0.777846019944175,1.0909335538105098,0.009252886721832892,0.0014769731446804691,-2721.6430209258565
0.004393708385031834,-0.002904018969922955,0.002312528562604337,0.027748373942388854,0.02262787245717634,1.1852019514299534,0.909208335644452,0.777846019944175,1.0909335538105098,0.009252886721832892,0.0014769731446804691,-2721.6430209258565
0.0022453834839292093,-0.00206619838304425,0.003170291969673869,0.028379288835096227,0.02519578745227873,1.228574121028394,0.8790507569471306,0.7298062038323236,1.1304636485099633,0.008625980481384668,0.0010858730040293404,-2719.6834671203687
0.0022453834839292093,-0.00206619838304425,0.003170291969673869,0.028379288835096227,0.02519578745227873,1.228574121028394,0.8790507569471306,0.7298062038323236,1.1304636485099633,0.008625980481384668,0.0010858730040293404,-2719.6834671203687
0.0022453834839292093,-0.00206619838304425,0.003170291969673869,0.028379288835096227,0.02519578745227873,1.228574121028394,0.8790507569471306,0.7298062038323236,1.1304636485099633,0.008625980481384668,0.0010858730040293404,-2719.6834671203687
0.0030151730674324514,-0.002327257768778587,0.0024712877710076223,0.02984545521802153,0.02370565304369042,1.1404603966586075,0.8327178172958857,0.729249594571751,1.0472979148114674,0.008924267404043255,0.0013112248317625006,-2719.280529198723
0.0030151730674324514,-0.002327257768778587,0.0024712877710076223,0.02984545521802153,0.02370565304369042,1.1404603966586075,0.8327178172958857,0.729249594571751,1.0472979148114674,0.008924267404043255,0.0013112248317625006,-2719.280529198723
0.0030151730674324514,-0.002327257768778587,0.0024712877710076223,0.02984545521802153,0.02370565304369042,1.1404603966586075,0.8327178172958857,0.729249594571751,1.0472979148114674,0.008924267404043255,0.0013112248317625006,-2719.280529198723
0.0030151730674324514,-0.002327257768778587,0.0024712877710076223,0.02984545521802153,0.02370565304369042,1.1404603966586075,0.8327178172958857,0.729249594571751,1.0472979148114674,0.008924267404043255,0.0013112248317625006,-2719.280529198723
0.0030151730674324514,-0.002327257768778587,0.0024712877710076223,0.02984545521802153,0.02370565304369042,1.1404603966586075,0.8327178172958857,0.729249594571751,1.0472979148114674,0.008924267404043255,0.0013112248317625006,-2719.280529198723
0.0030151730674324514,-0.002327257768778587,0.0024712877710076223,0.02984545521802153,0.02370565304369042,1.1404603966586075,0.8327178172958857,0.729249594571751,1.0472979148114674,0.008924267404043255,0.0013112248317625006,-2719.280529198723
0.004018408966413497,-0.002678583188622681,0.0022313109630478123,0.030316276744259706,0.023716505019870274,1.1163317040929737,0.8276703562539655,0.7963866077059729,1.0025957090550177,0.006601417917910677,0.0014115085449169127,-2718.6129498895025
0.004018408966413497,-0.002678583188622681,0.0022313109630478123,0.030316276744259706,0.023716505019870274,1.1163317040929737,0.8276703562539655,0.7963866077059729,1.0025957090550177,0.006601417917910677,0.0014115085449169127,-2718.6129498895025
0.003592012940074203,-0.0025727001297153607,0.0024120238275922795,0.030352553614356872,0.02323411091357203,1.107780287348411,0.8179715509921957,0.7448826763860893,1.0167079376152226,0.00597550433414684,0.0013859033400815293,-2718.890998388096
0.003592012940074203,-0.0025727001297153607,0.0024120238275922795,0.030352553614356872,0.02323411091357203,1.107780287348411,0.8179715509921957,0.7448826763860893,1.0167079376152226,0.00597550433414684,0.0013859033400815293,-2718.890998388096
0.003592012940074203,-0.0025727001297153607,0.0024120238275922795,0.030352553614356872,0.02323411091357203,1.107780287348411,0.8179715509921957,0.7448826763860893,1.0167079376152226,0.00597550433414684,0.0013859033400815293,-2718.890998388096
0.003592012940074203,-0.0025727001297153607,0.0024120238275922795,0.030352553614356872,0.02323411091357203,1.107780287348411,0.8179715509921957,0.7448826763860893,1.0167079376152226,0.00597550433414684,0.0013859033400815293,-2718.890998388096
0.003592012940074203,-0.0025727001297153607,0.0024120238275922795,0.030352553614356872,0.02323411091357203,1.107780287348411,0.8179715509921957,0.7448826763860893,1.0167079376152226,0.00597550433414684,0.0013859033400815293,-2718.890998388096
0.003592012940074203,-0.0025727001297153607,0.0024120238275922795,0.030352553614356872,0.02323411091357203,1.107780287348411,0.8179715509921957,0.7448826763860893,1.0167079376152226,0.00597550433414684,0.0013859033400815293,-2718.890998388096
0.003592012940074203,-0.0025727001297153607,0.0024120238275922795,0.030352553614356872,0.02323411091357203,1.107780287348411,0.8179715509921957,0.7448826763860893,1.0167079376152226,0.00597550433414684,0.0013859033400815293,-2718.890998388096
0.003592012940074203,-0.0025727001297153607,0.0024120238275922795,0.030352553614356872,0.02323411091357203,1.107780287348411,0.8179715509921957,0.7448826763860893,1.0167079376152226,0.00597550433414684,0.0013859033400815293,-2718.890998388096
0.003592012940074203,-0.0025727001297153607,0.0024120238275922795,0.030352553614356872,0.02323411091357203,1.107780287348411,0.8179715509921957,0.7448826763860893,1.0167079376152226,0.00597550433414684,0.0013859033400815293,-2718.890998388096
0.003592012940074203,-0.0025727001297153607,0.0024120238275922795,0.030352553614356872,0.02323411091357203,1.107780287348411,0.8179715509921957,0.7448826763860893,1.0167079376152226,0.00597550433414684,0.0013859033400815293,-2718.890998388096
0.003592012940074203,-0.0025727001297153607,0.0024120238275922795,0.030352553614356872,0.02323411091357203,1.107780287348411,0.8179715509921957,0.7448826763860893,1.0167079376152226,0.00597550433414684,0.0013859033400815293,-2718.890998388096
0.003592012940074203,-0.0025727001297153607,0.0024120238275922795,0.030352553614356872,0.02323411091357203,1.107780287348411,0.8179715509921957,0.7448826763860893,1.0167079376152226,0.00597550433414684,0.0013859033400815293,-2718.890998388096
0.003592012940074203,-0.0025727001297153607,0.0024120238275922795,0.030352553614356872,0.02323411091357203,1.107780287348411,0.8179715509921957,0.7448826763860893,1.0167079376152226,0.00597550433414684,0.0013859033400815293,-2718.890998388096
0.003592012940074203,-0.0025727001297153607,0.0024120238275922795,0.030352553614356872,0.02323411091357203,1.107780287348411,0.8179715509921957,0.7448826763860893,1.0167079376152226,0.00597550433414684,0.0013859033400815293,-2718.890998388096
0.00345060040755954,-0.0022801849122616492,0.0033827694944341172,0.028327508711738617,0.031464593910427455,1.173798863742653,0.8528896646465658,0.7873605988240604,1.0733279033009053,0.005560867731976584,0.001151465660446158,-2720.7365691218183
0.00345060040755954,-0.0022801849122616492,0.0033827694944341172,0.028327508711738617,0.031464593910427455,1.173798863742653,0.8528896646465658,0.7873605988240604,1.0733279033009053,0.005560867731976584,0.001151465660446158,-2720.7365691218183
0.00345060040755954,-0.0022801849122616492,0.0033827694944341172,0.028327508711738617,0.031464593910427455,1.173798863742653,0.8528896646465658,0.7873605988240604,1.0733279033009053,0.005560867731976584,0.001151465660446158,-2720.7365691218183
0.00345060040755954,-0.0022801849122616492,0.0033827694944341172,0.028327508711738617,0.031464593910427455,1.173798863742653,0.8528896646465658,0.7873605988240604,1.0733279033009053,0.005560867731976584,0.001151465660446158,-2720.7365691218183
0.003882749920714903,-0.0024350114171208066,0.003259445915749545,0.028753842093088747,0.026006471624218208,1.1272251231458634,0.8260270524909579,0.7444489663204708,1.0596994973323866,0.00608935144302754,0.0013718153333053269,-2720.929053072355
0.003882749920714903,-0.0024350114171208066,0.003259445915749545,0.028753842093088747,0.026006471624218208,1.1272251231458634,0.8260270524909579,0.7444489663204708,1.0596994973323866,0.00608935144302754,0.0013718153333053269,-2720.929053072355
0.0034794000505119337,-0.002377004309542045,0.0031331124968012685,0.02932933109153807,0.023606933698912175,1.093549999305103,0.8181289451266633,0.7378632406893433,1.0426776878780817,0.008394120441330892,0.001339867077493043,-2721.7931626931118
0.0034794000505119337,-0.002377004309542045,0.0031331124968012685,0.02932933109153807,0.023606933698912175,1.093549999305103,0.8181289451266633,0.7378632406893433,1.0426776878780817,0.008394120441330892,0.001339867077493043,-2721.7931626931118
0.00300155859341218,-0.0018085966631029007,0.002618264077297261,0.030931138600416873,0.022626546642085212,1.0900206977913767,0.8136192445343056,0.7378799237251017,1.0088639459403055,0.0070640828424324625,0.001171527832841064,-2725.4349142601786
0.002847471675345329,-0.0018127129433130884,0.0038426505308623658,0.028656288265105145,0.02900360330792233,1.1365553184396504,0.8562939619436689,0.761871309121085,1.0221192909387418,0.007842914116556236,0.0010057294260050033,-2720.8063377405774
0.002847471675345329,-0.0018127129433130884,0.0038426505308623658,0.028656288265105145,0.02900360330792233,1.1365553184396504,0.8562939619436689,0.761871309121085,1.0221192909387418,0.007842914116556236,0.0010057294260050033,-2720.8063377405774
0.002847471675345329,-0.0018127129433130884,0.0038426505308623658,0.028656288265105145,0.02900360330792233,1.1365553184396504,0.8562939619436689,0.761871309121085,1.0221192909387418,0.007842914116556236,0.0010057294260050033,-2720.8063377405774
0.002847471675345329,-0.0018127129433130884,0.0038426505308623658,0.028656288265105145,0.02900360330792233,1.1365553184396504,0.8562939619436689,0.761871309121085,1.0221192909387418,0.007842914116556236,0.0010057294260050033,-2720.8063377405774
0.002847471675345329,-0.0018127129433130884,0.0038426505308623658,0.028656288265105145,0.02900360330792233,1.1365553184396504,0.8562939619436689,0.761871309121085,1.0221192909387418,0.007842914116556236,0.0010057294260050033,-2720.8063377405774
0.0020376082358917087,-0.0014526207421031142,0.005600883159386594,0.025136903630768745,0.04153802950457809,1.266715050006631,0.883406362603933,0.7600499258536528,1.1487938025730184,0.007150986240337446,0.0008707811017047277,-2720.524608268824
0.0020376082358917087,-0.0014526207421031142,0.005600883159386594,0.025136903630768745,0.04153802950457809,1.266715050006631,0.883406362603933,0.7600499258536528,1.1487938025730184,0.007150986240337446,0.0008707811017047277,-2720.524608268824
0.0020376082358917087,-0.0014526207421031142,0.005600883159386594,0.025136903630768745,0.04153802950457809,1.266715050006631,0.883406362603933,0.7600499258536528,1.1487938025730184,0.007150986240337446,0.0008707811017047277,-2720.524608268824
0.0020376082358917087,-0.0014526207421031142,0.005600883159386594,0.025136903630768745,0.04153802950457809,1.266715050006631,0.883406362603933,0.7600499258536528,1.1487938025730184,0.007150986240337446,0.0008707811017047277,-2720.524608268824
0.0010131455209808071,-0.00131281715185167,0.005795899848421175,0.025218736826729034,0.04159604395801096,1.3034495094278578,0.8798067652356608,0.7119610908033878,1.155214171798471,0.005833944879535459,0.0007458033016339877,-2721.0802549456575
0.0018050123190172726,-0.0015948453701870417,0.0052341136246695525,0.026008064764683345,0.034583059229401955,1.2916645150642518,0.8707490385960488,0.7033600344746129,1.0889921406875727,0.006253716273714126,0.0008788625754457894,-2719.789790870641
0.0017235376287238723,-0.0015684845689282632,0.0058956559081175825,0.025929719267730498,0.03642630097177613,1.239298854220665,0.8645817358597657,0.6764912791626018,1.0407898750534965,0.005624379900770264,0.0008714503727959202,-2721.0769425637013
0.0017235376287238723,-0.0015684845689282632,0.0058956559081175825,0.025929719267730498,0.03642630097177613,1.239298854220665,0.8645817358597657,0.6764912791626018,1.0407898750534965,0.005624379900770264,0.0008714503727959202,-2721.0769425637013
0.0017235376287238723,-0.0015684845689282632,0.0058956559081175825,0.025929719267730498,0.03642630097177613,1.239298854220665,0.8645817358597657,0.6764912791626018,1.0407898750534965,0.005624379900770264,0.0008714503727959202,-2721.0769425637013
0.0017235376287238723,-0.0015684845689282632,0.0058956559081175825,0.025929719267730498,0.03642630097177613,1.239298854220665,0.8645817358597657,0.6764912791626018,1.0407898750534965,0.005624379900770264,0.0008714503727959202,-2721.0769425637013
0.0017235376287238723,-0.0015684845689282632,0.0058956559081175825,0.025929719267730498,0.03642630097177613,1.239298854220665,0.8645817358597657,0.6764912791626018,1.0407898750534965,0.005624379900770264,0.0008714503727959202,-2721.0769425637013
0.0016032396661925276,-0.0016436349949523164,0.005998357073733888,0.02422897908427992,0.037567918171187195,1.3048254525600704,0.8544462364002747,0.6762683362475339,1.1209553117510127,0.0057535560280858235,0.0010069206885943492,-2717.666295702914
0.0016032396661925276,-0.0016436349949523164,0.005998357073733888,0.02422897908427992,0.037567918171187195,1.3048254525600704,0.8544462364002747,0.6762683362475339,1.1209553117510127,0.0057535560280858235,0.0010069206885943492,-2717.666295702914
0.0016032396661925276,-0.0016436349949523164,0.005998357073733888,0.02422897908427992,0.037567918171187195,1.3048254525600704,0.8544462364002747,0.6762683362475339,1.1209553117510127,0.0057535560280858235,0.0010069206885943492,-2717.666295702914
0.0016032396661925276,-0.0016436349949523164,0.005998357073733888,0.02422897908427992,0.037567918171187195,1.3048254525600704,0.8544462364002747,0.6762683362475339,1.1209553117510127,0.0057535560280858235,0.0010069206885943492,-2717.666295702914
0.0016032396661925276,-0.0016436349949523164,0.005998357073733888,0.02422897908427992,0.037567918171187195,1.3048254525600704,0.8544462364002747,0.6762683362475339,1.1209553117510127,0.0057535560280858235,0.0010069206885943492,-2717.666295702914
0.0016032396661925276,-0.0016436349949523164,0.005998357073733888,0.02422897908427992,0.037567918171187195,1.3048254525600704,0.8544462364002747,0.6762683362475339,1.1209553117510127,0.0057535560280858235,0.0010069206885943492,-2717.666295702914
0.0016032396661925276,-0.0016436349949523164,0.005998357073733888,0.02422897908427992,0.037567918171187195,1.3048254525600704,0.8544462364002747,0.6762683362475339,1.1209553117510127,0.0057535560280858235,0.0010069206885943492,-2717.666295702914
0.0016032396661925276,-0.0016436349949523164,0.005998357073733888,0.02422897908427992,0.037567918171187195,1.3048254525600704,0.8544462364002747,0.6762683362475339,1.1209553117510127,0.0057535560280858235,0.0010069206885943492,-2717.666295702914
0.0016032396661925276,-0.0016436349949523164,0.005998357073733888,0.02422897908427992,0.037567918171187195,1.3048254525600704,0.8544462364002747,0.6762683362475339,1.1209553117510127,0.0057535560280858235,0.0010069206885943492,-2717.666295702914
0.0016032396661925276,-0.0016436349949523164,0.005998357073733888,0.02422897908427992,0.037567918171187195,1.3048254525600704,0.8544462364002747,0.6762683362475339,1.1209553117510127,0.0057535560280858235,0.0010069206885943492,-2717.666295702914
0.0016032396661925276,-0.0016436349949523164,0.005998357073733888,0.02422897908427992,0.037567918171187195,1.3048254525600704,0.8544462364002747,0.6762683362475339,1.1209553117510127,0.0057535560280858235,0.0010069206885943492,-2717.666295702914
0.0016032396661925276,-0.0016436349949523164,0.005998357073733888,0.02422897908427992,0.037567918171187195,1.3048254525600704,0.8544462364002747,0.6762683362475339,1.1209553117510127,0.0057535560280858235,0.0010069206885943492,-2717.666295702914
0.0016032396661925276,-0.0016436349949523164,0.005998357073733888,0.02422897908427992,0.037567918171187195,1.3048254525600704,0.8544462364002747,0.6762683362475339,1.1209553117510127,0.0057535560280858235,0.0010069206885943492,-2717.666295702914
0.0016032396661925276,-0.0016436349949523164,0.005998357073733888,0.02422897908427992,0.037567918171187195,1.3048254525600704,0.8544462364002747,0.6762683362475339,1.1209553117510127,0.0057535560280858235,0.0010069206885943492,-2717.666295702914
0.0016032396661925276,-0.0016436349949523164,0.005998357073733888,0.02422897908427992,0.037567918171187195,1.3048254525600704,0.8544462364002747,0.6762683362475339,1.1209553117510127,0.0057535560280858235,0.0010069206885943492,-2717.666295702914
0.0016032396661925276,-0.0016436349949523164,0.005998357073733888,0.02422897908427992,0.037567918171187195,1.3048254525600704,0.8544462364002747,0.6762683362475339,1.1209553117510127,0.0057535560280858235,0.0010069206885943492,-2717.666295702914
0.0016032396661925276,-0.0016436349949523164,0.005998357073733888,0.02422897908427992,0.037567918171187195,1.3048254525600704,0.8544462364002747,0.6762683362475339,1.1209553117510127,0.0057535560280858235,0.0010069206885943492,-2717.666295702914
0.0016032396661925276,-0.0016436349949523164,0.005998357073733888,0.02422897908427992,0.037567918171187195,1.3048254525600704,0.8544462364002747,0.6762683362475339,1.1209553117510127,0.0057535560280858235,0.0010069206885943492,-2717.666295702914
0.0016032396661925276,-0.0016436349949523164,0.005998357073733888,0.02422897908427992,0.037567918171187195,1.3048254525600704,0.8544462364002747,0.6762683362475339,1.1209553117510127,0.0057535560280858235,0.0010069206885943492,-2717.666295702914
0.0016032396661925276,-0.0016436349949523164,0.005998357073733888,0.02422897908427992,0.037567918171187195,1.3048254525600704,0.8544462364002747,0.6762683362475339,1.1209553117510127,0.0057535560280858235,0.0010069206885943492,-2717.666295702914
0.0016032396661925276,-0.0016436349949523164,0.005998357073733888,0.02422897908427992,0.037567918171187195,1.3048254525600704,0.8544462364002747,0.6762683362475339,1.1209553117510127,0.0057535560280858235,0.0010069206885943492,-2717.666295702914
0.0016032396661925276,-0.0016436349949523164,0.005998357073733888,0.02422897908427992,0.037567918171187195,1.3048254525600704,0.8544462364002747,0.6762683362475339,1.1209553117510127,0.0057535560280858235,0.0010069206885943492,-2717.666295702914
0.0016032396661925276,-0.0016436349949523164,0.005998357073733888,0.02422897908427992,0.037567918171187195,1.3048254525600704,0.8544462364002747,0.6762683362475339,1.1209553117510127,0.0057535560280858235,0.0010069206885943492,-2717.666295702914
0.0016032396661925276,-0.0016436349949523164,0.005998357073733888,0.02422897908427992,0.037567918171187195,1.3048254525600704,0.8544462364002747,0.6762683362475339,1.1209553117510127,0.0057535560280858235,0.0010069206885943492,-2717.666295702914
0.0016032396661925276,-0.0016436349949523164,0.005998357073733888,0.02422897908427992,0.037567918171187195,1.3048254525600704,0.8544462364002747,0.6762683362475339,1.1209553117510127,0.0057535560280858235,0.0010069206885943492,-2717.666295702914
0.0016032396661925276,-0.0016436349949523164,0.005998357073733888,0.02422897908427992,0.037567918171187195,1.3048254525600704,0.8544462364002747,0.6762683362475339,1.1209553117510127,0.0057535560280858235,0.0010069206885943492,-2717.666295702914
0.0016032396661925276,-0.0016436349949523164,0.005998357073733888,0.02422897908427992,0.037567918171187195,1.3048254525600704,0.8544462364002747,0.6762683362475339,1.1209553117510127,0.0057535560280858235,0.0010069206885943492,-2717.666295702914
0.0016032396661925276,-0.0016436349949523164,0.005998357073733888,0.02422897908427992,0.037567918171187195,1.3048254525600704,0.8544462364002747,0.6762683362475339,1.1209553117510127,0.0057535560280858235,0.0010069206885943492,-2717.666295702914
0.0016032396661925276,-0.0016436349949523164,0.005998357073733888,0.02422897908427992,0.037567918171187195,1.3048254525600704,0.8544462364002747,0.6762683362475339,1.1209553117510127,0.0057535560280858235,0.0010069206885943492,-2717.666295702914
0.0016032396661925276,-0.0016436349949523164,0.005998357073733888,0.02422897908427992,0.037567918171187195,1.3048254525600704,0.8544462364002747,0.6762683362475339,1.1209553117510127,0.0057535560280858235,0.0010069206885943492,-2717.666295702914
0.0016032396661925276,-0.0016436349949523164,0.005998357073733888,0.02422897908427992,0.037567918171187195,1.3048254525600704,0.8544462364002747,0.6762683362475339,1.1209553117510127,0.0057535560280858235,0.0010069206885943492,-2717.666295702914
0.0016032396661925276,-0.0016436349949523164,0.005998357073733888,0.02422897908427992,0.037567918171187195,1.3048254525600704,0.8544462364002747,0.6762683362475339,1.1209553117510127,0.0057535560280858235,0.0010069206885943492,-2717.666295702914
0.0016032396661925276,-0.0016436349949523164,0.005998357073733888,0.02422897908427992,0.037567918171187195,1.3048254525600704,0.8544462364002747,0.6762683362475339,1.1209553117510127,0.0057535560280858235,0.0010069206885943492,-2717.666295702914
0.0016032396661925276,-0.0016436349949523164,0.005998357073733888,0.02422897908427992,0.037567918171187195,1.3048254525600704,0.8544462364002747,0.6762683362475339,1.1209553117510127,0.0057535560280858235,0.0010069206885943492,-2717.666295702914
0.0016032396661925276,-0.0016436349949523164,0.005998357073733888,0.02422897908427992,0.037567918171187195,1.3048254525600704,0.8544462364002747,0.6762683362475339,1.1209553117510127,0.0057535560280858235,0.0010069206885943492,-2717.666295702914
0.0016032396661925276,-0.0016436349949523164,0.005998357073733888,0.02422897908427992,0.037567918171187195,1.3048254525600704,0.8544462364002747,0.6762683362475339,1.1209553117510127,0.0057535560280858235,0.0010069206885943492,-2717.666295702914
0.0016032396661925276,-0.0016436349949523164,0.005998357073733888,0.02422897908427992,0.037567918171187195,1.3048254525600704,0.8544462364002747,0.6762683362475339,1.1209553117510127,0.0057535560280858235,0.0010069206885943492,-2717.666295702914
0.0016032396661925276,-0.0016436349949523164,0.005998357073733888,0.02422897908427992,0.037567918171187195,1.3048254525600704,0.8544462364002747,0.6762683362475339,1.1209553117510127,0.0057535560280858235,0.0010069206885943492,-2717.666295702914
0.0016032396661925276,-0.0016436349949523164,0.005998357073733888,0.02422897908427992,0.037567918171187195,1.3048254525600704,0.8544462364002747,0.6762683362475339,1.1209553117510127,0.0057535560280858235,0.0010069206885943492,-2717.666295702914
0.0016032396661925276,-0.0016436349949523164,0.005998357073733888,0.02422897908427992,0.037567918171187195,1.3048254525600704,0.8544462364002747,0.6762683362475339,1.1209553117510127,0.0057535560280858235,0.0010069206885943492,-2717.666295702914
0.0016032396661925276,-0.0016436349949523164,0.005998357073733888,0.02422897908427992,0.037567918171187195,1.3048254525600704,0.8544462364002747,0.6762683362475339,1.1209553117510127,0.0057535560280858235,0.0010069206885943492,-2717.666295702914
0.0016032396661925276,-0.0016436349949523164,0.005998357073733888,0.02422897908427992,0.037567918171187195,1.3048254525600704,0.8544462364002747,0.6762683362475339,1.1209553117510127,0.0057535560280858235,0.0010069206885943492,-2717.666295702914
0.0016032396661925276,-0.0016436349949523164,0.005998357073733888,0.02422897908427992,0.037567918171187195,1.3048254525600704,0.8544462364002747,0.6762683362475339,1.1209553117510127,0.0057535560280858235,0.0010069206885943492,-2717.666295702914
0.001170081343310302,-0.0016853197621552194,0.006727289638323281,0.0252741758826403,0.03768059444145077,1.2158679078206203,0.8072376379839741,0.6242721505107909,1.0991615512995374,0.005918648770101721,0.0009031151322197638,-2720.3672245385396
0.001170081343310302,-0.0016853197621552194,0.006727289638323281,0.0252741758826403,0.03768059444145077,1.2158679078206203,0.8072376379839741,0.6242721505107909,1.0991615512995374,0.005918648770101721,0.0009031151322197638,-2720.3672245385396
0.001170081343310302,-0.0016853197621552194,0.006727289638323281,0.0252741758826403,0.03768059444145077,1.2158679078206203,0.8072376379839741,0.6242721505107909,1.0991615512995374,0.005918648770101721,0.0009031151322197638,-2720.3672245385396
0.001170081343310302,-0.0016853197621552194,0.006727289638323281,0.0252741758826403,0.03768059444145077,1.2158679078206203,0.8072376379839741,0.6242721505107909,1.0991615512995374,0.005918648770101721,0.0009031151322197638,-2720.3672245385396
0.001170081343310302,-0.0016853197621552194,0.006727289638323281,0.0252741758826403,0.03768059444145077,1.2158679078206203,0.8072376379839741,0.6242721505107909,1.0991615512995374,0.005918648770101721,0.0009031151322197638,-2720.3672245385396
0.001170081343310302,-0.0016853197621552194,0.006727289638323281,0.0252741758826403,0.03768059444145077,1.2158679078206203,0.8072376379839741,0.6242721505107909,1.0991615512995374,0.005918648770101721,0.0009031151322197638,-2720.3672245385396
0.001170081343310302,-0.0016853197621552194,0.006727289638323281,0.0252741758826403,0.03768059444145077,1.2158679078206203,0.8072376379839741,0.6242721505107909,1.0991615512995374,0.005918648770101721,0.0009031151322197638,-2720.3672245385396
0.002018250567085973,-0.002185321055868699,0.006609184904014563,0.02419505575654596,0.03593038535876425,1.2433958334489073,0.823021006886379,0.6204438772594543,1.0763225195135984,0.0059786277428226136,0.001076478795942014,-2723.532404678486
0.0027459951568273126,-0.002371795613908865,0.004687520364805475,0.02719316124988578,0.026782352202394333,1.1195211945359305,0.7665955909703934,0.5919881294962502,1.0104444450774623,0.008784387867195905,0.0014884002553166558,-2722.2056323633656
0.0027459951568273126,-0.002371795613908865,0.004687520364805475,0.02719316124988578,0.026782352202394333,1.1195211945359305,0.7665955909703934,0.5919881294962502,1.0104444450774623,0.008784387867195905,0.0014884002553166558,-2722.2056323633656
0.0027459951568273126,-0.002371795613908865,0.004687520364805475,0.02719316124988578,0.026782352202394333,1.1195211945359305,0.7665955909703934,0.5919881294962502,1.0104444450774623,0.008784387867195905,0.0014884002553166558,-2722.2056323633656
0.0027459951568273126,-0.002371795613908865,0.004687520364805475,0.02719316124988578,0.026782352202394333,1.1195211945359305,0.7665955909703934,0.5919881294962502,1.0104444450774623,0.008784387867195905,0.0014884002553166558,-2722.2056323633656
0.0027459951568273126,-0.002371795613908865,0.004687520364805475,0.02719316124988578,0.026782352202394333,1.1195211945359305,0.7665955909703934,0.5919881294962502,1.0104444450774623,0.008784387867195905,0.0014884002553166558,-2722.2056323633656
0.003145256016509267,-0.0023354660547714517,0.005855743879127999,0.025061210439538534,0.04006724904872616,1.1615749428350801,0.7863343681236965,0.6194374658073801,1.0420940699004102,0.00631855801886922,0.0013552533656581004,-2722.7190271376994
0.003145256016509267,-0.0023354660547714517,0.005855743879127999,0.025061210439538534,0.04006724904872616,1.1615749428350801,0.7863343681236965,0.6194374658073801,1.0420940699004102,0.00631855801886922,0.0013552533656581004,-2722.7190271376994
0.003145256016509267,-0.0023354660547714517,0.005855743879127999,0.025061210439538534,0.04006724904872616,1.1615749428350801,0.7863343681236965,0.6194374658073801,1.0420940699004102,0.00631855801886922,0.0013552533656581004,-2722.7190271376994
0.002656819771334371,-0.0024402987214907678,0.005917738225481105,0.023517422700717366,0.03254674265111848,1.1998821536680262,0.798945412385522,0.6142894008615722,1.0688094718343015,0.005534629282666297,0.0014998526162186563,-2720.296034151686
0.002656819771334371,-0.0024402987214907678,0.005917738225481105,0.023517422700717366,0.03254674265111848,1.1998821536680262,0.798945412385522,0.6142894008615722,1.0688094718343015,0.005534629282666297,0.0014998526162186563,-2720.296034151686
0.0020176206591468217,-0.0023419567222123516,0.00552452561838716,0.02440902977741126,0.029883995515525938,1.1893722374835025,0.8008043910317134,0.629279417415872,1.0733814485475535,0.00595667946480357,0.0013744712651204331,-2720.7802453344025
0.0020176206591468217,-0.0023419567222123516,0.00552452561838716,0.02440902977741126,0.029883995515525938,1.1893722374835025,0.8008043910317134,0.629279417415872,1.0733814485475535,0.00595667946480357,0.0013744712651204331,-2720.7802453344025
0.0020176206591468217,-0.0023419567222123516,0.00552452561838716,0.02440902977741126,0.029883995515525938,1.1893722374835025,0.8008043910317134,0.629279417415872,1.0733814485475535,0.00595667946480357,0.0013744712651204331,-2720.7802453344025
0.0020176206591468217,-0.0023419567222123516,0.00552452561838716,0.02440902977741126,0.029883995515525938,1.1893722374835025,0.8008043910317134,0.629279417415872,1.0733814485475535,0.00595667946480357,0.0013744712651204331,-2720.7802453344025
0.0020176206591468217,-0.0023419567222123516,0.00552452561838716,0.02440902977741126,0.029883995515525938,1.1893722374835025,0.8008043910317134,0.629279417415872,1.0733814485475535,0.00595667946480357,0.0013744712651204331,-2720.7802453344025
0.0020176206591468217,-0.0023419567222123516,0.00552452561838716,0.02440902977741126,0.029883995515525938,1.1893722374835025,0.8008043910317134,0.629279417415872,1.0733814485475535,0.00595667946480357,0.0013744712651204331,-2720.7802453344025
0.0020176206591468217,-0.0023419567222123516,0.00552452561838716,0.02440902977741126,0.029883995515525938,1.1893722374835025,0.8008043910317134,0.629279417415872,1.0733814485475535,0.00595667946480357,0.0013744712651204331,-2720.7802453344025
0.0020176206591468217,-0.0023419567222123516,0.00552452561838716,0.02440902977741126,0.029883995515525938,1.1893722374835025,0.8008043910317134,0.629279417415872,1.0733814485475535,0.00595667946480357,0.0013744712651204331,-2720.7802453344025
0.0020176206591468217,-0.0023419567222123516,0.00552452561838716,0.02440902977741126,0.029883995515525938,1.1893722374835025,0.8008043910317134,0.629279417415872,1.0733814485475535,0.00595667946480357,0.0013744712651204331,-2720.7802453344025
0.0020176206591468217,-0.0023419567222123516,0.00552452561838716,0.02440902977741126,0.029883995515525938,1.1893722374835025,0.8008043910317134,0.629279417415872,1.0733814485475535,0.00595667946480357,0.0013744712651204331,-2720.7802453344025
0.0020176206591468217,-0.0023419567222123516,0.00552452561838716,0.02440902977741126,0.029883995515525938,1.1893722374835025,0.8008043910317134,0.629279417415872,1.0733814485475535,0.00595667946480357,0.0013744712651204331,-2720.7802453344025
0.0023490323597458052,-0.002360223941327868,0.006676746690520803,0.022137973101855432,0.03677469279260201,1.267192938733734,0.8310546164925541,0.6557974864492168,1.1517284339118727,0.0062912578691093745,0.0013539073103004315,-2720.9810501992706
0.0023490323597458052,-0.002360223941327868,0.006676746690520803,0.022137973101855432,0.03677469279260201,1.267192938733734,0.8310546164925541,0.6557974864492168,1.1517284339118727,0.0062912578691093745,0.0013539073103004315,-2720.9810501992706
0.0023490323597458052,-0.002360223941327868,0.006676746690520803,0.022137973101855432,0.03677469279260201,1.267192938733734,0.8310546164925541,0.6557974864492168,1.1517284339118727,0.0062912578691093745,0.0013539073103004315,-2720.9810501992706
0.0023490323597458052,-0.002360223941327868,0.006676746690520803,0.022137973101855432,0.03677469279260201,1.267192938733734,0.8310546164925541,0.6557974864492168,1.1517284339118727,0.0062912578691093745,0.0013539073103004315,-2720.9810501992706
0.0023490323597458052,-0.002360223941327868,0.006676746690520803,0.022137973101855432,0.03677469279260201,1.267192938733734,0.8310546164925541,0.6557974864492168,1.1517284339118727,0.0062912578691093745,0.0013539073103004315,-2720.9810501992706
0.0023490323597458052,-0.002360223941327868,0.006676746690520803,0.022137973101855432,0.03677469279260201,1.267192938733734,0.8310546164925541,0.6557974864492168,1.1517284339118727,0.0062912578691093745,0.0013539073103004315,-2720.9810501992706
0.0023490323597458052,-0.002360223941327868,0.006676746690520803,0.022137973101855432,0.03677469279260201,1.267192938733734,0.8310546164925541,0.6557974864492168,1.1517284339118727,0.0062912578691093745,0.0013539073103004315,-2720.9810501992706
0.0029995502499798633,-0.0025886822187465245,0.006089287109942396,0.023500866279718757,0.029878517900034963,1.1834610943110961,0.808221764999291,0.651542939645781,1.0511881255676334,0.005628223041384312,0.001556944499182537,-2721.3994210886126
0.0029995502499798633,-0.0025886822187465245,0.006089287109942396,0.023500866279718757,0.029878517900034963,1.1834610943110961,0.808221764999291,0.651542939645781,1.0511881255676334,0.005628223041384312,0.001556944499182537,-2721.3994210886126
0.0029995502499798633,-0.0025886822187465245,0.006089287109942396,0.023500866279718757,0.029878517900034963,1.1834610943110961,0.808221764999291,0.651542939645781,1.0511881255676334,0.005628223041384312,0.001556944499182537,-2721.3994210886126
0.0029995502499798633,-0.0025886822187465245,0.006089287109942396,0.023500866279718757,0.029878517900034963,1.1834610943110961,0.808221764999291,0.651542939645781,1.0511881255676334,0.005628223041384312,0.001556944499182537,-2721.3994210886126
0.0029995502499798633,-0.0025886822187465245,0.006089287109942396,0.023500866279718757,0.029878517900034963,1.1834610943110961,0.808221764999291,0.651542939645781,1.0511881255676334,0.005628223041384312,0.001556944499182537,-2721.3994210886126
0.0029995502499798633,-0.0025886822187465245,0.006089287109942396,0.023500866279718757,0.029878517900034963,1.1834610943110961,0.808221764999291,0.651542939645781,1.0511881255676334,0.005628223041384312,0.001556944499182537,-2721.3994210886126
0.0029995502499798633,-0.0025886822187465245,0.006089287109942396,0.023500866279718757,0.029878517900034963,1.1834610943110961,0.808221764999291,0.651542939645781,1.0511881255676334,0.005628223041384312,0.001556944499182537,-2721.3994210886126
0.0029995502499798633,-0.0025886822187465245,0.006089287109942396,0.023500866279718757,0.029878517900034963,1.1834610943110961,0.808221764999291,0.651542939645781,1.0511881255676334,0.005628223041384312,0.001556944499182537,-2721.3994210886126
0.0029995502499798633,-0.0025886822187465245,0.006089287109942396,0.023500866279718757,0.029878517900034963,1.1834610943110961,0.808221764999291,0.651542939645781,1.0511881255676334,0.005628223041384312,0.001556944499182537,-2721.3994210886126
0.0029995502499798633,-0.0025886822187465245,0.006089287109942396,0.023500866279718757,0.029878517900034963,1.1834610943110961,0.808221764999291,0.651542939645781,1.0511881255676334,0.005628223041384312,0.001556944499182537,-2721.3994210886126
0.0029995502499798633,-0.0025886822187465245,0.006089287109942396,0.023500866279718757,0.029878517900034963,1.1834610943110961,0.808221764999291,0.651542939645781,1.0511881255676334,0.005628223041384312,0.001556944499182537,-2721.3994210886126
0.0029995502499798633,-0.0025886822187465245,0.006089287109942396,0.023500866279718757,0.029878517900034963,1.1834610943110961,0.808221764999291,0.651542939645781,1.0511881255676334,0.005628223041384312,0.001556944499182537,-2721.3994210886126
0.00290569609631138,-0.0026579609555824274,0.0063500197169832386,0.02343449496496265,0.02896851073418836,1.172621366433218,0.8198001939021251,0.6503687957190236,1.0237555371667209,0.004915415312277144,0.0013608484952151781,-2721.829036413463
0.00290569609631138,-0.0026579609555824274,0.0063500197169832386,0.02343449496496265,0.02896851073418836,1.172621366433218,0.8198001939021251,0.6503687957190236,1.0237555371667209,0.004915415312277144,0.0013608484952151781,-2721.829036413463
0.00290569609631138,-0.0026579609555824274,0.0063500197169832386,0.02343449496496265,0.02896851073418836,1.172621366433218,0.8198001939021251,0.6503687957190236,1.0237555371667209,0.004915415312277144,0.0013608484952151781,-2721.829036413463
0.00290569609631138,-0.0026579609555824274,0.0063500197169832386,0.02343449496496265,0.02896851073418836,1.172621366433218,0.8198001939021251,0.6503687957190236,1.0237555371667209,0.004915415312277144,0.0013608484952151781,-2721.829036413463
0.00290569609631138,-0.0026579609555824274,0.0063500197169832386,0.02343449496496265,0.02896851073418836,1.172621366433218,0.8198001939021251,0.6503687957190236,1.0237555371667209,0.004915415312277144,0.0013608484952151781,-2721.829036413463
0.00290569609631138,-0.0026579609555824274,0.0063500197169832386,0.02343449496496265,0.02896851073418836,1.172621366433218,0.8198001939021251,0.6503687957190236,1.0237555371667209,0.004915415312277144,0.0013608484952151781,-2721.829036413463
0.0040787919722192825,-0.0030106370508543277,0.005574740061456779,0.02441973584639393,0.02456904424204413,1.1314117814279276,0.8137391760380663,0.6802670138375397,0.9945967421316366,0.006201402317133179,0.0016025108000784038,-2718.690378979061
0.0040787919722192825,-0.0030106370508543277,0.005574740061456779,0.02441973584639393,0.02456904424204413,1.1314117814279276,0.8137391760380663,0.6802670138375397,0.9945967421316366,0.006201402317133179,0.0016025108000784038,-2718.690378979061
0.0040787919722192825,-0.0030106370508543277,0.005574740061456779,0.02441973584639393,0.02456904424204413,1.1314117814279276,0.8137391760380663,0.6802670138375397,0.9945967421316366,0.006201402317133179,0.0016025108000784038,-2718.690378979061
0.0040787919722192825,-0.0030106370508543277,0.005574740061456779,0.02441973584639393,0.02456904424204413,1.1314117814279276,0.8137391760380663,0.6802670138375397,0.9945967421316366,0.006201402317133179,0.0016025108000784038,-2718.690378979061
0.0040787919722192825,-0.0030106370508543277,0.005574740061456779,0.02441973584639393,0.02456904424204413,1.1314117814279276,0.8137391760380663,0.6802670138375397,0.9945967421316366,0.006201402317133179,0.0016025108000784038,-2718.690378979061
0.0040787919722192825,-0.0030106370508543277,0.005574740061456779,0.02441973584639393,0.02456904424204413,1.1314117814279276,0.8137391760380663,0.6802670138375397,0.9945967421316366,0.006201402317133179,0.0016025108000784038,-2718.690378979061
0.0040787919722192825,-0.0030106370508543277,0.005574740061456779,0.02441973584639393,0.02456904424204413,1.1314117814279276,0.8137391760380663,0.6802670138375397,0.9945967421316366,0.006201402317133179,0.0016025108000784038,-2718.690378979061
0.0040787919722192825,-0.0030106370508543277,0.005574740061456779,0.02441973584639393,0.02456904424204413,1.1314117814279276,0.8137391760380663,0.6802670138375397,0.9945967421316366,0.006201402317133179,0.0016025108000784038,-2718.690378979061
0.0040787919722192825,-0.0030106370508543277,0.005574740061456779,0.02441973584639393,0.02456904424204413,1.1314117814279276,0.8137391760380663,0.6802670138375397,0.9945967421316366,0.006201402317133179,0.0016025108000784038,-2718.690378979061
0.0040787919722192825,-0.0030106370508543277,0.005574740061456779,0.02441973584639393,0.02456904424204413,1.1314117814279276,0.8137391760380663,0.6802670138375397,0.9945967421316366,0.006201402317133179,0.0016025108000784038,-2718.690378979061
0.0040787919722192825,-0.0030106370508543277,0.005574740061456779,0.02441973584639393,0.02456904424204413,1.1314117814279276,0.8137391760380663,0.6802670138375397,0.9945967421316366,0.006201402317133179,0.0016025108000784038,-2718.690378979061
0.0040787919722192825,-0.0030106370508543277,0.005574740061456779,0.02441973584639393,0.02456904424204413,1.1314117814279276,0.8137391760380663,0.6802670138375397,0.9945967421316366,0.006201402317133179,0.0016025108000784038,-2718.690378979061
0.0040787919722192825,-0.0030106370508543277,0.005574740061456779,0.02441973584639393,0.02456904424204413,1.1314117814279276,0.8137391760380663,0.6802670138375397,0.9945967421316366,0.006201402317133179,0.0016025108000784038,-2718.690378979061
0.0029803077343409975,-0.0028348516950826583,0.0065384302028708265,0.022494886419055317,0.02515683616599734,1.2213633684868443,0.8215532170399862,0.6473606409398657,1.0683673637041724,0.006416927632497658,0.0015177414450311365,-2722.463792882706
0.0029803077343409975,-0.0028348516950826583,0.0065384302028708265,0.022494886419055317,0.02515683616599734,1.2213633684868443,0.8215532170399862,0.6473606409398657,1.0683673637041724,0.006416927632497658,0.0015177414450311365,-2722.463792882706
0.0029803077343409975,-0.0028348516950826583,0.0065384302028708265,0.022494886419055317,0.02515683616599734,1.2213633684868443,0.8215532170399862,0.6473606409398657,1.0683673637041724,0.006416927632497658,0.0015177414450311365,-2722.463792882706
0.0029803077343409975,-0.0028348516950826583,0.0065384302028708265,0.022494886419055317,0.02515683616599734,1.2213633684868443,0.8215532170399862,0.6473606409398657,1.0683673637041724,0.006416927632497658,0.0015177414450311365,-2722.463792882706
0.0029803077343409975,-0.0028348516950826583,0.0065384302028708265,0.022494886419055317,0.02515683616599734,1.2213633684868443,0.8215532170399862,0.6473606409398657,1.0683673637041724,0.006416927632497658,0.0015177414450311365,-2722.463792882706
0.0029803077343409975,-0.0028348516950826583,0.0065384302028708265,0.022494886419055317,0.02515683616599734,1.2213633684868443,0.8215532170399862,0.6473606409398657,1.0683673637041724,0.006416927632497658,0.0015177414450311365,-2722.463792882706
0.0029803077343409975,-0.0028348516950826583,0.0065384302028708265,0.022494886419055317,0.02515683616599734,1.2213633684868443,0.8215532170399862,0.6473606409398657,1.0683673637041724,0.006416927632497658,0.0015177414450311365,-2722.463792882706
0.0029803077343409975,-0.0028348516950826583,0.0065384302028708265,0.022494886419055317,0.02515683616599734,1.2213633684868443,0.8215532170399862,0.6473606409398657,1.0683673637041724,0.006416927632497658,0.0015177414450311365,-2722.463792882706
0.0029803077343409975,-0.0028348516950826583,0.0065384302028708265,0.022494886419055317,0.02515683616599734,1.2213633684868443,0.8215532170399862,0.6473606409398657,1.0683673637041724,0.006416927632497658,0.0015177414450311365,-2722.463792882706
0.0029803077343409975,-0.0028348516950826583,0.0065384302028708265,0.022494886419055317,0.02515683616599734,1.2213633684868443,0.8215532170399862,0.6473606409398657,1.0683673637041724,0.006416927632497658,0.0015177414450311365,-2722.463792882706
0.0029803077343409975,-0.0028348516950826583,0.0065384302028708265,0.022494886419055317,0.02515683616599734,1.2213633684868443,0.8215532170399862,0.6473606409398657,1.0683673637041724,0.006416927632497658,0.0015177414450311365,-2722.463792882706
0.0029803077343409975,-0.0028348516950826583,0.0065384302028708265,0.022494886419055317,0.02515683616599734,1.2213633684868443,0.8215532170399862,0.6473606409398657,1.0683673637041724,0.006416927632497658,0.0015177414450311365,-2722.463792882706
0.0023090949878400487,-0.0027789571363306467,0.005341155122980492,0.02315743645686027,0.023974848736142355,1.2161773027294758,0.8388559893761849,0.6672542940878685,1.1089241874723812,0.007786265154076119,0.0016537359981006684,-2723.011579861693
0.0023090949878400487,-0.0027789571363306467,0.005341155122980492,0.02315743645686027,0.023974848736142355,1.2161773027294758,0.8388559893761849,0.6672542940878685,1.1089241874723812,0.007786265154076119,0.0016537359981006684,-2723.011579861693
0.0023090949878400487,-0.0027789571363306467,0.005341155122980492,0.02315743645686027,0.023974848736142355,1.2161773027294758,0.8388559893761849,0.6672542940878685,1.1089241874723812,0.007786265154076119,0.0016537359981006684,-2723.011579861693
0.002651780197182039,-0.0027940928986374116,0.0059929332474889,0.023786900548032522,0.02601979786988034,1.1624102835224965,0.8185182857020025,0.6592216835493643,1.0464297173590524,0.00788968802132083,0.0014625314140998035,-2722.3552001684634
0.002651780197182039,-0.0027940928986374116,0.0059929332474889,0.023786900548032522,0.02601979786988034,1.1624102835224965,0.8185182857020025,0.6592216835493643,1.0464297173590524,0.00788968802132083,0.0014625314140998035,-2722.3552001684634
0.002651780197182039,-0.0027940928986374116,0.0059929332474889,0.023786900548032522,0.02601979786988034,1.1624102835224965,0.8185182857020025,0.6592216835493643,1.0464297173590524,0.00788968802132083,0.0014625314140998035,-2722.3552001684634
0.002651780197182039,-0.0027940928986374116,0.0059929332474889,0.023786900548032522,0.02601979786988034,1.1624102835224965,0.8185182857020025,0.6592216835493643,1.0464297173590524,0.00788968802132083,0.0014625314140998035,-2722.3552001684634
0.002651780197182039,-0.0027940928986374116,0.0059929332474889,0.023786900548032522,0.02601979786988034,1.1624102835224965,0.8185182857020025,0.6592216835493643,1.0464297173590524,0.00788968802132083,0.0014625314140998035,-2722.3552001684634
0.002651780197182039,-0.0027940928986374116,0.0059929332474889,0.023786900548032522,0.02601979786988034,1.1624102835224965,0.8185182857020025,0.6592216835493643,1.0464297173590524,0.00788968802132083,0.0014625314140998035,-2722.3552001684634
0.0041939310745776025,-0.0035156460801188593,0.004548381301455385,0.026538097833527192,0.022467682980175308,1.0687530415238433,0.7773705735962675,0.6747828235261921,0.9770099963628972,0.00791678278557001,0.0017520469370493656,-2722.8693845971093
0.0041939310745776025,-0.0035156460801188593,0.004548381301455385,0.026538097833527192,0.022467682980175308,1.0687530415238433,0.7773705735962675,0.6747828235261921,0.9770099963628972,0.00791678278557001,0.0017520469370493656,-2722.8693845971093
0.0041939310745776025,-0.0035156460801188593,0.004548381301455385,0.026538097833527192,0.022467682980175308,1.0687530415238433,0.7773705735962675,0.6747828235261921,0.9770099963628972,0.00791678278557001,0.0017520469370493656,-2722.8693845971093
0.005932107886105799,-0.004068900211760036,0.003460385939768493,0.02862319098060491,0.021709472508101995,1.0041928834869598,0.8014538713921878,0.7708232241472066,0.9105921591314573,0.008077328890407466,0.0017594985228077094,-2726.1739866550174
0.005932107886105799,-0.004068900211760036,0.003460385939768493,0.02862319098060491,0.021709472508101995,1.0041928834869598,0.8014538713921878,0.7708232241472066,0.9105921591314573,0.008077328890407466,0.0017594985228077094,-2726.1739866550174
0.00768357786113932,-0.004858006476280248,0.003114966227687073,0.02946651354973972,0.022654392932166915,0.9778919634301305,0.7907051768173041,0.8107504271985566,0.8963843959578627,0.009359009747290578,0.001953773067577855,-2726.1085374084496
0.006985110679779534,-0.004322147723729072,0.0032618130664462475,0.027594095360197676,0.02236357364647123,1.0682607119078154,0.8479813503252641,0.8621615101723004,0.9434908528879524,0.006574020228675476,0.0018941703546917878,-2723.142666196649
0.006985110679779534,-0.004322147723729072,0.0032618130664462475,0.027594095360197676,0.02236357364647123,1.0682607119078154,0.8479813503252641,0.8621615101723004,0.9434908528879524,0.006574020228675476,0.0018941703546917878,-2723.142666196649
0.006985110679779534,-0.004322147723729072,0.0032618130664462475,0.027594095360197676,0.02236357364647123,1.0682607119078154,0.8479813503252641,0.8621615101723004,0.9434908528879524,0.006574020228675476,0.0018941703546917878,-2723.142666196649
0.006985110679779534,-0.004322147723729072,0.0032618130664462475,0.027594095360197676,0.02236357364647123,1.0682607119078154,0.8479813503252641,0.8621615101723004,0.9434908528879524,0.006574020228675476,0.0018941703546917878,-2723.142666196649
0.006985110679779534,-0.004322147723729072,0.0032618130664462475,0.027594095360197676,0.02236357364647123,1.0682607119078154,0.8479813503252641,0.8621615101723004,0.9434908528879524,0.006574020228675476,0.0018941703546917878,-2723.142666196649
0.0055963269685477875,-0.0033465180213776173,0.002429574635401428,0.02945319981084371,0.020902165984853324,1.0552985720339716,0.8327264319686598,0.8120678163383173,0.9487275212673443,0.006000498063401716,0.0017033181647134272,-2723.260578875327
0.0055963269685477875,-0.0033465180213776173,0.002429574635401428,0.02945319981084371,0.020902165984853324,1.0552985720339716,0.8327264319686598,0.8120678163383173,0.9487275212673443,0.006000498063401716,0.0017033181647134272,-2723.260578875327
0.00481395948053414,-0.0028977741783167707,0.002700332190482976,0.0275836005399393,0.02136016379856686,1.1520275051750852,0.8896847533928899,0.8318625810472848,1.0337416621290476,0.006285587946822196,0.001506335606416337,-2721.1167479589235
0.003916054687459843,-0.0028151286261173586,0.002496804125691557,0.02790960802422242,0.021215814450916907,1.2068588547560053,0.9013769294462195,0.8368115572378705,1.0828462672910777,0.007907125354108677,0.0013916068570473206,-2720.2319862677
0.003916054687459843,-0.0028151286261173586,0.002496804125691557,0.02790960802422242,0.021215814450916907,1.2068588547560053,0.9013769294462195,0.8368115572378705,1.0828462672910777,0.007907125354108677,0.0013916068570473206,-2720.2319862677
0.0035871616568915587,-0.0020292534740465034,0.0037422393148476996,0.026428794659104894,0.022126782887472562,1.236294183556728,0.8854298225486343,0.828279547116564,1.099891735874877,0.005129076614959953,0.0013083821624439236,-2718.1339869516714
0.0035484037633427366,-0.0024772981566229474,0.00242222968082374,0.030085900546081876,0.02072840391035369,1.1464345159113896,0.8322700959449172,0.7643247554263537,1.0219739937178327,0.005430510685770843,0.0014125980106120815,-2718.8715283111796
0.0035484037633427366,-0.0024772981566229474,0.00242222968082374,0.030085900546081876,0.02072840391035369,1.1464345159113896,0.8322700959449172,0.7643247554263537,1.0219739937178327,0.005430510685770843,0.0014125980106120815,-2718.8715283111796
0.0028571697246784194,-0.0019371338119891814,0.002783794670925516,0.030194209410804248,0.02125757628028398,1.166287095894405,0.8295403884705468,0.7477393095159864,1.0031815571185725,0.005420069413246639,0.0011775015347667334,-2718.459468706349
0.0028571697246784194,-0.0019371338119891814,0.002783794670925516,0.030194209410804248,0.02125757628028398,1.166287095894405,0.8295403884705468,0.7477393095159864,1.0031815571185725,0.005420069413246639,0.0011775015347667334,-2718.459468706349
0.004087968239464793,-0.0021630319723813293,0.003741259399499647,0.026805206695364864,0.02320126527426325,1.2207595170905905,0.8723061562183884,0.8050244310488306,1.0440760011165808,0.00678206512841801,0.0013481661363860485,-2718.4489686449
0.0032151165741230985,-0.0018210226876173418,0.0033823921969939087,0.026769787390326674,0.02313340189181861,1.2700216097864228,0.8961456435620034,0.8094983456180511,1.096175441931468,0.00605852530856835,0.0011894521120887618,-2717.622332929751
0.0032151165741230985,-0.0018210226876173418,0.0033823921969939087,0.026769787390326674,0.02313340189181861,1.2700216097864228,0.8961456435620034,0.8094983456180511,1.096175441931468,0.00605852530856835,0.0011894521120887618,-2717.622332929751
0.0032151165741230985,-0.0018210226876173418,0.0033823921969939087,0.026769787390326674,0.02313340189181861,1.2700216097864228,0.8961456435620034,0.8094983456180511,1.096175441931468,0.00605852530856835,0.0011894521120887618,-2717.622332929751
0.0032151165741230985,-0.0018210226876173418,0.0033823921969939087,0.026769787390326674,0.02313340189181861,1.2700216097864228,0.8961456435620034,0.8094983456180511,1.096175441931468,0.00605852530856835,0.0011894521120887618,-2717.622332929751
0.0032151165741230985,-0.0018210226876173418,0.0033823921969939087,0.026769787390326674,0.02313340189181861,1.2700216097864228,0.8961456435620034,0.8094983456180511,1.096175441931468,0.00605852530856835,0.0011894521120887618,-2717.622332929751
0.0032151165741230985,-0.0018210226876173418,0.0033823921969939087,0.026769787390326674,0.02313340189181861,1.2700216097864228,0.8961456435620034,0.8094983456180511,1.096175441931468,0.00605852530856835,0.0011894521120887618,-2717.622332929751
0.0032151165741230985,-0.0018210226876173418,0.0033823921969939087,0.026769787390326674,0.02313340189181861,1.2700216097864228,0.8961456435620034,0.8094983456180511,1.096175441931468,0.00605852530856835,0.0011894521120887618,-2717.622332929751
0.0032151165741230985,-0.0018210226876173418,0.0033823921969939087,0.026769787390326674,0.02313340189181861,1.2700216097864228,0.8961456435620034,0.8094983456180511,1.096175441931468,0.00605852530856835,0.0011894521120887618,-2717.622332929751
0.0032151165741230985,-0.0018210226876173418,0.0033823921969939087,0.026769787390326674,0.02313340189181861,1.2700216097864228,0.8961456435620034,0.8094983456180511,1.096175441931468,0.00605852530856835,0.0011894521120887618,-2717.622332929751
0.0032151165741230985,-0.0018210226876173418,0.0033823921969939087,0.026769787390326674,0.02313340189181861,1.2700216097864228,0.8961456435620034,0.8094983456180511,1.096175441931468,0.00605852530856835,0.0011894521120887618,-2717.622332929751
0.003673688822050365,-0.002381753910886763,0.002877045599579357,0.026355204655066827,0.02143137308223273,1.2662840630181074,0.9085587826151322,0.8353746869329861,1.095355144987309,0.006430227219525796,0.0014547613369286889,-2718.102106485009
0.0028159993126958913,-0.0020080398131368466,0.0035751675220236628,0.025899232886195552,0.023466554225387827,1.282286838783799,0.9224485318003195,0.8575561045502789,1.1356677853122898,0.00751634213974307,0.0011974087992456311,-2718.398591836454
0.0028159993126958913,-0.0020080398131368466,0.0035751675220236628,0.025899232886195552,0.023466554225387827,1.282286838783799,0.9224485318003195,0.8575561045502789,1.1356677853122898,0.00751634213974307,0.0011974087992456311,-2718.398591836454
0.0028159993126958913,-0.0020080398131368466,0.0035751675220236628,0.025899232886195552,0.023466554225387827,1.282286838783799,0.9224485318003195,0.8575561045502789,1.1356677853122898,0.00751634213974307,0.0011974087992456311,-2718.398591836454
0.0028159993126958913,-0.0020080398131368466,0.0035751675220236628,0.025899232886195552,0.023466554225387827,1.282286838783799,0.9224485318003195,0.8575561045502789,1.1356677853122898,0.00751634213974307,0.0011974087992456311,-2718.398591836454
0.0028159993126958913,-0.0020080398131368466,0.0035751675220236628,0.025899232886195552,0.023466554225387827,1.282286838783799,0.9224485318003195,0.8575561045502789,1.1356677853122898,0.00751634213974307,0.0011974087992456311,-2718.398591836454
0.0028159993126958913,-0.0020080398131368466,0.0035751675220236628,0.025899232886195552,0.023466554225387827,1.282286838783799,0.9224485318003195,0.8575561045502789,1.1356677853122898,0.00751634213974307,0.0011974087992456311,-2718.398591836454
0.0028159993126958913,-0.0020080398131368466,0.0035751675220236628,0.025899232886195552,0.023466554225387827,1.282286838783799,0.9224485318003195,0.8575561045502789,1.1356677853122898,0.00751634213974307,0.0011974087992456311,-2718.398591836454
0.0028159993126958913,-0.0020080398131368466,0.0035751675220236628,0.025899232886195552,0.023466554225387827,1.282286838783799,0.9224485318003195,0.8575561045502789,1.1356677853122898,0.00751634213974307,0.0011974087992456311,-2718.398591836454
0.0028159993126958913,-0.0020080398131368466,0.0035751675220236628,0.025899232886195552,0.023466554225387827,1.282286838783799,0.9224485318003195,0.8575561045502789,1.1356677853122898,0.00751634213974307,0.0011974087992456311,-2718.398591836454
0.0028159993126958913,-0.0020080398131368466,0.0035751675220236628,0.025899232886195552,0.023466554225387827,1.282286838783799,0.9224485318003195,0.8575561045502789,1.1356677853122898,0.00751634213974307,0.0011974087992456311,-2718.398591836454
0.0028159993126958913,-0.0020080398131368466,0.0035751675220236628,0.025899232886195552,0.023466554225387827,1.282286838783799,0.9224485318003195,0.8575561045502789,1.1356677853122898,0.00751634213974307,0.0011974087992456311,-2718.398591836454
0.0028159993126958913,-0.0020080398131368466,0.0035751675220236628,0.025899232886195552,0.023466554225387827,1.282286838783799,0.9224485318003195,0.8575561045502789,1.1356677853122898,0.00751634213974307,0.0011974087992456311,-2718.398591836454
0.0028159993126958913,-0.0020080398131368466,0.0035751675220236628,0.025899232886195552,0.023466554225387827,1.282286838783799,0.9224485318003195,0.8575561045502789,1.1356677853122898,0.00751634213974307,0.0011974087992456311,-2718.398591836454
0.0028159993126958913,-0.0020080398131368466,0.0035751675220236628,0.025899232886195552,0.023466554225387827,1.282286838783799,0.9224485318003195,0.8575561045502789,1.1356677853122898,0.00751634213974307,0.0011974087992456311,-2718.398591836454
0.0028159993126958913,-0.0020080398131368466,0.0035751675220236628,0.025899232886195552,0.023466554225387827,1.282286838783799,0.9224485318003195,0.8575561045502789,1.1356677853122898,0.00751634213974307,0.0011974087992456311,-2718.398591836454
0.0028159993126958913,-0.0020080398131368466,0.0035751675220236628,0.025899232886195552,0.023466554225387827,1.282286838783799,0.9224485318003195,0.8575561045502789,1.1356677853122898,0.00751634213974307,0.0011974087992456311,-2718.398591836454
0.0028159993126958913,-0.0020080398131368466,0.0035751675220236628,0.025899232886195552,0.023466554225387827,1.282286838783799,0.9224485318003195,0.8575561045502789,1.1356677853122898,0.00751634213974307,0.0011974087992456311,-2718.398591836454
0.0028159993126958913,-0.0020080398131368466,0.0035751675220236628,0.025899232886195552,0.023466554225387827,1.282286838783799,0.9224485318003195,0.8575561045502789,1.1356677853122898,0.00751634213974307,0.0011974087992456311,-2718.398591836454
0.0028159993126958913,-0.0020080398131368466,0.0035751675220236628,0.025899232886195552,0.023466554225387827,1.282286838783799,0.9224485318003195,0.8575561045502789,1.1356677853122898,0.00751634213974307,0.0011974087992456311,-2718.398591836454
0.0028159993126958913,-0.0020080398131368466,0.0035751675220236628,0.025899232886195552,0.023466554225387827,1.282286838783799,0.9224485318003195,0.8575561045502789,1.1356677853122898,0.00751634213974307,0.0011974087992456311,-2718.398591836454
0.0028159993126958913,-0.0020080398131368466,0.0035751675220236628,0.025899232886195552,0.023466554225387827,1.282286838783799,0.9224485318003195,0.8575561045502789,1.1356677853122898,0.00751634213974307,0.0011974087992456311,-2718.398591836454
0.0028159993126958913,-0.0020080398131368466,0.0035751675220236628,0.025899232886195552,0.023466554225387827,1.282286838783799,0.9224485318003195,0.8575561045502789,1.1356677853122898,0.00751634213974307,0.0011974087992456311,-2718.398591836454
0.0028159993126958913,-0.0020080398131368466,0.0035751675220236628,0.025899232886195552,0.023466554225387827,1.282286838783799,0.9224485318003195,0.8575561045502789,1.1356677853122898,0.00751634213974307,0.0011974087992456311,-2718.398591836454
0.0028159993126958913,-0.0020080398131368466,0.0035751675220236628,0.025899232886195552,0.023466554225387827,1.282286838783799,0.9224485318003195,0.8575561045502789,1.1356677853122898,0.00751634213974307,0.0011974087992456311,-2718.398591836454
0.0028159993126958913,-0.0020080398131368466,0.0035751675220236628,0.025899232886195552,0.023466554225387827,1.282286838783799,0.9224485318003195,0.8575561045502789,1.1356677853122898,0.00751634213974307,0.0011974087992456311,-2718.398591836454
0.0028159993126958913,-0.0020080398131368466,0.0035751675220236628,0.025899232886195552,0.023466554225387827,1.282286838783799,0.9224485318003195,0.8575561045502789,1.1356677853122898,0.00751634213974307,0.0011974087992456311,-2718.398591836454
0.0028159993126958913,-0.0020080398131368466,0.0035751675220236628,0.025899232886195552,0.023466554225387827,1.282286838783799,0.9224485318003195,0.8575561045502789,1.1356677853122898,0.00751634213974307,0.0011974087992456311,-2718.398591836454
0.0028159993126958913,-0.0020080398131368466,0.0035751675220236628,0.025899232886195552,0.023466554225387827,1.282286838783799,0.9224485318003195,0.8575561045502789,1.1356677853122898,0.00751634213974307,0.0011974087992456311,-2718.398591836454
0.0028159993126958913,-0.0020080398131368466,0.0035751675220236628,0.025899232886195552,0.023466554225387827,1.282286838783799,0.9224485318003195,0.8575561045502789,1.1356677853122898,0.00751634213974307,0.0011974087992456311,-2718.398591836454
0.0028159993126958913,-0.0020080398131368466,0.0035751675220236628,0.025899232886195552,0.023466554225387827,1.282286838783799,0.9224485318003195,0.8575561045502789,1.1356677853122898,0.00751634213974307,0.0011974087992456311,-2718.398591836454
0.0028159993126958913,-0.0020080398131368466,0.0035751675220236628,0.025899232886195552,0.023466554225387827,1.282286838783799,0.9224485318003195,0.8575561045502789,1.1356677853122898,0.00751634213974307,0.0011974087992456311,-2718.398591836454
0.0028159993126958913,-0.0020080398131368466,0.0035751675220236628,0.025899232886195552,0.023466554225387827,1.282286838783799,0.9224485318003195,0.8575561045502789,1.1356677853122898,0.00751634213974307,0.0011974087992456311,-2718.398591836454
0.0028159993126958913,-0.0020080398131368466,0.0035751675220236628,0.025899232886195552,0.023466554225387827,1.282286838783799,0.9224485318003195,0.8575561045502789,1.1356677853122898,0.00751634213974307,0.0011974087992456311,-2718.398591836454
0.004137846817948328,-0.0024450819008587053,0.002366863703574535,0.03001955523020158,0.022464377215893734,1.1363565976263028,0.8377986117915779,0.7887689696562279,1.0141281778116642,0.008491018615809746,0.0013661848511619104,-2717.658311114488
0.004137846817948328,-0.0024450819008587053,0.002366863703574535,0.03001955523020158,0.022464377215893734,1.1363565976263028,0.8377986117915779,0.7887689696562279,1.0141281778116642,0.008491018615809746,0.0013661848511619104,-2717.658311114488
0.004137846817948328,-0.0024450819008587053,0.002366863703574535,0.03001955523020158,0.022464377215893734,1.1363565976263028,0.8377986117915779,0.7887689696562279,1.0141281778116642,0.008491018615809746,0.0013661848511619104,-2717.658311114488
0.004137846817948328,-0.0024450819008587053,0.002366863703574535,0.03001955523020158,0.022464377215893734,1.1363565976263028,0.8377986117915779,0.7887689696562279,1.0141281778116642,0.008491018615809746,0.0013661848511619104,-2717.658311114488
0.003493793770362269,-0.0021934230409281765,0.003434401875828386,0.02626262829142821,0.023000400370332724,1.264332336463073,0.8982649535310532,0.7757477139127251,1.115283120676892,0.009728212099282395,0.0013419507690801047,-2717.997683322409
0.003493793770362269,-0.0021934230409281765,0.003434401875828386,0.02626262829142821,0.023000400370332724,1.264332336463073,0.8982649535310532,0.7757477139127251,1.115283120676892,0.009728212099282395,0.0013419507690801047,-2717.997683322409
0.003493793770362269,-0.0021934230409281765,0.003434401875828386,0.02626262829142821,0.023000400370332724,1.264332336463073,0.8982649535310532,0.7757477139127251,1.115283120676892,0.009728212099282395,0.0013419507690801047,-2717.997683322409
0.003493793770362269,-0.0021934230409281765,0.003434401875828386,0.02626262829142821,0.023000400370332724,1.264332336463073,0.8982649535310532,0.7757477139127251,1.115283120676892,0.009728212099282395,0.0013419507690801047,-2717.997683322409
0.003493793770362269,-0.0021934230409281765,0.003434401875828386,0.02626262829142821,0.023000400370332724,1.264332336463073,0.8982649535310532,0.7757477139127251,1.115283120676892,0.009728212099282395,0.0013419507690801047,-2717.997683322409
0.0036978330099713443,-0.0023536413580418506,0.0027744911332427623,0.02831591714803995,0.02368156804280349,1.2083524224046547,0.880252447379698,0.7708042959276945,1.0725332549092306,0.010145576647445103,0.001262640645069331,-2718.445785691997
0.0036978330099713443,-0.0023536413580418506,0.0027744911332427623,0.02831591714803995,0.02368156804280349,1.2083524224046547,0.880252447379698,0.7708042959276945,1.0725332549092306,0.010145576647445103,0.001262640645069331,-2718.445785691997
0.0036978330099713443,-0.0023536413580418506,0.0027744911332427623,0.02831591714803995,0.02368156804280349,1.2083524224046547,0.880252447379698,0.7708042959276945,1.0725332549092306,0.010145576647445103,0.001262640645069331,-2718.445785691997
0.0036978330099713443,-0.0023536413580418506,0.0027744911332427623,0.02831591714803995,0.02368156804280349,1.2083524224046547,0.880252447379698,0.7708042959276945,1.0725332549092306,0.010145576647445103,0.001262640645069331,-2718.445785691997
0.0036978330099713443,-0.0023536413580418506,0.0027744911332427623,0.02831591714803995,0.02368156804280349,1.2083524224046547,0.880252447379698,0.7708042959276945,1.0725332549092306,0.010145576647445103,0.001262640645069331,-2718.445785691997
0.0026435353306604147,-0.001753146998837751,0.0021752303161321073,0.030091704386528546,0.02312739001588804,1.2116402058353428,0.8818747710980209,0.7912069599674738,1.0915458904452715,0.009886095071480545,0.00103961727242456,-2718.4569316564625
0.0026435353306604147,-0.001753146998837751,0.0021752303161321073,0.030091704386528546,0.02312739001588804,1.2116402058353428,0.8818747710980209,0.7912069599674738,1.0915458904452715,0.009886095071480545,0.00103961727242456,-2718.4569316564625
0.0026435353306604147,-0.001753146998837751,0.0021752303161321073,0.030091704386528546,0.02312739001588804,1.2116402058353428,0.8818747710980209,0.7912069599674738,1.0915458904452715,0.009886095071480545,0.00103961727242456,-2718.4569316564625
0.0026435353306604147,-0.001753146998837751,0.0021752303161321073,0.030091704386528546,0.02312739001588804,1.2116402058353428,0.8818747710980209,0.7912069599674738,1.0915458904452715,0.009886095071480545,0.00103961727242456,-2718.4569316564625
0.0026435353306604147,-0.001753146998837751,0.0021752303161321073,0.030091704386528546,0.02312739001588804,1.2116402058353428,0.8818747710980209,0.7912069599674738,1.0915458904452715,0.009886095071480545,0.00103961727242456,-2718.4569316564625
0.0026435353306604147,-0.001753146998837751,0.0021752303161321073,0.030091704386528546,0.02312739001588804,1.2116402058353428,0.8818747710980209,0.7912069599674738,1.0915458904452715,0.009886095071480545,0.00103961727242456,-2718.4569316564625
0.0026435353306604147,-0.001753146998837751,0.0021752303161321073,0.030091704386528546,0.02312739001588804,1.2116402058353428,0.8818747710980209,0.7912069599674738,1.0915458904452715,0.009886095071480545,0.00103961727242456,-2718.4569316564625
0.0026435353306604147,-0.001753146998837751,0.0021752303161321073,0.030091704386528546,0.02312739001588804,1.2116402058353428,0.8818747710980209,0.7912069599674738,1.0915458904452715,0.009886095071480545,0.00103961727242456,-2718.4569316564625
0.0026435353306604147,-0.001753146998837751,0.0021752303161321073,0.030091704386528546,0.02312739001588804,1.2116402058353428,0.8818747710980209,0.7912069599674738,1.0915458904452715,0.009886095071480545,0.00103961727242456,-2718.4569316564625
0.0026435353306604147,-0.001753146998837751,0.0021752303161321073,0.030091704386528546,0.02312739001588804,1.2116402058353428,0.8818747710980209,0.7912069599674738,1.0915458904452715,0.009886095071480545,0.00103961727242456,-2718.4569316564625
0.0026435353306604147,-0.001753146998837751,0.0021752303161321073,0.030091704386528546,0.02312739001588804,1.2116402058353428,0.8818747710980209,0.7912069599674738,1.0915458904452715,0.009886095071480545,0.00103961727242456,-2718.4569316564625
0.0026435353306604147,-0.001753146998837751,0.0021752303161321073,0.030091704386528546,0.02312739001588804,1.2116402058353428,0.8818747710980209,0.7912069599674738,1.0915458904452715,0.009886095071480545,0.00103961727242456,-2718.4569316564625
0.0026435353306604147,-0.001753146998837751,0.0021752303161321073,0.030091704386528546,0.02312739001588804,1.2116402058353428,0.8818747710980209,0.7912069599674738,1.0915458904452715,0.009886095071480545,0.00103961727242456,-2718.4569316564625
0.0026435353306604147,-0.001753146998837751,0.0021752303161321073,0.030091704386528546,0.02312739001588804,1.2116402058353428,0.8818747710980209,0.7912069599674738,1.0915458904452715,0.009886095071480545,0.00103961727242456,-2718.4569316564625
0.0026435353306604147,-0.001753146998837751,0.0021752303161321073,0.030091704386528546,0.02312739001588804,1.2116402058353428,0.8818747710980209,0.7912069599674738,1.0915458904452715,0.009886095071480545,0.00103961727242456,-2718.4569316564625
0.0026343684228480567,-0.0015520611715908158,0.001926579162535653,0.030864964547341195,0.021690046156155114,1.2211431187297448,0.9007794860349438,0.8510553563457688,1.0807486793680479,0.008443703904550574,0.0009158824691042288,-2718.647749506867
0.0026343684228480567,-0.0015520611715908158,0.001926579162535653,0.030864964547341195,0.021690046156155114,1.2211431187297448,0.9007794860349438,0.8510553563457688,1.0807486793680479,0.008443703904550574,0.0009158824691042288,-2718.647749506867
0.0026343684228480567,-0.0015520611715908158,0.001926579162535653,0.030864964547341195,0.021690046156155114,1.2211431187297448,0.9007794860349438,0.8510553563457688,1.0807486793680479,0.008443703904550574,0.0009158824691042288,-2718.647749506867
0.0026343684228480567,-0.0015520611715908158,0.001926579162535653,0.030864964547341195,0.021690046156155114,1.2211431187297448,0.9007794860349438,0.8510553563457688,1.0807486793680479,0.008443703904550574,0.0009158824691042288,-2718.647749506867
0.0026343684228480567,-0.0015520611715908158,0.001926579162535653,0.030864964547341195,0.021690046156155114,1.2211431187297448,0.9007794860349438,0.8510553563457688,1.0807486793680479,0.008443703904550574,0.0009158824691042288,-2718.647749506867
0.0026343684228480567,-0.0015520611715908158,0.001926579162535653,0.030864964547341195,0.021690046156155114,1.2211431187297448,0.9007794860349438,0.8510553563457688,1.0807486793680479,0.008443703904550574,0.0009158824691042288,-2718.647749506867
0.0026343684228480567,-0.0015520611715908158,0.001926579162535653,0.030864964547341195,0.021690046156155114,1.2211431187297448,0.9007794860349438,0.8510553563457688,1.0807486793680479,0.008443703904550574,0.0009158824691042288,-2718.647749506867
0.0026343684228480567,-0.0015520611715908158,0.001926579162535653,0.030864964547341195,0.021690046156155114,1.2211431187297448,0.9007794860349438,0.8510553563457688,1.0807486793680479,0.008443703904550574,0.0009158824691042288,-2718.647749506867
0.0026784059696509654,-0.001866163982841785,0.0028807081916497473,0.029456650524475644,0.02233015545915423,1.20806314048529,0.8629304125600998,0.7658840580764871,1.0698564289445374,0.009280679947483824,0.0010078696567085922,-2719.334451595586
0.0026784059696509654,-0.001866163982841785,0.0028807081916497473,0.029456650524475644,0.02233015545915423,1.20806314048529,0.8629304125600998,0.7658840580764871,1.0698564289445374,0.009280679947483824,0.0010078696567085922,-2719.334451595586
0.0026784059696509654,-0.001866163982841785,0.0028807081916497473,0.029456650524475644,0.02233015545915423,1.20806314048529,0.8629304125600998,0.7658840580764871,1.0698564289445374,0.009280679947483824,0.0010078696567085922,-2719.334451595586
0.0026784059696509654,-0.001866163982841785,0.0028807081916497473,0.029456650524475644,0.02233015545915423,1.20806314048529,0.8629304125600998,0.7658840580764871,1.0698564289445374,0.009280679947483824,0.0010078696567085922,-2719.334451595586
0.0035839079880286544,-0.002417843241552634,0.0016984221054753782,0.031791659641634294,0.021546942944260586,1.168745873261613,0.8495636101782001,0.8022458655687428,1.039668361592814,0.01003294412367835,0.0011874234983869944,-2720.504283275672
0.0035839079880286544,-0.002417843241552634,0.0016984221054753782,0.031791659641634294,0.021546942944260586,1.168745873261613,0.8495636101782001,0.8022458655687428,1.039668361592814,0.01003294412367835,0.0011874234983869944,-2720.504283275672
0.003532934945239121,-0.002073426024384634,0.0018696461043436602,0.030444289042085522,0.022398255827268076,1.188922077565736,0.8461005480259027,0.800984993664555,1.0531216253511553,0.005884997093918163,0.0012977193916623205,-2718.4334302716834
0.003532934945239121,-0.002073426024384634,0.0018696461043436602,0.030444289042085522,0.022398255827268076,1.188922077565736,0.8461005480259027,0.800984993664555,1.0531216253511553,0.005884997093918163,0.0012977193916623205,-2718.4334302716834
0.005451822214690391,-0.0030144038779978217,0.002313070960485171,0.028369675968276376,0.02335219678527508,1.1828185124716124,0.8542202172929154,0.8828986842324659,1.0374058684870289,0.008176327610826378,0.0015964666423737186,-2719.5781416927007
0.005451822214690391,-0.0030144038779978217,0.002313070960485171,0.028369675968276376,0.02335219678527508,1.1828185124716124,0.8542202172929154,0.8828986842324659,1.0374058684870289,0.008176327610826378,0.0015964666423737186,-2719.5781416927007
0.006349893375963351,-0.003465019938635885,0.0018089512766397311,0.02891055022522929,0.021320407453561053,1.1424512165171414,0.8398922010015535,0.8489929997280872,0.9900685544071142,0.007206698917969231,0.0019680962315309592,-2719.3885963536422
0.006753746329223978,-0.0040911016741676555,0.0012526343458551257,0.03140516848516812,0.020547342139806597,1.0701296478950262,0.8074337650164609,0.7799823144394971,0.9247076987639806,0.007545656670136894,0.0020169845256943868,-2721.117217589569
0.005937697068624594,-0.003616676078990781,0.001653777872434111,0.028709642979247628,0.021065029295994186,1.1745921428148849,0.8552171458309878,0.7950865962770546,1.0050970307992761,0.006586451174722026,0.001939792838917638,-2720.7354668940593
0.005011677587398851,-0.0030540024387714472,0.001651748586290039,0.02873850661676851,0.020975803015578196,1.1914687198132805,0.8632935918711282,0.8452193440447735,1.0592433795168525,0.004259452683581052,0.0018096307939232934,-2719.6044212733113
0.005011677587398851,-0.0030540024387714472,0.001651748586290039,0.02873850661676851,0.020975803015578196,1.1914687198132805,0.8632935918711282,0.8452193440447735,1.0592433795168525,0.004259452683581052,0.0018096307939232934,-2719.6044212733113
0.005011677587398851,-0.0030540024387714472,0.001651748586290039,0.02873850661676851,0.020975803015578196,1.1914687198132805,0.8632935918711282,0.8452193440447735,1.0592433795168525,0.004259452683581052,0.0018096307939232934,-2719.6044212733113
0.004396859996287195,-0.0028434929813284616,0.0018171812036141394,0.027153194498483628,0.020690006033304956,1.2539225358089514,0.9091953551507419,0.8300452183601223,1.0844937547435656,0.004550382630239148,0.0018147223532265133,-2721.485073138493
0.005229263633436577,-0.003293058025227236,0.00268193232452442,0.0257894175897792,0.02165060004699302,1.2328193992067953,0.8966011257389889,0.7703545455305423,1.0525781463959778,0.005602880344086141,0.0020039991538401323,-2720.73646243489
0.005229263633436577,-0.003293058025227236,0.00268193232452442,0.0257894175897792,0.02165060004699302,1.2328193992067953,0.8966011257389889,0.7703545455305423,1.0525781463959778,0.005602880344086141,0.0020039991538401323,-2720.73646243489
0.005229263633436577,-0.003293058025227236,0.00268193232452442,0.0257894175897792,0.02165060004699302,1.2328193992067953,0.8966011257389889,0.7703545455305423,1.0525781463959778,0.005602880344086141,0.0020039991538401323,-2720.73646243489
0.005229263633436577,-0.003293058025227236,0.00268193232452442,0.0257894175897792,0.02165060004699302,1.2328193992067953,0.8966011257389889,0.7703545455305423,1.0525781463959778,0.005602880344086141,0.0020039991538401323,-2720.73646243489
0.005229263633436577,-0.003293058025227236,0.00268193232452442,0.0257894175897792,0.02165060004699302,1.2328193992067953,0.8966011257389889,0.7703545455305423,1.0525781463959778,0.005602880344086141,0.0020039991538401323,-2720.73646243489
0.005229263633436577,-0.003293058025227236,0.00268193232452442,0.0257894175897792,0.02165060004699302,1.2328193992067953,0.8966011257389889,0.7703545455305423,1.0525781463959778,0.005602880344086141,0.0020039991538401323,-2720.73646243489
0.005229263633436577,-0.003293058025227236,0.00268193232452442,0.0257894175897792,0.02165060004699302,1.2328193992067953,0.8966011257389889,0.7703545455305423,1.0525781463959778,0.005602880344086141,0.0020039991538401323,-2720.73646243489
0.005270669892826941,-0.003157482631830355,0.002999609768603897,0.025598981273583187,0.021974003897065383,1.2511651562994324,0.9155056140103599,0.8352415034953573,1.0673088904312404,0.005562097181812912,0.001870761964702794,-2721.7451189829917
0.0046392623992722384,-0.0027044461885117844,0.002577559871550904,0.02647270545470642,0.023277697824796974,1.2834910550929592,0.9290500030593987,0.8566649342781804,1.097277750693027,0.004117360835088807,0.001552577607440481,-2719.2685771754527
0.0046392623992722384,-0.0027044461885117844,0.002577559871550904,0.02647270545470642,0.023277697824796974,1.2834910550929592,0.9290500030593987,0.8566649342781804,1.097277750693027,0.004117360835088807,0.001552577607440481,-2719.2685771754527
0.0046392623992722384,-0.0027044461885117844,0.002577559871550904,0.02647270545470642,0.023277697824796974,1.2834910550929592,0.9290500030593987,0.8566649342781804,1.097277750693027,0.004117360835088807,0.001552577607440481,-2719.2685771754527
0.0046392623992722384,-0.0027044461885117844,0.002577559871550904,0.02647270545470642,0.023277697824796974,1.2834910550929592,0.9290500030593987,0.8566649342781804,1.097277750693027,0.004117360835088807,0.001552577607440481,-2719.2685771754527
0.0046392623992722384,-0.0027044461885117844,0.002577559871550904,0.02647270545470642,0.023277697824796974,1.2834910550929592,0.9290500030593987,0.8566649342781804,1.097277750693027,0.004117360835088807,0.001552577607440481,-2719.2685771754527
0.0046392623992722384,-0.0027044461885117844,0.002577559871550904,0.02647270545470642,0.023277697824796974,1.2834910550929592,0.9290500030593987,0.8566649342781804,1.097277750693027,0.004117360835088807,0.001552577607440481,-2719.2685771754527
0.0046392623992722384,-0.0027044461885117844,0.002577559871550904,0.02647270545470642,0.023277697824796974,1.2834910550929592,0.9290500030593987,0.8566649342781804,1.097277750693027,0.004117360835088807,0.001552577607440481,-2719.2685771754527
0.006305665265409273,-0.0033789472485258893,0.0022333723851456957,0.02585752368620151,0.023632914947795604,1.2952228360274316,0.9725652578631505,0.97642022923493,1.0843879156976706,0.0059779813253513885,0.001634489211472209,-2721.890614440358
0.005949185181282821,-0.003060238924837955,0.002574245807870533,0.024947017046073678,0.026898442059226868,1.318831379163913,0.9844645561722621,0.9882963722544337,1.1252532093348888,0.005704286666035021,0.0015955344338831883,-2721.5297280106233
0.005949185181282821,-0.003060238924837955,0.002574245807870533,0.024947017046073678,0.026898442059226868,1.318831379163913,0.9844645561722621,0.9882963722544337,1.1252532093348888,0.005704286666035021,0.0015955344338831883,-2721.5297280106233
0.005949185181282821,-0.003060238924837955,0.002574245807870533,0.024947017046073678,0.026898442059226868,1.318831379163913,0.9844645561722621,0.9882963722544337,1.1252532093348888,0.005704286666035021,0.0015955344338831883,-2721.5297280106233
0.005949185181282821,-0.003060238924837955,0.002574245807870533,0.024947017046073678,0.026898442059226868,1.318831379163913,0.9844645561722621,0.9882963722544337,1.1252532093348888,0.005704286666035021,0.0015955344338831883,-2721.5297280106233
0.005949185181282821,-0.003060238924837955,0.002574245807870533,0.024947017046073678,0.026898442059226868,1.318831379163913,0.9844645561722621,0.9882963722544337,1.1252532093348888,0.005704286666035021,0.0015955344338831883,-2721.5297280106233
0.005949185181282821,-0.003060238924837955,0.002574245807870533,0.024947017046073678,0.026898442059226868,1.318831379163913,0.9844645561722621,0.9882963722544337,1.1252532093348888,0.005704286666035021,0.0015955344338831883,-2721.5297280106233
0.005949185181282821,-0.003060238924837955,0.002574245807870533,0.024947017046073678,0.026898442059226868,1.318831379163913,0.9844645561722621,0.9882963722544337,1.1252532093348888,0.005704286666035021,0.0015955344338831883,-2721.5297280106233
0.005949185181282821,-0.003060238924837955,0.002574245807870533,0.024947017046073678,0.026898442059226868,1.318831379163913,0.9844645561722621,0.9882963722544337,1.1252532093348888,0.005704286666035021,0.0015955344338831883,-2721.5297280106233
0.005949185181282821,-0.003060238924837955,0.002574245807870533,0.024947017046073678,0.026898442059226868,1.318831379163913,0.9844645561722621,0.9882963722544337,1.1252532093348888,0.005704286666035021,0.0015955344338831883,-2721.5297280106233
0.0050847809430089735,-0.003181345743043096,0.00281297485192174,0.023709350180525456,0.023191679459020516,1.3533879936911428,1.0043579301195396,0.9039525189805061,1.1548492497826968,0.007416914903408831,0.0017524569796444297,-2721.2838926683794
0.0050847809430089735,-0.003181345743043096,0.00281297485192174,0.023709350180525456,0.023191679459020516,1.3533879936911428,1.0043579301195396,0.9039525189805061,1.1548492497826968,0.007416914903408831,0.0017524569796444297,-2721.2838926683794
0.0050847809430089735,-0.003181345743043096,0.00281297485192174,0.023709350180525456,0.023191679459020516,1.3533879936911428,1.0043579301195396,0.9039525189805061,1.1548492497826968,0.007416914903408831,0.0017524569796444297,-2721.2838926683794
0.0066915944752249466,-0.003421056596037874,0.0019251790431641454,0.024200588348788233,0.022301867244737265,1.3369224317648394,0.9841303351640105,0.9872727143314661,1.1828329482910525,0.007011835367579242,0.002038020799031197,-2721.9387650149447
0.0066915944752249466,-0.003421056596037874,0.0019251790431641454,0.024200588348788233,0.022301867244737265,1.3369224317648394,0.9841303351640105,0.9872727143314661,1.1828329482910525,0.007011835367579242,0.002038020799031197,-2721.9387650149447
0.0066915944752249466,-0.003421056596037874,0.0019251790431641454,0.024200588348788233,0.022301867244737265,1.3369224317648394,0.9841303351640105,0.9872727143314661,1.1828329482910525,0.007011835367579242,0.002038020799031197,-2721.9387650149447
0.0066915944752249466,-0.003421056596037874,0.0019251790431641454,0.024200588348788233,0.022301867244737265,1.3369224317648394,0.9841303351640105,0.9872727143314661,1.1828329482910525,0.007011835367579242,0.002038020799031197,-2721.9387650149447
0.0066915944752249466,-0.003421056596037874,0.0019251790431641454,0.024200588348788233,0.022301867244737265,1.3369224317648394,0.9841303351640105,0.9872727143314661,1.1828329482910525,0.007011835367579242,0.002038020799031197,-2721.9387650149447
0.005731312055369614,-0.003002107904143872,0.001741986718900409,0.026315830629850757,0.022329099852357426,1.3017047412118403,0.9672658522272017,0.937069356892542,1.1608303906744466,0.007079850216952049,0.0016020526494220694,-2721.861729087788
0.004896334263224387,-0.0026624543307080745,0.0019435069477511321,0.025272168286991022,0.02224123002832212,1.3502652057854236,0.9673108316054851,0.8766500960727053,1.164397065313417,0.008180121692990084,0.0017911730078997447,-2720.0881339981956
0.004896334263224387,-0.0026624543307080745,0.0019435069477511321,0.025272168286991022,0.02224123002832212,1.3502652057854236,0.9673108316054851,0.8766500960727053,1.164397065313417,0.008180121692990084,0.0017911730078997447,-2720.0881339981956
0.004896334263224387,-0.0026624543307080745,0.0019435069477511321,0.025272168286991022,0.02224123002832212,1.3502652057854236,0.9673108316054851,0.8766500960727053,1.164397065313417,0.008180121692990084,0.0017911730078997447,-2720.0881339981956
0.004896334263224387,-0.0026624543307080745,0.0019435069477511321,0.025272168286991022,0.02224123002832212,1.3502652057854236,0.9673108316054851,0.8766500960727053,1.164397065313417,0.008180121692990084,0.0017911730078997447,-2720.0881339981956
0.004896334263224387,-0.0026624543307080745,0.0019435069477511321,0.025272168286991022,0.02224123002832212,1.3502652057854236,0.9673108316054851,0.8766500960727053,1.164397065313417,0.008180121692990084,0.0017911730078997447,-2720.0881339981956
0.004896334263224387,-0.0026624543307080745,0.0019435069477511321,0.025272168286991022,0.02224123002832212,1.3502652057854236,0.9673108316054851,0.8766500960727053,1.164397065313417,0.008180121692990084,0.0017911730078997447,-2720.0881339981956
0.004896334263224387,-0.0026624543307080745,0.0019435069477511321,0.025272168286991022,0.02224123002832212,1.3502652057854236,0.9673108316054851,0.8766500960727053,1.164397065313417,0.008180121692990084,0.0017911730078997447,-2720.0881339981956
0.004896334263224387,-0.0026624543307080745,0.0019435069477511321,0.025272168286991022,0.02224123002832212,1.3502652057854236,0.9673108316054851,0.8766500960727053,1.164397065313417,0.008180121692990084,0.0017911730078997447,-2720.0881339981956
0.004896334263224387,-0.0026624543307080745,0.0019435069477511321,0.025272168286991022,0.02224123002832212,1.3502652057854236,0.9673108316054851,0.8766500960727053,1.164397065313417,0.008180121692990084,0.0017911730078997447,-2720.0881339981956
0.004896334263224387,-0.0026624543307080745,0.0019435069477511321,0.025272168286991022,0.02224123002832212,1.3502652057854236,0.9673108316054851,0.8766500960727053,1.164397065313417,0.008180121692990084,0.0017911730078997447,-2720.0881339981956
0.004896334263224387,-0.0026624543307080745,0.0019435069477511321,0.025272168286991022,0.02224123002832212,1.3502652057854236,0.9673108316054851,0.8766500960727053,1.164397065313417,0.008180121692990084,0.0017911730078997447,-2720.0881339981956
0.004896334263224387,-0.0026624543307080745,0.0019435069477511321,0.025272168286991022,0.02224123002832212,1.3502652057854236,0.9673108316054851,0.8766500960727053,1.164397065313417,0.008180121692990084,0.0017911730078997447,-2720.0881339981956
0.004896334263224387,-0.0026624543307080745,0.0019435069477511321,0.025272168286991022,0.02224123002832212,1.3502652057854236,0.9673108316054851,0.8766500960727053,1.164397065313417,0.008180121692990084,0.0017911730078997447,-2720.0881339981956
0.004896334263224387,-0.0026624543307080745,0.0019435069477511321,0.025272168286991022,0.02224123002832212,1.3502652057854236,0.9673108316054851,0.8766500960727053,1.164397065313417,0.008180121692990084,0.0017911730078997447,-2720.0881339981956
0.0045196785040521326,-0.0027421416154559024,0.002015480662777235,0.02410969877965983,0.023193290396391848,1.41784690236863,1.0128973221734119,0.9046211863184817,1.224464697656368,0.0082548021426964,0.001727563026356366,-2720.415882272373
0.003924425554227907,-0.002722417541315885,0.002388532556963272,0.02484319015368011,0.023712691006794843,1.3437887949256906,0.9883558675023019,0.8481467393383654,1.1620479947646496,0.00967452081188683,0.0016374717055139972,-2722.856243428124
0.003924425554227907,-0.002722417541315885,0.002388532556963272,0.02484319015368011,0.023712691006794843,1.3437887949256906,0.9883558675023019,0.8481467393383654,1.1620479947646496,0.00967452081188683,0.0016374717055139972,-2722.856243428124
0.003924425554227907,-0.002722417541315885,0.002388532556963272,0.02484319015368011,0.023712691006794843,1.3437887949256906,0.9883558675023019,0.8481467393383654,1.1620479947646496,0.00967452081188683,0.0016374717055139972,-2722.856243428124
0.005225959338220251,-0.0031967393363497914,0.0013990392098168125,0.02859046849040325,0.021823175935284357,1.2098545555984281,0.9123368392613227,0.7799149346999439,1.0805293750471172,0.010977040839228697,0.001747215425402676,-2722.6544142338876
0.00446351895322367,-0.0030920874542827697,0.0020309453358394844,0.02718799577358569,0.02231601387511957,1.2280168838861112,0.8802254909597389,0.7069355762503824,1.1109927798524915,0.009144532522883117,0.0019185271294625001,-2721.124416645785
0.00446351895322367,-0.0030920874542827697,0.0020309453358394844,0.02718799577358569,0.02231601387511957,1.2280168838861112,0.8802254909597389,0.7069355762503824,1.1109927798524915,0.009144532522883117,0.0019185271294625001,-2721.124416645785
0.003489505504958015,-0.0025365635649072507,0.0017471348057580883,0.028953253097887422,0.022588190982888046,1.2703799522334789,0.887213620583221,0.7270779926008833,1.1097564456199853,0.0049298268236645255,0.001480658347020024,-2722.8789549558296
0.003489505504958015,-0.0025365635649072507,0.0017471348057580883,0.028953253097887422,0.022588190982888046,1.2703799522334789,0.887213620583221,0.7270779926008833,1.1097564456199853,0.0049298268236645255,0.001480658347020024,-2722.8789549558296
0.003489505504958015,-0.0025365635649072507,0.0017471348057580883,0.028953253097887422,0.022588190982888046,1.2703799522334789,0.887213620583221,0.7270779926008833,1.1097564456199853,0.0049298268236645255,0.001480658347020024,-2722.8789549558296
0.003489505504958015,-0.0025365635649072507,0.0017471348057580883,0.028953253097887422,0.022588190982888046,1.2703799522334789,0.887213620583221,0.7270779926008833,1.1097564456199853,0.0049298268236645255,0.001480658347020024,-2722.8789549558296
0.00354265747638257,-0.0026023495887823695,0.002045574770208773,0.029320875861768844,0.023229714960306683,1.203316573943405,0.8447061608236021,0.6539501892672894,1.088767015729151,0.006843729057946934,0.0015251389760054827,-2722.681975330839
0.00354265747638257,-0.0026023495887823695,0.002045574770208773,0.029320875861768844,0.023229714960306683,1.203316573943405,0.8447061608236021,0.6539501892672894,1.088767015729151,0.006843729057946934,0.0015251389760054827,-2722.681975330839
0.00354265747638257,-0.0026023495887823695,0.002045574770208773,0.029320875861768844,0.023229714960306683,1.203316573943405,0.8447061608236021,0.6539501892672894,1.088767015729151,0.006843729057946934,0.0015251389760054827,-2722.681975330839
0.00360580204047385,-0.002582311520252782,0.0016257554652574552,0.029596549764538193,0.022306196654658387,1.1969358244390131,0.8473477695504807,0.6894798876962723,1.1155370063114634,0.007105990775994291,0.0015693019749249734,-2723.326932629504
0.00360580204047385,-0.002582311520252782,0.0016257554652574552,0.029596549764538193,0.022306196654658387,1.1969358244390131,0.8473477695504807,0.6894798876962723,1.1155370063114634,0.007105990775994291,0.0015693019749249734,-2723.326932629504
0.0046477810459185954,-0.0030871510650329727,0.0016128387253810733,0.02948373701949171,0.02195504859448964,1.1442268122908767,0.8359160381703563,0.6758458577306563,1.0548558242387749,0.007904046823528948,0.0019412571945617689,-2723.531211361011
0.004556329739995556,-0.002647324465194753,0.0013564105141894813,0.030845436344472992,0.02218363607429754,1.1387016819606355,0.8253551851149061,0.7251499077724846,1.020815685446128,0.007256606348198705,0.0017061130839266237,-2722.0612547487935
0.004556329739995556,-0.002647324465194753,0.0013564105141894813,0.030845436344472992,0.02218363607429754,1.1387016819606355,0.8253551851149061,0.7251499077724846,1.020815685446128,0.007256606348198705,0.0017061130839266237,-2722.0612547487935
0.004556329739995556,-0.002647324465194753,0.0013564105141894813,0.030845436344472992,0.02218363607429754,1.1387016819606355,0.8253551851149061,0.7251499077724846,1.020815685446128,0.007256606348198705,0.0017061130839266237,-2722.0612547487935
0.004556329739995556,-0.002647324465194753,0.0013564105141894813,0.030845436344472992,0.02218363607429754,1.1387016819606355,0.8253551851149061,0.7251499077724846,1.020815685446128,0.007256606348198705,0.0017061130839266237,-2722.0612547487935
0.004556329739995556,-0.002647324465194753,0.0013564105141894813,0.030845436344472992,0.02218363607429754,1.1387016819606355,0.8253551851149061,0.7251499077724846,1.020815685446128,0.007256606348198705,0.0017061130839266237,-2722.0612547487935
0.004004617658268891,-0.002567994080959116,0.0011127767904658614,0.03298951334919385,0.022209480057656633,1.1241660188749834,0.8122157791616433,0.7162903146057163,0.9996798902672859,0.0067152501260150455,0.0013718881778786343,-2721.3968447794527
0.004004617658268891,-0.002567994080959116,0.0011127767904658614,0.03298951334919385,0.022209480057656633,1.1241660188749834,0.8122157791616433,0.7162903146057163,0.9996798902672859,0.0067152501260150455,0.0013718881778786343,-2721.3968447794527
0.004458013992005192,-0.0028545289448532723,0.001042399881267599,0.033119948258596085,0.02120497847735725,1.0960412469999805,0.8058549546720206,0.7486948861522602,0.9758345651919191,0.00529088033498435,0.0016118936364226848,-2722.088589285315
0.004458013992005192,-0.0028545289448532723,0.001042399881267599,0.033119948258596085,0.02120497847735725,1.0960412469999805,0.8058549546720206,0.7486948861522602,0.9758345651919191,0.00529088033498435,0.0016118936364226848,-2722.088589285315
0.004458013992005192,-0.0028545289448532723,0.001042399881267599,0.033119948258596085,0.02120497847735725,1.0960412469999805,0.8058549546720206,0.7486948861522602,0.9758345651919191,0.00529088033498435,0.0016118936364226848,-2722.088589285315
0.0038045110510687135,-0.0025175330546298403,0.0013330781423254443,0.03020530683439716,0.021297295436595597,1.1940886571426315,0.8526960168896053,0.7785427212500085,1.0346514979075732,0.004664861517887401,0.0015306698985255805,-2720.4735848887826
0.003331057236634842,-0.0019593694655533934,0.0018633867803729458,0.028861877912375072,0.022479938643631223,1.2587778387564874,0.8808056742908998,0.8019460038641381,1.0714521086860294,0.0047013767309699575,0.0013623531562544735,-2720.5013513315416
0.003331057236634842,-0.0019593694655533934,0.0018633867803729458,0.028861877912375072,0.022479938643631223,1.2587778387564874,0.8808056742908998,0.8019460038641381,1.0714521086860294,0.0047013767309699575,0.0013623531562544735,-2720.5013513315416
0.003331057236634842,-0.0019593694655533934,0.0018633867803729458,0.028861877912375072,0.022479938643631223,1.2587778387564874,0.8808056742908998,0.8019460038641381,1.0714521086860294,0.0047013767309699575,0.0013623531562544735,-2720.5013513315416
0.003331057236634842,-0.0019593694655533934,0.0018633867803729458,0.028861877912375072,0.022479938643631223,1.2587778387564874,0.8808056742908998,0.8019460038641381,1.0714521086860294,0.0047013767309699575,0.0013623531562544735,-2720.5013513315416
0.003331057236634842,-0.0019593694655533934,0.0018633867803729458,0.028861877912375072,0.022479938643631223,1.2587778387564874,0.8808056742908998,0.8019460038641381,1.0714521086860294,0.0047013767309699575,0.0013623531562544735,-2720.5013513315416
0.003331057236634842,-0.0019593694655533934,0.0018633867803729458,0.028861877912375072,0.022479938643631223,1.2587778387564874,0.8808056742908998,0.8019460038641381,1.0714521086860294,0.0047013767309699575,0.0013623531562544735,-2720.5013513315416
0.003331057236634842,-0.0019593694655533934,0.0018633867803729458,0.028861877912375072,0.022479938643631223,1.2587778387564874,0.8808056742908998,0.8019460038641381,1.0714521086860294,0.0047013767309699575,0.0013623531562544735,-2720.5013513315416
0.003183706408167484,-0.0020601961848285763,0.002262950334528496,0.028315652535949566,0.024400215682384575,1.274738252860181,0.8749400859335361,0.7462992389936548,1.0626309252837232,0.006312560686073677,0.0013603332065075426,-2721.163129493983
0.0034139674237427184,-0.002259593106255885,0.0015484053640337375,0.0313085242645164,0.023692322567250606,1.190068134990113,0.823810312424734,0.7185806172688085,1.013207236979629,0.006507211892329216,0.0013443232542996273,-2722.061392104618
0.0024668405606463484,-0.0018122999169243263,0.00223842098255212,0.029282221200153894,0.030006681948951057,1.268394613315773,0.9006499943371689,0.7461685962504195,1.0728715089990286,0.005031084368399751,0.0010531372112036828,-2721.8598843433797
0.0024668405606463484,-0.0018122999169243263,0.00223842098255212,0.029282221200153894,0.030006681948951057,1.268394613315773,0.9006499943371689,0.7461685962504195,1.0728715089990286,0.005031084368399751,0.0010531372112036828,-2721.8598843433797
0.0024668405606463484,-0.0018122999169243263,0.00223842098255212,0.029282221200153894,0.030006681948951057,1.268394613315773,0.9006499943371689,0.7461685962504195,1.0728715089990286,0.005031084368399751,0.0010531372112036828,-2721.8598843433797
0.0024668405606463484,-0.0018122999169243263,0.00223842098255212,0.029282221200153894,0.030006681948951057,1.268394613315773,0.9006499943371689,0.7461685962504195,1.0728715089990286,0.005031084368399751,0.0010531372112036828,-2721.8598843433797
0.0024668405606463484,-0.0018122999169243263,0.00223842098255212,0.029282221200153894,0.030006681948951057,1.268394613315773,0.9006499943371689,0.7461685962504195,1.0728715089990286,0.005031084368399751,0.0010531372112036828,-2721.8598843433797
0.0024668405606463484,-0.0018122999169243263,0.00223842098255212,0.029282221200153894,0.030006681948951057,1.268394613315773,0.9006499943371689,0.7461685962504195,1.0728715089990286,0.005031084368399751,0.0010531372112036828,-2721.8598843433797
0.0024668405606463484,-0.0018122999169243263,0.00223842098255212,0.029282221200153894,0.030006681948951057,1.268394613315773,0.9006499943371689,0.7461685962504195,1.0728715089990286,0.005031084368399751,0.0010531372112036828,-2721.8598843433797
0.0024668405606463484,-0.0018122999169243263,0.00223842098255212,0.029282221200153894,0.030006681948951057,1.268394613315773,0.9006499943371689,0.7461685962504195,1.0728715089990286,0.005031084368399751,0.0010531372112036828,-2721.8598843433797
0.0024668405606463484,-0.0018122999169243263,0.00223842098255212,0.029282221200153894,0.030006681948951057,1.268394613315773,0.9006499943371689,0.7461685962504195,1.0728715089990286,0.005031084368399751,0.0010531372112036828,-2721.8598843433797
0.0024668405606463484,-0.0018122999169243263,0.00223842098255212,0.029282221200153894,0.030006681948951057,1.268394613315773,0.9006499943371689,0.7461685962504195,1.0728715089990286,0.005031084368399751,0.0010531372112036828,-2721.8598843433797
0.0024668405606463484,-0.0018122999169243263,0.00223842098255212,0.029282221200153894,0.030006681948951057,1.268394613315773,0.9006499943371689,0.7461685962504195,1.0728715089990286,0.005031084368399751,0.0010531372112036828,-2721.8598843433797
0.0024668405606463484,-0.0018122999169243263,0.00223842098255212,0.029282221200153894,0.030006681948951057,1.268394613315773,0.9006499943371689,0.7461685962504195,1.0728715089990286,0.005031084368399751,0.0010531372112036828,-2721.8598843433797
0.002997360269031744,-0.0019825644720711374,0.0017227984001493238,0.030467945389048998,0.026155924599764423,1.2511752210213152,0.9080557709461494,0.7884777865380628,1.0452951754453728,0.006297520800858879,0.0010435451952133124,-2721.8997675872583
0.0031653161601293833,-0.0019389505346282827,0.002040822098581372,0.029374937288166657,0.022779803246459993,1.244102761943082,0.8816010396603995,0.7667840724493178,1.065975911551263,0.007954680192216613,0.001240750407356251,-2718.8266283193684
0.0031653161601293833,-0.0019389505346282827,0.002040822098581372,0.029374937288166657,0.022779803246459993,1.244102761943082,0.8816010396603995,0.7667840724493178,1.065975911551263,0.007954680192216613,0.001240750407356251,-2718.8266283193684
0.0025010182149140248,-0.0019983089473669642,0.0031197088146266544,0.02893695825840465,0.024566161736088075,1.223984719091609,0.8654285062438922,0.7016995050775385,1.0452340486175484,0.008561150279482102,0.001106906440529465,-2718.969506267407
0.0025010182149140248,-0.0019983089473669642,0.0031197088146266544,0.02893695825840465,0.024566161736088075,1.223984719091609,0.8654285062438922,0.7016995050775385,1.0452340486175484,0.008561150279482102,0.001106906440529465,-2718.969506267407
0.0025010182149140248,-0.0019983089473669642,0.0031197088146266544,0.02893695825840465,0.024566161736088075,1.223984719091609,0.8654285062438922,0.7016995050775385,1.0452340486175484,0.008561150279482102,0.001106906440529465,-2718.969506267407
0.0025010182149140248,-0.0019983089473669642,0.0031197088146266544,0.02893695825840465,0.024566161736088075,1.223984719091609,0.8654285062438922,0.7016995050775385,1.0452340486175484,0.008561150279482102,0.001106906440529465,-2718.969506267407
0.0025010182149140248,-0.0019983089473669642,0.0031197088146266544,0.02893695825840465,0.024566161736088075,1.223984719091609,0.8654285062438922,0.7016995050775385,1.0452340486175484,0.008561150279482102,0.001106906440529465,-2718.969506267407
0.0025010182149140248,-0.0019983089473669642,0.0031197088146266544,0.02893695825840465,0.024566161736088075,1.223984719091609,0.8654285062438922,0.7016995050775385,1.0452340486175484,0.008561150279482102,0.001106906440529465,-2718.969506267407
0.003610209055893607,-0.0024719827609378155,0.0021203317365637428,0.03118291969210569,0.0222634145688321,1.153546444893576,0.8321031683679285,0.746529425502451,0.997344953147357,0.011831782679389308,0.0012787784690028892,-2720.030019983421
0.0029387453007007555,-0.0022280475163331667,0.0034274644079206984,0.027466015701388003,0.02382489720043387,1.2301079412279252,0.8712891723107712,0.7609344486089018,1.0870860043926642,0.012276677276161775,0.0012164481911831643,-2719.972743674022
0.0029387453007007555,-0.0022280475163331667,0.0034274644079206984,0.027466015701388003,0.02382489720043387,1.2301079412279252,0.8712891723107712,0.7609344486089018,1.0870860043926642,0.012276677276161775,0.0012164481911831643,-2719.972743674022
0.0029387453007007555,-0.0022280475163331667,0.0034274644079206984,0.027466015701388003,0.02382489720043387,1.2301079412279252,0.8712891723107712,0.7609344486089018,1.0870860043926642,0.012276677276161775,0.0012164481911831643,-2719.972743674022
0.0029387453007007555,-0.0022280475163331667,0.0034274644079206984,0.027466015701388003,0.02382489720043387,1.2301079412279252,0.8712891723107712,0.7609344486089018,1.0870860043926642,0.012276677276161775,0.0012164481911831643,-2719.972743674022
0.0029387453007007555,-0.0022280475163331667,0.0034274644079206984,0.027466015701388003,0.02382489720043387,1.2301079412279252,0.8712891723107712,0.7609344486089018,1.0870860043926642,0.012276677276161775,0.0012164481911831643,-2719.972743674022
0.003626058244972752,-0.002464180617963496,0.0033840947205186537,0.027781393124649046,0.02607207496511265,1.2046535380371548,0.8650628197915303,0.8062593767158881,1.0487699844098906,0.012434205412204899,0.0012387569616070279,-2720.6530956666543
0.003626058244972752,-0.002464180617963496,0.0033840947205186537,0.027781393124649046,0.02607207496511265,1.2046535380371548,0.8650628197915303,0.8062593767158881,1.0487699844098906,0.012434205412204899,0.0012387569616070279,-2720.6530956666543
0.003626058244972752,-0.002464180617963496,0.0033840947205186537,0.027781393124649046,0.02607207496511265,1.2046535380371548,0.8650628197915303,0.8062593767158881,1.0487699844098906,0.012434205412204899,0.0012387569616070279,-2720.6530956666543
0.003626058244972752,-0.002464180617963496,0.0033840947205186537,0.027781393124649046,0.02607207496511265,1.2046535380371548,0.8650628197915303,0.8062593767158881,1.0487699844098906,0.012434205412204899,0.0012387569616070279,-2720.6530956666543
0.003626058244972752,-0.002464180617963496,0.0033840947205186537,0.027781393124649046,0.02607207496511265,1.2046535380371548,0.8650628197915303,0.8062593767158881,1.0487699844098906,0.012434205412204899,0.0012387569616070279,-2720.6530956666543
0.003626058244972752,-0.002464180617963496,0.0033840947205186537,0.027781393124649046,0.02607207496511265,1.2046535380371548,0.8650628197915303,0.8062593767158881,1.0487699844098906,0.012434205412204899,0.0012387569616070279,-2720.6530956666543
0.003626058244972752,-0.002464180617963496,0.0033840947205186537,0.027781393124649046,0.02607207496511265,1.2046535380371548,0.8650628197915303,0.8062593767158881,1.0487699844098906,0.012434205412204899,0.0012387569616070279,-2720.6530956666543
0.0030710649181052863,-0.0023242105935088984,0.00414945658541871,0.026382844275321317,0.026163679158493373,1.2115274175440873,0.865555190689874,0.7497698306804306,1.070241576919625,0.012378846246232046,0.0012534239813980872,-2720.4743356850754
0.003132796965366816,-0.0019246203274183244,0.003915276179248587,0.026191519556641722,0.02520501569077401,1.245876655044802,0.8911757377330576,0.830305988183772,1.0976917887939006,0.012695487191497908,0.0011469929448672856,-2721.215973626592
0.003132796965366816,-0.0019246203274183244,0.003915276179248587,0.026191519556641722,0.02520501569077401,1.245876655044802,0.8911757377330576,0.830305988183772,1.0976917887939006,0.012695487191497908,0.0011469929448672856,-2721.215973626592
0.003132796965366816,-0.0019246203274183244,0.003915276179248587,0.026191519556641722,0.02520501569077401,1.245876655044802,0.8911757377330576,0.830305988183772,1.0976917887939006,0.012695487191497908,0.0011469929448672856,-2721.215973626592
0.003132796965366816,-0.0019246203274183244,0.003915276179248587,0.026191519556641722,0.02520501569077401,1.245876655044802,0.8911757377330576,0.830305988183772,1.0976917887939006,0.012695487191497908,0.0011469929448672856,-2721.215973626592
0.003132796965366816,-0.0019246203274183244,0.003915276179248587,0.026191519556641722,0.02520501569077401,1.245876655044802,0.8911757377330576,0.830305988183772,1.0976917887939006,0.012695487191497908,0.0011469929448672856,-2721.215973626592
0.003132796965366816,-0.0019246203274183244,0.003915276179248587,0.026191519556641722,0.02520501569077401,1.245876655044802,0.8911757377330576,0.830305988183772,1.0976917887939006,0.012695487191497908,0.0011469929448672856,-2721.215973626592
0.003132796965366816,-0.0019246203274183244,0.003915276179248587,0.026191519556641722,0.02520501569077401,1.245876655044802,0.8911757377330576,0.830305988183772,1.0976917887939006,0.012695487191497908,0.0011469929448672856,-2721.215973626592
0.003132796965366816,-0.0019246203274183244,0.003915276179248587,0.026191519556641722,0.02520501569077401,1.245876655044802,0.8911757377330576,0.830305988183772,1.0976917887939006,0.012695487191497908,0.0011469929448672856,-2721.215973626592
0.003132796965366816,-0.0019246203274183244,0.003915276179248587,0.026191519556641722,0.02520501569077401,1.245876655044802,0.8911757377330576,0.830305988183772,1.0976917887939006,0.012695487191497908,0.0011469929448672856,-2721.215973626592
0.003132796965366816,-0.0019246203274183244,0.003915276179248587,0.026191519556641722,0.02520501569077401,1.245876655044802,0.8911757377330576,0.830305988183772,1.0976917887939006,0.012695487191497908,0.0011469929448672856,-2721.215973626592
0.002200000042670007,-0.001635316199996917,0.004842960620566341,0.02601268499879723,0.025616097210662585,1.231096369263415,0.8582122709934745,0.7387558046749885,1.086849685089969,0.010983588686524619,0.0010614622537874626,-2720.433129805917
0.002200000042670007,-0.001635316199996917,0.004842960620566341,0.02601268499879723,0.025616097210662585,1.231096369263415,0.8582122709934745,0.7387558046749885,1.086849685089969,0.010983588686524619,0.0010614622537874626,-2720.433129805917
0.002200000042670007,-0.001635316199996917,0.004842960620566341,0.02601268499879723,0.025616097210662585,1.231096369263415,0.8582122709934745,0.7387558046749885,1.086849685089969,0.010983588686524619,0.0010614622537874626,-2720.433129805917
0.002200000042670007,-0.001635316199996917,0.004842960620566341,0.02601268499879723,0.025616097210662585,1.231096369263415,0.8582122709934745,0.7387558046749885,1.086849685089969,0.010983588686524619,0.0010614622537874626,-2720.433129805917
0.002200000042670007,-0.001635316199996917,0.004842960620566341,0.02601268499879723,0.025616097210662585,1.231096369263415,0.8582122709934745,0.7387558046749885,1.086849685089969,0.010983588686524619,0.0010614622537874626,-2720.433129805917
0.002200000042670007,-0.001635316199996917,0.004842960620566341,0.02601268499879723,0.025616097210662585,1.231096369263415,0.8582122709934745,0.7387558046749885,1.086849685089969,0.010983588686524619,0.0010614622537874626,-2720.433129805917
0.002200000042670007,-0.001635316199996917,0.004842960620566341,0.02601268499879723,0.025616097210662585,1.231096369263415,0.8582122709934745,0.7387558046749885,1.086849685089969,0.010983588686524619,0.0010614622537874626,-2720.433129805917
0.0024695301777935743,-0.001972102573749342,0.004831276908928946,0.02598459536532126,0.02622523785889575,1.2229378744437274,0.86329349928317,0.7443497370331165,1.047097699104682,0.009349849960352602,0.0011287289156418593,-2719.2984491408183
0.0032256676029098173,-0.002374133883330018,0.005652991782910742,0.02425175979127561,0.027321503656253257,1.239713947820784,0.8698248316688677,0.781039578210559,1.078107535501284,0.010666253772462534,0.0012276269005153991,-2721.571323483125
0.0032256676029098173,-0.002374133883330018,0.005652991782910742,0.02425175979127561,0.027321503656253257,1.239713947820784,0.8698248316688677,0.781039578210559,1.078107535501284,0.010666253772462534,0.0012276269005153991,-2721.571323483125
0.0032256676029098173,-0.002374133883330018,0.005652991782910742,0.02425175979127561,0.027321503656253257,1.239713947820784,0.8698248316688677,0.781039578210559,1.078107535501284,0.010666253772462534,0.0012276269005153991,-2721.571323483125
0.0032256676029098173,-0.002374133883330018,0.005652991782910742,0.02425175979127561,0.027321503656253257,1.239713947820784,0.8698248316688677,0.781039578210559,1.078107535501284,0.010666253772462534,0.0012276269005153991,-2721.571323483125
0.0032256676029098173,-0.002374133883330018,0.005652991782910742,0.02425175979127561,0.027321503656253257,1.239713947820784,0.8698248316688677,0.781039578210559,1.078107535501284,0.010666253772462534,0.0012276269005153991,-2721.571323483125
0.0028749879199148377,-0.002118176668604129,0.004695253429169437,0.02544942547676068,0.02427494418877852,1.230077903466074,0.8583856007714608,0.7662969630694021,1.0842767103387543,0.011255693249214214,0.001193269179579617,-2720.0898770942954
0.0028749879199148377,-0.002118176668604129,0.004695253429169437,0.02544942547676068,0.02427494418877852,1.230077903466074,0.8583856007714608,0.7662969630694021,1.0842767103387543,0.011255693249214214,0.001193269179579617,-2720.0898770942954
0.0028749879199148377,-0.002118176668604129,0.004695253429169437,0.02544942547676068,0.02427494418877852,1.230077903466074,0.8583856007714608,0.7662969630694021,1.0842767103387543,0.011255693249214214,0.001193269179579617,-2720.0898770942954
0.0028749879199148377,-0.002118176668604129,0.004695253429169437,0.02544942547676068,0.02427494418877852,1.230077903466074,0.8583856007714608,0.7662969630694021,1.0842767103387543,0.011255693249214214,0.001193269179579617,-2720.0898770942954
0.0028749879199148377,-0.002118176668604129,0.004695253429169437,0.02544942547676068,0.02427494418877852,1.230077903466074,0.8583856007714608,0.7662969630694021,1.0842767103387543,0.011255693249214214,0.001193269179579617,-2720.0898770942954
0.0028749879199148377,-0.002118176668604129,0.004695253429169437,0.02544942547676068,0.02427494418877852,1.230077903466074,0.8583856007714608,0.7662969630694021,1.0842767103387543,0.011255693249214214,0.001193269179579617,-2720.0898770942954
0.0028749879199148377,-0.002118176668604129,0.004695253429169437,0.02544942547676068,0.02427494418877852,1.230077903466074,0.8583856007714608,0.7662969630694021,1.0842767103387543,0.011255693249214214,0.001193269179579617,-2720.0898770942954
0.0028749879199148377,-0.002118176668604129,0.004695253429169437,0.02544942547676068,0.02427494418877852,1.230077903466074,0.8583856007714608,0.7662969630694021,1.0842767103387543,0.011255693249214214,0.001193269179579617,-2720.0898770942954
0.0028749879199148377,-0.002118176668604129,0.004695253429169437,0.02544942547676068,0.02427494418877852,1.230077903466074,0.8583856007714608,0.7662969630694021,1.0842767103387543,0.011255693249214214,0.001193269179579617,-2720.0898770942954
0.0028749879199148377,-0.002118176668604129,0.004695253429169437,0.02544942547676068,0.02427494418877852,1.230077903466074,0.8583856007714608,0.7662969630694021,1.0842767103387543,0.011255693249214214,0.001193269179579617,-2720.0898770942954
0.0028749879199148377,-0.002118176668604129,0.004695253429169437,0.02544942547676068,0.02427494418877852,1.230077903466074,0.8583856007714608,0.7662969630694021,1.0842767103387543,0.011255693249214214,0.001193269179579617,-2720.0898770942954
0.0028749879199148377,-0.002118176668604129,0.004695253429169437,0.02544942547676068,0.02427494418877852,1.230077903466074,0.8583856007714608,0.7662969630694021,1.0842767103387543,0.011255693249214214,0.001193269179579617,-2720.0898770942954
0.0028749879199148377,-0.002118176668604129,0.004695253429169437,0.02544942547676068,0.02427494418877852,1.230077903466074,0.8583856007714608,0.7662969630694021,1.0842767103387543,0.011255693249214214,0.001193269179579617,-2720.0898770942954
0.0029611746253789227,-0.0018832858533990478,0.004525739609119389,0.02647462478649657,0.02441658920869102,1.2068485600811087,0.8479182208648176,0.7402959430500169,1.0810469471245385,0.011568201458493002,0.0011470160094290771,-2719.8920037882335
0.0030674391582897476,-0.0018305546353310385,0.004746148383463633,0.027899118063852164,0.025860007448337632,1.1473499348245946,0.842546889108055,0.7853919195760887,1.0218930015221284,0.009636864829234959,0.0009365481684738261,-2717.6650088411375
0.0030674391582897476,-0.0018305546353310385,0.004746148383463633,0.027899118063852164,0.025860007448337632,1.1473499348245946,0.842546889108055,0.7853919195760887,1.0218930015221284,0.009636864829234959,0.0009365481684738261,-2717.6650088411375
0.0030674391582897476,-0.0018305546353310385,0.004746148383463633,0.027899118063852164,0.025860007448337632,1.1473499348245946,0.842546889108055,0.7853919195760887,1.0218930015221284,0.009636864829234959,0.0009365481684738261,-2717.6650088411375
0.0030674391582897476,-0.0018305546353310385,0.004746148383463633,0.027899118063852164,0.025860007448337632,1.1473499348245946,0.842546889108055,0.7853919195760887,1.0218930015221284,0.009636864829234959,0.0009365481684738261,-2717.6650088411375
0.0030674391582897476,-0.0018305546353310385,0.004746148383463633,0.027899118063852164,0.025860007448337632,1.1473499348245946,0.842546889108055,0.7853919195760887,1.0218930015221284,0.009636864829234959,0.0009365481684738261,-2717.6650088411375
0.0030674391582897476,-0.0018305546353310385,0.004746148383463633,0.027899118063852164,0.025860007448337632,1.1473499348245946,0.842546889108055,0.7853919195760887,1.0218930015221284,0.009636864829234959,0.0009365481684738261,-2717.6650088411375
0.0030674391582897476,-0.0018305546353310385,0.004746148383463633,0.027899118063852164,0.025860007448337632,1.1473499348245946,0.842546889108055,0.7853919195760887,1.0218930015221284,0.009636864829234959,0.0009365481684738261,-2717.6650088411375
0.0030674391582897476,-0.0018305546353310385,0.004746148383463633,0.027899118063852164,0.025860007448337632,1.1473499348245946,0.842546889108055,0.7853919195760887,1.0218930015221284,0.009636864829234959,0.0009365481684738261,-2717.6650088411375
0.0032700673480107103,-0.00207478845184575,0.0032554153790277343,0.03131815265910997,0.02437166983728029,1.090691617051654,0.8191912449848316,0.7902371207696692,0.9819903870271023,0.011257556689378608,0.0009729727863367311,-2719.383445404951
0.0032700673480107103,-0.00207478845184575,0.0032554153790277343,0.03131815265910997,0.02437166983728029,1.090691617051654,0.8191912449848316,0.7902371207696692,0.9819903870271023,0.011257556689378608,0.0009729727863367311,-2719.383445404951
0.0032700673480107103,-0.00207478845184575,0.0032554153790277343,0.03131815265910997,0.02437166983728029,1.090691617051654,0.8191912449848316,0.7902371207696692,0.9819903870271023,0.011257556689378608,0.0009729727863367311,-2719.383445404951
0.0032700673480107103,-0.00207478845184575,0.0032554153790277343,0.03131815265910997,0.02437166983728029,1.090691617051654,0.8191912449848316,0.7902371207696692,0.9819903870271023,0.011257556689378608,0.0009729727863367311,-2719.383445404951
0.0032700673480107103,-0.00207478845184575,0.0032554153790277343,0.03131815265910997,0.02437166983728029,1.090691617051654,0.8191912449848316,0.7902371207696692,0.9819903870271023,0.011257556689378608,0.0009729727863367311,-2719.383445404951
0.0032700673480107103,-0.00207478845184575,0.0032554153790277343,0.03131815265910997,0.02437166983728029,1.090691617051654,0.8191912449848316,0.7902371207696692,0.9819903870271023,0.011257556689378608,0.0009729727863367311,-2719.383445404951
0.0032700673480107103,-0.00207478845184575,0.0032554153790277343,0.03131815265910997,0.02437166983728029,1.090691617051654,0.8191912449848316,0.7902371207696692,0.9819903870271023,0.011257556689378608,0.0009729727863367311,-2719.383445404951
0.0032700673480107103,-0.00207478845184575,0.0032554153790277343,0.03131815265910997,0.02437166983728029,1.090691617051654,0.8191912449848316,0.7902371207696692,0.9819903870271023,0.011257556689378608,0.0009729727863367311,-2719.383445404951
0.0032700673480107103,-0.00207478845184575,0.0032554153790277343,0.03131815265910997,0.02437166983728029,1.090691617051654,0.8191912449848316,0.7902371207696692,0.9819903870271023,0.011257556689378608,0.0009729727863367311,-2719.383445404951
0.0032700673480107103,-0.00207478845184575,0.0032554153790277343,0.03131815265910997,0.02437166983728029,1.090691617051654,0.8191912449848316,0.7902371207696692,0.9819903870271023,0.011257556689378608,0.0009729727863367311,-2719.383445404951
0.0032700673480107103,-0.00207478845184575,0.0032554153790277343,0.03131815265910997,0.02437166983728029,1.090691617051654,0.8191912449848316,0.7902371207696692,0.9819903870271023,0.011257556689378608,0.0009729727863367311,-2719.383445404951
0.0032700673480107103,-0.00207478845184575,0.0032554153790277343,0.03131815265910997,0.02437166983728029,1.090691617051654,0.8191912449848316,0.7902371207696692,0.9819903870271023,0.011257556689378608,0.0009729727863367311,-2719.383445404951
0.0032700673480107103,-0.00207478845184575,0.0032554153790277343,0.03131815265910997,0.02437166983728029,1.090691617051654,0.8191912449848316,0.7902371207696692,0.9819903870271023,0.011257556689378608,0.0009729727863367311,-2719.383445404951
0.0032700673480107103,-0.00207478845184575,0.0032554153790277343,0.03131815265910997,0.02437166983728029,1.090691617051654,0.8191912449848316,0.7902371207696692,0.9819903870271023,0.011257556689378608,0.0009729727863367311,-2719.383445404951
0.0032700673480107103,-0.00207478845184575,0.0032554153790277343,0.03131815265910997,0.02437166983728029,1.090691617051654,0.8191912449848316,0.7902371207696692,0.9819903870271023,0.011257556689378608,0.0009729727863367311,-2719.383445404951
0.0032700673480107103,-0.00207478845184575,0.0032554153790277343,0.03131815265910997,0.02437166983728029,1.090691617051654,0.8191912449848316,0.7902371207696692,0.9819903870271023,0.011257556689378608,0.0009729727863367311,-2719.383445404951
0.0032700673480107103,-0.00207478845184575,0.0032554153790277343,0.03131815265910997,0.02437166983728029,1.090691617051654,0.8191912449848316,0.7902371207696692,0.9819903870271023,0.011257556689378608,0.0009729727863367311,-2719.383445404951
0.0032700673480107103,-0.00207478845184575,0.0032554153790277343,0.03131815265910997,0.02437166983728029,1.090691617051654,0.8191912449848316,0.7902371207696692,0.9819903870271023,0.011257556689378608,0.0009729727863367311,-2719.383445404951
0.0032700673480107103,-0.00207478845184575,0.0032554153790277343,0.03131815265910997,0.02437166983728029,1.090691617051654,0.8191912449848316,0.7902371207696692,0.9819903870271023,0.011257556689378608,0.0009729727863367311,-2719.383445404951
0.0032700673480107103,-0.00207478845184575,0.0032554153790277343,0.03131815265910997,0.02437166983728029,1.090691617051654,0.8191912449848316,0.7902371207696692,0.9819903870271023,0.011257556689378608,0.0009729727863367311,-2719.383445404951
0.0032700673480107103,-0.00207478845184575,0.0032554153790277343,0.03131815265910997,0.02437166983728029,1.090691617051654,0.8191912449848316,0.7902371207696692,0.9819903870271023,0.011257556689378608,0.0009729727863367311,-2719.383445404951
0.0022136836606489393,-0.0015772835682187876,0.0036905903655799783,0.030319340574020883,0.024344954446621683,1.1578307697661037,0.8614493920168628,0.8037513930619119,1.011476318829335,0.0077025225714709164,0.0008246765082614645,-2720.4354418750295
0.0022136836606489393,-0.0015772835682187876,0.0036905903655799783,0.030319340574020883,0.024344954446621683,1.1578307697661037,0.8614493920168628,0.8037513930619119,1.011476318829335,0.0077025225714709164,0.0008246765082614645,-2720.4354418750295
0.0022136836606489393,-0.0015772835682187876,0.0036905903655799783,0.030319340574020883,0.024344954446621683,1.1578307697661037,0.8614493920168628,0.8037513930619119,1.011476318829335,0.0077025225714709164,0.0008246765082614645,-2720.4354418750295
0.0022136836606489393,-0.0015772835682187876,0.0036905903655799783,0.030319340574020883,0.024344954446621683,1.1578307697661037,0.8614493920168628,0.8037513930619119,1.011476318829335,0.0077025225714709164,0.0008246765082614645,-2720.4354418750295
0.003341547672210966,-0.0024360293334408324,0.003622240302960522,0.03176124000482508,0.02349830178267891,1.0593204418545659,0.8117012422719091,0.7878586544444193,0.9413725992179276,0.008895650973455533,0.0009350412689782801,-2722.7573280928927
0.003341547672210966,-0.0024360293334408324,0.003622240302960522,0.03176124000482508,0.02349830178267891,1.0593204418545659,0.8117012422719091,0.7878586544444193,0.9413725992179276,0.008895650973455533,0.0009350412689782801,-2722.7573280928927
0.003341547672210966,-0.0024360293334408324,0.003622240302960522,0.03176124000482508,0.02349830178267891,1.0593204418545659,0.8117012422719091,0.7878586544444193,0.9413725992179276,0.008895650973455533,0.0009350412689782801,-2722.7573280928927
0.003341547672210966,-0.0024360293334408324,0.003622240302960522,0.03176124000482508,0.02349830178267891,1.0593204418545659,0.8117012422719091,0.7878586544444193,0.9413725992179276,0.008895650973455533,0.0009350412689782801,-2722.7573280928927
0.003341547672210966,-0.0024360293334408324,0.003622240302960522,0.03176124000482508,0.02349830178267891,1.0593204418545659,0.8117012422719091,0.7878586544444193,0.9413725992179276,0.008895650973455533,0.0009350412689782801,-2722.7573280928927
0.003341547672210966,-0.0024360293334408324,0.003622240302960522,0.03176124000482508,0.02349830178267891,1.0593204418545659,0.8117012422719091,0.7878586544444193,0.9413725992179276,0.008895650973455533,0.0009350412689782801,-2722.7573280928927
0.0038234626040245974,-0.0024876221038961773,0.003720073262975573,0.03191898131973165,0.024568250363876144,1.0488305550752064,0.8177831182166567,0.8279427349738397,0.9379488982703161,0.010777323655215384,0.0008916482101238957,-2723.1588586855223
0.0038234626040245974,-0.0024876221038961773,0.003720073262975573,0.03191898131973165,0.024568250363876144,1.0488305550752064,0.8177831182166567,0.8279427349738397,0.9379488982703161,0.010777323655215384,0.0008916482101238957,-2723.1588586855223
0.0038234626040245974,-0.0024876221038961773,0.003720073262975573,0.03191898131973165,0.024568250363876144,1.0488305550752064,0.8177831182166567,0.8279427349738397,0.9379488982703161,0.010777323655215384,0.0008916482101238957,-2723.1588586855223
0.0038234626040245974,-0.0024876221038961773,0.003720073262975573,0.03191898131973165,0.024568250363876144,1.0488305550752064,0.8177831182166567,0.8279427349738397,0.9379488982703161,0.010777323655215384,0.0008916482101238957,-2723.1588586855223
0.0038234626040245974,-0.0024876221038961773,0.003720073262975573,0.03191898131973165,0.024568250363876144,1.0488305550752064,0.8177831182166567,0.8279427349738397,0.9379488982703161,0.010777323655215384,0.0008916482101238957,-2723.1588586855223
0.0038234626040245974,-0.0024876221038961773,0.003720073262975573,0.03191898131973165,0.024568250363876144,1.0488305550752064,0.8177831182166567,0.8279427349738397,0.9379488982703161,0.010777323655215384,0.0008916482101238957,-2723.1588586855223
0.0038234626040245974,-0.0024876221038961773,0.003720073262975573,0.03191898131973165,0.024568250363876144,1.0488305550752064,0.8177831182166567,0.8279427349738397,0.9379488982703161,0.010777323655215384,0.0008916482101238957,-2723.1588586855223
0.0038234626040245974,-0.0024876221038961773,0.003720073262975573,0.03191898131973165,0.024568250363876144,1.0488305550752064,0.8177831182166567,0.8279427349738397,0.9379488982703161,0.010777323655215384,0.0008916482101238957,-2723.1588586855223
0.004360010405489315,-0.002804120189177841,0.0037357049643925444,0.030968682357276088,0.024224440728035115,1.057304754011842,0.8407741534116345,0.8313302896288552,0.9287834631489582,0.0108333197827034,0.0009607072477353173,-2724.078473979276
0.004360010405489315,-0.002804120189177841,0.0037357049643925444,0.030968682357276088,0.024224440728035115,1.057304754011842,0.8407741534116345,0.8313302896288552,0.9287834631489582,0.0108333197827034,0.0009607072477353173,-2724.078473979276
0.004360010405489315,-0.002804120189177841,0.0037357049643925444,0.030968682357276088,0.024224440728035115,1.057304754011842,0.8407741534116345,0.8313302896288552,0.9287834631489582,0.0108333197827034,0.0009607072477353173,-2724.078473979276
0.0039250467619127895,-0.0026499625215478826,0.003225821615601895,0.03286010452494058,0.021784239390525997,1.022821013002491,0.8112474472159407,0.8050568890118083,0.9071704328716976,0.00923490905050185,0.0009878842916583395,-2723.6689164335953
0.0039250467619127895,-0.0026499625215478826,0.003225821615601895,0.03286010452494058,0.021784239390525997,1.022821013002491,0.8112474472159407,0.8050568890118083,0.9071704328716976,0.00923490905050185,0.0009878842916583395,-2723.6689164335953
0.0039250467619127895,-0.0026499625215478826,0.003225821615601895,0.03286010452494058,0.021784239390525997,1.022821013002491,0.8112474472159407,0.8050568890118083,0.9071704328716976,0.00923490905050185,0.0009878842916583395,-2723.6689164335953
0.0039250467619127895,-0.0026499625215478826,0.003225821615601895,0.03286010452494058,0.021784239390525997,1.022821013002491,0.8112474472159407,0.8050568890118083,0.9071704328716976,0.00923490905050185,0.0009878842916583395,-2723.6689164335953
0.0039250467619127895,-0.0026499625215478826,0.003225821615601895,0.03286010452494058,0.021784239390525997,1.022821013002491,0.8112474472159407,0.8050568890118083,0.9071704328716976,0.00923490905050185,0.0009878842916583395,-2723.6689164335953
0.004448308865156887,-0.0024015328501191726,0.0030163666163630404,0.03238718534182363,0.021739748930063724,1.0234365216326102,0.8134970501761333,0.821860559560911,0.914022958261693,0.00836048256796665,0.0009887727002251242,-2723.637065003939
0.00470673855800139,-0.002561296527381858,0.003059606801575335,0.03340116403324857,0.02256353733867062,1.009346610444928,0.77974898668426,0.8251286174155698,0.905531578655568,0.008335732963144184,0.0009793930338835972,-2724.352796672392
0.00470673855800139,-0.002561296527381858,0.003059606801575335,0.03340116403324857,0.02256353733867062,1.009346610444928,0.77974898668426,0.8251286174155698,0.905531578655568,0.008335732963144184,0.0009793930338835972,-2724.352796672392
0.00470673855800139,-0.002561296527381858,0.003059606801575335,0.03340116403324857,0.02256353733867062,1.009346610444928,0.77974898668426,0.8251286174155698,0.905531578655568,0.008335732963144184,0.0009793930338835972,-2724.352796672392
0.00470673855800139,-0.002561296527381858,0.003059606801575335,0.03340116403324857,0.02256353733867062,1.009346610444928,0.77974898668426,0.8251286174155698,0.905531578655568,0.008335732963144184,0.0009793930338835972,-2724.352796672392
0.0031928571551754284,-0.0020577849482306104,0.004987798106385584,0.028939455040723854,0.025712232792555748,1.1113095721827528,0.8207637053206661,0.8581574490530635,0.9735416834446216,0.007198146972266707,0.0008511071102147216,-2719.812270244519
0.0031928571551754284,-0.0020577849482306104,0.004987798106385584,0.028939455040723854,0.025712232792555748,1.1113095721827528,0.8207637053206661,0.8581574490530635,0.9735416834446216,0.007198146972266707,0.0008511071102147216,-2719.812270244519
0.0031928571551754284,-0.0020577849482306104,0.004987798106385584,0.028939455040723854,0.025712232792555748,1.1113095721827528,0.8207637053206661,0.8581574490530635,0.9735416834446216,0.007198146972266707,0.0008511071102147216,-2719.812270244519
0.0031928571551754284,-0.0020577849482306104,0.004987798106385584,0.028939455040723854,0.025712232792555748,1.1113095721827528,0.8207637053206661,0.8581574490530635,0.9735416834446216,0.007198146972266707,0.0008511071102147216,-2719.812270244519
0.0031928571551754284,-0.0020577849482306104,0.004987798106385584,0.028939455040723854,0.025712232792555748,1.1113095721827528,0.8207637053206661,0.8581574490530635,0.9735416834446216,0.007198146972266707,0.0008511071102147216,-2719.812270244519
0.0035388488247149047,-0.0019821822981381416,0.00461187861250511,0.029287445572545125,0.023412325850562597,1.104228706571437,0.8201544243673563,0.8863455859542875,0.9712711468217439,0.007136608136950393,0.0009266801351768048,-2718.108249753314
0.0035388488247149047,-0.0019821822981381416,0.00461187861250511,0.029287445572545125,0.023412325850562597,1.104228706571437,0.8201544243673563,0.8863455859542875,0.9712711468217439,0.007136608136950393,0.0009266801351768048,-2718.108249753314
0.0035388488247149047,-0.0019821822981381416,0.00461187861250511,0.029287445572545125,0.023412325850562597,1.104228706571437,0.8201544243673563,0.8863455859542875,0.9712711468217439,0.007136608136950393,0.0009266801351768048,-2718.108249753314
0.0035388488247149047,-0.0019821822981381416,0.00461187861250511,0.029287445572545125,0.023412325850562597,1.104228706571437,0.8201544243673563,0.8863455859542875,0.9712711468217439,0.007136608136950393,0.0009266801351768048,-2718.108249753314
0.0035388488247149047,-0.0019821822981381416,0.00461187861250511,0.029287445572545125,0.023412325850562597,1.104228706571437,0.8201544243673563,0.8863455859542875,0.9712711468217439,0.007136608136950393,0.0009266801351768048,-2718.108249753314
0.0035388488247149047,-0.0019821822981381416,0.00461187861250511,0.029287445572545125,0.023412325850562597,1.104228706571437,0.8201544243673563,0.8863455859542875,0.9712711468217439,0.007136608136950393,0.0009266801351768048,-2718.108249753314
0.0035388488247149047,-0.0019821822981381416,0.00461187861250511,0.029287445572545125,0.023412325850562597,1.104228706571437,0.8201544243673563,0.8863455859542875,0.9712711468217439,0.007136608136950393,0.0009266801351768048,-2718.108249753314
0.0035388488247149047,-0.0019821822981381416,0.00461187861250511,0.029287445572545125,0.023412325850562597,1.104228706571437,0.8201544243673563,0.8863455859542875,0.9712711468217439,0.007136608136950393,0.0009266801351768048,-2718.108249753314
0.0035388488247149047,-0.0019821822981381416,0.00461187861250511,0.029287445572545125,0.023412325850562597,1.104228706571437,0.8201544243673563,0.8863455859542875,0.9712711468217439,0.007136608136950393,0.0009266801351768048,-2718.108249753314
0.0035388488247149047,-0.0019821822981381416,0.00461187861250511,0.029287445572545125,0.023412325850562597,1.104228706571437,0.8201544243673563,0.8863455859542875,0.9712711468217439,0.007136608136950393,0.0009266801351768048,-2718.108249753314
0.0035388488247149047,-0.0019821822981381416,0.00461187861250511,0.029287445572545125,0.023412325850562597,1.104228706571437,0.8201544243673563,0.8863455859542875,0.9712711468217439,0.007136608136950393,0.0009266801351768048,-2718.108249753314
0.0035388488247149047,-0.0019821822981381416,0.00461187861250511,0.029287445572545125,0.023412325850562597,1.104228706571437,0.8201544243673563,0.8863455859542875,0.9712711468217439,0.007136608136950393,0.0009266801351768048,-2718.108249753314
0.0035388488247149047,-0.0019821822981381416,0.00461187861250511,0.029287445572545125,0.023412325850562597,1.104228706571437,0.8201544243673563,0.8863455859542875,0.9712711468217439,0.007136608136950393,0.0009266801351768048,-2718.108249753314
0.0035388488247149047,-0.0019821822981381416,0.00461187861250511,0.029287445572545125,0.023412325850562597,1.104228706571437,0.8201544243673563,0.8863455859542875,0.9712711468217439,0.007136608136950393,0.0009266801351768048,-2718.108249753314
0.0035388488247149047,-0.0019821822981381416,0.00461187861250511,0.029287445572545125,0.023412325850562597,1.104228706571437,0.8201544243673563,0.8863455859542875,0.9712711468217439,0.007136608136950393,0.0009266801351768048,-2718.108249753314
0.0035388488247149047,-0.0019821822981381416,0.00461187861250511,0.029287445572545125,0.023412325850562597,1.104228706571437,0.8201544243673563,0.8863455859542875,0.9712711468217439,0.007136608136950393,0.0009266801351768048,-2718.108249753314
0.0035388488247149047,-0.0019821822981381416,0.00461187861250511,0.029287445572545125,0.023412325850562597,1.104228706571437,0.8201544243673563,0.8863455859542875,0.9712711468217439,0.007136608136950393,0.0009266801351768048,-2718.108249753314
0.0035388488247149047,-0.0019821822981381416,0.00461187861250511,0.029287445572545125,0.023412325850562597,1.104228706571437,0.8201544243673563,0.8863455859542875,0.9712711468217439,0.007136608136950393,0.0009266801351768048,-2718.108249753314
0.003245235390549342,-0.0018882050190981246,0.004625741627194824,0.029891376176252427,0.022950560898375008,1.096076312799834,0.8065702942944482,0.8517914107741331,0.9623807925210474,0.006088122205862514,0.0008938723974894156,-2717.62106544525
0.003245235390549342,-0.0018882050190981246,0.004625741627194824,0.029891376176252427,0.022950560898375008,1.096076312799834,0.8065702942944482,0.8517914107741331,0.9623807925210474,0.006088122205862514,0.0008938723974894156,-2717.62106544525
0.003245235390549342,-0.0018882050190981246,0.004625741627194824,0.029891376176252427,0.022950560898375008,1.096076312799834,0.8065702942944482,0.8517914107741331,0.9623807925210474,0.006088122205862514,0.0008938723974894156,-2717.62106544525
