"OriginLatitude","OriginLongitude","OriginTimeBP","SelectionBase","SelectionDairying","Migration","SelectionMultiplierBritishIsles","SelectionMultiplierRhineDanube","SelectionMultiplierMediterranean","SelectionMultiplierBaltic","DairyingLeadYears","CallErrorRate","InjectFrequency","Distance","Weight"
46.154104507342396,3.986955841318048,6409.80984590417,0.000025914526931005983,0.05475062398035913,0.07949567314775755,1.7779039284705576,0.6012564995372905,0.596015942815603,2.344594000943018,147.4714979081815,0.0029293960593760023,0.026673232884173795,0.026642397735703528,0.000006163343654573465
58.05436220166232,-3.9987385645942926,5058.579656511022,0.011754554639187318,0.0560570473745937,0.03922565574886645,1.9091013306921498,1.1506003480222347,0.8861291081574121,1.7819411024614542,192.2952785895605,0.019134343381275298,0.0012346429524118176,0.04678113179689293,0.0004902837624165084
52.19433348060895,0.9080287311743298,5037.507683748872,0.014845349153884767,0.034205249629254815,0.07917682973398588,1.8974632592165876,1.4230432494094998,0.4620730214767003,0.915331657782398,0.11109502214288611,0.019249777932523634,0.0684094036067498,0.040842808284756484,0.000001760780831362862
52.93824962421725,5.7720165145378655,6784.2228775218255,0.0003198471068659825,0.05691408091243519,0.043372736497136556,2.163350923690303,0.6310285186927106,1.2887982113862904,1.7241955672712759,198.46856806828035,0.0017320840661495072,0.0019802972889965357,0.030706405752034854,0.00006284222224095614
52.099430376441816,9.002630340399335,5557.986453124699,0.00017606901262573327,0.046306334716413475,0.035344312413875076,2.024009131268012,0.6315127320029609,0.9245488286633813,1.5209849924995749,23.19136940856276,0.00594015248280351,0.03541323130942689,0.04562985078019164,0.0022881604590929325
57.498245374836664,-2.8383452385296524,5018.43441224199,0.01359954213660502,0.05307252716289019,0.024876659341901367,2.1395465220324157,1.7987051727864736,0.4143232388089665,2.1575028638531095,167.551240716968,0.0134132002156111,0.0999603579612676,0.04325504137795303,7.70009999168403e-8
46.50307982668589,4.987412948061593,5217.367204648805,0.0013517404803551868,0.059019986520211704,0.07001309111277114,0.9866772040195916,1.534284806310247,0.4000559744200218,2.3078733127035145,173.52369876920545,0.0014819263763049763,0.003548385468323853,0.04612404625148102,0.0000044598944828655105
43.999059201690805,-0.28970471154517696,6436.370354693957,0.007874037530292513,0.03826428265848584,0.07279163540888503,2.1434578634411237,1.7907378916897545,0.49154923033638553,2.399047284197383,157.03052190755142,0.009782962049906183,0.001260698783077713,0.03200959645185472,0.00009882565730326946
54.98842392355704,-3.927410781233905,5630.383893688035,0.009151983324300245,0.05248042141961924,0.05309054256534017,0.9476587377037458,1.454321279241295,1.201350763074255,1.4360256399514058,152.96879563565673,0.00022637318460537307,0.09901555226303718,0.039298245219463776,0.0006821324297505734
54.66599649545286,8.237182391250254,5139.744789427364,0.00009949712081603963,0.0590383128273506,0.02933263533178812,2.057306370270636,0.9154961883127718,1.3225218739464983,2.17979188761523,40.57197158480126,0.0018568550770915546,0.0026094101706179425,0.03948762599462859,0.000043318515978891166
46.44463331273172,2.76634991033683,6623.522827693634,0.00008217769438169502,0.05934239778882746,0.07996533139196638,1.8477630820400255,0.7331426061699198,0.49992183615479074,1.4593960613890804,55.662483688029965,0.013015981556170323,0.0010836269314145929,0.040172317117901694,0.00001870600263669059
53.70880158244236,8.804524914934198,5017.964456495456,0.0147340295124135,0.0488579564645425,0.02767996819149886,2.001937526723701,0.6657978592107305,0.4001503229665234,2.3480003417400095,196.71347375268985,0.015643546654517764,0.0010834152331340035,0.04540675572862244,1.380895135799692e-7
48.92633480338999,0.48053840008390125,5057.712766889916,0.00601612757192922,0.03008586062297453,0.05032500331213183,1.259489735202823,1.3787407113812349,0.41019261889642694,0.8640449447381466,174.76711344549696,0.005597250692925683,0.09327264647651218,0.04605091776302792,0.000632986010925161
47.48754344799202,4.342961044518798,5833.538041678807,0.005946822548711689,0.059543055784807536,0.022790665847818956,1.8493248904471387,1.0293796770443404,0.580423850189037,0.8467872890974588,59.19800545923864,0.00003975054274309809,0.00903381818770576,0.04628813600270686,0.0007555378489951997
50.12886212284961,0.9900552944191539,5131.270222966701,0.009354342404405618,0.0427683045893428,0.07510639368873501,0.9582748335705589,1.7476846803432053,0.514338894302189,2.0747111067870705,80.52427064044666,0.0160186331767815,0.05720774774770264,0.04599903750470196,0.0015712466254713012
43.11964229101709,-3.446865119965957,6026.636787461565,0.000014363439274365675,0.05972564321749943,0.0773869849224558,1.7491065503594894,1.798611679038172,0.5731636677241878,2.3515944251471343,191.27865105061207,0.018252995201076108,0.0014479158735337843,0.04226685926295032,3.1325144928814615e-7
44.79060885379452,6.570030363193613,5005.1337519673225,0.014860652309123458,0.04585471555024518,0.028968785895689735,1.8401445227780922,0.671360676437725,0.8728781022763046,2.318787606188993,197.4156138707913,0.012202009116716293,0.04552868199395787,0.0463472881834641,0.00006427125229242005
54.55248142915373,10.834850415622817,5926.218252513965,0.014921625505445332,0.04946313939263065,0.06655420930904037,1.9281724228157524,0.6043133699088731,1.363085573751797,1.5680305678803674,4.3700166900308846,0.013736478457137725,0.019401045864629467,0.040875216991639284,0.00013163786454512894
44.59174616589469,8.811199648327491,5162.943519035123,0.006657023986939818,0.05923219865293504,0.02965121968175053,2.175678079430859,1.1918093623378179,1.130152629753983,2.399838915116466,78.02549368183718,0.002714246930945889,0.020435245010048824,0.04091091099324663,0.0002749770377974265
47.48591180918476,3.677122422241073,5033.890939122932,0.01492798730912726,0.05881743240380824,0.06406226635830067,1.0520224841826074,0.842411268010359,0.8474289783194412,2.087471391314687,159.2157900066993,0.019877440110536316,0.05073788870678488,0.04298953120330689,0.00005859382617408046
52.33963053305001,4.22417769359347,5011.914770275008,0.01413515752370887,0.05998714800391963,0.0731939804676569,1.6605894381598938,0.7912451305522901,0.6997288166529234,2.3117095556212215,156.670875896729,0.0013234579956208777,0.018127726140817823,0.032171069547053,0.0004800499417275664
45.928270097925086,2.103923372295238,5272.854371360463,0.01005270608346761,0.04893814894861887,0.020653000588417462,1.6669634269434082,1.7983553429780348,0.4482162582119881,1.118401896536065,160.50985327693135,0.01685454061389469,0.007738366799114177,0.04448383426792957,0.0001470739854243306
46.96757339548179,0.06688811665108219,5613.844960685848,0.011458897973104096,0.023828576384046982,0.07990488340522679,2.19168965874821,1.797370987603505,0.44215291333155554,1.6880661953794713,123.9535818247508,0.017414874680765247,0.09316974809237781,0.03748381874570716,0.0000023813048718806275
56.162730224641095,12.709000187932169,5010.336416184602,0.0012528808157003346,0.05373204941905216,0.020564361225596475,2.0127986208685105,1.1512414154383745,1.215018144214092,2.390157661919779,185.80967831460305,0.015427536665131483,0.0451045266078597,0.04607105324182263,0.000023275204759086768
52.46860902314763,-2.1287013533128256,5143.898326688183,0.002782998338063946,0.056206556364278334,0.024251616163336168,0.8709630861163269,1.4527423198273404,0.6438984465424522,2.376094330653386,199.72171836385425,0.016786699527452528,0.09982190454864105,0.0417030348479876,3.3583528048721753e-7
43.098643098311264,7.24723284958209,6768.577659315924,0.008249960796094838,0.0432698414471749,0.03538490861544565,2.0862038146810646,0.702085386854484,0.5230517359939447,2.226200001704809,89.30887888885573,0.004956047719117319,0.09604071131528075,0.029290749837935472,0.01183458834158712
46.85419130544095,5.872571613059687,5551.249432439714,0.009842135552745717,0.05929853447387139,0.023752286118515854,2.1960661242061024,0.6898264028774703,0.6680351371945679,0.8677096356409183,6.612130750260098,0.000799628466031347,0.005135216668604795,0.04027037946044352,0.0000449129461277254
44.893082021818245,1.3669397913045085,5024.75437682019,0.0007304227703434594,0.057347796962308316,0.0620352394881111,1.8858874214078087,1.7799362248715682,0.6736567117484882,1.0409591221186771,17.805167095986814,0.00041048841828076585,0.001008763953481928,0.04006390538349578,0.000002420454413622035
45.42479825635357,-1.017061992767788,5038.899831821497,0.013466625727580207,0.03713588361370767,0.03338421327350198,2.198645206668645,1.5909966515619678,0.42623291456346724,2.3870028869879,197.36789919635987,0.0016686084385666398,0.09206281481646851,0.036266016999638453,2.624949301005498e-7
52.3255447422175,-0.1875345115793099,5022.959762937574,0.014304286072698038,0.05671632376918622,0.038397916763835596,2.1978113318444503,0.6530175177084782,0.7245789894381978,1.556587666966469,3.55127980901316,0.016998230407556283,0.05862672388063833,0.04633145751169763,0.000014269086365475791
44.31107729096679,9.185068306108288,5331.995920529375,0.0014642256492595645,0.0507252513257483,0.024743880921327996,2.199195582290068,0.6306584237224885,1.2313985324232477,2.371912828728482,27.889153667074645,0.0005102469555849738,0.0904200283211975,0.04500785281373974,0.0000017563806295042277
52.443697111662374,0.8045452284615369,5756.589539506417,0.01496954636022957,0.03579999453817981,0.06123764392889923,2.1793749359601877,1.3131563760822043,0.6705154656307595,2.3789500605578375,84.83906486373289,0.01926892764290956,0.0011253666228399069,0.04016517928958438,0.00004309922108041541
53.27752237181036,-1.2783141182057989,5017.293945218802,0.014505392195220162,0.05634945119459466,0.061534400468741465,2.068218809855462,0.6452766678252045,0.40035463879184713,0.9754318407179934,45.40591807468752,0.003427600436356616,0.002961542881085927,0.04550446013006937,0.0000017894160841817
50.740815582347864,0.8785311361889256,5124.042354453401,0.0014171599747416523,0.05127374287116394,0.02009927236636687,1.8470504760293578,1.672645327950665,1.3997901867436102,2.3963321743678185,199.85739593301932,0.014228249345480021,0.007700063480779302,0.03824182254902983,5.987544957021649e-8
57.084129092565206,8.151669741035281,5005.095409232164,0.00005772476891496809,0.043518020137474404,0.025774845029192563,2.0932928448687806,1.7385004585410662,1.3997763615598782,2.3959766134174325,145.3525523413552,0.0113140085418983,0.0015839786029051457,0.04579209359246531,2.379875204573571e-7
58.389805216677864,-4.1264677820716065,5123.42292539204,0.0020784174931808997,0.05115839769917343,0.0794277420219747,0.9180228958844907,1.7776524668378064,0.606165614744969,2.023276622064076,2.9553666786414072,0.0002927342105609599,0.08627350633660293,0.0441600619175759,0.0000010754531919292397
37.96182030598015,-2.3279098408747805,6705.439108814754,0.012198536066898356,0.058531705257903785,0.06330958243975575,1.0977652596290814,1.6351461711387127,0.4368320233452048,1.7043374786520384,71.98500746753479,0.001212318684814259,0.0020156270945804276,0.042822189892127833,0.004126950733768114
43.56469939624648,9.667641737290019,5005.714675437964,0.005653335470982625,0.05892744774524822,0.07295715526520764,2.1829945088795935,0.834713293284417,1.3175430514454534,2.335756643221262,196.14175795013387,0.018252257202916827,0.0014046760070078094,0.04297083932752517,7.752545392703193e-7
54.1283381593354,8.271951207862667,5255.425907631412,0.0010919778298927583,0.04720830445022455,0.06934754473863781,1.6947525928640672,1.4846232521774163,1.3159582676753443,1.8967905546438342,140.54932264387443,0.0020337917222537404,0.0012412186585272422,0.04437528309004431,0.003304372171447095
50.768497538033664,1.6979793192815738,5384.81399205266,0.01490284503254129,0.038709521331147294,0.02098753702944698,0.8335126517026685,1.3241010443344396,0.40472115998585534,2.2577099307012007,188.4725898210637,0.017812037514577606,0.040443955277541035,0.03793025394128168,0.000005946974234966097
58.104161528239956,-4.120875336833047,5175.419816951182,0.010640819509398316,0.05780853821775322,0.04206041070785356,2.070856445101212,1.7393448955868438,0.40526070236902245,2.237824492492188,21.534992609547054,0.01774426167764862,0.008790518066506683,0.041089277986349794,0.000057341735399558265
58.43686876088093,-6.838814132594121,5383.809460451393,0.009010672933248311,0.05555424021671154,0.07978981651368053,1.6868100456942057,0.6038708238934116,0.7635085832661213,2.281630199361656,101.20093198189754,0.01324997745516662,0.00806674362277121,0.04609387788852847,0.00041606086450506345
40.78245649519045,-0.8457892345113667,6649.207948286429,0.0017963245517992527,0.05950846863255679,0.07977886630138903,1.0073191428888115,0.7794708714478235,0.4003144599685132,2.246264176662309,145.30978578553302,0.01603265164322669,0.03349951115920265,0.041394051546856936,0.000028247810195431526
54.12708521274824,7.602377122675755,5774.159494846641,0.0035924143783989462,0.04759161784811507,0.07887881112977115,2.190259775487083,0.668959505972401,0.9062621418662377,1.9243072483326646,4.144153238975864,0.0168359627865134,0.005131460705625374,0.02862501998115823,0.0003920393156582071
46.23804246280495,-1.1836753139908467,5164.226733521355,0.011997109141232573,0.05728404262657005,0.043455941305205734,0.9831560555362492,1.6003738984189582,0.42801504856501366,2.3824001866737885,164.0689946679154,0.005755144655841231,0.0021995843540200794,0.03834789177086328,0.0002704353168906704
41.06189485539627,-1.2649079319122247,5621.668134132162,0.014484232641820265,0.05786156322681221,0.06806545488246904,1.1063170357331893,1.5412782546220873,0.43364452105443485,2.2824807215126115,154.31904958425085,0.007061390508602538,0.005883915087204559,0.03786306200188532,0.0008703292391246682
39.89263382837437,2.8277623470484023,7402.607729682212,0.013884726887777012,0.04691981092363355,0.06997670246033985,2.187035941915666,0.6171433034852147,1.2910133499264642,2.2880665143241146,13.77430135767335,0.0071481143558267055,0.0010436457918771797,0.043686708302487005,0.00004376714762696098
54.67708287311075,-2.5756163085526804,5342.949184935251,0.007113688054809165,0.0500282648364592,0.021551992919605377,2.1884582572783007,1.2367520308052344,1.3995003745408434,0.8119551170136654,41.55283465507257,0.016548429741467825,0.0028530678289016035,0.046450585561539734,0.0000022698192570484182
51.17351259449882,-2.001844345454087,5102.258284716484,0.0013274347149965992,0.03406043055820235,0.07944235158220685,2.1773339894394574,1.7827078397566356,0.7849993403109499,2.2271705943637534,0.10212913027970547,0.017469119941013262,0.09972792189827705,0.041224148626432845,6.453265553732781e-8
60.051257368723576,12.087072945448586,5252.2266808477825,0.004306867078720627,0.0527660453922949,0.07470990314779875,1.5083646884775845,1.0276697601963714,0.6148549678549334,1.2501970273107104,91.0532344396405,0.0029456489443379363,0.07361587442476522,0.045759883273912776,0.014003203700370458
60.60261367587053,14.274394818402769,5076.977421301305,0.000004612586046149095,0.048916810697015645,0.03969634001869199,0.9937708659870715,1.7881031379188879,1.307418427712876,1.5582622029550417,19.949515634897054,0.006999726042214585,0.039435299847250194,0.046845843184555834,0.000008586690850706644
51.93888060683847,-1.900741005429639,5057.749366348642,0.01496546811072414,0.049590158953655865,0.053314738391384814,1.6798155660230305,0.6605945044485766,1.3976296433848245,2.367262309976838,198.96806641801743,0.019734620532797672,0.010213080637616848,0.045080170926158715,1.7861794188141763e-7
53.44349234587824,9.31293968749144,5302.37932496427,0.008841098007467175,0.05210647934656611,0.062358890518567786,1.1102067810655196,0.7632556499678447,0.8254331836688193,1.2577292725769844,149.35926877653282,0.018062393630411185,0.06158102000321369,0.04616720345526926,0.04130400455482173
59.16757536906721,-3.289934395725327,5389.603657138488,0.001009879458375951,0.05457887681347652,0.057977657954215264,2.002680945870426,1.7705240887930143,1.3022241104981633,2.343898441357455,114.85137426067074,0.01060369354483581,0.02720667422481499,0.04016269688833421,0.00047243284377080687
43.970055909107906,-1.969362123032333,6618.738707901763,0.0037037692394986874,0.05745246317943125,0.020053370777491693,2.029878689232903,0.685405124882031,0.42815304299664775,2.3828640987537613,60.10995134420741,0.0045897292343544515,0.07001061826675459,0.037352081528201145,0.0000404121972041263
53.28214089166221,-1.0709443296417565,5130.754836496906,0.006949035794155032,0.05405285590616131,0.07993190090183463,2.1990197103355293,0.9390726098236777,1.2512797356214498,1.3268693463582082,180.74807813602933,0.00975371200763191,0.0010376800376977536,0.042802630151600365,0.000004503000942676293
51.96296266758772,0.22654160805932833,5124.900048041348,0.014212637284699502,0.053747380548192496,0.020316848532782997,2.1595675280229525,1.6137020767728565,1.0648900114131035,2.256309080340026,168.60220269785472,0.009765131153492333,0.0010035980649831886,0.040105479134814326,0.000003364836879136837
52.971774235158094,1.126293995912329,5512.695214510983,0.014949576719577915,0.045340717468904945,0.023349179349899045,2.044458697728579,1.790672448101339,1.3973093529787535,1.560682070927749,114.7976878171643,0.014140947286342511,0.002463252424115927,0.04362262769315853,0.000005453968015189265
48.73332848549671,3.528738102259883,5062.238492488839,0.014952821571788807,0.042440603502386834,0.07991282400445383,2.1953480226170314,0.6011621670161208,0.4130108717890294,2.0785310178670873,60.53663524798749,0.00717934570221691,0.09780554826270356,0.03135879311579035,9.62067463613269e-9
38.421039652735686,-1.644881120478109,6856.676479659904,0.014964668986667642,0.059450637549895186,0.03767129905118754,2.18499534534839,1.567790251976278,0.4670423889009868,2.3642026334005344,60.196130575914786,0.01738585489788858,0.005553599737394285,0.04019218007627454,0.000024221290875926048
53.12320223263161,-3.362738696631154,6191.986533304176,0.000009834789723191478,0.0380165147470695,0.07915368749271619,2.1386732292896777,1.7549175428957766,1.3894140641324115,2.386451369586054,199.98777085264803,0.005885149770819902,0.0981024379585298,0.046755143384302436,1.1029778738527256e-8
46.94251519571455,1.2441114738992098,5086.436941737484,0.007821431783855547,0.03179862762827371,0.07999383654548446,1.196146283472558,1.2127022882993406,1.0413293027467003,2.2240134725476115,17.663851618049396,0.0067210985698129945,0.0889601483729425,0.04181376577539958,0.00018776410631799053
53.29625430597037,-0.04883815371328737,6101.676528913394,0.014156513527792005,0.052189264429140875,0.03314871468061877,2.1916176893369683,0.6250439992780652,1.3978580155169569,2.2067271539584863,64.31064143273285,0.015783817623120686,0.00100321194558824,0.045142538286143515,4.137724855034543e-7
52.657574224367664,-4.155997372999036,5495.568702371118,0.010792787662731002,0.051776384594469434,0.03758336729843674,1.7225328765534782,0.9728565002332189,0.46975480101319034,1.816035712185805,195.87128419060915,0.013074673418708325,0.0012517300387185507,0.04664979518234963,0.005570741189715801
55.694531822713095,-4.163331924136697,5060.555448975314,0.014906168134074686,0.05652707388186275,0.07912449960381611,1.1264232665971867,0.8794293191187962,1.012812248046822,2.3648722735747834,176.53858339179828,0.019292358519333985,0.013123152395972741,0.04309322885346561,0.000006182234298221492
53.857860224541184,-0.5815993773427977,5022.372703186437,0.00009479067585742092,0.05486977600832129,0.030864380764600824,1.980775501416385,1.3802301470596279,0.40143045803120936,1.27827759427173,32.720340251334555,0.00896002935432862,0.08444051583599214,0.045893791787148884,0.000004484455996542438
43.347172602549236,2.4431216884976177,5403.196844743426,0.0001455560884189724,0.04970663649880793,0.03308965496242022,1.7454590767341838,1.7956144302044676,1.3999886896190452,2.2234298458532678,2.562962074027209,0.01301726103324578,0.001259205267408157,0.044420176559064536,2.0450378165492758e-7
45.79825484897428,0.5553359956633468,5498.139689803999,0.000174779094701498,0.04665924859953162,0.04698269009571894,2.0050631267877357,0.7599749145470874,0.4656927743473121,0.8061183935607527,197.62291170378964,0.018880210771596125,0.057929137036020095,0.04447361542787689,0.00001784314714936253
48.345834471224904,-1.0936172698304585,5034.051468046304,0.01435846168045668,0.05058785799582124,0.07008870106797142,0.9296798901614116,0.7223602385730671,0.7470478204254104,0.807331557407425,109.04356497984173,0.010252783304617886,0.09953940645838537,0.04249362226844757,0.000015591853214224706
49.483500400149325,3.0405120281731666,5003.809103026422,0.00031625208682151595,0.05884829357034868,0.026517394024212614,1.69876840867187,0.6000757131968567,0.9824887923499867,0.8236104555056737,20.478272922917597,0.019386586496358226,0.013062353463858064,0.04674122424329238,1.368015134862525e-7
43.38016849925995,6.92366112791359,6893.703809149368,0.008466339817049274,0.046596048001068126,0.03241637575661914,2.126604365664802,0.6488930169341515,1.2897499422216265,2.393166232687786,2.6913981266642244,0.016642029215711524,0.012303370625661517,0.043630132220252756,0.0007826037477616629
51.471722807342196,-1.1264880562528568,5597.617566253935,0.00009966885354023724,0.059585977416824934,0.025568329250892505,1.524569147954527,1.7988985246886577,1.3874388357704865,2.3979026290665097,2.0624574716604354,0.019732695800843737,0.008470524955785291,0.041925376761255836,2.4894900111200772e-8
43.22954368512913,-0.903358350932173,5383.355852286887,0.014974208241596475,0.05799262950363502,0.05910776069227679,1.2956222666934423,0.7571324260279338,0.516949130356255,0.8012787684561761,186.65275972273133,0.00004913224037974213,0.04707053958023371,0.03965417780367191,0.000002255842928069773
53.25397574544776,8.659897273697542,5149.460165111686,0.014433441391839993,0.039035849432483054,0.05169398633942414,2.123182947861482,1.443009840642011,1.3898350016094616,2.394265210022719,199.67038198985873,0.01710281581820154,0.00350460232340333,0.037100904696800004,0.000005382220837584369
52.11835024443555,3.959957270649195,6618.93719208266,0.014745769597477549,0.01701856850721522,0.0785654203374556,1.5068939685484688,1.4422116966072789,0.927609967514625,2.397187906100835,169.83077878561892,0.019922974569094844,0.04356199249545761,0.03813929273452899,0.00019047961876767747
45.17372437719163,1.4285730342553684,5099.819154707786,0.008021048947632333,0.05939690065695733,0.03456603072517099,1.0294555754118568,0.7061149739277075,0.40038334194625935,0.9147698316718508,1.300418792560578,0.012086149632813757,0.06051200877717727,0.04250533247766852,0.0000029395679320810775
38.861277159924406,5.097066525303381,7743.069246283161,0.014645016902566416,0.057714504586794675,0.07274218601988051,1.929652004305892,0.972028439826613,0.44255501839946537,0.8428083371619046,198.53741021548797,0.00020324692483056909,0.005210349822867579,0.043646689620312915,0.0000942220575529031
53.64296113733906,-2.5948051809029344,5062.692601098017,0.008483333098091872,0.05117811253224988,0.07248323583223733,2.10103964051347,1.4867869961672908,0.8083952999486749,1.241796725428799,28.31146859333883,0.015221590615510958,0.0010342548393270426,0.039947154972012636,0.001109771073858454
46.81079403601845,6.728227693543747,5060.205476044149,0.01482444010668214,0.058472887214635505,0.04158561245751016,1.265857123440072,0.6744934259368712,0.8665010821349115,0.8181049429950313,195.59884531193447,0.019771540619946567,0.01625658495181884,0.04368789568929121,0.000015201276735435752
48.30791526682316,-2.6782752314325107,6498.577657525584,0.004177174653273694,0.05096498116843267,0.02289200409224518,0.940785726593218,1.404631793201974,0.5321304726447322,1.0721903413218326,52.835575334285735,0.0033417301410655635,0.004442501538054322,0.04481392388003144,0.03416536326497123
46.183024422729225,7.230787422628918,5146.431613015344,0.0029889492897775915,0.049570213106244106,0.07991425098839404,2.1888964402037514,0.6357126058366674,1.1927455272064489,1.6144757594865933,11.362294060803475,0.004690779419266795,0.09998284532075725,0.033382743441510085,0.0000011002029255643448
40.882387567021006,-8.41500515595575,7060.415640972351,0.0017574164530988977,0.05702315869078904,0.0706326092786277,2.10557433060702,1.7625050959625521,0.43933787267801827,0.8235071750893689,0.7013182453987622,0.011752733116103036,0.05111071356816426,0.040532921282086895,0.00012555731333301737
47.23551432014579,-3.1749294347903723,5336.783035222266,0.00033386776658220034,0.0534217587570447,0.07770240562478523,2.19627915977226,1.7024202552770147,1.1698857669004832,2.3996266429932995,40.96202590876564,0.000353782969422452,0.04410927831309545,0.03748681687964171,0.0000014933877563013066
47.095714236736214,0.186738909660777,5245.472502017902,0.014982760459948868,0.03953960002438562,0.026561694356785147,2.110825271968524,1.0238044935939183,1.2181126976403942,2.3449499508342133,127.98519997979416,0.017567194072116824,0.09236623433770534,0.04019318238972176,0.00004004050427655925
41.61823944300048,2.291013416385576,5758.50798121568,0.003720954232309103,0.058762624568396794,0.049190360111545095,2.191163800722796,0.6979703153737427,0.40066448264610083,2.1031212346272516,0.7599322570304206,0.01978378411960295,0.0919562501992816,0.03805486591404566,3.3451640645837023e-7
53.8264594018338,-4.107032206809443,5800.084093698604,0.014409182836278608,0.04682119233694136,0.029937315222375385,0.9645298734489732,1.5992508436158535,0.7890850644899716,1.6701230345778533,100.55620236033947,0.0007570142473369558,0.005843216219867241,0.04295315850140504,0.01307350758617664
46.97448354506173,-1.3508397157118246,6302.546989761942,0.0030869091013231644,0.04860895194183727,0.03439938026857967,0.8416803448007733,1.4407799804193298,0.5341025467484726,2.297190080370366,48.06362929759892,0.005849897474317011,0.09839587181636433,0.03880750356238903,0.001334215835826757
56.00018275926075,8.47624181446825,6507.459498327371,0.013383392869914744,0.05008151757599019,0.027823210770218546,1.7601484596174846,0.7761097019434204,1.0047935798583536,0.9719478958432598,118.04200268257094,0.002251055157627623,0.003730100103624311,0.04177643295761932,0.039969114790458414
48.608491072571894,2.4414931860803897,5501.780826067908,0.0011385539756335516,0.029627201082394174,0.020068613878277724,1.9052317146931996,1.7666240936377093,1.380859400027259,2.0238088641970746,12.021111139124946,0.0024128652773952393,0.016124814055748556,0.042720416619976886,0.000038935861204797165
55.27865641442894,7.370591970149032,6072.528713223879,0.0020374506819213056,0.049906754942232595,0.0220699149733759,2.003375378671704,0.8444855594065408,1.3951588033135551,2.013570718304885,43.62868547091296,0.0007570316820819351,0.07681989307233662,0.041479320224702944,0.00011550131434599588
52.798716907529055,1.2835127011211895,5355.234064894777,0.010610083680825317,0.04454871768059447,0.026480075412500872,1.4085870279216537,1.687266480560965,0.8564070439560552,0.814286313844671,198.90578451371147,0.004361591085544992,0.0962071226370448,0.04394177235239848,0.00022560143340944497
46.96713657888303,7.789654659801943,5419.765308153937,0.013645249080100813,0.05987905753653383,0.030855620954252275,2.070339171732357,0.7957082384321729,1.2829770315508362,1.6509264369964336,182.7867040608049,0.001116236742956288,0.001470084320928567,0.040783458560052915,0.0003592937041626087
51.03488132562646,6.122764474157766,5068.909043302492,0.010128039715786167,0.056231490505667836,0.0759169020867473,2.179512524206203,0.6814714650683412,0.9428486346833028,1.6340226966797062,32.43594718702831,0.019346350301577685,0.09439848333500016,0.03158737521608735,0.000056767316443071894
50.745452577128106,2.3079404458736406,5001.703618911883,0.005156352703047119,0.05891104466963825,0.027756773790741547,2.0658014043574564,0.6009287898318549,1.335101658416841,1.2829887026515674,198.83834548223362,0.005667248907343439,0.039968643980973675,0.04447566541110213,0.0000014764582830320733
49.56951536514504,-4.037121997922415,5763.134294417494,0.000721775158649283,0.03892457031553255,0.027532049474745808,2.1928959879098735,1.5484757555529107,1.2009732756720517,2.380071641941996,1.5504137623311436,0.015048193268489874,0.09969822713050631,0.04324698148930171,0.0000042764559960752755
53.74462151974549,-2.214261299659495,5686.808616265217,0.013613829419938732,0.05814025838728517,0.07773001328534358,0.8041839659104427,1.6216596707685542,0.6095736952440304,2.230760270379939,171.52085008046652,0.007687611601547756,0.0025007372128461073,0.03092843021505758,0.0003389693213488941
56.978487596677375,11.191017495759226,5108.488868940058,0.004518629704334866,0.05734689537652712,0.059051697484077875,1.810313816941052,0.6376846726059493,0.5404025188238515,0.8337366486203787,3.9667151704371606,0.00011561392760493844,0.08809500339395811,0.045535145810271856,0.000013542145490872752
51.65849817676176,14.124338345469251,5977.8840065646145,0.00038882393056620526,0.05381300024652606,0.075668832211307,2.1940602561718903,0.6190883278244617,1.296215103556627,1.0095482023812117,145.14132200626324,0.00017622639381070803,0.07054073525703512,0.03806375410214925,0.000008517964338106791
56.952137438958005,-5.374174038204849,5223.843639597599,0.014325259394273013,0.057453088108553874,0.07971159325514228,0.9217985898799022,1.7576599335423828,0.9621427013947854,2.3579120140336807,9.951893916751201,0.004506416880071382,0.06779996865979622,0.0349359458128207,0.000005199291009045407
41.58822632292883,-0.06892782228637451,6957.120183867337,0.00007738055884846369,0.0495321697440955,0.07989873228585298,1.9114862440574527,0.9245304873264077,0.7615277608354302,1.6173483516134346,44.554187734049826,0.011524858337911805,0.0024676867446338235,0.043866582651122504,0.0015799401282704758
41.98393708097961,1.8793786836168156,6336.5955563891475,0.0014002468310740834,0.04668706098459898,0.07462673782723132,2.0909712078471516,0.7354501193389644,0.568177516242721,1.7317552325558345,140.14251872941145,0.01597769315779576,0.016457324148477302,0.0451636044535591,0.019853122075135513
51.6468350616158,-0.5526347259361977,5011.11415311836,0.014984005255924549,0.05483825958444179,0.030356857136098446,0.9143043181311622,1.6173562224067615,1.3305128841268399,0.907948402655824,122.64439852162572,0.018975445741102038,0.001119615880048989,0.04488523500564059,0.000006136232360264159
38.98022881616988,0.8769252537985661,7243.82781709626,0.011897392041260498,0.0506806484675411,0.06493604270748597,1.1754278478709477,0.6105120663641032,0.4009131737551544,0.8647044162517534,3.0994904539647727,0.01756986629992353,0.07165496809849684,0.04413821363611948,0.000020188190799281126
48.73221308717433,0.6844050808995341,5275.298768647185,0.014655895002694899,0.0407965901100823,0.07907182044053154,2.1608582457263017,0.666701830358306,0.9318505674215897,1.2240647324962914,163.87738134632522,0.015129551105972992,0.011638590118887883,0.04238742187331191,0.0005204974967283066
53.51396090809742,-0.7468450229389578,5604.372704858211,0.0008474487194694743,0.057487581064736074,0.0612567559646707,2.1031567735051944,1.6762345598265318,1.3891819395213445,2.1115804399659366,66.22660993429903,0.005102008341050159,0.0010937079587638027,0.04420848853812859,0.00006708687749474451
53.35584158409212,-0.5498785545994842,5593.478813994714,0.014892221925657822,0.04907548362592176,0.022308391871020003,0.8759668624155734,1.032892051421384,0.44852970856596297,2.3312745287493346,127.01228228990654,0.0019273194944266906,0.09872754269760849,0.03870297730361703,0.000006848368104809562
55.137875732258436,-1.3436108399484237,6303.170658621348,0.012937023073158818,0.053341275864781976,0.06808362851962996,0.8303234556431573,0.7298896250298386,0.4520807589498986,1.0353628584967973,175.26213005829584,0.005261373172589511,0.0030656626095180565,0.044469689576915106,0.002270979156924603
55.76705651413545,-5.19535583035931,6251.419856570439,0.0020896640875427475,0.05778830283113902,0.033600780177513674,2.087515552096518,1.4469165637457402,0.9199839715085376,1.8989507313115768,49.55403750175766,0.001663284520696003,0.0011973262708951159,0.04548566630803008,0.005543709641310748
44.39518895130618,0.3416860874370471,5830.4275358092955,0.002739367779417824,0.05498381160423598,0.02718455158740693,1.5504199868893616,1.7983549155781309,1.3783280089061303,2.38952113472787,123.75704193363492,0.0020927842622030096,0.0013022818839238857,0.04544044363076929,0.000010565819571783027
45.51926857780853,-1.7484956427806466,7118.60706908139,0.002548937700732885,0.02935828004695229,0.07945265969082002,1.6828788116648812,1.382438241406381,0.46632447273241606,1.502801857403404,34.614659641182314,0.015574993005029972,0.021577534811429256,0.03554758303073203,0.048023860095150854
48.538667874142135,-1.642511559993542,6187.726977981491,0.0032339149991238423,0.04657636408866262,0.06319639920021891,1.64195849233344,1.470467123433306,1.3847537867872894,2.131680316702364,197.3789769481843,0.01775011800558734,0.0034110965054013724,0.03683160983203827,0.002627074792590439
48.237762166226716,2.0973016303285803,5326.903944075544,0.014015676403436301,0.056238551871560925,0.044381732117988605,1.0742255672407344,1.0873316661576033,1.3997714786633464,2.2059293460470837,0.7014117746985213,0.017812412492030118,0.0011276087552724466,0.03675256156838189,0.0000031886319609523934
40.912498621487615,4.7412161243239055,5190.980752005505,0.01483295871628597,0.05610469606074589,0.07882059146548649,1.7424067116470985,0.7552278531441805,0.8100011506121506,2.3704393528180887,5.6318105200758195,0.00625659066975461,0.0928275473411146,0.04491904137488926,0.000005610570824998127
46.69548249931283,-0.554931792340426,5752.032754954057,0.005141694797624395,0.05169715938246207,0.02025631595524377,1.8106180452519542,1.4743148448434273,0.40289220508480245,1.9415073276467114,34.0898434874097,0.005017132434830608,0.0029707100512376206,0.03639045138081791,0.00041134532588468943
50.863141369397376,-3.963845233762517,5224.318755757352,0.014786873622970412,0.05687234716246495,0.07271157955773686,2.1955990987858875,1.0558779486506409,1.3791051834932264,2.394390626973131,140.27995646241118,0.0015603987063045454,0.0014751340872340185,0.03927483669274149,9.895427485996221e-7
44.71693070347971,4.33410861866542,7449.742622723712,0.0012257283196883003,0.03282650113419615,0.02462374628523276,2.070625210987629,1.776481259869302,1.3826708954871199,0.8047397662798972,68.2717765535559,0.007227438464438831,0.0027942760737972535,0.043690430920843994,0.0003876425995080941
48.143560500105224,-5.236520585420412,5151.1691003116575,0.008121679499753915,0.04889035967537349,0.020369484484360628,1.9323323555447243,1.51920980580729,1.0475515581418546,1.0320347868835906,9.03633176780841,0.0036584916375144404,0.09304436586320318,0.04654778562478063,0.00015874707192531937
58.69760299843301,-2.991223272099967,5080.888581674411,0.006218810265124683,0.044001705943378655,0.07867120943004549,2.0001072896965773,1.274203280140294,1.3731477428887309,2.1469367205788235,148.45490007689733,0.00028094107545182707,0.08886893327776851,0.04441703330921141,0.00002589676494092827
47.125116855497254,-2.6797734507066124,6622.028298541774,0.000882102478798913,0.05601639083362525,0.0207534539521793,0.9730940484511266,1.4526275273983171,1.229091685020772,2.272763282097361,0.05247324977241086,0.016836249584672894,0.001437724539194592,0.04335548960318193,0.000016722556506116475
60.08902063167277,13.07605321164706,5128.031488319279,0.0005434221589692227,0.05517379049968798,0.07989606478842724,2.1733695432916935,0.6493859683455989,0.41072128422013787,2.0405083680694047,153.84415032669017,0.0083768464011986,0.02234580794941372,0.04566548999687619,0.0000023724797978971998
50.730705786596786,-3.0456049478312694,5994.649248459615,0.0000447879904039656,0.059602738999223796,0.05607525470912135,1.5476229687726921,1.7991264754901217,0.6162419593429719,2.3883635234530494,180.199449604929,0.010384553272526669,0.011163953153172335,0.04634818219891196,0.000008959533710482838
55.44310954704282,-0.8909474592215538,5323.750728258646,0.013757084977069596,0.051179589770400574,0.036440184152897334,0.8505807282543163,0.7113006351769685,0.4620733364001735,2.2252074084032336,181.1861968018304,0.009503456733890083,0.05104501056772226,0.04578023290038331,0.0005857736260415374
45.415174673471256,0.12095511302385376,5905.976888713587,0.00777100633651023,0.040698427206138955,0.07818784789500158,2.1246253491073146,1.2765423610517956,1.1078211853227238,2.241250340182427,153.7448972259646,0.01221143358093335,0.0026514731601387366,0.03501966924227874,0.01414989649738043
54.06099987425285,-3.461490854909443,5028.075619680352,0.013684345407608725,0.05802423848533937,0.0698166788701106,1.8939946446204585,0.8164463920948762,0.4035345741026355,0.9046538804668711,195.96657909233258,0.0014849911594713326,0.07549715941048296,0.046446668606657006,0.0000028969982884831596
55.345975123090426,-3.9291583363697526,5741.899558764151,0.014756342589438552,0.054048935922281695,0.021087731094386972,0.863821896653989,1.7324257919976267,1.270042371332112,2.3922177037444827,44.748451342539056,0.015925246566640346,0.006126246985760267,0.04385539572452057,0.00004049087928491165
45.85755712102306,8.270768293948557,5312.408674677597,0.0004207012609249028,0.056185393754014,0.07370800939565893,2.1997443578205633,0.6348562877432081,0.4159227396643606,1.2445624307683558,184.7846693290484,0.01461379725477766,0.07224772589885109,0.03542905105805308,0.0000015791833262659827
48.32521838618826,-1.87676515053327,5038.331996130016,0.010761706227139603,0.04391129266328388,0.07594824078266771,2.1443460083577808,1.2260604415537872,1.3168767575604403,2.3175452013221456,34.349411539819286,0.0033598658583616375,0.09843793562877952,0.03801096800721039,0.000025414822177641447
57.966803929945996,-1.630223443855284,5718.72331674495,0.014029340670590877,0.05007624545377175,0.0767169429018303,2.086024164966482,1.7678699268487037,0.40464055469027466,0.9633713341959846,9.249226105053003,0.0059678013932923995,0.015260327990558407,0.046365587909693334,0.0000565825208513941
38.95714388818655,1.113417860507294,6519.535413496943,0.0005541993101510816,0.032405415446495396,0.0796957029023403,2.1978217760206977,1.5848962339595465,1.388926814625001,1.9558722824822674,68.9750526356258,0.004722085419669065,0.01853877322068217,0.04502762803901152,0.000049774707076806226
58.54197773814195,-1.3056052985123259,5337.238153836797,0.012782714704128326,0.03618789294560298,0.047360574350626225,1.796376260113813,1.7885687782810162,0.4918026855777229,1.1993437149056914,115.11762215006536,0.0001544782852183361,0.09780410829451174,0.044733924903759326,0.00009796684493201304
52.66040802069568,0.40935705240807785,5910.771623062953,0.012793433101729286,0.058964530012364354,0.07243857798056874,0.8156300323138616,0.6042403898339135,0.5494771629326869,1.3305598141235266,75.33786872307434,0.0009144618307263827,0.002752303077366815,0.046751135005255656,0.00004161805730376239
57.50448886256677,-6.647077432302045,5017.769597236861,0.011081175710426015,0.03917617538523602,0.0799911039150048,2.0707397532819787,1.7279633056573473,0.436438397454221,0.8785978980087158,0.1465259821052172,0.0032130098411232073,0.0027317059603166336,0.04518627210262986,2.6709384533743973e-7
40.06286206185247,5.2082044075384655,7327.990330196339,0.000013607277448940696,0.05778185515838475,0.07495146771261109,1.4426118181333245,0.6638350351900595,0.8442713999877374,2.3470581473302428,99.09458034620314,0.006311623583315706,0.07903118819152455,0.03630326587345921,0.00012894044493155085
47.04476630512945,0.19835635749635472,5861.055918117639,0.005080529157759767,0.059857753570962985,0.07450576685337926,2.020609188960999,0.693434114276061,0.40579343984151256,1.0648446680442112,88.84078698780957,0.006000900396343425,0.0010172971256551362,0.043365514110601876,0.00008052692681838993
49.00134148456286,5.413987811169704,5173.764063393449,0.00011691689016133192,0.051022190068029605,0.04023053181226954,2.1996662008168517,0.6034210435231808,0.7011848402759199,2.3422281137984937,113.82235432649557,0.018438073256021422,0.07427882441097518,0.03101715675706859,7.41024717494396e-7
52.5714022651157,-0.3578244447782346,5322.338838503201,0.007821237982119459,0.04807151923731891,0.07924197400780794,2.199248617340351,0.8165072709483927,0.6077204270973703,1.735733138404432,87.05161960827279,0.00887166376656866,0.0015735956886520808,0.04350376546807284,0.00036158136418032075
52.80192964659348,0.18485990798699703,5768.886947821612,0.000025638147065193788,0.058948246543226245,0.06766368835745962,1.5464819137373151,0.6453085256122499,1.1918171852375758,2.0795142993544227,185.55048936088787,0.006338746379182595,0.04810019541387884,0.04088936378966157,0.00014120541729605845
39.01377141188111,-0.08646636321766543,5531.1366355107875,0.004700016283140333,0.05840248126021533,0.07997205112907907,2.197793493117505,1.7918376435566006,0.40027906305673855,0.9978392865263799,30.897795059223558,0.012815016000282144,0.010068550426222697,0.038489089784641876,1.5143028165627778e-7
52.66257104027907,-5.204394593015168,5303.203789545701,0.014756126216372355,0.04774934021103206,0.02011188811075252,2.012948546764616,1.7849562134285168,1.3965862052229807,1.8544722221103076,53.296399889802835,0.009040959112916259,0.001009857798937404,0.044279044299364266,1.3234687650434606e-7
42.47849264896373,5.339651159458452,6627.259025162597,0.013948022365184966,0.029769809141399785,0.07265106913997921,2.19655042594417,1.7807129277135592,1.3754956956228477,1.711236404538067,0.12504307946884016,0.01502979125860517,0.0012140228313533637,0.04419432949483208,0.000017433489354066546
46.40021763108822,0.8502773562235717,5802.627314072807,0.005148230058948221,0.05623666094598712,0.02131898604074509,1.6173417283201066,1.7670206037002316,0.45481130995647007,1.7233179227346893,41.45732630550975,0.008024263417643023,0.0010678559327421968,0.040533599279707906,0.00029522972966160863
44.72967936151802,4.270578877342253,6695.072761511813,0.010859800260013402,0.0518486160954769,0.021877111224282025,1.0221066867974096,0.7318715149179588,0.5231318223766672,0.9108213784407125,4.539186758500118,0.003622066012157103,0.08435138284503492,0.043607651516819786,0.0012357868580111077
43.79629441722049,-1.282347602538655,5420.191409327261,0.009991390510712388,0.04921136127891923,0.07535285042702068,1.0235714876520894,0.8872200763185798,1.040705932693481,2.23742459653425,141.78471956509284,0.01605073921809985,0.0969897977032942,0.04533366007858832,0.001316952310855515
50.72640383445193,-1.4717771680277973,5512.642323512,0.0006779109318767578,0.03750254504443224,0.05149986482755231,0.8504830933765274,1.6932742089219368,1.1531195953972875,1.9391214373415113,199.3755323448718,0.01991165925725647,0.07553577680349567,0.04490828631065204,0.00003319601821271506
48.10349961538026,-1.2706551802339376,5461.76988272181,0.010251083846880135,0.052312224781408935,0.07697389944751011,2.1985789725168283,0.6221814012514953,0.7004285272741881,2.0625633211558556,1.6059242470950652,0.014048386260944568,0.002222148681694869,0.04623233638595279,0.00004733643076101484
51.22161121761535,5.280265506640562,5014.674471730021,0.01367228030583863,0.05976708146098405,0.02596984731867266,1.5304292064103162,0.8661983661991961,0.4109393166839036,1.5447316974775793,122.94511384375195,0.005749099220747242,0.09253799707449434,0.03433610852293272,0.000044368965265223145
55.2578404365849,10.778984055577741,5950.408296210761,0.0012263133591561197,0.03823372606470696,0.07967419987264246,1.9733233254397409,0.7574919379894862,0.7279011436655611,1.647453980062843,196.7144209942419,0.0007314537125893143,0.09603809009274285,0.0409466395912524,0.00016629888553063816
46.62463995048151,-1.9365505402622603,5768.851891741609,0.0006578476397990088,0.05941833297046709,0.026942173266232678,2.1122811216021953,1.7759039286882272,0.6070253589751025,2.2896794994603153,188.0919187630959,0.01971909679602212,0.0011046292114523036,0.039343677795378146,0.000003276438052632169
45.415413356496444,0.8733069113286405,5895.01263748125,0.01424710506592803,0.05577644209065892,0.075497421564299,1.0772874416752802,0.6100700421920889,1.3217622225892718,1.7791538832976537,6.93577369605783,0.011983914101135047,0.0028573155038684656,0.04500014398956935,0.00021134108268997892
49.266546949315654,-4.808235502738199,6509.406869662585,0.014599190733589939,0.051478785115920876,0.046487837576236285,1.1754513986151771,0.8261001834880828,0.5401852249099075,2.3917159920758895,62.33012233346138,0.005002409312221977,0.09367306117504572,0.03093956293604734,0.0007457762149464457
49.11078590413363,3.5700392979279396,5211.272075955019,0.0018151241829438675,0.05730911090694876,0.07213619826897635,2.0110655562839046,1.116900859822819,0.506445914135641,1.8729680221853628,170.24078079761418,0.002568124252148713,0.0018225036027741655,0.03252433611714446,0.0019003159462629305
44.126372416542615,0.2824170504903183,5121.791615857707,0.013806751683971552,0.031081572437334972,0.0675030853191395,1.6944355240305504,1.684488633465322,0.6168328417945269,1.7374945575354501,174.43180585315474,0.0000026432606828952673,0.09587983740034996,0.04071688367767405,0.00026000098778012617
42.86608102225095,0.876428943798139,5029.1145576242325,0.014998547181363788,0.05917806576625913,0.024890058689889135,2.129874164601107,1.171655486134356,0.4457438855315424,0.8061769410724008,97.15613690451393,0.007016543651405206,0.06625326169661686,0.0430118117134557,8.747156298479679e-7
45.60386949516031,4.689839041111954,5225.528005927761,0.0008546563858202799,0.040940642317539105,0.07949433365320789,1.9879800119450133,0.7685956699353432,1.3710783836364595,0.9615231173739751,199.9803910065284,0.00447080043314799,0.08499485298884692,0.04153525161618501,0.000005722327522530783
54.441860812597,-3.4907378590575124,5741.169834594476,0.014998137340931344,0.05540918727304582,0.07968029339918137,1.6521479989928016,1.253066421223945,0.654378024160566,2.3415065702887725,183.83509962170947,0.010090969689900786,0.0032731184174966794,0.039918026285333356,0.00001915128015731188
52.584079741820105,2.0877872081962554,5998.479518364548,0.004416385940928049,0.05205876709304934,0.038082407747962566,1.1956013915056596,1.3250402494802163,1.318402918552972,1.1867888805238678,8.48682266805035,0.0017378295871903373,0.0049894831428200425,0.037205326048068935,0.019186495591865315
42.961496346566996,-1.2398834490113195,7063.166224189732,0.0038661916775433597,0.052191103462501,0.04633727488925084,1.9397343306882737,0.6469045145977752,0.5767707815861615,2.3528743189157195,172.52008370143784,0.0013323057577344752,0.009874876675748311,0.040829078646174084,0.006097736573761694
43.824553622281286,6.094721512214157,7224.489921941933,0.014866852648181345,0.024155302584609625,0.07998599289624543,2.17827115576456,1.522244565740429,1.399100483105033,2.015044124030805,154.57334502360726,0.005098136711387602,0.0020304219887911767,0.034965876170284876,0.000009993947854676074
57.91738193901623,-3.54853913782199,5478.881327636706,0.014994997257533725,0.05127676546630151,0.020370205516711745,1.2023951989374955,1.7361187361683443,1.297916303009288,1.5053245970318891,196.56535329522163,0.019995826145834183,0.07541204775392732,0.04551149292860498,8.65229678656023e-8
53.08568140821964,4.825245341848126,6589.3946908211565,0.01206069032443934,0.05474704551470162,0.07885914509512212,1.5957010121937347,0.6784075776418729,1.3973878421786654,1.3136850778618638,2.82226961797823,0.017148595592938624,0.0017749341755687402,0.028911673246550213,0.00007861903763015598
42.01459377550143,-0.007164130960564563,6466.867984021138,0.0001328710119893987,0.05738851683568558,0.020823723478408256,2.1995057803571645,0.632349104327847,0.4698882683361993,2.2892223140274073,190.62637210904796,0.019596335820942643,0.09867050875673318,0.046097532824685296,1.472869456430987e-8
46.40193521185124,-2.0990374866998183,6491.820470772707,0.014854813596076115,0.0257601070209227,0.02417596014982791,2.1488065935524334,0.8261483936826369,1.3999791996444393,1.467834556004746,195.37741542001322,0.019778935334923555,0.05029921886877997,0.04534576317999686,4.89704759546021e-7
37.965794384646,-1.799022881835377,6065.448395310513,0.0007734774014022169,0.05031437285183106,0.07047379967518917,2.1166703141359817,1.7777806018612852,0.8164501082783298,0.8873233379116161,176.40426222672033,0.005330425332165145,0.03716049593541694,0.04121903432905597,0.000382929512714574
48.491785161002504,7.8813523888026005,5048.021540227487,0.010791913776126537,0.059263103589282606,0.043546625194412006,2.1110005797283145,0.6172946090581635,1.3962752941908634,1.800744614419518,9.483194723407335,0.005349295023644929,0.005574851706271443,0.03506682685614685,0.00001538642345773312
53.487488036876854,-0.0898774200331367,5171.883762162921,0.001091517466539424,0.046114838653199555,0.07754261065762551,1.2102647930266894,1.6101144809113852,0.8348544597529096,2.0303783216432114,60.32815103558045,0.007724896713632973,0.09858227022266808,0.0346913190458842,0.00018725301335956266
45.944091138853956,-0.4418423068691748,5134.439685766834,0.0017516056522750198,0.05699723279982047,0.021117864054083196,2.199344746077869,1.7880900332769238,1.3997152078250266,1.5495660643616325,112.41291255138748,0.0005614856352382135,0.002143228930270814,0.0390157661641269,4.9190463652958374e-8
44.02163532398591,9.598931983978726,5072.558015734675,0.00010965274780809278,0.04945899717069239,0.07399927981013099,2.1883188230973674,0.6194182993557813,1.3848261896945253,1.7132913311251117,98.76797664655311,0.01125559002113229,0.08784045400536158,0.04222200847422375,0.0000013094380044949467
45.30124306246742,0.762781204505016,5913.693230097373,0.0015589008806682196,0.058791018187167504,0.07042891569259455,1.9535310748171653,1.1058794279540223,1.2843285882491078,2.2003061929520564,24.06906925672866,0.0028055534082775118,0.006712387189288663,0.04585490408050165,0.003688025744779113
57.67845505841627,-3.4554924908030147,5757.580520918248,0.011915689846254724,0.05520255288601387,0.07122352655916053,0.8013259283120694,1.795906198028086,0.6431014053120091,2.151988724110576,163.74170184795253,0.00592322305723582,0.004557621682132018,0.03848835842891696,0.0003628866761953145
58.43222285590182,-3.644487449463176,6002.053908997201,0.014148538091542052,0.04297877145626124,0.05894003489248335,0.8310301350047543,1.3796216029021848,0.982421027061359,2.0701108237867762,55.49789346170056,0.004000032106488385,0.09532634960424603,0.03978415551602423,0.0008730620562340671
57.164114473896646,-2.5918840559556697,5065.620200455842,0.01471660867598076,0.059712756466373855,0.07996352785761641,0.8306866062077372,1.145668857920435,0.5139557391417775,0.8807355427797868,199.1168450334221,0.019442837450916357,0.06464110613526265,0.04272892558894168,5.208250036948445e-8
52.86454007070964,-4.502173900849281,5325.911216630225,0.007789193977708425,0.05459375311655786,0.027079454228716444,2.0311280134142464,1.698696783687669,1.1821294437535554,2.205684763643921,29.22860379096897,0.00006469354895573757,0.015306760196723739,0.04323442701365821,0.000441598871040086
45.602145440194654,-0.21293363938213972,6226.601610387348,0.006471934630794128,0.04770004275033177,0.027418620407881417,2.131653808544039,0.7359016397749816,1.3998170312799454,0.8706802211624437,173.784064429978,0.01862368580165248,0.002125760403629781,0.04623757482829564,0.000009949215648575761
57.237718871387955,-2.281534335752725,5073.058982198145,0.00598411490513944,0.03958128856753873,0.05417539296124364,2.025476235114872,1.6175990557439932,0.8467545268857029,1.6721442305472203,3.416229994413231,0.002887606846643421,0.07935513905065648,0.0454268233747011,0.0006843326752031874
49.350028531001435,1.0297813104564515,5111.364765487611,0.012715462977437867,0.055174150498310044,0.05349248193443114,1.1073331125531911,1.1644588965260365,0.8035881561361823,1.8842348726551001,22.905444671399305,0.018092921289702458,0.014710443360583747,0.035803811463453655,0.01740335991513919
44.12750840349778,-0.3823249221008851,5402.632082565909,0.014868443084139095,0.058554946718711184,0.033467895954626764,1.400061159801604,1.7961912410324525,0.4029603108614258,1.144711871733142,173.90328750495172,0.00021779065136461992,0.001231911148809069,0.04255494545481774,5.289787378161102e-7
49.06935229125197,9.840925997387163,6389.472062786006,0.0100480488943981,0.05296345147791959,0.07879396097668989,1.6369823103928547,0.6797889434396698,1.3477642580078055,2.3594365376852853,145.39454918418062,0.0029843915003314203,0.0010182422840007814,0.04095209521750506,0.00010199405986249967
48.514182656226595,-4.3763159773722276,6458.614907684157,0.006400933271829141,0.05293171594872593,0.025882396970758934,1.2686913736623664,1.7456663956910279,1.2412039507373658,2.3660095627707074,178.69743527395337,0.013920214451383937,0.03475595877318938,0.042438044644190494,0.0035035869760353896
44.651751296350916,6.649988757382257,6029.658404359296,0.0074894761280779355,0.05571880173696557,0.02040984087168365,1.6047311979156256,1.12235680706121,0.9746650073816366,0.9545184881737847,104.47385758840058,0.017466284001934892,0.0012392785257054734,0.04531445447504997,0.007151788333098972
51.26375899615123,-4.405497704840735,5775.704459013779,0.009194658832453557,0.054204654614109,0.05571503615217055,0.8644145450705923,0.6561803467686728,1.088986158287275,0.9638839550565297,116.71649988330779,0.0008471692553457568,0.05666190521038626,0.04586823006779671,0.0030310495040134252
47.567377964513724,-2.0488244729623366,5074.361637474956,0.008828365342772586,0.04178785594643899,0.07990204063136079,2.1294803222483925,0.6060960396175616,0.41484992896918715,0.877852129576218,98.31451671614356,0.0019076511081887312,0.07791165845062126,0.045030965225670294,0.0000010422341155409372
55.22892057481904,-5.126893305992425,5897.0142888833325,0.005449087105403862,0.04237054745454599,0.03300706137176153,1.815809750268205,1.7163525572056426,0.6803017051297565,2.397253847831844,37.97177899454734,0.015539131925821814,0.08404049387434974,0.04580835091063489,0.0014750349264431879
49.1570239935795,-0.8722576721804494,5323.37998596018,4.395937008362986e-8,0.033410658113252625,0.050811933386996765,2.169734440551517,1.533894878730139,0.417057627438773,1.0188704926495524,103.11088354298738,0.01704269859676198,0.007499990558285297,0.046868923827292706,0.00010238666037279276
51.2196517675046,-0.1266693578727498,5008.123704360312,0.014780296254845539,0.05977935810084623,0.03331449110705004,2.148315352360439,0.6113653438808027,0.9015707615249414,2.253306463622957,19.71669025663483,0.017840281935102446,0.04740326754262061,0.04435947274741681,0.0000031481239809483526
47.92463464481192,10.221856476147742,5576.866150148319,0.0022500610508084094,0.05863159810710196,0.07987252082323518,2.131287133382637,0.6189021164835441,1.137471729018356,2.1572477950507585,170.84106948130275,0.010000612383616768,0.004800161109332037,0.028201729271635695,0.00005994321009784754
40.71997147633737,1.6269669001451277,5965.175356161243,0.014998400067947759,0.042591941739735975,0.07923308196284448,0.9924958649182437,1.7634817182300853,0.40035051883389194,2.3662802307340502,197.001104764538,0.018753474341386384,0.001133296675610368,0.04573213248846454,1.1753012743310699e-9
40.940633459199105,1.497278555387025,5886.174892362645,0.012594739307752434,0.05679735141737155,0.07864266177726398,1.2032847878495747,1.064690224605803,0.8678028691599994,0.9344660531037045,194.59026813197968,0.01791761944674261,0.0011355688519874198,0.04583032432196689,0.00044619592374498863
40.68983134495358,5.438626910469079,7561.437241904887,5.359814807482562e-7,0.04884922784321765,0.07909452686654915,1.8868489626924374,0.6472452427616687,1.2105353883988208,2.3293840202379763,63.779040684646304,0.004551634138867949,0.0029608173643945446,0.039375717084865786,0.000031710447808225864
59.14236929968017,10.44254678039367,5459.683871204138,0.0049732718931022974,0.0565855438034077,0.04816385500327704,1.9971304709018682,0.6090156176985347,1.3803096240457964,2.100165543950566,96.46331121831601,0.007430603149841126,0.013559195745312037,0.04630213480653868,0.0004539942441349777
47.60350715076313,-1.4373446654485544,5969.060200587636,0.004648422385509801,0.05675563488880065,0.022852186610995306,2.0265846987358365,1.605706402567657,0.43630691996850957,0.9845438972835905,173.354104293667,0.00007234398224449118,0.016382345646743287,0.04268405277407372,0.00036994998063759164
48.28232178815836,1.9743649025119883,5582.552548832629,0.012745396031228014,0.052105952227469256,0.04861266975805817,1.9891989117629378,0.7105071656166868,1.191437261807622,1.3806946805897917,134.05152317987503,0.0013539652739080685,0.0010096805267248155,0.0431290375151019,0.000915122217288054
38.948709634564885,3.417091735348899,5196.874825599021,0.0016504868732470604,0.05285241620441577,0.05897659965584061,1.8264953293274464,1.7206752349145344,1.3841881744788298,1.6871187495784088,25.201900785797942,0.004856920983537508,0.07818049715621814,0.04670653070535604,0.00031863728673393074
40.49995767670718,4.947341639043252,7338.565322740883,0.009332175705956392,0.05240609133961232,0.03837933290465089,0.8004274601853175,1.2777531329983045,0.41824852130373674,2.3821102331376127,0.22771377782800367,0.002028434573934596,0.0032773006142685418,0.0424441119950931,0.000015120332325127214
48.448195070778304,5.954581054802862,5462.707971779471,0.01253132755811767,0.05660054659596344,0.02642606528035125,1.5652770758966033,0.6019289499418833,0.7396588352581015,2.3919608885639407,197.18361603058705,0.01214928618056884,0.027945103665401348,0.025285380717104247,0.00010279043392703228
55.156420188856394,-2.4791316799169305,5378.5938201525005,0.0066836912182873486,0.05483310520840771,0.020920514474423325,2.075644949699152,1.5911099650925795,1.3913811905124653,0.8754483209556116,177.22896750329824,0.019350304793460817,0.0011327618456490795,0.043623407746814225,0.000005446552294109751
59.37437784708243,-3.3183530780701744,5167.473097144428,0.01485056907136811,0.05729179296885826,0.07989268410796385,1.5247257571997914,1.5559511211038046,1.3542230725008197,1.34645303767707,104.97504496533317,0.0007599053069358617,0.03315430070487086,0.03972445722709621,0.000014946093361225767
47.51599126400868,4.046971580116793,5072.862386250551,0.011426477873703078,0.05769112454900504,0.021665310088471428,1.3647040530725274,0.6064870474975993,1.3902739891255225,2.3926299704120915,42.44691548909537,0.013537081218758953,0.0023513601043575107,0.04526017177357006,0.0000065444309899675455
57.32261884802328,-3.7150173574849346,5214.363225082456,0.014937492351770637,0.05560312299100131,0.06660005835930592,1.9179352814527357,0.6436713145766367,1.3997316171867642,1.801379476733096,5.1276627372161165,0.017825684872494054,0.07736263136114875,0.04593472198353527,4.0715212712352544e-7
51.36017747265435,-5.670583851694242,5213.69754704623,0.013678812391650818,0.02212730196743724,0.07807696589825856,1.8831633079754848,1.7451593707697097,1.2780076365957598,0.8040408191431413,198.54470832944102,0.013112317667675207,0.09184091644358833,0.04481671460359658,0.000008330749280349956
46.79804582966273,4.856110274235938,5107.597858933012,0.014940335166693911,0.028936455254217,0.021919760826451702,2.1844209438375524,1.7758025910208977,0.4936766021767832,2.347881678059971,191.9811440408807,0.013993506647116617,0.060816998344777246,0.041741096284457165,0.0000022220925862036956
49.18350020187158,8.336505084433906,5053.94288394694,0.0004624124042755629,0.04913580744941389,0.07980296624281664,1.9205995546637984,1.3620507023398287,0.4671241858870196,2.274309670676174,195.3375624659041,0.016568157795071113,0.009552628317646061,0.039940469549528124,0.000036205124473003996
48.39286532748986,3.8313086954873636,5497.793629430547,0.012797907321997455,0.05730702642884114,0.04862142488885032,0.8154365624716333,0.9216076336296684,1.3834323479415418,2.0598699490952264,26.688792899099877,0.0004794989004238924,0.0010532412392059442,0.04161809544514259,0.00001627692929542762
40.54119556917683,-1.317818562667874,7226.384771996118,0.00022648877685419057,0.03891309345548942,0.07943097589376273,2.191454088480823,1.7165310863054084,0.8868353350230929,2.288390845474139,176.9690156064466,0.0003048239161364398,0.032950839120288594,0.04302300782206633,0.000019383756899139553
44.4423370040667,8.328051320914128,5593.621501985728,0.004926917322153224,0.059486036159688886,0.030840070290444298,2.16596663533836,0.8429900390386906,0.40453103959725045,1.7563011731921745,18.726679320306296,0.01210760159457315,0.09229344748195616,0.033031418318096396,0.00016216473903809243
55.15734116883072,-0.3794978270309226,5125.356589546837,0.01206658396684972,0.05848646191243405,0.026482886274702556,1.7419040084242376,1.1499947894528755,0.5360779282718904,2.223985389425019,29.423003025024514,0.019452088333102583,0.08090323852735981,0.0458205009621608,0.00028910938834395206
55.762931832394045,-4.868851912977711,5005.220265166225,0.004598102962750087,0.05657278266529528,0.07792015875467372,2.1835647357694343,0.6595093594357971,1.399903578570001,1.1400612167824273,197.4172695698282,0.019154486519106013,0.0043727229525084964,0.04646883375121119,3.794831992636603e-8
57.57400697791744,-5.165412406194891,5308.291135636307,0.0013619008675433866,0.03563631400089284,0.07986188693094354,1.6264353741163278,1.4339946178100944,0.4808390280899331,2.399974318733692,54.51068048228053,0.019083274059721374,0.0790837863810332,0.04679745933946454,0.000009305504849497032
53.66328467678594,-1.961261269112443,5003.846781207347,0.001919479202717145,0.05750965868655028,0.05051231212791759,1.553634109091528,1.7736074011482073,1.252023919668737,0.8026656475504144,199.94321832064423,0.00015454130457560514,0.04486903306251824,0.04597213516812259,1.7903027849454414e-7
48.527688446765154,-5.741217012554995,5551.074461044656,0.014814995206038583,0.04639223423580627,0.05662222017078819,2.1254297198485936,0.7031280950187365,1.3958380889085777,2.0871894492795793,181.1622176491179,0.017150534675348328,0.010896977130897122,0.04454950679886906,0.00005854972371455209
54.69947800707149,0.17789730350422772,6179.247246038055,0.006540616285765342,0.03848472641354898,0.03353591131388697,0.812332691366051,1.242081315805244,1.3997953721102694,1.7730812433080847,154.0945801624514,0.01851334904941004,0.09813961746694981,0.04413984034698167,0.000019932438921044687
60.35237001138593,12.888029589125004,5738.364858618277,0.014718562210305174,0.057620667398865344,0.07729713318916587,2.194004001798233,0.8635615392376199,1.2060565686044908,1.3689115233688143,187.30641954357446,0.0066836600808137725,0.0010065349937493132,0.042050384448228874,0.0000048263713065077945
49.436185171602546,1.0899548015787097,5266.976942673923,0.014610517064354114,0.059711240452782,0.041761607307156806,1.5166128884436252,0.6013579370504445,0.5523083311373125,1.7514034399381753,124.74178460851142,0.006236790183960477,0.01363475932771416,0.03704706460068346,0.00026596112374461796
49.581924175354985,3.6820371198446065,5001.493074651623,0.001309074964093473,0.05695300879194843,0.07001980130756132,1.3379934842252472,0.9555352799738066,1.3988126826878853,1.1914754828790497,177.88630535316966,0.0005522865983065773,0.027649706573070486,0.03465475984672376,0.000011477667658655654
50.85135697867133,-1.4403073513518816,6022.502751429731,0.008754626972528894,0.04954238558454119,0.053034331709872984,1.252210831772062,1.7877253436019824,0.7998806324154513,2.328768713492388,26.556091599748882,0.015333814802406278,0.001936938578312854,0.034814860328436954,0.006707975808760389
58.142902848920095,10.048398258940463,5072.016990536596,0.0008304473560920594,0.05031881769893349,0.020387683707409995,1.093915946983092,1.5742939675806413,0.9586712874289988,2.313392457575234,187.27218340364155,0.007404281626374151,0.08622203431718023,0.046073162259084956,0.00006449967189014315
48.636767669644726,0.4961975296102139,5116.921821322838,0.013729739661511286,0.05152217303950653,0.036617529686649365,1.1015325084962913,1.7772083340940794,0.4000186994944428,1.551139964794605,58.85127652494803,0.003976276760989662,0.006105667084074099,0.041042539119160046,0.000012925949521626308
55.945487084839606,-5.66555127703158,5009.394395103091,0.001142038325199578,0.04801113158302359,0.069535711975097,1.1184018286336639,1.664541195246966,1.221105175596238,2.320548040183005,157.41918703062822,0.015458929119917936,0.09965266234667179,0.03978403914763265,0.000006244813987463258
40.25209131949521,-4.538386644929587,5921.033468217755,0.014478165865433969,0.057544806701613514,0.07359784638112198,1.43019999748926,1.4477086232861383,0.8769536750891662,2.347701943532104,190.60989038496186,0.017867926148600728,0.0026361990019567187,0.04540695873981635,0.00022888164176201978
46.027650222228644,5.450610643368627,5691.82073214386,0.0029456143759229525,0.048544939306070456,0.020144474610005153,2.1971194614524006,1.743279929531934,0.40041332337763225,0.9652304712547184,63.77445122537944,0.011098970646097843,0.0010572207199646955,0.04525668516990874,5.569693959846507e-7
40.05802832887213,2.844781932986457,6276.11821938211,0.013610317651522166,0.05351200056060689,0.06432203993460502,2.1716492556849385,0.6769331191678388,0.40726563349370676,2.26534810347204,199.59580020878317,0.0007507665924358273,0.009340278506779489,0.04389652325313249,0.000010887916963904476
51.39888385042561,-1.058851736789471,5405.455722003927,0.01499863294211446,0.052747622522792824,0.03630256920284497,0.8259055966881602,1.6308542129903247,0.40632310030122887,1.537445412237477,187.1060663562829,0.0000024770155927446122,0.09791748281246136,0.039999447668071744,3.227289803776357e-8
42.82119938036945,-5.827149226592286,7329.058197597835,0.0008388165387625185,0.059265346201449486,0.053240344768287276,2.1918208096704674,1.7985642073450925,0.4434088653467519,1.9375664893343496,29.731179288675786,0.012422752801303233,0.008469847277607268,0.041206969283438,0.000012473747396095351
48.971725648831885,3.569038816527293,5250.177356179393,0.014892773759345165,0.05050619195527447,0.039958638173498,1.1371949789906652,0.9961410417263868,0.44317956129137853,2.117893206245311,122.00355372679826,0.0006186059346881808,0.0010401428117619543,0.04179361529428656,0.00007504233816424414
51.69145279462718,13.955859862203884,7155.492909101198,0.014890638188959809,0.0538538056671578,0.07121853129231423,2.1105015532381413,0.6016391559013206,1.3434155233074687,0.9310322444946979,135.9512775742429,0.004420930198447534,0.002563569603540466,0.04600204445190304,0.00009207050766902226
57.953735454497846,-3.0032954809239705,5770.224293840934,0.014525134136216544,0.03938516009155308,0.07091958931953712,2.1018065293196893,1.7849943059853248,1.0389749117171387,1.1722226967895772,0.1967788747227877,0.0077983325776527215,0.001608965322424954,0.03992986331904774,0.0001455289547038996
43.66054724043329,3.7452548415864495,5136.338963689511,0.000542797419679519,0.05952926075236254,0.07978026299826223,0.818866288532118,0.6877884556265098,1.3010089840611978,2.3924743820127716,40.656715170441174,0.007977321622159292,0.02405476054222729,0.04601197689842444,0.0000027788388174837215
47.25215021837434,-2.0173846286991672,5173.97760751164,0.014073101303278872,0.05527040377138198,0.05056203558671449,1.173957768942639,1.5332965878609766,0.9392998199282724,0.8906506102466489,18.838767921868836,0.005381856430725358,0.001743266677006241,0.0432349347738492,0.0029900366623968164
46.42885558045441,7.738213415900727,6889.6532785097825,0.014975579626481437,0.04168044375522233,0.07982685634788529,2.1922081383875773,0.6888622007912785,0.43926155027912595,0.8693728485224756,3.582601775457759,0.00486170757638467,0.029313341407002567,0.044542604506687046,0.000003378881562124093
58.28447918222332,-2.924086275399034,5621.243101490352,0.004649861639731447,0.05250280903322632,0.07981901813029373,1.1927587617431685,1.7409027647448645,1.2960465361004632,1.4827660723473852,0.7108906699598653,0.018296645745408936,0.018006163997929685,0.03780959816019088,0.00008915511484154706
44.185822458413284,1.3397674403919542,5733.442513155634,0.005858937997009221,0.05549557819417325,0.0790242997632795,1.6924217124949665,0.8901490058056718,0.4000007453142821,0.805972161505121,199.2538290247838,0.012969229572502747,0.05305093939516537,0.036771656836618025,0.0000010464172257454622
52.72940326961054,-1.2558032909352654,5075.10270446462,0.006631380190818565,0.056623334179626325,0.07892213585794111,2.0476445691454055,0.64660184875506,0.6243662306155354,0.8219156667696275,160.25273781991905,0.010664504919026058,0.07504995398966616,0.04649998466304973,0.00008469662095973748
36.543086077125594,-4.020989640351385,5455.552644178625,0.001543271960709839,0.05805942112347688,0.07900277374737423,2.0806036646351904,1.6364260955506724,0.8192564089570386,1.7558181016465828,196.17820134553082,0.0024099712350245583,0.07335068317155569,0.046454599971938286,0.00008983746139928475
59.45180466139693,-5.4777024682604,5110.561777795325,0.009310277374172116,0.05630171014244531,0.029526849404072256,1.5146969439023312,1.7182070073235995,0.8257255543651936,1.4457015245956482,98.61451250422938,0.0143516308518001,0.09969299466260358,0.043134520307612216,0.00012118523458358862
45.98145950647377,6.677513173217999,5010.203384647358,0.00006674571164686707,0.05937892150905301,0.0799974480982028,2.172454000803878,0.9800742621658469,1.3781116489220557,2.25401620268786,63.04016259212505,0.01013936163536473,0.018760205295199013,0.03664846074101086,3.680132620953999e-7
43.560686695342106,6.174087591260395,7254.540061106179,0.002266127512934966,0.03267364465558351,0.07995905990257027,2.1989608265904717,0.9110624386252425,1.3961959496033258,2.369440354041806,176.43050270525544,0.015500033627971746,0.005582832976564856,0.03241446409751329,0.000007728878323640196
49.8050088247757,10.019720793849402,5278.951402959807,0.004040231644041976,0.05063575573553941,0.0644019724721368,1.7067480131045012,0.6129252281877893,1.2769894996317819,2.0789841636507775,14.028463464373678,0.0005990280883300922,0.09225875172998972,0.033429767707188064,0.00017899535002482327
39.294456968742836,-4.316321657147914,6194.114280560237,0.011093092905276542,0.05937433656647581,0.04659463829604226,1.0757907384482113,1.7795513631845927,0.4423358447439403,2.223989820568711,193.078042468632,0.009704895000230977,0.014239429439126525,0.04255535103281829,0.0004582368271625304
58.53128758013307,-1.7039140234515031,5565.261665311896,0.005990635590274847,0.04796069530356838,0.06579004315485551,1.7946826810546608,1.5576506694396102,1.3858990504808453,2.1187313568118054,182.83618181481924,0.019927759357901732,0.007923721420039631,0.04151141784073082,0.0003969166135720907
58.2819733138364,-5.104389112097937,5001.211683796979,0.00967619963290077,0.05564015202186107,0.05914077530366568,1.7271380680458446,1.6928361099187654,1.353890252056744,1.8522377847058016,21.172934216003885,0.000055738550051772665,0.0863305796857535,0.040806812403672926,0.00003595700681931734
51.595839531718454,11.937761641592832,5455.5495889876665,0.0007777178389645863,0.05816953572870436,0.07901829622198835,0.9978066694226948,1.001517928245054,1.3559022975385422,1.7121622102590288,49.51813668078682,0.004434245353322997,0.0016585799200975295,0.046843674333575024,0.0004240880008387126
53.61386456796206,-0.04527413404172975,5934.698723111608,0.009540228769374118,0.04522312354847789,0.06800384415484231,2.009700723912967,0.6002444552182568,0.47536368697389725,1.6628629114813922,67.33615200818849,0.011693598553124998,0.09936627079065678,0.04664898809191452,0.000316971264751405
43.2575993700151,4.891184565732967,5001.75835255028,0.013633208548557334,0.05920000092281748,0.07893084495740536,1.3901286943494573,1.2133813810301484,0.6755633312582087,1.048671423484337,180.40052007944877,0.01786543522266168,0.0016142027778291382,0.04305702227568058,0.00006209447244286127
51.8500477127635,7.881755647375041,6520.327523361857,0.01243752009732144,0.04542512542683177,0.04552166673906331,1.7493033921569259,0.911615436544202,0.6939575699785585,2.001724555297443,19.72501392962023,0.002514295095989278,0.001054790085711503,0.03099159611564917,0.027589998069263877
51.55713086351435,10.20497912063318,7017.8539680086415,0.009790415758311057,0.03307921214470424,0.0795496901951456,1.329684956424567,0.6606924852429424,1.2959217265559304,0.9504056174396827,141.395755907899,0.0008216210806371387,0.07689838268885033,0.03954027658953946,0.004991628257454104
58.7361748630251,-1.4289125273591559,5270.296893784333,0.00011143961074350617,0.05575884579980934,0.07971113346376792,2.153194361049634,1.7952543300144734,0.40125672948262825,1.1466583587003538,186.8868160632078,0.016707643198705824,0.057790891168490476,0.04608545974448702,5.544639572620108e-8
58.02130382543177,9.480889291158597,5007.752700137123,0.003659634730976526,0.052860542156564445,0.05847299867550933,2.021643659915871,1.710669944095784,1.3952019196395589,1.5435228394925482,175.95869743528786,0.013505170673890723,0.019070669699997756,0.04687688288896055,0.0002259644678695192
53.915220809988156,-3.7636723122861317,6014.468114272425,0.005482392642115552,0.03957223293651941,0.0663748613281822,2.1862341789545834,1.039470001940692,1.3520629677234557,0.9581696581547514,31.75964902104414,0.019039382659149097,0.001056232825413458,0.045428850354110775,0.00020817078952491635
46.8561677194796,1.7286683305022859,6010.488399492411,0.014990792013134864,0.03079165753143603,0.07373860536483402,2.172462908748205,1.4465856482518447,1.3998865715286168,1.264799113701483,13.723406510913108,0.019064406122726595,0.002044267535886568,0.0387668112527866,6.195299207864255e-7
57.81851162475826,-3.6471212947026377,6400.33418858848,0.0013889490480721567,0.050367803442562205,0.0447109571256578,1.3108954380335525,1.7991114061333096,0.40420458385455305,1.0286267221617331,193.21140442740446,0.013756194700168057,0.001528788230000391,0.042627330011355685,0.00003865181244844493
53.20970372692234,7.825641633585747,5949.850489666906,0.0016704196078685138,0.05177426492140205,0.030463920877450472,1.8475944332529732,1.2426706251628596,1.3394839969337609,1.9029153673486292,106.2332818762847,0.018411217487271526,0.004294773347301393,0.041123532165492575,0.01713399672692693
54.96680844731012,-4.622769602365021,5882.242517887206,0.000018539840304839136,0.05811694563646945,0.054018755493229514,1.1435806560359356,1.2834989921841382,0.46589893019518114,2.3448220839101936,127.3917237112743,0.0034829511789316306,0.08516718469481842,0.03908925080444302,0.00014081689980587005
61.57565081879942,2.85971690029983,6027.82348338771,0.014594826912608131,0.05914809668375526,0.079439238182034,2.0581923304444505,1.4501585418712517,0.4002284620061685,1.3045802226345338,159.85433054905337,0.01999096049322825,0.0010044078952530192,0.04608338719189177,9.15244660732164e-9
45.6331953852466,7.527594459870002,6251.181605206653,0.007969656874327201,0.03410714768623905,0.021050192302556624,2.124731824533077,0.8140852701278471,0.5407983702038178,1.2641287505343795,194.0782216839694,0.004042499177173119,0.06407351509732488,0.0412797890844946,0.008144579951762355
48.103448317164805,-4.6488219571046905,6733.519894936018,0.010848782532070948,0.051416539399993216,0.06220057083454142,1.0811552857605455,1.1966408765387302,0.8751152374258024,2.269047965486697,199.76560759201766,0.017886681649572102,0.010932176637472368,0.035074591225141685,0.008065023950264637
54.582159936729994,11.815397924791526,6968.786752075697,0.014997745590681129,0.037378790213033884,0.06778657198053759,1.057719014218942,0.6435673356410269,0.42618685073232687,1.3618025832110385,152.4874804780698,0.006808445425399845,0.0017642111459759383,0.04673743248378732,0.0005205902615238758
49.14931709113648,-2.188688187273689,5895.418644590158,0.0003127663434754203,0.04753562104201128,0.0793294814941729,2.1823899871045085,0.6138136569397054,1.002496684297848,1.1670902693634189,196.06859144345026,0.006985845346942749,0.029264802991710546,0.04419879821181584,0.000035260774880703424
48.97282908698367,6.234364851201249,5571.557931586499,0.0026243180999771434,0.059127192986367434,0.023144626155128013,2.1439733145234054,1.1257540579161587,0.6854327119916572,0.8250566766287306,91.79293591421215,0.0005293936950256537,0.0055415958910123245,0.04254337695302832,0.0007334783817310476
36.748937453869104,-7.884320137350251,7541.794893661404,0.0028552112866207123,0.059883323804169934,0.04667274647652267,1.893295648867281,1.797413414423037,0.4088466103894869,2.370074213826853,178.95665066115302,0.015400790330488379,0.0013583885754024283,0.04383902068851535,0.0000015261551120028716
43.9004928186639,9.898244307150787,6371.8114505688245,0.00305393167577316,0.05308570994007144,0.055818116813017335,2.185509988842594,1.0958285512647625,0.605257697995751,0.8061633339190398,2.393516756445121,0.003387917576221794,0.0010441613527400364,0.03716944365780824,0.00028261389212716237
53.44185014909467,0.5139907562487949,5452.303941977765,0.013560538842739871,0.05658109023947172,0.02906558638929177,2.1966876881105373,0.6258979149054884,0.5818764245945631,2.3805276027214086,180.3642776137019,0.011446905765850543,0.022169145437569232,0.044724082789542395,0.000027482653731607827
49.811170205408594,0.2097785218404553,5078.037396489156,0.0004218543259446401,0.058414933619237365,0.021583848584979557,2.1158189308599877,1.2415371427748196,1.2653936699818442,2.3715166455513508,69.23029278335791,0.01867745361239028,0.005700994112074183,0.03965031897016526,0.000023839388931205753
60.15777691451423,12.388853800999893,6175.882943081571,0.008881958222754399,0.053277717459596106,0.0787255092820499,2.1745772930802536,1.100302036245537,0.40311204340219425,1.3117633976215073,83.34468870110263,0.010078845135770348,0.0010081864094378008,0.041608042590737054,0.000020827170562501232
38.03149575380789,-0.7156044921141369,5711.820514660271,0.00035597704869404814,0.05977024019280291,0.07372382705892372,2.1928421681343258,1.7955238434063836,1.1750682316817396,1.8609979219795405,172.0062098200181,0.015428183504350103,0.0010848872319092371,0.04609031321941827,0.0000016598497349033881
53.02556717259603,-4.042140057719555,5428.312634868843,0.014835756316604614,0.03693610316700655,0.07965177957037274,1.0813906311560735,1.7501591687620204,0.4539549315162605,0.9051505322163527,0.5721461439785562,0.000030418202001138536,0.0991328320954867,0.037563915239186625,5.933297244390292e-8
50.940074983814455,5.303679921264779,6569.647390774403,0.0008182569203589248,0.052891886612123594,0.07792451785082101,2.059853351986471,0.9495295001447692,0.7583819241130394,1.0003603142053668,190.89030512210948,0.0017991380091049935,0.0011224094243957462,0.03498489373380191,0.0006444760135855717
59.06614699693566,8.543578370671,5323.181409104058,0.007774939140875342,0.05980365064002305,0.05002604921113871,2.0943429984444504,0.6789213575203913,1.1641769320662616,2.106824598511679,194.17308829564712,0.019705440572416334,0.09372716162480575,0.04628916753146955,0.00003466316715837306
59.48682858598765,-4.9415312820093105,5027.077632485229,0.014434541144347798,0.05469230152872811,0.07792155187709755,2.198545522864668,1.1183421831493663,0.8839321897126755,0.9852050112448966,125.04493233707569,0.01447338485955256,0.027114776054889135,0.04255056898006961,0.000034288146491261986
55.068353795107996,-4.16645245510036,5797.064270182886,0.014978226677549772,0.050948702168326386,0.047847461799883466,1.0587209821638273,1.7317353433582734,1.3032505663723732,2.146003318291914,191.8852310356327,0.009911771338921445,0.009994881986258945,0.0355839721143091,0.00036944173275533783
51.81195154952725,-2.1485422753462524,5304.028825040633,0.01236972069703796,0.05337362890183852,0.06468290321102416,2.0780855057343337,0.9803623100362091,1.2101532793573457,2.2109631025553,190.5076895717976,0.012298950458190976,0.001469358112791941,0.039877113098025364,0.0012426964206273259
47.086485533617484,4.283529709963997,6391.0307075131905,0.001765445222211502,0.04720208127347735,0.02097758885172507,1.6582938919478396,0.858554791781801,1.3613087420476275,1.3635624393665837,0.1615373622646401,0.0002486270949506669,0.003059474616902757,0.04115921253682015,0.00022389641360471863
53.21130787428269,0.03292100737433401,5020.767639021024,0.001655399559444384,0.058887387954235995,0.07451340188759159,2.198145282306675,1.1114522419249573,0.7364690497575896,2.341089819363926,147.58091888929422,0.007433316749954436,0.003779975258085201,0.03659663850870416,0.000024987243876350914
51.90241141339409,-1.7881975126587832,5858.663618610821,0.0026776951062560668,0.05729847285840106,0.020628001777251662,1.809087195014395,1.302150578972652,1.393373120670954,1.074947478779691,7.109420202497227,0.004889249998154543,0.0010144370776925527,0.044161198389227954,0.000008380183468779558
52.531352779531225,-2.22361838641015,5083.51032474963,0.009461319707865956,0.05312596131079493,0.07952698714744943,2.1750945295366924,0.8008275488887567,0.7662821103607498,0.8309901906659233,180.09570694336193,0.018697641735571452,0.0818858746061858,0.0464639137980115,0.000015199881607854417
45.488444449229625,-2.1302039808995374,5114.532493105046,0.010758258306138893,0.04778127348075505,0.06976825522849922,2.1149089890052837,0.6097944481088787,1.3967250175891688,1.0700567163964694,65.70799809695818,0.01890187325072254,0.00564142725201195,0.04683881192482297,0.00002674943448389179
45.71964743836088,7.701348249271678,5966.90572475894,0.003774829267200587,0.05519348978455451,0.024595769362309866,2.196026055355642,0.7968582818837245,1.359400998184714,1.072260976917312,14.47975326565642,0.002230257741434495,0.007022539238988887,0.040838503426647944,0.00023666525187802698
47.68490362489073,4.039859950947928,5047.513520170486,0.0005655784946469852,0.034494586611780974,0.07859094771410594,1.861664243415585,1.791035330868624,0.9537563436126892,1.213421369876313,146.33809549261855,0.00893920176847245,0.09601155877945737,0.0438082734205978,0.000060856850944686874
58.43299329051632,14.871767822723463,5041.509747232632,0.01258098639276277,0.05967538455643379,0.07960974249111578,2.1939922403677077,1.0766897539403701,0.5805473992683443,1.1277596364669944,67.73757223060592,0.019742178945408355,0.0015323557476605713,0.04616108596282945,0.000006817375559975595
55.10295309015565,-1.5764815539043955,5084.237477634931,0.00277319769222309,0.05929945183970987,0.049844563948557394,1.783126154325247,1.2099873683790578,0.4628613025193532,2.3509038372051956,8.328572556022365,0.007870468292699866,0.09266953902794657,0.04288556787595119,0.00006252409935741097
51.242400804236745,-4.437619626656607,5395.418086892263,0.008478887215335268,0.056748799637468206,0.05834564758348018,2.0194226914099187,1.7286264483394778,0.4279355078395395,1.300978119685236,195.80753993221458,0.01985298224315024,0.0013213207529390628,0.041856251567412794,0.000037286173970967056
50.230045091431776,6.064285184598948,5276.632041785271,0.014693369466347273,0.04919117853731207,0.022954953290818928,1.472338620520508,0.6391750170528162,1.3991899985869107,1.6747596832203984,3.2199297409378227,0.00027765180498580947,0.017270987125160783,0.03593157225761192,0.0000018216767300405658
47.224487099941044,1.8319638201146304,5168.93946736606,0.012928974941532879,0.057662592042656426,0.02124829474820831,2.17777852339826,0.840302676460322,0.7149481321594762,2.390777978873355,199.0625030772162,0.017689248359604243,0.09603304742846094,0.03879910986930653,4.243547628909879e-7
48.822789504822886,-1.1686640124883603,5062.9484264482635,0.014575502439651092,0.04951990193855303,0.07564814977831189,2.1303039325984616,1.5497406963883744,0.531863570585037,1.8977197388904616,177.95532188863737,0.0010461662476422017,0.07774484554158524,0.04391087747359122,0.00006115685957901144
49.95004911209504,8.78558303153488,5543.396722318955,0.014730905599396747,0.05033589327660292,0.043541500122414686,0.8224106608754553,0.6142502525161933,1.216739660992941,1.6835143489782105,21.133169403876607,0.00017507189249574013,0.0894493221022977,0.04610801416762786,0.000010823790420096582
54.13975301023032,-1.2480478186374864,5231.757661631901,0.00004259499597130306,0.053272961038030905,0.0781314281322966,2.172152711393208,0.6823026127004796,1.3173156571019633,2.099784600543482,84.63888308588221,0.012463386754332482,0.026686112253615765,0.0459140453301103,0.000012611813373049818
43.60495675522592,3.606869052164434,5249.5261173869685,0.010818181055383189,0.05980344804282681,0.024241237215926595,2.0531103748798722,1.6650479218006864,1.338082172815692,2.383177364904701,111.9823067262977,0.0010724871823084956,0.0014101975421691242,0.04400016394420323,0.00003084389203468563
52.38703856585199,-0.5343208438261922,5676.85767170392,0.014689886051960376,0.051650149432925646,0.02359980407650257,0.9016031925706558,1.2119749493776981,1.2100411491874903,0.8272416451700495,62.816357460036265,0.006337829540663067,0.02066326047443542,0.03809925936597141,0.0013283110952506832
51.18937583962224,-4.148981154349221,5233.220017848886,0.0003435293908953461,0.050626370571680464,0.07595153482642315,1.2868406346809096,1.7961964255018499,0.8944044820093989,1.5137110353452976,192.4889989122959,0.01858350039444472,0.08742430625210382,0.03821517208983093,0.000013463691979417737
42.795617283005804,4.3200005060105315,5124.156172849151,0.001169429641671288,0.05101465144805885,0.07428635916598414,1.7516549825413306,1.6098349567857535,0.40581702144359255,2.3744037052715408,63.81132489074041,0.015360619313435717,0.002765474763567949,0.04207203815070757,0.00013588814288216963
56.030243047409826,-3.625319815259049,5055.3887296788225,0.0128335740955021,0.059773416799994726,0.03570405941461619,0.8855929940016742,1.0048465362563463,0.5738212668301671,1.7622471966997955,186.825193039953,0.005055748993290753,0.03510742516865652,0.046233314044132244,0.0009259036569014995
46.4376527963809,2.9142519627173193,5035.7892060274635,0.006061845204702853,0.05895378723480774,0.021531186454756962,2.1808669932406124,0.9070757180711788,0.4051493795626729,1.0592901628296285,45.47908899947019,0.017651993032835697,0.002242842236667675,0.04533924959971731,0.000009416936225741685
57.72135865441154,-1.0330319976148914,5193.778891150714,0.013305413747131324,0.05932742453250754,0.07994774167650208,2.1332569879341796,1.7620725312703565,0.9210142274118515,0.8034098836464412,4.6176598467342735,0.010910948502480042,0.0010626938740797354,0.039401462656569006,2.942284138063827e-7
58.04610239051466,-5.878382404512856,5083.670520057116,0.004698251528451509,0.03566017104252196,0.07716155802432603,1.8051813307688789,1.6762538920079249,1.2970009876164927,1.8916412784518983,131.98187322605233,0.00011047924036212559,0.08562462228527737,0.04551108194465936,0.00012028647511762102
53.07952940639028,-5.7476781184760215,5841.560109038456,0.013356414199947804,0.0433738571245019,0.031756904697276836,1.8919839555767248,1.4170964285963858,1.3980325438364964,1.445914920779993,59.09714117908968,0.000023681684787618526,0.0017658321981801626,0.04453636749520616,0.00023440892183109274
42.46462002045544,0.6845295983542918,6100.794439823726,0.003989129077153428,0.057253448009317615,0.07468879973271836,2.174725070941247,0.7220214160561234,0.46459805680151106,2.370026142674582,7.388730410973304,0.01601610606829771,0.0011844049636792328,0.04664926617078564,0.00004143245756255873
53.40510769611939,-4.637549484187844,6203.50389416841,0.012901474564049203,0.0549727623316671,0.06643187060217082,0.9678512923568456,0.8756949806891998,0.9530664054731665,0.8934177992779473,96.71200691811943,0.0022872470646044135,0.03907679716047692,0.04128076901952257,0.018580796053662047
41.49958609162855,1.5239520485629736,5506.761651368777,0.000016302360274834997,0.049054734583119944,0.07549644929155672,2.0226283160716285,0.8892554346411317,1.1587986261367345,2.399779326238508,197.27309039393631,0.00021051080317011656,0.04981093175264327,0.04097572363320851,6.849172807973057e-7
54.445671110613425,-1.632411336252872,5033.329420290253,0.004199286322482737,0.04725045254921442,0.030495011916738035,1.0047806508117838,1.5248951698008526,1.3276855274512434,1.819534222139554,83.41192209225298,0.019620841878281444,0.024779802023191116,0.045357104660262514,0.0012942934279179103
47.2432967898363,0.2933718146452833,5280.398535402151,0.008081200907223939,0.058621448928580275,0.0226838294434975,2.196200995304144,1.7932135159621234,1.3816680062677786,2.239692918150121,37.85939884566607,0.014161740131040585,0.0010211160177376404,0.04432720919958586,2.954039575443904e-7
51.949992960415074,-3.6555611533492467,5616.0490123322015,0.000040261915283887804,0.057854895639741166,0.07963884209286755,1.027370083519136,1.6842641856239071,1.0891682767983948,1.045589874352367,191.68865481174885,0.003131673922141831,0.0019967514256862716,0.04252504835165668,0.00008348488803396676
52.13582030674306,2.4869010560257934,5097.619251336378,0.0007836347822937459,0.05457849810178392,0.06567455907439379,2.1281251371304313,1.4230809367140713,1.390783901370274,2.1278826098362087,100.49846914851861,0.008253080593412796,0.0016360446504210873,0.03581232162619031,0.00010812435390862536
53.232114392809365,4.964061909497321,5522.285256667274,0.00588821168304751,0.05045567178941366,0.06035264090389522,1.2772481090115062,1.2851091145148725,1.3810418713637964,0.9379794521831564,158.8125317499004,0.00977589359129681,0.0011166266255954007,0.04499366927856977,0.0047526884635406
47.62078952528836,3.4064917719682093,5045.191090688138,0.0022683105915122887,0.05607810271906552,0.049808252883281084,0.9940787577189946,1.6422264892297394,1.339114996126229,2.3536971533700553,4.319887654358516,0.015384753097435309,0.0014659813589768377,0.04652409692741993,0.000118159753382725
52.58573127719961,6.260578851448884,5178.427908365908,0.009967959151993095,0.05518149821855479,0.07986810941700376,1.7868512855717535,0.611586894189368,1.0643809864401024,2.043196438286219,12.79642742977348,0.008444861373378304,0.0036297936562019605,0.03762626543967283,0.00023625752867968155
59.59222393406081,8.919388837548638,6293.121920268904,0.005987794791397122,0.055953861667122094,0.03659096894861415,2.1661729166817807,0.6985068546550786,1.0969633356837392,2.358505451203527,103.623868147696,0.006626552665424742,0.05627181994671898,0.04608277340771811,0.0024788984622174308
43.87308300703643,0.4495503292363967,5569.478375360364,0.007267879341312134,0.05614134055071971,0.038557988339114516,0.8611440604426749,1.769875845735871,0.6551175978330703,1.9743916641576784,186.1473504262862,0.0001993342753852391,0.0010020050917141025,0.04530446164413896,0.000028587615126940608
49.143361394862424,-4.828119986124467,6238.5116724339,0.008619958972025245,0.05134677667564097,0.05132762148823722,1.866239367162225,1.683012473389618,1.3995820623622257,2.2314017958867476,155.69820625916003,0.014359595525086349,0.0010299760939578646,0.03620470415793193,0.00007246288781843518
48.82449241120861,-1.1280361739847518,5683.158439992797,0.0009881790866289799,0.050776408494966785,0.07074551997467815,1.007387075722566,1.7954034605150966,0.9656584926528448,2.3779977876872467,15.321833187013356,0.004490759898082364,0.0016919351212702663,0.041170734302992874,0.00018213051438445692
61.89306176433752,16.9161113260866,6071.674050234243,0.007135919812739227,0.049878269887994216,0.05222397467882069,2.192951571203522,0.9585780234819731,0.4251349493476804,1.127465346161023,196.93218474960346,0.011653704685403546,0.0994853234777375,0.04538675643028261,0.00006946153294455209
39.43897939766289,5.167128211437486,5631.507619418448,0.004356294442008451,0.054642342927483024,0.07747268030102332,1.6425132349958573,1.7865733680323528,0.4631793320081942,0.9343825019130462,180.6272960110693,0.011381529500297246,0.04428265894982944,0.04206582120162439,0.0006060467373620922
58.323759004684334,-2.8071372036586784,5609.048657237698,0.007437031511925404,0.05702593010718739,0.05345754914878445,0.9943699917697896,0.8057730571881848,1.1457567967202107,2.024969965899489,175.61761012687995,0.018215106458965326,0.09181947521239495,0.04684277697331686,0.0011876254006223347
40.17089154500403,-2.217036402851603,5027.0036731541995,0.01296406943134905,0.04600157131686114,0.07995353113736457,2.198631038820319,1.6163941075175843,0.6260721161075773,1.4921858284366079,16.451612833214043,0.005616135985279498,0.04901680139581009,0.044356612489692346,0.000004509630626012972
49.07018686255542,-3.8624197686918995,5230.128629283487,0.00001758513076122851,0.05414124241035923,0.07675585331521514,1.5842154749290347,1.704954511538718,0.5068883545314651,1.557220593863411,42.25773004526839,0.003989832308954509,0.05057550202433424,0.037112933408530994,0.0001785531675520649
47.381595448117544,-2.51313795918203,5195.318882098074,0.012814074657614936,0.05440947259812234,0.054778961191523964,2.199355043032676,0.8238441704529915,1.3913285829554605,1.1810020942851625,3.4763115455544225,0.005734954286658682,0.02791548134135284,0.042475353191033655,0.000020370154469858006
58.309751148162285,-2.8837229136786924,5133.219923445113,0.01463829432890568,0.05282860928225835,0.02508131511416656,2.1450301906764646,1.7743974546840628,1.3998740727062313,2.0529246785178614,144.41769651949596,0.0001316774607556842,0.023451633607623933,0.0443182283691011,3.2031952985739135e-7
43.055781556444714,2.1853283932656122,6677.269805104414,0.008696280446093748,0.05965555496073402,0.02031884289449704,2.1940242597273882,0.9202930335858188,0.9833000357263071,2.398854626943062,180.5346539938083,0.009088951325187465,0.0031122692188109307,0.043618777876897386,0.000013357221051898699
61.047852198425446,8.660648689328333,6277.435542477413,0.014619152575621474,0.05654691921357622,0.07950598564510604,0.9127429072734099,0.603487606839369,1.3838485484006564,1.0232842371194522,0.21726959904490484,0.013461644321253788,0.025730752427511557,0.04655179485239202,8.438449376987149e-7
52.11660368447002,10.772492925849438,5520.156427585739,0.011422521422857322,0.043990635997645994,0.07650763482003349,0.8303206297161861,0.7560676864784976,0.6764006939819298,2.211472540261309,198.35550813877504,0.00044136664594999526,0.003921321531116683,0.04617522877763349,0.00026086954425007984
53.13628448840052,-4.058644141640839,5019.691940775475,0.014911227096222904,0.05778001286509426,0.07125357540564448,2.132235910725301,1.142571894411967,1.1266104963427936,1.450584376378485,3.6466711245831696,0.0006521133983206931,0.017732180091439915,0.0443130228322784,0.000022593019815404067
41.145067990559326,-2.4459318001470347,6917.267469176923,0.01429658796923922,0.05764232392796702,0.0716944135233636,2.196864867058572,0.6119969692049811,0.48355576034969044,2.383874724483143,156.27058568440034,0.002916310398138071,0.00954058031029914,0.034552050485281094,0.000019518739468929742
48.270650718269216,-3.1864097128934494,5067.0205263949865,0.013547493329773383,0.05381738336223811,0.02936012088879436,2.1976142967165524,1.0449230517071546,1.3198834211454291,2.390805540651887,194.7096872018303,0.018529383724239214,0.07687053867332364,0.041987549541459286,8.144467545464146e-7
49.10433947184568,4.820041685035447,6851.537928575343,0.0006539551860816708,0.04675973961892204,0.03986368777244609,1.9609275087746196,0.6258429554324363,1.274677144800437,2.3714254423413887,62.42334700828939,0.0185248087521265,0.003973704817838774,0.032883615168177796,0.0009420505783660847
51.08820557306666,8.153793729617128,5489.3323288477295,0.00008261041032686685,0.05724017926455203,0.041127301173447775,1.2577031955093365,1.0141825671566078,0.8389471158124381,2.3781812355421224,84.4662023655617,0.019300109103495073,0.004578706734296433,0.04228364974362487,0.0006781706689890322
44.189305866334976,2.1607701454969046,5256.920296452096,0.0033117884533788986,0.028395172308753255,0.03685695851486533,2.1416217618813955,1.6784334535458822,1.3988321208813108,1.520486580320035,72.89470210802607,0.0017173972318365943,0.09865932086026222,0.045620819935772425,0.00003245212257740363
54.80356593569243,-4.4543061254989444,5002.332723530695,0.006978633876100322,0.056762461622429816,0.03534461224811626,2.0966146453450523,1.598563974651638,0.42738168528527287,2.3680459443426294,198.46791047580405,0.014182178825152412,0.01737184547364701,0.04205397745038171,0.0000067685480770944555
53.30739583389287,5.145493211082902,5710.069027745194,0.0014937016847162419,0.04630941071109712,0.045304823900836434,1.8797353137573327,0.9810523027677908,0.40010230862381363,0.8209425640233398,171.02912800032374,0.014844455481352627,0.02467259324594415,0.037048837883426625,0.0001219412038910065
45.258321593856785,0.6369412403929058,5204.886588992341,0.0019077515327987197,0.05837807547824158,0.046216957165445716,2.102878423880871,1.1149582525704287,0.7215295266469693,2.0295455414849446,188.11359103082944,0.01636854309001827,0.034800916729223655,0.03761795890254389,0.0018503856304157183
48.386080425045584,-2.0924428992791393,5426.546775132956,0.001016349168017496,0.045036461265912604,0.0626077596212056,1.1855490756098659,1.779511103459071,0.7652921306456288,2.3125251127186264,176.50466788691702,0.019743306489808404,0.08817068421494642,0.04043087078718835,0.00004620226904383464
55.13220683036832,-5.798276226374084,5406.633497454932,0.00009561459696230815,0.05882635016042331,0.040700148258647276,1.9240011395519765,1.4827373243519177,0.5750366038977271,2.2648180925614785,13.407907609188868,0.01873921188207253,0.0015513954935535434,0.04290721525978134,0.00016764631260877467
56.77405853265088,-6.620898703179341,5046.833715718391,0.0147883469148879,0.03428143604919144,0.06883289709437092,1.0864208984966481,1.7140589186329245,0.7995534723414576,1.5722594933203098,103.58786533903954,0.0089565986383506,0.07138708780944601,0.04328941892711312,0.0006142570534475697
53.715826054749044,-3.544340521058105,5085.219436032942,0.00959744554970407,0.05310058096234674,0.020397385449316494,1.768605774523722,1.5721047388100775,1.290934726794513,0.9168628780088006,160.4728780469241,0.0060677219048799885,0.0025682977387353778,0.04389099963518094,0.0007957840930785655
51.01317846295206,-4.64490221502934,5896.888304820436,0.0017141113608178918,0.051331071481127435,0.07532936606367084,1.2446434013345327,0.6553500872096881,1.0206241248194976,0.8697620884945525,194.25955798651816,0.012180891542069043,0.029282922457672216,0.04630783836706729,0.004626504509565546
50.82380164630228,-5.327415441117953,5786.678208416784,0.01495508811717473,0.03159875046498628,0.027811961911641057,1.653892370606834,1.7698327835598326,1.0302879086624204,1.7069387441993615,153.78828359895766,0.010058002386507572,0.08680846516566058,0.04450666863467896,0.0011001092720661063
51.33482950520782,-1.997150688881888,5080.998597543332,0.007048414980693259,0.04922517021182805,0.02698021715234007,1.9341002266784264,1.689780281255111,1.382878574051511,2.2218084546131616,28.08045268868704,0.0006840330188441406,0.09094977042080979,0.04346959684752622,0.000027524017797459418
38.268373819287,-4.761724381910474,6813.168451628739,0.014954368934028163,0.047613374717796524,0.0752958801630954,2.1359045594489396,0.9666547013619278,0.7192011046800184,1.6512489062117743,169.9271309774479,0.0011539122445169579,0.002529836227431922,0.04633928719914163,0.0005674507514535083
50.096635954205496,7.257435366964042,6574.647717922791,0.007884203703324197,0.03696135663008888,0.020051885009598317,1.37117234526432,0.9371887076070007,0.43207109472352384,2.2073065093107793,173.20248713606622,0.002025860896707325,0.004319551709708636,0.04237764164282163,0.0034558694812807673
47.324206401105215,6.264043384797667,5027.704228044003,0.013037733251253743,0.05889871200009839,0.05419917278886223,1.2592281742280242,0.6116834514900567,0.42605514469428674,2.3780926909241913,77.53737339263638,0.005478241365514927,0.0027185880072052243,0.042221214557011014,0.00004724496241433885
57.397361872156154,-2.444807051475707,6253.53520868243,0.013574697740981875,0.04924533230290258,0.03255497219540524,2.035907638877141,1.6490624927925546,1.350357512509127,1.5798695704740537,97.98537743751494,0.016640599112687393,0.0010035223430102551,0.0430782741649806,0.00025843176791480986
49.67022073006039,3.0830877246962345,5001.8734486427675,0.007783929669567381,0.057407897261350704,0.0641254160643287,1.9290525849380897,1.5058877603425573,0.4467751150474828,1.0495592688652038,137.93511376346797,0.014594629479810583,0.0012784933999396963,0.04310342809026985,0.0006831634245456836
57.94039029604734,-6.329587127538016,5934.562816891315,0.009969775686783972,0.05866552876924201,0.03734027461213524,1.337455986002571,1.7766049251276712,1.3598348035229826,1.4440613972287224,100.38982065262717,0.0020336715667511928,0.013456397541114903,0.040143550570594475,0.0035398670143626776
52.80439765759886,1.0735222461498495,5203.604990123702,0.0001857182401618077,0.0591516295414035,0.03253087631069381,2.023782683014451,1.5998844255261055,1.3931805079168469,2.2163284152678244,7.880950189683224,0.01706070014274341,0.016721883490698426,0.044966975049012176,0.000012929864067448555
60.98209501061112,12.119396408823544,5352.488804290948,0.0009933002600989416,0.053755699571296556,0.03179867392094509,0.8597533597284613,1.2369695815449875,0.9132854976942619,1.910151753497034,84.41625639719008,0.001465145243617542,0.01863784377194644,0.04657806785634688,0.006298118872417386
58.866583326430145,-4.8358100169737925,5060.433613545505,0.014979476015021635,0.05114704415856506,0.027861940429794656,2.0825835091228253,1.7859752433970417,0.4169277570355956,2.2425559964311654,189.41761384851853,0.007104351066497361,0.09897262093294931,0.04297210500023221,9.583337033608384e-8
57.672724446580894,-4.995382871330674,5335.897579357681,0.014242790187848815,0.03531477843786351,0.07968965000525312,1.8959131037719643,1.1991709108965898,1.3946748220861025,1.7006248698124584,69.91067740626178,0.0017062536288021588,0.01988823522887864,0.0456202867052853,0.00013601579330823986
55.94379373074116,-2.0971525167745746,5748.825635525819,0.001631999111886685,0.044046616470697804,0.07971603728577831,2.197450143711177,1.7284978561496707,0.8095078864929965,1.9619872098947113,190.69583172040305,0.006221019290842122,0.0024026310891612774,0.039865545041038106,0.000044802904165044914
56.93228235859057,-3.7738105098922787,5229.37461971432,0.0009048584805131666,0.041771572911932946,0.07843652515210942,1.9507232864092305,1.7810435341816735,0.6680207161572598,2.3935993234304433,199.25281173606527,0.0026598384165855615,0.08848214657942476,0.04070600162670729,0.0000012052358548848409
47.393796591767725,0.34672095224093624,5163.695733926132,0.0036248392143672886,0.05301190736030981,0.020061777179963984,1.9020418360231228,1.2695789464672016,1.3385505981974983,1.3331344908581464,9.947092488493691,0.011608007195246326,0.001093210809915996,0.04490735027317175,0.00005889766554709629
53.727969340796136,-0.6362934553845889,5636.503548771385,0.01498910766544531,0.04587144707723,0.06162853177457557,1.166092490755804,1.551647652660689,0.6109775469922112,2.36922708224352,30.0623005992541,0.01984996155660763,0.022836486518421337,0.03894127812482963,0.00013152203291859024
61.3899766250681,3.831484784279013,5380.226558248718,0.013832369587809297,0.05506597152291847,0.03998958519639924,2.178782631388017,1.5972697258755257,0.428986067280192,1.9604399499474074,29.83638739344594,0.0012696837602933278,0.07808876395305452,0.04611412204690188,0.00013080022320227517
54.37347989019629,-3.3675652634311177,5919.5509134876,0.0005664000193510694,0.05407933992039805,0.07724563228673224,2.191069569108841,1.5218075816710368,0.44561078735215304,2.31660785171866,112.27813727801713,0.008852723244925956,0.0012270096434753045,0.042329908649316156,0.00006625690877722896
39.22353298285201,3.3962038722300925,6758.665370248251,0.002093483125292084,0.039641077238541544,0.07763433947875314,1.7572697119840004,1.7934276607796238,1.3875273140147522,0.8271585923085581,158.86584129557198,0.006561645986964569,0.002436385605177241,0.04289563552018443,0.0002246632261988804
36.77834778927349,-2.3002001513099284,7343.523650932572,0.014683212660967998,0.04040212053822562,0.07025824880613829,1.0011558587779412,1.6453710725704114,0.44568295737833663,1.8745041827290596,31.26316373553188,0.01489243872259801,0.016506233480793418,0.04555634753932703,0.007410331162565321
55.95597486083743,-4.425592601603526,5080.385251279666,0.014574745217973289,0.058711306785135316,0.05478301025080515,0.8315956665461941,1.723825321432706,0.401201461771545,0.8201283051598061,95.33349173025762,0.014670267204642326,0.027813383247406405,0.03671871153433833,0.0000023994612163127584
49.51139556212264,2.170829741827486,5074.872156851728,0.012788538052210602,0.03481361264112502,0.02002058865876906,2.196078405847656,1.6003799958164926,1.3521369574314512,2.252677073625991,180.49676775784874,0.019372361593814016,0.004532908570683465,0.03969155860994424,0.0000021150323879636947
42.94646176433325,-0.5133150708737695,5483.179213879496,0.0005482384330007692,0.05728727764808325,0.020229808401100877,2.101572055947412,1.6677105527995724,0.4159457428954159,2.3406554129741775,163.71642520087767,0.001963048690138031,0.09881137344671133,0.04102099515303312,6.355882608927533e-7
51.64981937294897,-0.9283278778078099,5000.5803859045145,0.007343030409434766,0.05578032527603035,0.021812325133117108,0.9440812452432383,1.3301540700493186,0.5192569298716747,2.391725764533218,38.88296479290274,0.01968170624919404,0.006849019420286281,0.04392906651995453,0.000018102163037652105
56.11317430774423,-5.324466391807583,5061.870167361409,0.014826386695530934,0.05503572488104442,0.06651137850669268,2.002866353197531,1.6127864579705986,1.3945109251016619,2.3867516854024005,85.38295986390327,0.018209121739119725,0.0022198275311732414,0.03896099459164546,0.0000030942438315702254
58.58272638453661,8.462066520125074,5021.327206182719,0.0014544694720181636,0.053392388761376856,0.07999685465808003,2.1257019006298146,1.2515789218227051,0.4959166158755967,2.3913907588697043,182.60661409578455,0.017270412317832846,0.01043639218236735,0.04641649940471535,0.000001815565788998404
56.16841203751788,-5.676809455467679,5473.430310495966,0.0005781736952051516,0.050409449478684296,0.034550688691861356,1.0141865076051706,1.5638709496995025,1.036605091577846,1.9270884911170303,184.3572402936803,0.0159124628031428,0.034810770874161144,0.0461885333989546,0.00439351671615701
45.31672707671265,5.371261059892763,6014.923747296307,0.007173345061985312,0.032223099847550535,0.07919023319379775,1.5281658225676784,1.2267717275980674,0.4108807577848765,2.397990217734795,102.96070639816095,0.0012501438769203328,0.024194309310852938,0.03071380945400675,0.00029470419551216144
46.26796372223808,0.5056037403019236,5422.440280779657,0.010775629101434574,0.05938547461516619,0.06078107139127212,2.1964213251627154,0.672873101773659,0.6578267295396252,2.377779488792225,198.9510357286256,0.01610780322556199,0.0028790874527747944,0.038809262243244116,0.000005718520036301499
44.31122885291516,5.172521950528354,7294.564819683599,0.014979183433008351,0.05699485332859341,0.020817120165349076,2.017609784337112,0.6914409091951408,0.5509871079858445,1.691187951475376,0.17417441539696907,0.00013121801999786323,0.0010676402477664384,0.03366746123663722,0.0000010646197941961215
47.70277384712901,-5.805938296717452,5112.6024311455,0.000025494165846423444,0.054913748177610466,0.07437858957598747,1.544477801455964,1.7912121770478744,1.3998408802142464,1.9554461011220523,0.025851613737892742,0.015336522884027946,0.06269532634840815,0.04017632902316332,1.1005637441852824e-8
51.143961982088186,2.9990416899605155,5072.910118159556,0.014870607584089389,0.05581437788580419,0.07919011480212279,2.172432152007231,0.6093952857245101,0.9380718350170745,2.366570157178365,198.2658174896341,0.0019330074348298048,0.0992153827808123,0.0437774961216331,1.5585256391707666e-8
48.04555320996834,-0.18564104727464503,5009.300492281601,0.009870947528961982,0.032396042509380746,0.0469322272834694,2.1214789869021327,1.5838024689523125,1.3985813760868824,1.5023615122174965,141.7464153939604,0.016419573318974565,0.03527186354859796,0.038191778705406125,0.000450380694809174
46.75494127553532,1.3012161051572662,5099.782271100532,0.013943358449431287,0.059256377554985605,0.03196709793181296,2.172226015478472,0.6639502838329615,1.398477767817023,1.5492530151336397,8.162657780586981,0.015573692990359964,0.0011883352678334043,0.045141778133104604,0.0000010179414457321678
47.7425332773652,0.37274453919631334,6067.069909976724,0.005818299693553975,0.05231314695992998,0.021551646672340802,1.9219348361084576,0.8365453832763309,1.398596757947398,0.9375081648651574,27.30030133308448,0.01986145366092747,0.0010783159857116291,0.044458292454130494,0.0000034624760112447995
55.123764162528545,11.697047111112617,5078.303836145176,0.014579456808737807,0.04946103267258236,0.020040323012008737,2.190248354567128,0.6001336730459236,0.40397691894594706,2.316130483976041,86.84778130664796,0.0031076892177397176,0.08904960614484227,0.043776680220820395,7.961753263288222e-9
48.100919223139016,-2.1592035440923967,5651.788321415469,0.013708489120580229,0.059098840074257586,0.023581632968454554,1.7762848295398888,1.7994836540807713,1.320789234478244,1.1959805470488205,196.48455543603725,0.01970393869000177,0.0010065474834966906,0.04308180605984767,2.864566587757591e-7
42.91057180754823,1.385230301684098,5002.16519174862,0.0019656339315111105,0.05540767022393135,0.03495622216181611,2.0135769472750913,1.2874873842025258,0.7548701449609589,2.3768127080029777,114.22915228641288,0.007591759649493473,0.08280988659896348,0.041085225666817736,0.00016140702715214048
58.35601051455435,-6.2038614160221055,5001.462669746658,0.01299933345798278,0.0479979833760678,0.07274644817145576,1.299607506377624,0.9352108767330147,0.40001673393777115,1.3069457949754495,199.0051884694764,0.019771021420077754,0.08650619512399024,0.04614757029354026,1.2895533485186328e-7
46.22538368433609,4.270141191657077,5010.02121407646,0.013941344664440867,0.022064101443334202,0.04574172974014296,2.11164315068383,1.5080350667011917,0.49565849258616085,1.2833133023994578,103.69260709133503,0.019628186059354936,0.08690281460538529,0.04397887574043093,0.0004470868378850457
47.53908294581855,-0.9546620953568095,5071.467918271494,0.0062728158374888016,0.05136553987644761,0.07509077825482004,2.110868905453936,0.7852799185928794,0.4002143374160813,0.9299560238949888,8.661081437979016,0.000948343060058284,0.054915245395156125,0.040856106715882363,0.0000017459417394909881
46.50851355797242,-3.1178858521272286,6213.46039803468,0.0007031864622259028,0.05277026619255234,0.023914171318300023,2.0594239495901157,0.8669518368827264,0.42150841103007436,1.2443706463606767,102.52602041598904,0.019647517327521312,0.019387083973791002,0.046336022288421354,0.0009812057425887426
57.78291303153614,-5.99080734983791,5062.432541037648,0.014724885416744313,0.05829567368371876,0.07688477401179208,1.8439771548875437,0.7349954602973497,0.9583850872834142,0.8439498353477115,2.8387958635021637,0.017661678831257386,0.005220209874671518,0.045048681798745105,0.00003592507706840358
45.89854005863053,0.12776749517139407,5026.788794564119,0.0024009526437709823,0.05103593371223608,0.07467404184605636,2.0958693892263964,0.6914279882065117,1.383900259271603,1.4966199321487883,194.4656567478844,0.008139761673833668,0.042583252095592286,0.04409383259462687,0.0000481685984650124
51.116455695606405,0.13418292543464183,5541.383825495073,0.00265451322397795,0.05816201540810054,0.06449461447375512,1.8731006348813215,1.7351047248973552,0.47498450481569965,1.8769604050799127,1.8568817553403134,0.001963526969209043,0.0010168218185178882,0.04582357116134511,0.00005180360404410384
43.03996436369453,3.0709110467336025,5539.91046783004,0.012924824907213911,0.03815818844458651,0.03750524802077247,2.1499756276250785,1.5743687064651004,1.1909535440398171,2.397126757300967,123.50885459177148,0.015044235270360395,0.0018371785163446748,0.041805120848199685,0.0013905597299000495
46.37979305673492,5.730936185377338,5856.905806400612,0.0048570440180349325,0.03521865914590821,0.029696949031486886,2.1997297663156417,1.5096170670578108,0.8371364247858423,2.2707533912300457,27.06036643746666,0.01851348417850159,0.00277463846498395,0.042380190513644375,0.0029520414342708067
50.466280400597185,-2.318758588282158,5459.985961822279,0.013387735223181487,0.05985984018806375,0.05103482879133435,2.143118312270238,0.6504003196302655,0.4716653741683887,1.808552469454674,193.34525461283053,0.019932516078554386,0.052462718216982424,0.04666511419362459,0.000013158127598348847
54.39116959089817,8.319700361040912,5005.2198419374845,0.010857119788685086,0.058498171509010516,0.02413067331706046,1.276279399854374,0.6005047740021606,0.5309874981020614,1.156559372821443,174.59865530609738,0.00008244531252068654,0.09470915475241265,0.04338416705782215,0.0000011911067399845239
58.88791842284417,-6.060590116112308,5162.248398288301,0.014699392049122581,0.046544056387352234,0.07997694481261718,1.4879783847044599,1.6867660223462075,0.9373404959578489,2.3876443769232556,93.32519459526488,0.013265661230409233,0.014285584257651767,0.03988955479811202,0.00002417457781419804
46.88949538851227,-3.651150724744495,5252.240167881209,0.0021337245324963565,0.045292336588390464,0.043555482654599034,2.0974732527743325,1.7213992669828095,0.40163657446503637,1.3073657431187111,47.29678030441956,0.01596130622066403,0.05740039476082573,0.03982509638385047,0.00017434929091846138
52.34782591909922,6.7511757315541985,6140.839878631219,0.006129266109322695,0.04634225859269091,0.022119469489947353,2.1402056293567355,1.0561155828947872,1.3756894931246069,1.4820519462567043,124.24410309847656,0.017635767449587506,0.003913381618241848,0.03334884244158091,0.002947803088988377
56.60501192193356,14.455008718898284,5569.11361554898,0.014920085180738816,0.05989845084824704,0.07999471641481727,2.1987562249386254,1.0690629380610237,1.177776951418985,0.8267802456237447,107.62484311656296,0.0005630559030297956,0.0031076514192291,0.04654400243087381,1.9673415427481788e-7
36.84351883957007,-6.632094144005697,6879.088270817418,0.014771905074235162,0.059714032344972814,0.04859373374298019,2.0993379175496676,1.799774015834117,0.42146205241654927,2.345412643205779,127.11683537986507,0.00013333416172023365,0.0016203519416176987,0.03373652287651701,1.0954203706248815e-7
46.82225175059243,-1.2961531826898938,5573.261117363304,0.013555735693554654,0.0577297782742457,0.07769990921920604,1.9494416510555874,0.6717214688274166,1.2811465218686329,2.2703714723151682,117.609187784117,0.000718390244016542,0.04906449656196278,0.044276846989893634,0.00016061744998403213
48.16931224651562,-5.603894638437065,6153.829302207963,0.0021291229980675785,0.04144438969662122,0.04770638033665554,1.0842163288378868,1.6307475117083445,1.2716128767968016,2.373685879248656,105.67934226991804,0.0004412063961200145,0.08985532507642698,0.04068273109070625,0.0012507706589640604
46.87256495277131,-1.1724489587099711,5503.914347742891,0.005053055612935805,0.05891806855785311,0.058734427285389815,2.1535528279870926,1.5733275734545682,1.3666322676449156,2.1761744059222394,176.1025467073153,0.01184911211058481,0.0011668767412103488,0.040360379357497186,0.00018417279322356542
43.41676223030818,0.30361759608579675,6758.482722442752,0.013495068695293717,0.026451561996110994,0.07590960381857578,1.4148404551299814,1.529898003796006,0.5363143959298119,0.9349002157544031,167.9238699113088,0.0017631964089217037,0.0878109508366293,0.04564939457536307,0.01267512584941179
59.48201111345209,-3.498975940909337,5994.183205450677,0.00911305787980053,0.05224175122167631,0.02002297465860161,2.1557668068629843,1.7924185872526905,1.0795978942774245,0.8660885999127331,22.272378260200774,0.012078737368161134,0.01332104319726608,0.04457468999218597,0.00004208919874845669
36.53114232853091,-7.68355125645,6977.701287481624,0.0003275389078923574,0.053313705384298006,0.0797968091543225,1.8328668082264254,1.7603761563502043,0.9707627738780723,2.3977675867712867,199.75337439354175,0.014170278421881042,0.005290452448262536,0.04476916786497328,0.000006840603584892403
43.099762457237205,3.9195359078990712,5886.005794050816,0.014427303831716027,0.05874172102276721,0.02216854759225127,2.1893635268066887,1.2138207984727183,0.41385103377192983,1.8384303667792306,199.3849967557324,0.008804152482076963,0.004407040257368404,0.03926515334763953,0.00001185692975563672
58.822029704439544,-6.419837497716817,5663.464697951113,0.002511047941175718,0.05255617243724507,0.058069258642199154,2.1477736303586763,1.62195276424257,1.386032002970004,1.631212648151819,199.18600432359736,0.007385340920459927,0.010303670168806003,0.042017378222663875,0.0005198725861258212
41.30282570244756,-1.1178106605736549,7246.495804294071,0.014952637850055463,0.049104345225221405,0.07883530677171527,1.9875580188628696,1.2485935112897477,0.4300694637915743,1.2050131587684283,0.9253933877894572,0.0194172474598303,0.001014089523873062,0.03747400690772034,0.0000012916266066335453
49.65480458686688,-0.2597410044458499,5386.471470833686,0.010000551147776711,0.055285866783338695,0.020252450197742588,2.1326704845264173,0.8874787583278964,1.389246838262642,0.90398693777234,77.02953044510424,0.01921052958268347,0.025996669067855707,0.04471741916958965,0.000021859747818448118
46.168903733112835,-1.2687907837508199,5417.80364685156,0.000009434025165340028,0.055590973590545344,0.07974034648726111,2.1829638413440264,1.5614022134882062,1.2718167123765722,0.8058847141130628,4.707605071234324,0.00018461197655473443,0.003851768342686652,0.0464929335454594,1.517856315212169e-7
52.51945133579579,-5.701495839601756,5103.059683677625,0.010712658087631078,0.0584645500874814,0.07574557743917616,2.1260060522219097,1.794229361182587,0.687417578046238,1.9397438668910039,108.6331820374225,0.017334854902059025,0.0010025436486316931,0.04063820986933841,0.000006652704227741418
41.772980858105626,1.6211035391128181,5498.850880679195,0.01299311032153392,0.05766165962920333,0.07091060569545532,2.171380335962959,1.4744769799165949,0.5698321782241789,2.3374823934726225,87.71544200392835,0.018234549031819976,0.00165473987851788,0.0336511199474158,0.00022206990368867053
44.25551125510031,-1.2750101091865034,5028.569798579545,0.007666113924429981,0.05863968780827478,0.024316180735874507,2.0968295244627324,1.7501721195635889,0.6922703578939973,1.7875417125658712,56.48517055532592,0.011980615980361127,0.023933160103555066,0.03957759700741801,0.000772800568784791
57.38983586682768,-5.447366318842199,5094.251778124142,0.014752136644424433,0.04220740086933474,0.07083859314007344,2.0996708727066027,1.7924142904213936,1.2678232238555436,2.1946890197241298,4.684661166612838,0.00213700258476579,0.0013659487107204442,0.04356080853477781,0.000006975460137103868
48.13786621989638,0.2943309152890592,6018.9370982709925,0.004073672949423827,0.04281084467394729,0.06384351205839013,1.5573489689412896,0.7581045902181414,0.7135659471139681,2.100491101425414,130.59175112473326,0.01649066091342199,0.08078257984520806,0.035272389066403696,0.05568699218045906
47.553208950313326,7.5517850838358385,5065.616429583804,0.01231731983281713,0.0592151966447007,0.06481940863223297,2.197969580888662,0.6237600940592094,0.4554290887596032,2.360093351335241,21.574767341355752,0.00947693839744376,0.09884957370383049,0.037364914907605906,9.894719204049618e-7
50.803405927692566,1.6304887847205407,5262.575778885257,0.004532262857889716,0.05283738005496191,0.02474242984301514,1.899946284612665,0.6079797053716355,0.8613173679348753,1.77544010185771,12.370866226623178,0.002509479501598527,0.0015325364180483359,0.04680268023658748,0.000676544077325909
46.59291662621458,-3.407618855772526,5910.223728446512,0.009937840227432765,0.054481719225952886,0.04213354152076038,0.8911595693542159,0.6697812979420816,0.4229151677215216,2.352737546571495,185.10036504239196,0.019948873913107127,0.08316298670770596,0.04661105756265497,0.000021062880731148052
42.32386468487992,2.950862207291152,5901.889063575131,0.0011694552622562944,0.047903327478885496,0.077057577279781,2.1643765570019244,1.7810430462985134,0.6370552658631043,0.8850951207068403,0.9022611589096292,0.019802698072866453,0.0017291455388060816,0.0395618256376285,0.00000813693660657553
40.30036818450364,3.791169572186721,7021.269057507883,0.014957430845016056,0.05512571594272537,0.027971902514068996,2.111249225682381,0.9528684429835994,0.43871934567529114,1.6293343149670496,174.7481594915066,0.011475705711692452,0.07679353545903347,0.04123572194484256,0.0005471912522704988
47.80862841513001,-4.367848385429201,5904.357137480982,0.0035239152442088275,0.046511436490355676,0.031002952432010192,2.076960124057284,0.6637485113987917,1.3665107057966135,1.0350100680549486,19.864558688940733,0.01374483488075556,0.09912080693138467,0.045352379100697164,0.00009977251386539137
52.602025110834376,5.577833738282829,5721.338952616086,0.0011684242315326335,0.059814559680492076,0.056432611070850444,1.770067782118019,1.0863361575856016,1.3307816537627781,0.8093448081782777,90.18413876220951,0.019347551021677206,0.0019031205899010708,0.03682006343444448,0.0005334215585692483
58.93905879924638,-5.837171844019403,5660.777359539768,0.0012049768862502136,0.04862078584524626,0.07502963498758951,2.101025814954883,1.7876667535999866,0.9281085945366064,0.930672388868296,99.34135570412042,0.004229554901290457,0.09751758104272452,0.04590708276450393,0.00004983358804124257
47.59307983639211,4.783290450810927,6238.47650520624,0.0013442667022008636,0.04471208968765345,0.07403372004186258,1.5077181905897443,0.8616270297561521,1.397415631924593,2.2465336973018974,38.68119527288908,0.002104982898866111,0.0346467623910072,0.03180279144918549,0.0006574363608022835
46.82816635800992,12.002856056716865,5345.846677161656,0.0003912913969173973,0.05825558543278499,0.0791571616649153,2.00491486461089,0.621063562409502,0.8855189951302946,2.2898829373184117,153.56696037694806,0.005024566683038138,0.008796151290445071,0.04651665343253139,0.000049269669653611316
51.84093266121814,-1.7964470878922008,6071.966024883786,0.0014178473260453197,0.05822856331979138,0.022962702315369784,1.014250155158114,1.768086464040676,1.3943480476597174,1.8936118694158524,40.1771558955431,0.01894970962366079,0.0011322587155730539,0.03921879377729892,0.000018566644040320567
42.825944936723296,-1.3263604188789877,5786.727774622061,0.014866049252578537,0.05856127954518177,0.03691916338837727,1.7057158267402732,1.3960309614475142,0.4259090836009071,2.366113507687224,187.67235451345687,0.013702317981620056,0.0011249969904150526,0.044250051495366934,0.000018916916296205086
47.87776739830237,-1.0280501584403687,5396.9769511269005,0.002597276089177728,0.05993840508674253,0.02695559427772243,2.1754838375353316,0.600671884418831,0.4083399432414372,0.8787117012595348,159.71866295632992,0.005768886202142827,0.012013848451139795,0.04637899688134643,0.000003027502719636674
54.93731906467218,-2.6771140740133887,5128.762081082014,0.008909067254876758,0.050741940518818765,0.06842710083558629,2.122093979101308,1.7864825147880956,1.2815480440342273,0.980762227471883,108.20025247467915,0.01891333821339646,0.0020421538042952434,0.041457833937499584,0.00022527148250149712
50.151912984308666,4.693169267552555,5047.081141027295,0.014081344308247134,0.053712023087779726,0.06517994405244715,2.1955144259971773,1.5328830240681257,0.4429245223965281,2.2896948996110504,3.790455845822972,0.01568087076507506,0.0011696588083049953,0.04385273106776231,0.000008856559995335201
41.716371605578175,1.5760694041042704,6775.816788447132,0.0002469054994972603,0.04794101872298237,0.07862965968347557,1.1094798566251332,1.271672617943782,0.40137451310739786,2.3184646429204268,180.15312695861135,0.004302407285762518,0.021256970235373245,0.03336187321568717,0.00014695382304469125
49.782212649057456,6.217513325554883,5788.711129299339,0.0058685728132710805,0.046795665421287116,0.02286021863091546,1.7428103859271236,1.1725206973485611,1.3584256998172042,1.3078897057836052,22.502644488737772,0.01931957817107868,0.0024260431693116126,0.03895518210366553,0.004180553234994774
54.19952208917255,9.09884867723158,6997.019064850872,0.014912046616973703,0.032557241720657666,0.030784756559423004,1.5575099374645942,0.6917637605328636,0.5460021551710719,0.9982321128271193,114.33021745406415,0.014198611154046494,0.07524885697610531,0.039919816236170726,0.016846359279085305
44.39422500068044,1.1405243471756634,6047.189323613493,0.011880877103158775,0.018250782292421417,0.061238509433978336,2.0250571004518596,1.5826811702557009,1.04400416584985,2.230838438010246,132.07828887169197,0.019991830948940054,0.0975664782347055,0.04382844027221641,0.001039012266957852
50.357974833036515,6.074469782911656,5125.178182763473,0.014987920912813694,0.05047547298998811,0.020048048582112225,1.6732014598783556,0.9812004237019885,1.3481284553450128,0.8006050963192337,0.9459268003235672,0.0000631820485890922,0.04556763721279317,0.04005457526154255,1.2176252662781336e-7
53.03000732366837,6.148792424636753,5469.798661869387,0.0013709484050889334,0.05983437965589429,0.07126507666493692,1.9963613339858777,0.629877778446874,0.4004175384222369,2.1960208574751965,185.46000970336337,0.014350963468470833,0.09687291626748147,0.02827116455573907,0.000002027693235519691
47.646303370332944,-0.48680816261675375,5101.059921833764,0.014271032078845254,0.0466457256480064,0.030607684420926255,1.9320497643196148,1.7805045287023278,1.0221270360790908,2.3752189363713976,32.2611188767519,0.0033501647722528854,0.0011542755495785428,0.035652783628339436,0.00006145119310626043
44.054033534224025,-0.24967308970803082,5016.492282752926,0.010314972595124415,0.04956403991254297,0.056167819516607,2.1312706360337916,1.3014974092708447,1.206478961338691,2.3615726967671344,103.94056105136326,0.016078557505958456,0.013948054010466586,0.04083208873954048,0.0016161170756568079
51.437995457196614,9.280087397348616,6392.793273429872,0.00031590972298550595,0.052208540912628096,0.03819648970455579,1.4574058214596863,0.6584009214832499,1.3470006728252275,2.304563748110423,163.02917249980402,0.003128053802261307,0.054088640071918104,0.04640589471943257,0.0005920681399051667
50.5390319135872,3.3464919307053727,5095.673760115966,0.007627982878950751,0.045976190911760244,0.06982008431426241,1.2090937450809474,0.7582871414204407,0.40081636259095593,1.6215271163213871,10.005025877510262,0.013545028488619153,0.025348937264049763,0.042589503888227874,0.0004094576929357482
46.97779292251101,-4.8244864132474765,6430.707526729382,0.014816867999137277,0.05729050115663571,0.021138245801952078,2.183966579986614,1.062085540022183,0.4670227644565783,1.8136243340829281,187.3423061433507,0.018369775750816143,0.001004790981586423,0.04155916519765702,0.0000018514058602533292
59.133128365297665,10.564944914350647,5525.9048214648155,0.011048408923433553,0.05021782144250529,0.03636621920825554,2.093988764509956,1.4134522557067646,0.4259665330351171,1.6273782738354572,173.324149991297,0.0030311321674802052,0.019957960209373887,0.04619704561391731,0.011021499929597247
48.50871986258467,-2.452577375775343,5059.093897806906,0.002819796711076058,0.05475050204583117,0.04823938925370891,1.9913954837290213,1.5382716769242188,1.321480282847745,2.003505098088026,116.85198389581029,0.007707749952868694,0.009705365098147015,0.03656173754470015,0.005981313158717193
52.47768452079592,0.01708591949403626,5805.107179184555,0.013521289049696794,0.036620965960656775,0.04769472784349771,1.8829715488558596,1.2921196717058565,0.6272909582317059,2.080542669314621,136.04444824052376,0.0006883926146592782,0.009562125767936957,0.04032219994756507,0.07902017215381188
47.581146794720055,-6.2515234858966116,5022.01911654278,0.013533585248472606,0.0436849617656875,0.0748317367516327,1.3338482209558125,1.2334568434035749,1.395035934865202,2.3687938999325384,3.2278743118603224,0.011626133533443536,0.090424258634606,0.042135127810228205,0.0000032896983134303357
40.19850904540659,1.6856520150566716,6298.904393347574,0.000056949448316524386,0.04456037115905521,0.04189800351429718,2.115087201132047,1.2346521276135873,0.5813416107276606,0.8793336456539583,24.039669986702194,0.006215796101144588,0.09928523537440284,0.043654120642686416,0.00005906666597726055
42.91865112652377,1.4570651543334847,7196.878038816267,0.00540949476683544,0.05581740046481031,0.07422561732285896,1.8339492960928374,0.6326973490559802,0.7644674936429872,2.31080799237602,132.5182043406208,0.007334704933383348,0.0011032429672221907,0.030407145639556703,0.0028942554416387526
42.40409508535398,-0.40932840206574284,5151.916615834861,0.0010959979774358137,0.058400410949505835,0.04579977671309629,1.995855562913008,1.778137326420525,0.7573886298689149,0.8391271915754803,174.92760153555133,0.018000141281732492,0.06100461868058422,0.04433558470207676,0.00003775274412419969
46.916609321613855,0.5733692568538729,5339.080942310255,0.01392131269824026,0.05723728911282183,0.021718641487476268,1.5398993194123811,1.0689744114558737,1.3730737146177905,2.0237128017950647,199.6036812691442,0.007976233950560916,0.075386449813091,0.04648169770090393,0.00005021757042859695
45.703078586257675,0.9344967488912772,5902.665545331887,0.0014650013554366903,0.05684291062560994,0.070337314770847,2.1974714454320803,0.6498317255782,0.40072479624931406,1.292478336797018,24.036053442260826,0.017934762048982478,0.06891955009733161,0.0421976595318129,0.000002793463606201079
58.675132865145024,-6.175611587438313,5801.129294013803,0.004275780597350064,0.05327549132900065,0.05242447047009813,1.3254587079942757,1.1890140844644885,1.2658671435658715,1.3748325930805598,198.10480118275706,0.01971288382171867,0.09257490673227933,0.04502910520738376,0.0002145708513526339
53.17385838503969,13.792042296279753,6394.237592188819,0.010411627798718204,0.05437965278961211,0.03233362795890107,2.1940671035837607,0.6187443023597915,0.5027976988844324,1.9482611633708744,2.0792044071257565,0.01886671760469797,0.0018446418110190455,0.04586027824671034,0.00021028183975558762
58.80464635514099,-5.753836289626599,5352.257013003577,0.0002456922624180554,0.05372769072955908,0.02216326720793255,1.9810940081511617,1.6802692015881964,1.0331637757317835,1.9726405432363279,194.03062106355526,0.019750458746053304,0.09628309267186717,0.04644690804904118,0.0000019388002312974035
53.11666485420002,0.8744914728511617,5349.344456725195,0.002610022437817682,0.05352335594653292,0.079738579194308,1.8792790436949591,1.0183654267672195,0.45424491048442583,1.18837122840103,199.9741249099418,0.005194703097075404,0.09633885755921885,0.04518697743347669,0.000010909847906075645
50.91346887964944,-0.31018257255236215,5201.418860617824,0.014787543300200951,0.04435146348540519,0.04037638806439524,1.0426788830006204,1.4717371846356984,1.0590695832357122,1.2321025521424716,129.93430340867212,0.019934546198894315,0.09652730777756326,0.04009130960247748,0.00010333131367184297
51.98848079962984,-0.5992629197699078,5019.725231930067,0.01108974470319913,0.05269485668887282,0.025126391205004588,1.977691389600092,1.0911466660365192,1.3607748644755977,1.1334101631175062,190.3562099394001,0.017241834922252643,0.03065060066528804,0.04436603188709029,0.00036515218895404007
39.60554086390249,-0.05690103784391631,6308.222521743256,0.01488095216193431,0.0402761885198249,0.06653649655275995,0.8836666620247631,1.3191321302262442,0.4964965711686914,1.1192320781820246,161.8425520023468,0.0003268298998720908,0.04617209561920981,0.04534772211624549,0.00112069183448256
60.731615764407664,12.837369050029508,6233.500589038508,0.000632329976695174,0.05247446185474558,0.0743499578805112,1.5640400384742947,0.6472623543559397,1.3982942960609546,1.4117004440817749,71.63891441728649,0.0020394050521770207,0.08715153280030814,0.04550035071597182,0.00003430880043660514
55.6996715955574,-2.97471062571526,5028.234336060774,0.013907722958340453,0.05516755964380332,0.07986581455244683,1.8918772790158482,0.688756437828926,1.1514511454932412,2.396864456268996,2.40238582685059,0.012511494115021447,0.0014411714534744184,0.04444368962355983,0.0000014416487435979468
42.37582893237054,3.470102725108905,5798.578230730869,0.003174081515283216,0.058705207561337576,0.06440668025817159,0.9296803491831502,1.2635685835863248,0.5596530767499752,2.389033141835568,3.463545538734756,0.018779248288280266,0.015302431725780356,0.0389839966100423,0.0005698723086502678
48.54744913180879,-1.5576014517886332,5227.25516798699,0.014304849727339338,0.050436253180967706,0.0772169830199224,0.8103504381023667,1.1843068481719141,1.3212398356212813,1.7240503757756396,12.677409641957194,0.002861311111492197,0.017589385639261084,0.043755222155362324,0.00020755846752063488
47.185632478293336,4.376172256400238,5166.734472855771,0.01483483241706441,0.04042573290177776,0.07565129375167526,1.0226286109495732,1.4545885371846614,0.7105971031306515,2.394030130550811,135.55200983024588,5.27675474426743e-8,0.006156722632532911,0.03709859258240648,0.00007002516902705995
49.745117224160275,0.49525071213104255,5641.189265113644,0.0002931363611064279,0.03959452350623991,0.07332489290180033,2.1880056675425976,0.903717785123934,1.0568363312350306,2.3116385581936765,179.4929863757584,0.003821617071556537,0.03687381960924625,0.037247455168879506,0.00039584689794738647
53.12593645485366,8.68142932278008,5122.110278657172,0.002523923111000287,0.0595592424236972,0.07486794523017924,2.0860473994507416,0.6029817998059984,0.49720552959704223,2.0690718236207637,9.815277958309828,0.010278314242678504,0.09900755708572065,0.026969446705074323,0.0000032427627162501597
57.72776535875685,-6.520478697308577,5253.711360324491,0.0008308954869930779,0.049788705494036724,0.07903854347056488,1.8941873051615603,1.3085283817453877,1.14887709406271,1.2351433517937502,10.188884286518471,0.009263468961377627,0.09964145963431355,0.042891006296361306,0.000011679317301048537
45.031277345869356,8.28407076010173,5035.906067008888,0.0015209377551555752,0.03843694861613966,0.06849122513286332,2.1952441148400563,1.2168277240721777,0.8647912013375962,2.2075828780017535,188.15517623829567,0.0050423713941654255,0.09165241901706427,0.035009714129222595,0.00015011943874730256
44.098779209793754,3.396949001140907,6041.704498257659,0.014541664349751555,0.04717162088706694,0.07947198351116488,0.8671702762392547,0.6025627097088962,0.8249224661806585,2.1705871650546564,191.4710879879923,0.00038581404841584534,0.036387594726825075,0.033729564826368415,0.000009418487099231284
42.008399668528305,0.030948990671756604,5006.0791047980065,0.01168678364884412,0.05518429853237605,0.0395165304676931,1.8489246094475726,1.7865373424065565,1.0360519176553158,0.8318370641588079,138.27313156854538,0.016805262132786273,0.0013610448122336049,0.04655074026951942,0.0001482405932729831
51.27482876599716,0.7587677721901436,5015.534695534455,0.00672019126479624,0.0519911752451105,0.06863150481587328,2.0100157674817747,0.6949365307414653,1.3998892112864345,2.2410765977144242,152.94359176224148,0.01933041619427206,0.0023151032513863373,0.04421062764225196,0.000004665993319469221
47.28238575620509,1.6948107661117167,5603.58917947228,0.014936598310782248,0.056475272804658284,0.06072887066651242,1.3443212087057912,0.615582673312661,0.4516959341090127,2.1056039046419173,86.67283774314225,0.01388772376764396,0.001263810407994993,0.03756033237815121,0.00007186034547216095
57.247074345892855,17.41029670784236,5854.236731270414,0.014866069857203595,0.04942835384393849,0.07206861207079492,2.043805642470905,0.6818483875979681,0.4469901346277039,1.3584372435056742,188.90644990551942,0.012834285402649597,0.0029086660396128922,0.046128970961194116,0.001359375022418184
50.134442183668895,7.545669920350967,5150.4556784095985,0.011065914704135137,0.032354245626225145,0.07995791918843032,2.0907804114062474,1.7819722390288022,1.2164117322160581,1.2510846827544686,160.076790139367,0.0029181985201806233,0.0034927362857352646,0.04437568653766896,0.00022331306166759285
58.64598604802907,-3.7454047197694367,5069.874681311059,0.0004104435268215526,0.0436399698895822,0.07987970721375152,2.170789888140945,1.3176592490296928,1.3422999113902792,2.010947933936455,14.738229837721315,0.016871221170239363,0.008701799053343364,0.04573356744124633,0.000008817321403615984
55.87590859988657,-5.583620013724531,5704.002001524291,0.0000470713811119183,0.04450129085052327,0.07954668981889323,2.198912680514814,1.7800166740849335,0.7915106904315694,0.888195812281859,177.45380956293573,0.004740608354285444,0.007181031558867591,0.04076996431957629,0.000001599434161384578
59.22639006426503,-4.97369506140283,5681.338985290686,0.013528503279876857,0.0545886964237508,0.07613733900491486,1.1904922585884885,1.7713192496324623,0.5892870006655858,2.0727421495759613,188.52263353413096,0.0029171353490590603,0.09369640110114423,0.042252775997936046,0.00008390847246708548
47.25308696306835,3.683052359328837,5065.504654853259,0.01064034527420467,0.05625119941440151,0.07998328194051124,1.4482899787303039,1.0573796565792586,0.40568046386941553,0.9563411186897903,38.987101892689736,0.00014287048217737018,0.0344387353960851,0.04445685770590373,0.000003919015646391913
52.78859807103311,9.655736103850344,5076.350783988931,0.0018150958507599233,0.0569832240325223,0.043904643136174384,1.8932940114496895,0.6113694563633486,1.3981101511452323,2.23126319101059,35.297999293263885,0.008531462636261615,0.08411163094080155,0.03496413032913141,0.0000051382631758841215
47.20283991164795,-4.93842474133187,5275.671579630463,0.012340181124309553,0.04398788200069026,0.0671351594948217,1.9403348664642317,1.7227477028235016,1.0915545678812717,2.3852178224758753,198.4474116265159,0.004719296251842606,0.09638020381213573,0.037015465260875395,0.00003336608277246582
50.77321359601147,-0.6121759976979746,5030.220415029805,0.01137744152798432,0.05951296878639184,0.06865866932703768,2.1337301212895046,0.6242301150691807,1.2766902585804818,2.0923335854212666,78.27224434049864,0.0035555344737479224,0.002341174857385519,0.04040101480139461,0.00008549776316405562
48.596593908046984,4.003100000120689,7220.321282670201,0.00023680529565677565,0.04582700996446772,0.027387307602229016,0.8987020628082035,0.6031951902090119,0.4128802100045324,1.7581450493353097,51.552378544786556,0.01688232663478405,0.07949561726919364,0.030766837052641716,0.00020820217893820504
59.07122821950719,-5.0283622751424595,5526.734780041589,0.014839815555862664,0.034962757577621024,0.0766470938375633,2.198066081478458,1.7979332280733655,0.4297200058254702,1.9316562380268851,188.5888780527312,0.006044578580970015,0.010452232869541089,0.04069014254819615,0.0000015474965704751197
48.93014347878178,4.713900717511901,5335.9393233879055,0.002791973372107733,0.04591133641853498,0.06730993282598485,1.9676141073000006,1.7344260389637585,0.41587501159213797,2.2327292738380136,196.9628297119469,0.009616208866498104,0.0011556677042308732,0.033715881571571654,0.0001677090499476907
40.62368142324124,1.8368543908267103,7308.4965177998565,0.007981060661849277,0.026846331268099165,0.07351128160102703,1.376276183688765,1.7041971499370998,1.393116329863016,1.927553079877781,114.23376625653299,0.01778802492222616,0.0026974876302669256,0.046771009246210464,0.012439487578655352
47.47465386248418,3.1751139115403806,5341.578110739675,0.00045263702423350646,0.058132985750783135,0.07422190971654534,2.063311921810037,0.9667247977596058,0.4910989888913195,1.411989037402263,80.96603468628139,0.0008347223277368432,0.09907800824990134,0.0461893966886813,0.00006084882780400045
58.89093013962827,-4.289830941810869,6373.467816865084,0.0006207657526892964,0.03977461894357901,0.03856559059721738,1.4607030427962444,1.7451956339663592,1.222977974742681,0.8053898461755516,20.30600183015723,0.014050921636668788,0.013685762931462368,0.045066831360435454,0.0025182582569337063
57.286857433099314,-6.140317400322909,5433.239683889382,0.000045002424734831555,0.04888985562058982,0.05370747770954022,1.9913028433538877,1.2316203984477068,0.9948204302441622,2.0665875097317397,14.14989390405832,0.0003063249875158343,0.09826952964836908,0.04652998081630334,0.000033661034483739684
54.109486120394834,-4.722798062246609,6199.074916978874,0.013527759016443569,0.05832505991233459,0.023249426750810737,0.9682228724006199,1.5226603197286355,0.47609330676345823,1.0452843794918172,65.04830490784413,0.01250119360420883,0.0012632182891019097,0.04214877252330486,0.0018159329180617357
57.35588784916898,-5.258438807526282,5378.621613919237,0.013500443701300933,0.055385756225585114,0.05820586551171043,0.9497211146167537,1.2316849371471141,0.4151090165501583,1.094145992386977,51.307729404716895,0.012342710010420541,0.09997645117142549,0.041820191029624115,0.000025323446384915737
55.83102237866669,11.260345924372235,5163.310207515843,0.008603623436757812,0.05934836201590445,0.02030269585332705,2.029207110423701,0.7819632391911688,0.41366406636566755,2.3934374578488997,192.8705152987046,0.0034433663904356255,0.009168242528958256,0.043760197974973936,0.00000543034648467507
49.30461363953542,2.2127890062714215,5054.27200460104,0.010341632796104356,0.05919495949262621,0.020307709478601554,2.179070843894021,0.9336506986607771,0.4169392175542206,1.312073680195524,17.368905326037538,0.007101156343176763,0.0010920809919359041,0.041901394625459845,0.000002410696361622493
55.149236700234724,-4.722877262406239,5585.115588311353,0.014939362095907915,0.058335047084243405,0.06264584254274042,0.980205494686609,1.0577972002299514,0.5219862784951288,2.3968479798603033,158.2726844326473,0.0013723474052176213,0.0016948808975559007,0.043736190296437494,0.00003172897019276545
61.6892933148049,9.898462587160232,5258.861028208082,0.013714810105713215,0.034364692607299914,0.04839090957583038,0.8405702274532189,1.7702776781790228,1.2075956662830571,2.3239881014354404,42.80943603405682,0.008015159730065485,0.09199552861685935,0.046398525120006515,0.0000649582113942687
54.486558226496484,-2.1805156394944722,5880.515463762849,0.014163817213800039,0.05670981537924913,0.039480617284731415,1.1514801354434727,0.6064960195749469,1.3121493176587449,1.9787088560739712,145.1224015106748,0.019078989577526618,0.0016538240355273336,0.046213708803447544,0.00027213697828748176
48.873960251008874,1.648151965779764,5011.8691482386,0.010286517451991377,0.036739211791136574,0.07997527849688793,2.0495174551242847,1.641711742978483,1.0492825640772332,1.9138100194073333,11.341566041248605,0.0004739682725803271,0.018670792827116225,0.03727059617038447,0.000018180665154413708
44.16922320791079,6.036704197754666,6055.480214638384,0.0149404524544887,0.04783992826576262,0.03852640058958565,2.195768091547447,1.2414209167723542,0.49077620431398505,1.680593987875815,173.59345187860868,0.010499292599281437,0.0019355985222732632,0.03608635916068213,0.0010123514744486352
41.7888027975229,0.9941916825407446,5377.089530378465,0.0009723865682604186,0.0554848932996732,0.06097696022984453,1.2788761367129866,1.77573005077695,0.6072525481240176,1.1302767853335243,124.92374642164437,0.00992477575950607,0.050140912897092896,0.045368247331073884,0.004030394746918905
49.46140677307834,1.6564118094630338,5680.519823235464,0.0020105648198309295,0.03629686743632686,0.0212381109395858,0.8445183671269262,1.2710249947922283,0.7188611746439297,2.3643092135785198,192.82417849331074,0.019891010800017216,0.08124216534018908,0.044240014457875745,0.000034527860766971375
56.360419029157725,-5.092552850326575,5004.778003334936,0.006451308663688104,0.03464384902539849,0.07678085710798628,1.6439607227210693,1.369149729267082,1.3748671833221744,2.3465093306323146,9.04567513972879,0.019531529455856927,0.04751866068994056,0.046141053754397414,0.000022781429697509814
46.95487157489154,1.5629605105346283,5437.092535263712,0.007260877941914313,0.04807502454587498,0.03991394155508947,1.2692685462334483,1.3314609034743314,0.6673631622061584,2.398054305842631,8.894492437529989,0.00010148047863917084,0.09675419758524124,0.03973078871604195,0.00011854701317250168
50.074840982456195,3.5442570272482534,5286.729546102388,0.00011974796078640043,0.04136988656977555,0.055556405667330985,1.1618533426476463,1.6199044167962278,0.5590140279605407,1.2955760531468323,44.59621794571554,0.016964107659881912,0.027683538673181084,0.04536484422259678,0.007593980309311328
52.239120844512044,-3.587463790226951,5322.055385872361,0.013751760280399072,0.04438509001857068,0.040667362725615434,2.1844739297780498,1.5912809717260168,1.341519758219821,2.178753421743325,38.62460101724121,0.0004578517447784921,0.0022720739369892578,0.04239411034494703,0.00021018208084069698
47.195089172791455,-5.950761339468647,5157.101981774167,0.014536188852651122,0.05579464375390006,0.02263950193325,2.1871364137767517,1.7923533747428513,1.3079077289082304,0.9272229883335179,1.3950647243495882,0.000594217281347345,0.050024473691218645,0.0381748854608244,9.921367537804582e-8
51.639025460365225,0.5541785478722829,5230.194215531813,0.013333117866556525,0.05729904773909405,0.06248612411541789,2.1072931397656047,1.7933159040059339,0.4258636636980989,2.0912620667856725,133.73907073007416,0.0001247121885611294,0.0014138572291507278,0.04659041325798939,0.000010039973577940809
52.827418080991116,-2.6152706005099677,5681.641068858717,0.009745267963791207,0.05527630603572468,0.025101941818202727,2.0370622877785793,1.7361200150762572,1.334723732804723,1.3290337900995053,193.83851109366978,0.004666520665239955,0.0031644404677127914,0.045417968958555446,0.0012125634176612758
47.675921372030885,8.912052851308442,5080.436135496861,0.013088642906153646,0.059148307375403816,0.055273156742798465,2.1279670715533774,1.0561897223692185,0.7248974708637032,0.8082163176785583,46.8955449746805,0.01996860689600597,0.0010110941764658959,0.03870804558621097,0.000003881597258084174
53.287615294611015,5.689526206235481,6283.8721265636605,0.013848522329687366,0.05320991658647848,0.07760110963930114,2.1918611796189893,0.7641058789726648,1.3942610167195981,2.251318600153149,116.39328525785832,0.017656777233027002,0.0010656001120965014,0.03894381373556185,0.00000432672121219562
50.347145547045265,5.931236958152603,5613.239040159325,0.0004302782996820026,0.04329932022638088,0.048678643214547276,2.1801799662478594,0.6121684393880362,0.7712223145433696,1.9958599043283112,169.7482433667772,0.0019541257741688915,0.010628272721102783,0.04251885052382354,0.0005607169594459821
43.36073514602104,-3.3786112925967426,6613.4028919274,0.008376523086987648,0.04401714634370309,0.04722741056158097,2.1353164583531408,1.6071044351943495,0.40096399396949073,1.3124032342453613,25.484399468603414,0.014910793735530167,0.017060059994287405,0.043657867402214515,0.0032470224915404637
56.14318104157583,-2.1593951110674663,5134.369978472358,0.013916451176979384,0.05147134785144622,0.050059391893489874,1.4179919794491753,1.7870911526967879,1.3572319359632916,2.38063606774456,199.86463273973817,0.014346075551478866,0.002745780154544406,0.040376876981605525,0.000006005861738560815
52.44557455212336,4.680043873377972,5209.370740606442,0.0008629956987241869,0.04149477130001728,0.0734231770906585,1.3816601742234627,0.8663246662425008,0.7202492184576332,2.253726578840909,147.47970699779242,0.012376222728232973,0.06296297923785951,0.042520632514098704,0.006833519793019968
53.894126945170704,-3.7894955441226585,5484.334698985701,0.0020463856280931703,0.038473379700945574,0.036360688883800604,2.1939081949626096,1.796970327376306,0.40061767333416054,1.523476126927903,198.44384891040062,0.01878680542178091,0.04111684483124035,0.04483408129552537,2.559031654145925e-7
46.11875758537221,2.1184742842854387,6004.454646553459,0.011637867807571995,0.05705411277602029,0.07983860596117691,1.609097092318509,0.705191815933315,0.4821888741461428,1.1827729152229978,171.27508833443622,0.014370375066684322,0.02006517763510941,0.04034565910526235,0.002062721752018039
48.037885567097376,10.40863288276482,6939.167811304169,0.00001149941290981542,0.041128762660210025,0.06097966575465934,2.1353670049887508,0.6125571232225647,1.1902716749226872,1.6490072413253518,58.19000118160511,0.00002048019161688107,0.09982868993447822,0.020940207556932627,0.000003868544415372168
43.04348477941947,0.4346676072464639,5206.261626717313,0.00018592653392223747,0.055708491518219425,0.07575224441659911,2.164125990871897,1.4591885088178569,1.299807943168858,2.319642788441583,176.75076821924762,0.003859656545337481,0.029187100647507392,0.04574017910418876,0.000028607191260832756
43.33468877276955,0.08239957490112815,5928.730378264854,0.005420033667334923,0.05524219683685418,0.022941047715007594,2.193758604637188,1.1526037059661143,0.46660311589416825,2.322267440260158,102.3117613781166,0.008310356030283813,0.07552596986912039,0.03668932326266861,0.00043843935460875376
49.41594741191682,-3.63586609130261,5102.893434127825,0.01116387517751324,0.050900518532420815,0.053556170816154575,2.149926980716688,1.3521659308864744,1.3918400604605585,2.2757831043046686,55.47289897336615,0.00039763093018343527,0.09917274143505692,0.037691662421577246,0.000007229415643571098
57.48392387783301,-1.8013284193801926,5415.735913472266,0.00024119431057661843,0.051360325446111056,0.06361400517270714,1.7962158455318993,1.7013741689125843,1.3804681852074678,2.366763915455028,77.23557899602194,0.01766877888438007,0.0010685838017683474,0.0443324312773448,0.000024612814087131495
47.93746989615968,1.7242467766175373,6280.083056851745,0.014534269885199402,0.031500661388825,0.07250789935634852,1.9342246110222534,0.8968070867666129,1.0058742705198882,1.0195786237975146,138.94562867245514,0.017110240129645925,0.0016148953078968468,0.04413324453100854,0.022833208705113094
58.77046725715154,-4.47219177632239,5037.557706179989,0.013571332971575891,0.030343319460788377,0.07998562331167253,2.1972961721477855,1.4731629462706386,1.398629213711286,2.1294267486944802,159.9277702380453,0.009691256596188969,0.030259996832749336,0.04537688110045272,4.01649440357906e-7
52.292895810093654,0.7739833365451805,5242.668872326674,0.014920921582582222,0.02351203369029033,0.023480069015591347,1.2340262030177005,1.7600448782111648,1.3039325233864467,1.1847237788340554,5.321415633539084,0.013542114339598376,0.09835068398250091,0.04421294302933595,0.000009099283206760701
42.301398481273324,-2.692038211908307,5710.122489436746,0.0002472543582688759,0.05776776735994254,0.07065421689190297,1.8050631429734578,1.3788501937032847,1.2735544741305285,2.2919120388192264,192.3245567869922,0.01753375262268979,0.005363473013881249,0.04589042219271,0.00033708131735896146
47.26494783244125,10.618966730998842,6449.719703875857,0.0056098938791977245,0.033691471512290024,0.07699984598553782,2.0646484018380575,0.6509590687766784,0.4185158703811507,1.8962619698955605,198.8232539287609,0.00033078697351159833,0.05260417885015463,0.03295884884569887,0.0002818625438887575
48.57335752874357,-1.04259273171016,5215.986416220086,0.01347297906936364,0.03992067611294302,0.07805402643064319,1.2817303056396525,1.7441396905655062,0.4055198242029609,0.9173490365225637,11.421146098909334,0.019531483493565576,0.013449547888249385,0.042805111653330036,0.000032732055348912164
49.30025010790477,0.7439428636975745,5256.296039064106,0.007595651613246568,0.05423266152873088,0.07192184795866734,1.7476541332312852,0.634625960770247,1.3154485475552242,1.280142084732141,197.64794239452442,0.0022688723925056572,0.05407132457092412,0.04463965546623603,0.000525427235422375
57.91141621196113,-6.9774942297561005,6040.548876758829,0.0002901653827995152,0.052736385040576046,0.045022517054403105,1.8256589926207405,1.755806515868867,0.44094949453623816,0.8564514251594902,15.64011733994866,0.002230812670907723,0.002011888459433179,0.041227670313355086,0.00027139311940623217
52.23151790161043,-0.10014674763960585,5807.557468369925,0.00024226671185998525,0.04676753637424866,0.021996088237935925,1.0514176621087974,1.7752081891227838,0.4099136606174503,2.3107395279584413,71.01581413852043,0.014019101525613274,0.06967716342880938,0.03931148560622151,0.000048510592373919836
52.296503484181954,-1.7364175409013658,6291.666991814429,0.014981233426353501,0.05075267468376562,0.031759382722134404,0.9875169091269156,0.8819737397067842,0.5234398127382862,2.109444940783595,196.35714775646187,0.0003264414620290862,0.05617384894853162,0.04229487914327441,0.0000651028847000948
58.9649607121448,-2.3714218105882896,5047.149592053646,0.01495628119232102,0.05749027198099573,0.07953176602261075,2.1492472449846947,0.6331387397702477,0.7640103575399649,1.8798756133777825,88.38805967788153,0.005087460026777151,0.07215591278449957,0.04480215614256026,0.000002505384255017925
43.437076713619646,6.586267493064732,5734.8865525291285,0.00003462634721482738,0.05867394175059547,0.031806243550680506,2.1007101951436855,1.4347576388478065,0.4063279969660505,2.357761052103184,0.2894955056104483,0.019776446724828946,0.0010920813074027473,0.037603357647047995,3.920502289277964e-8
48.71907284304975,6.891761102842853,5221.7937926863415,0.014643972742542616,0.054747253975648905,0.058478252354323565,2.0500786801795483,1.3979869689398796,0.47868657132689474,2.321152618877581,135.8007291514548,0.0002547915685707691,0.001049370767249543,0.04009232567554115,0.00003802773646823978
56.58436796267098,-4.442788047491973,5126.212551056009,0.006945309813489115,0.04968369918542151,0.05411434057179894,1.9992197434157786,1.5676473555047914,1.39918814420611,2.124327743087264,38.36868799735466,0.019646599921883327,0.09269656256032718,0.04322867933653118,0.000005627858663429307
44.79749397428762,3.217972230837624,5291.0918732193095,0.014902765812398647,0.03892681405311616,0.023852590915459097,1.6186333155096695,1.0174992948427997,0.6220570353127208,2.396141020592018,63.127940131778274,0.004114749967648433,0.09519114185127557,0.043626758583058804,0.00008959893857994231
53.13043549322808,-2.324370080695239,5223.104443255354,0.014972113013277343,0.039983590028237745,0.07801157268604236,2.172207479715298,1.1103520122633816,1.3879954544888862,1.3611476709137358,20.284573652720415,0.017998141813312944,0.0012282518769070308,0.044198421513339956,0.000003336124891341261
55.39535233169875,-2.2314837871072806,5185.860462110917,0.01497270270560506,0.05766745019689235,0.06136895366966949,2.0694182763572178,0.6390049352981555,1.3670371831612873,1.6655451444292435,175.97556473853427,0.005815691848357113,0.0019934832388886856,0.04404328323346345,0.000013595700137530237
45.80545749326326,-0.22428061549702427,6148.344138304472,0.008643692946375901,0.023946005482343543,0.04162015626518993,2.0918560780471784,1.6637374025752791,0.909904020923987,1.717720001101648,199.1389693044415,0.000022260045072062212,0.09647929679496912,0.03745900103997221,0.0010071626012108524
47.51383622173039,1.9025633116009466,5970.7973390915295,0.014870875433892157,0.05645812848368265,0.07732915695225728,2.1770433694052858,1.1006692831576086,0.6166253955747069,1.2230879146518012,185.9359635644286,0.001527628890198416,0.001030784140941669,0.044637744342373685,0.00001774047786472708
49.68282427787546,1.385201561583136,5555.054145121501,0.0016563849320628517,0.05951916557358228,0.07667060701076939,1.834311469184357,0.8249453607961784,0.5700904844156485,1.717742237638305,192.98195967712184,0.0000012507415374794428,0.0011289017464850455,0.03857690270855296,0.000050289393162690954
49.61778975866271,3.6627144390843185,5058.472055857944,0.013675618500005584,0.03896204725011719,0.03880137655784917,0.8003766790039204,0.9936887026926116,0.4005317810668475,2.2559098956164196,2.351425469882634,0.0008406063568265346,0.09993884134062131,0.034085910319862425,5.481525365317586e-8
51.46325080125303,4.606088005191291,5083.562046989082,0.0003575146050046662,0.041360042253444834,0.07982169086078084,2.087743142391746,1.5522254856672795,1.3667045064910037,0.8893389313634587,67.25279347597883,0.007948018126206767,0.08144322402462469,0.045087621557884566,0.000017728588982696508
49.770062256121975,1.477786919892715,6203.025068129014,0.0003010550418053546,0.042370494540358614,0.020440602797310806,2.182526960570722,1.043051030140185,0.7494349721374706,2.1602368199416553,0.9654425263100255,0.018519434534626823,0.005908633212558946,0.0433368660844706,0.00009273945534309908
52.14574245459866,6.993506180054947,5017.662356278508,0.013012646694686852,0.05471042253773492,0.04577205064057771,2.141123873606895,0.8635374205908366,0.4190238271417229,1.5889410472478618,199.56548847772996,0.0023346067218849307,0.09851485573142073,0.03760848294478663,0.000003975916057576227
46.01488130841644,1.2881436125874188,5587.659781751414,0.011042380093385045,0.04744262286892591,0.027816954894643177,1.0439909570737176,0.6676714535883043,1.1548865932790073,2.029733747594844,133.97247898914534,0.011480882421358656,0.08322444854109828,0.043143823013912105,0.010832632302361379
45.19506566820841,2.423246586655395,5308.753789653989,0.014963491250512315,0.044873311533957905,0.04207716623204674,1.859831693441633,1.7143283951077457,0.4015902642301668,1.8267412139460535,1.720949319417252,0.0012743510931994483,0.0011673385483895473,0.0375962988364702,0.0000035741312173522216
51.64397455965031,-1.9381822438727827,5126.289537422484,0.009888433781209287,0.04180581813423849,0.07738447363673417,2.159479793776957,1.1439984463685269,1.26440345785159,2.259679151793044,181.72353804324572,0.018575184721337096,0.09937108428940432,0.04292941450487143,0.000014859329378888731
53.47688520386157,-3.3159654424182037,5013.869867536097,0.01072479969959494,0.04966450121680186,0.02725435198703694,1.6314841894034817,1.7484232383912812,0.47241482382868144,0.8093236754187961,3.7128172310976093,0.016318528243518652,0.09996560673432933,0.04460759207377795,4.628860998391451e-7
57.26993900521512,-1.7414494851268572,5317.744205836447,0.006891385622270753,0.05507271552061076,0.03167809386380181,2.133988941226863,1.7641147029965776,0.42395508795961545,1.6403507812523563,16.481231732622863,0.019936075543022787,0.0558564144351904,0.04406237121186256,0.000028166916508298807
58.14229595411555,12.288430218395508,5001.781870891762,0.005942130034994038,0.059617079210981444,0.060887771043305255,2.198401980290842,0.8693387179699653,1.0030532126864067,1.2945043025085787,196.3775400678208,0.0030792128539629897,0.09537312543422259,0.04137983436100518,0.000005011535946632805
58.65898460037799,-3.5907024724053986,5700.940025698336,0.0005246944374828913,0.05353553855421593,0.03706107994892442,2.12058880194222,1.684783153139116,0.4067013865002733,0.8517574277040291,192.27863855191544,0.014725615010319493,0.08005368673904811,0.04547793165444084,0.000011824332788085159
47.071780853969855,0.7870717483837169,5042.637868711017,0.0009012869824032992,0.03942028405693393,0.027146179931744004,2.1983762622288068,0.6604845135986286,1.359748462853044,2.383569690667067,153.60528016009022,0.013983570017600887,0.061011949778981237,0.04636711003604731,0.00000371200918938517
57.3445674303266,10.963932496300131,5180.72076517319,0.01493385049772738,0.056838000454595035,0.024472743273625235,1.8726468985602918,1.322001432545702,1.3344416531822603,1.714246379493019,33.135858124623994,0.016112370917551654,0.0020917484955715864,0.04590782813762766,0.000361473749471453
43.53766835986958,-0.7844735596994354,5040.011632325008,0.00001219582224841327,0.05843572052464227,0.038701506589858076,0.8464609734308153,1.6858086690426215,0.4002868466297074,1.111634918931546,28.027949313317084,0.012377484555083028,0.09666601188350292,0.04675930992289503,7.060617660139249e-8
43.26534594032041,-1.107924876969232,5161.989775146545,0.00020304026128352054,0.056580882778256215,0.039500203651433245,1.682457089342981,1.795461558976525,0.4009310244387126,2.3494034476436205,140.79376178309647,0.018525477534116472,0.014375925395992955,0.03942917827932428,0.0000016057452821315634
47.27977074621535,-0.7940141648507169,5687.774277641584,0.0057665930287890245,0.05440270573689853,0.07755043994993857,1.1419370853063044,0.8072735555310749,1.351383688183873,2.3927745808719605,169.92789508652626,0.013725791281674655,0.005785391539825352,0.03517457406806949,0.00047907671893963064
47.67225780096925,-3.2471971090786216,5834.57784845751,0.014162406430658577,0.03728911935039972,0.07131605731974547,2.1886724028369313,1.3524010209141442,1.3998928201318162,2.0540434056194883,177.36473077166036,0.014715403627821904,0.005663189576641853,0.04202865109773198,0.000024374348439049275
47.70040851470127,0.016660246899030895,5014.864676969381,0.008626481462133536,0.05850793517268028,0.03639904027941339,0.8496996652538586,1.332938797772742,1.194917803662844,2.382789614665155,133.59196238469002,0.01944671775649654,0.0020736339989880096,0.043750719936933635,0.000126959371208184
47.37799690462476,0.8564386241666675,6178.584490175191,0.014414780844765267,0.03580799207277036,0.05203150658969519,0.9019366208606384,1.0973582489401974,1.3038416002575663,2.3435724670826947,193.2766819613686,0.01994348702539938,0.09955144472348303,0.044998302833934294,0.000007697183752026227
57.388250155196374,-1.8227336959105696,5003.443402331661,0.013428404692929424,0.05855369052952771,0.0657830646664411,1.5683231403380624,0.7366740642072418,0.44265218582693,2.389737522860182,12.887396565481996,0.019288701147565663,0.015608906173561553,0.04577421334201398,0.000003024397323508875
53.459038808125015,-0.36364081926867264,5634.173270005505,0.013722024805034436,0.04894874405376332,0.07982939205837992,1.055795780416803,0.6003051432517321,0.40310979346275905,2.362527805316353,0.40890205853371525,0.017502173598801855,0.014494651620214825,0.03721656264376417,3.4036631674769636e-7
53.82719346318032,12.537662733162783,5304.796945835242,0.012147659703711323,0.04079802635836239,0.020030464934309513,1.653063753822515,1.0241970392783137,0.5691715070663583,2.060747437696311,0.9431805574172001,0.013639094609447289,0.005438752032077624,0.04626799256422376,0.002796760699158277
61.731469149928785,14.115251108962255,5061.4562973609545,0.01292146470915099,0.04059096969628766,0.07447000375529887,2.196694876792323,1.4606364460078494,1.3932973679806522,2.399267582472402,71.69672505179308,0.0033960684523159468,0.006302857138034537,0.04669516592391375,0.00000887494066674041
50.80881233594318,2.468767626245338,5054.1801615980485,0.014902362264434617,0.0473005367103191,0.06560488355946704,1.665212789267038,1.7945860228532626,1.395322649735765,2.173534415344113,179.21648886799986,0.0001620129980999251,0.003762441719572485,0.04684893434744955,0.000002993117985553594
51.865337213490996,-3.0956815379210516,5013.438138920489,0.01386806698378443,0.03716870685736232,0.07438671173604734,1.1744680648182122,1.6995186428956606,0.4521986045525953,2.3715475019880845,142.33867469528548,0.01852521390413332,0.030765786191106707,0.04220310546073448,0.00007345681630403708
52.28939269241525,-1.1375595299966452,5544.4313811142265,0.00034706110309576583,0.03505313931230631,0.07606751288154885,2.142651615326166,1.279512226736665,1.395907723774756,2.3634343106201987,22.581344536488444,0.015187522774296887,0.004341528449971911,0.04532836119796161,0.000034294999489513974
56.65108469455444,-4.388480817957787,5223.475989444947,0.012793054845811452,0.04412593720754991,0.07935262631625825,2.0878401561289603,1.7986116027742463,0.5337944387540676,2.245387435572729,0.15575929202619562,0.01886600544451476,0.0015463116755781551,0.040518720968794227,0.0000010500898224565652
50.788300881831,-3.268527311683254,5091.004623628556,0.0006895926754489661,0.04074865997451975,0.07846636717606643,1.6905559132863108,1.335251892141185,1.3226533430611382,1.1162257059625136,177.78275326313747,0.017836845873612818,0.05713590899212447,0.04408439369448836,0.00031653414380481565
55.56173997343501,-1.3891314275910531,5840.831192349178,0.010865869501012659,0.05762165987413381,0.060238411617150114,1.8112850420346764,1.0146033201993745,1.3974992779549509,2.055866397432946,0.1222351352444716,0.01968469948468666,0.001965015076646482,0.043739218721356804,0.000045621787435373466
47.8087965940131,-5.000611845071521,6281.207214546296,0.000034741100763611774,0.047207420792689164,0.07938786265794627,1.2233636177812652,1.7997144294757486,0.8245263393334806,2.3818846067345496,173.13330515307646,0.018084349181413103,0.006532931399749927,0.03954247242324719,0.000006437175647461766
59.55175854557167,10.182170897412771,5542.793042127776,0.0016901777938779562,0.05845829231483223,0.023332900263470967,1.3256569173332093,1.2544256348110199,1.0202841440415562,2.1951231568792156,32.104107094211074,0.001277410935698798,0.004961862645576547,0.046610493436199815,0.004591445578137061
53.396630581946994,6.928289781987388,5826.302040400356,0.014090021326496154,0.04754939631940725,0.02946017176939611,2.002850364608942,0.8651836650099829,1.3921152466459166,2.079204511161264,11.640509127136614,0.0013737656028182147,0.001333543631805785,0.030351251827581437,0.0001375534516563339
51.081106689070275,7.6104070418226755,5373.599258638611,0.014989926122234223,0.043303123843604394,0.020826060287705964,0.8980461173777327,0.6874832317583937,0.4087726823584098,1.2717962059237626,42.24594621689661,0.007976326070853537,0.05622079068474638,0.04578146098720205,0.000021252907283614343
51.27916723652777,4.204844722944328,5043.045893688292,0.00273899876436507,0.05925141181347409,0.039218332163281584,2.141270164969929,0.6088845205358968,1.3917312518291682,1.5931270216614069,193.37613678463177,0.01987941278624616,0.01107793585984305,0.04227264974592297,5.981054048383063e-7
57.62682704058317,-1.7409656879198323,6307.996612127809,0.009385610336372696,0.05877584095799633,0.07875940270501211,1.1333739362966275,0.7778058602041846,1.3619483171430824,2.2933509374605827,196.87930419003024,0.01980900836992955,0.07087428980267432,0.04207082194210722,0.000012683363494583983
58.15731842782096,-4.278148485061002,5959.570412014737,0.014296766897204815,0.05739791437515028,0.06829607661738261,1.5511348082032894,1.5673153848587997,0.810713473102879,1.9165111434690774,194.01882556296948,0.009529913852228355,0.0011203181718601395,0.03738281017127635,0.0013876418382873011
50.69172469522217,7.5049148821079505,5061.605823387413,0.012457432148669971,0.04957582000862517,0.0757267127310329,1.8604637640510608,0.8339844204477906,1.200472104977401,1.8181431838509627,96.03502709079848,0.019580267783646278,0.024022571125977263,0.03166438698094716,0.0036326496962775755
44.48379908672456,3.395305440292736,5000.9933303388825,0.011327428591801978,0.05779302918484701,0.049094248072098834,2.1611165082315535,1.3722317481505157,0.6839376770395946,2.063135502570489,114.12961637264907,0.003761854933362768,0.0017197182507341193,0.03430599551299807,0.0006410010792294945
49.50991632179232,-0.7277214898118132,5008.527406100956,0.01083446463740707,0.04980695031456363,0.023596656471828438,1.6556798615518646,1.7769811703005347,0.9380862259434715,0.8174127693561948,51.60720998267703,0.015315215474506694,0.052851198867442314,0.04445117567234739,0.00035151822999608494
53.212982516864905,5.3244466316368175,5064.9558283505485,0.01487012937897092,0.05634696993080058,0.024254376143088553,0.8934097771712434,0.9744446146322627,0.40020593642827634,2.363454630033895,180.51985712187343,0.019985677510783985,0.00124676893695481,0.0465475264917308,5.775725395997546e-8
52.429746219491406,2.1179459100667337,5320.501802780954,0.01491603915902528,0.0374611775638694,0.07653465671409936,1.0588932012972907,0.6612357525129421,1.3056739896380924,2.325387162313886,183.81462047796774,0.013533725535508643,0.0870143188632189,0.03929896155158077,0.00003472042733400949
43.510046068090496,1.4772796500458725,5081.669894444377,0.003451910765081013,0.05337989058156048,0.04516150169326862,1.2667409165928816,1.780939265866107,1.3903399342074167,1.9541091302608313,2.4004237859581368,0.009458208275437361,0.0027282108546601382,0.04667225472243676,0.00007785985784745289
42.6462972962256,-3.2806562877846543,5257.729907289651,0.0033957529911691512,0.05803211637069171,0.07859425207115935,2.191017273047562,1.7056988326171587,0.41195480410042723,1.249428514566731,7.963211852400715,0.012798552092731504,0.0691675387488106,0.039313859923949514,0.000007842565719321178
39.041228550431704,-2.1134212716426095,5713.641515820125,0.003332187670684756,0.05890509573236082,0.06723286365744252,2.133180254993548,1.7757853676988367,0.8282892735613974,0.9952329985642491,30.81121309122151,0.018465310028908243,0.00674607323425531,0.04180299908843297,0.0005551434875727297
51.7259203087202,0.22592354528161174,5009.902419438832,0.00008543279625336742,0.051570436392626345,0.06067740080363672,1.8618279469365417,0.8991534607343674,1.273514415446015,1.3826628463471888,189.38932114855157,0.006694611722355237,0.0010579800317692672,0.04666220406765961,0.00006691924225271523
47.646308992070146,3.278241735899808,5422.648192271016,0.00041545165342530627,0.054796465363827984,0.06682425231145846,1.1741243965870043,1.3664744578551604,0.420548630502904,1.9865671496478376,148.4049667222566,0.0008990538780639064,0.00251860080637568,0.035143090830005046,0.0013210933669256244
54.773159593839765,-0.5598358871837945,5386.24029132213,0.012376581005548512,0.058426515395202494,0.07623925544434258,1.0236966863839803,1.3716358555347197,1.2901792728181072,2.1310375296754143,190.42013014858992,0.011241077103169938,0.0028594986908651943,0.03262814301603956,0.0011764217892882625
48.965741569662995,-0.1262061875296041,5024.650797888674,0.0034784015741132087,0.04436365320220799,0.07640182746403142,2.139816973711956,1.2522835306995783,1.1434967035446078,2.3886780445488682,8.800330376990887,0.0027658594963239154,0.006108964679986063,0.0381133319589586,0.0001514629010917122
57.0445456885374,-4.090962006126613,5433.461956930817,0.014217354016245506,0.04967307066114074,0.06341685450222495,2.1741344993753833,1.7541078351488397,0.7919043447708408,0.8611297370297674,197.07690739375153,0.019775997729543728,0.003298499763132351,0.0412972836573048,0.000013323331047760217
46.404946303308776,-3.9700294403933167,5240.286903904666,0.014701503202792916,0.05553944906182846,0.023095838594018484,2.181092856486522,1.7467840548396723,0.9431950560011576,2.187643177529775,0.9209119412673429,0.004693523438592432,0.011921312357992202,0.03953471431721965,0.00000807580075543878
46.08876348831624,7.645274338920498,5037.2857555888795,0.0017597217175970238,0.053288817916843395,0.030032517189785647,2.095530917760912,0.7158427795944836,1.1249179297649723,0.9211891241753956,161.5599788263565,0.016932376932513444,0.09976745585585903,0.043839509963279406,0.000036553456138876034
58.2135392859805,-5.514497113405584,5301.031668005035,0.013315090348151485,0.042493245666771574,0.045991141132795885,2.1320230146301373,1.2222585119944984,1.3977066802205322,2.1973340839782587,47.307587682041955,0.019149027253903474,0.006526247198889426,0.04631333555808717,0.00010094075970434128
39.450653359298734,-5.5214732311513535,5822.042513580316,0.0002343691147710055,0.05973793888386908,0.07978647095548412,2.067963860576457,1.3760536071107197,0.5635500537655926,2.320000508289186,119.3557558721045,0.019296223721942823,0.07620872665200386,0.04528073405443669,0.00001029842930774251
53.55175860099735,-3.692894056481367,5012.687768990047,0.013425976436085913,0.05941175428982061,0.06429390296294844,1.6401593548405677,0.6063089165367206,1.1441188458776672,1.7783054280000412,198.93521332200208,0.0023929975725673716,0.0858988542598551,0.04518890560646258,0.000004138751363269145
48.3480224967528,1.2991500299652312,5050.2077627241415,0.000055439698414586034,0.048535120068736684,0.04078654994204,2.167177178918164,0.600920417581513,1.2966033926786213,2.367739698264002,37.34334177929248,0.019831923376670415,0.018705532875639138,0.044996780760304764,4.796284283818987e-7
46.2405125011621,0.12544701506155675,5335.940857472784,0.001794411605880213,0.054168908912510416,0.07146773865852485,1.717493279262535,1.7969005368485487,0.40299359061231144,1.9744772970647886,2.8552817516435165,0.019374050767447304,0.0015759609798631652,0.04057552195424516,0.0000022311064670152597
44.2517990900728,-1.518725732106395,5213.242132436195,0.012698838717329925,0.051227569510235424,0.07029504942647904,1.2241652729798014,1.464616775087043,1.138698112423002,2.1340246850732747,197.798164541494,0.018865108693415088,0.002542394731211403,0.04478810347625485,0.0007663376962504698
43.53491808641637,6.179111364430668,5006.624709784236,0.0043827100625956515,0.05733132188373543,0.03487834179914728,2.197023171140115,1.4417477084884511,0.40443054839663434,2.015338600949886,172.09709569527047,0.001836732352103348,0.0010220358673238554,0.04602548655899542,0.0000018792145750397063
52.61077284377751,10.613552971228717,6551.418023474032,0.0022942059182456316,0.05033066991781166,0.07994616675153213,2.116256094723581,0.6058461903574107,1.3826487491477715,2.3607917933342057,162.79300182992966,0.0010729329214126486,0.012057079711322196,0.044265076390213584,0.0000037522300353136284
44.33934594078903,10.054575438914586,7090.658808979584,0.014497252133411217,0.05706639040966695,0.022486863008955863,2.155258578594827,0.6915500732169299,0.4007455596218812,2.269265444833552,126.327623296948,0.003927921544391438,0.0015408212653966237,0.036253104053381766,0.000018028727893304747
39.829414847083356,1.7679331800913083,5707.834875685321,0.013769910274302565,0.0374847400061528,0.0799055889628413,2.199545339538135,1.3440879646504886,0.40092532761138167,2.3716651975988854,135.8665742942038,0.0031784389235755377,0.0852560377713167,0.04165358900243517,1.0343189997238623e-7
52.04519116251551,8.742944013250138,5198.681457632508,0.014194495883732105,0.032831285094177425,0.04948938399841894,0.9277429595281246,0.6580230238511028,0.40046893784470095,2.3177729971921597,176.99698495919029,0.00007741115253242588,0.08565783766064385,0.044604648540476036,0.0000012469441618185964
44.85922347949144,3.0996829530694026,7123.050196814548,0.00009986569988147385,0.05886353171426766,0.04514688347262221,1.6420420542134604,0.6599634753467671,1.3935108335800566,2.3471356620581503,58.12634678532148,0.009259460141168269,0.0010373170512800345,0.0460974339737143,0.000010048269954487435
52.354383952541085,6.90414797656895,5007.293122444472,0.005860913040477045,0.0593798657841938,0.07942119405203758,2.040657607527761,0.9475565970496964,1.3758790520136681,0.977125218927732,3.7490545808454003,0.010808552600694714,0.038987218460729826,0.03947048995458091,0.00001922123195912989
40.48691991609754,1.255319083616465,5426.127327177359,0.014984017714854036,0.048997657108312935,0.0794173829167169,1.9783136056734087,1.7911862483440424,1.3986545221722952,2.3042281340097674,11.232366204187311,0.009431907365286266,0.0012227859399525152,0.04482173867440974,6.62470642516061e-8
51.66151997718062,-4.479790722076207,5064.869397304295,0.0009389655894458393,0.055971231141058043,0.02599303015052513,2.0291539159218663,1.351192305291698,1.3593938809870036,2.355803292008229,182.38391418692947,0.015600599324859014,0.008209813951314789,0.04556037324843271,0.00006201334468457422
48.21979854280065,-3.1133716151602506,5157.1155528469635,0.012589814781232824,0.03773953220056526,0.0774901807796644,2.185092564462323,1.7700162886945483,1.2265445454824144,1.0036909636982918,84.15869443554823,0.014486646811295195,0.09819784598935516,0.03788040497301288,0.000021355893685073584
58.49842766631183,-6.047835689778539,5342.811439655819,0.00020415068663370194,0.05147074735288448,0.046784959869661066,0.900668400094276,1.7952193643474774,1.3224985125505118,1.6863117855486482,50.25968402122456,0.01850754460974153,0.09747104096353261,0.04553062495451282,0.0000019572628980031338
49.86564181138586,0.5710002899767552,5674.725654670381,0.00821307642627965,0.023640986203821237,0.02793221327533138,0.9835328526071739,1.6872162806543436,0.9071869890830017,2.3490160013236574,56.43783520981951,0.01624858412499896,0.06682314206986298,0.04523823670225872,0.010661728685607306
58.58663846297889,-2.972363488170531,5315.891425078629,0.00960869489155263,0.054872877966762615,0.07800025414948196,1.0181883804553769,1.7376163627568726,0.4001423923644412,2.059585234573313,151.9751785213612,0.019963764896293177,0.09973515440246129,0.036836848448716396,4.854304790210402e-8
47.841042338033276,-1.5485213669692381,6087.260366165797,0.014365279196914209,0.05585300144638389,0.05124159845271363,1.1527925204806324,0.7964034662485937,1.3980046961096164,0.88345502392457,124.55973344777105,0.0005048096743574427,0.005497208677284164,0.04511405201072291,0.0000721642548883093
52.249059864632,7.188018388521364,5041.097279172643,0.0003392146590422062,0.058447896982100005,0.07921722711302132,1.1699070074673434,0.6140361783595406,1.399119428472729,1.9423510766166185,191.13044978662293,0.013478352554728517,0.08644831142350175,0.03618735695369905,1.023531905664506e-7
40.254857230756365,5.21888623199381,7099.693577386628,0.014104006484831969,0.0494388859732104,0.04425379671006821,2.159887535827332,0.6023513854298791,0.6079258237115068,2.3531419796993127,102.93889467341329,0.001988633432453742,0.05383874169892364,0.03608400168254928,0.0003739395444764495
46.33270040883626,-1.0078113960688295,5566.939255366631,0.003195103007789773,0.04856925426980006,0.04884450704970364,1.2153095528350801,1.3588963400487772,1.3993751539213122,1.7395524107130549,190.42461579572168,0.018442039247367637,0.0027646088278496456,0.04571952328506082,0.0005369744651437639
54.65316134459654,-1.8745192582613672,5495.30750812152,0.014244066711589117,0.027369899859405123,0.043292184343962814,1.887367399977088,1.7524252505406155,1.3973222789152953,0.9455832197844012,0.9299675326208309,0.01907702356012787,0.09970534472310373,0.04431228001530018,2.995216316914394e-7
40.42012947250329,-3.192964050841737,6217.520469988244,0.0015156004639079244,0.05879861424871134,0.05502948180595271,2.1864861272178095,1.7594829100035767,0.44964330368434163,0.8013598035542578,146.63776430517424,0.015438456582110684,0.029023072534164928,0.0388175722098692,0.00001766188927372202
57.23595028939937,-1.8801869447977353,5712.200411998274,0.012628023943283257,0.05970569370852255,0.0411454655358133,1.3372307983598093,1.0988425427405197,0.4000622814156394,1.4156032649664074,177.350728331556,0.0012625158188413926,0.0012744676536503995,0.0464332116886702,0.00001637426817503646
44.50403400180816,2.9406776952729086,5499.79900940782,0.01010383062819667,0.058555458431797124,0.07271612613678415,1.2302251482199793,1.2979342487084193,0.41214195710605395,1.060936570932059,141.65436211779436,0.017177707164932866,0.0010338369807357005,0.04573819041170509,0.00042556633593632867
53.36049403399281,-3.635202600814103,5248.46156992478,0.00013118944733463755,0.04323996138269487,0.030186420484764227,2.0019839440336904,1.6712261804666944,1.3899334725155394,2.243283753767548,167.23640972504157,0.007667019701702634,0.0967141764604699,0.04524797869165707,0.000009600081819033266
39.36681352425754,-3.9867989980305483,6050.215153877165,0.00011747327755334462,0.0591652163318279,0.07954037553913208,2.067482220455033,1.7982330325000588,0.7180208105198971,1.6426661922606796,4.3339963992106565,0.006626590110324042,0.001159387281098959,0.03872187760925137,8.860679873528496e-7
46.747217823599826,0.06057749282176239,5407.402982264604,0.013769938512594346,0.04761696827716587,0.02844561036918094,1.6094053542562663,1.516699544193417,0.49335922101173274,1.3328446367186977,0.14743015504093704,0.01778143773046932,0.07311238090675994,0.0433232711160904,0.0006668889578760066
50.68775000490134,8.566724514658436,5015.337154711027,0.0002497619742798527,0.03838135507128973,0.07745603891728242,2.1769225903027634,0.913727133198815,1.1286063076806951,1.9862026117608507,97.68596179451761,0.00014842689229142768,0.08340416500613658,0.03295066970026282,0.000022618850608363648
50.50469396133961,-2.4022892662261786,5873.456560142475,0.014889816272941333,0.057433478264670317,0.06939266003793572,0.8350763035567697,1.052328465435671,1.0064999413805227,2.104672520834213,52.23947103775014,0.018203510405526983,0.004855028608878591,0.0321042113424491,0.000984988240207205
59.86872882757405,11.714173904619642,5427.238487575674,0.014187879495512597,0.05763377369269858,0.0536928881760592,1.8076664872182044,0.975485485965738,1.3745398701238714,0.9087427347898388,48.324031606170834,0.008223549193396233,0.025471790079084955,0.04617671490938711,0.002324765269794801
55.75166134994534,-3.932530251000639,6027.799310425379,0.011420867976007562,0.030995819946776765,0.07808459506701053,2.0874350387190583,1.421779595557846,0.5906648602196441,1.0667363810066692,164.51407968910573,0.0006281188533516006,0.0694827090133299,0.046182125106884034,0.0036932887427166845
47.16639195938413,7.864614031318549,5286.245462419535,0.01269738163805598,0.04773427613081132,0.07729448779523501,0.9551211974417408,0.8154435938042488,1.364915068838079,2.3866126027932806,114.35866646418293,0.00023073405376023275,0.0071796051273690506,0.04133369369941399,0.00009811275181844388
48.80863915459454,-4.602804081267185,5027.288891476246,0.0045400237260888494,0.051368416437948115,0.07385788512227545,2.178719563241284,0.953335336073637,1.0742620167190973,2.327186076651903,193.26546317876435,0.019202188015179204,0.07210980177044261,0.0417454791888159,0.00001594286172382222
47.16755127489897,2.0041098599770155,5421.7887417115435,0.004369506176645898,0.05640384528933809,0.022575747138507445,2.1370344374780905,1.3525152257189035,1.2783527383907267,2.0576414355513046,196.36338172965984,0.005347253687862148,0.0014086154636457915,0.03684823099728062,0.0003021452806351444
43.63040994730535,1.3848132012511503,5020.420046687822,0.004424584821724529,0.05382139349680101,0.05563921506791192,1.6893987195329128,1.5938543932266924,1.3514784924017857,1.3178762457610973,134.78745375311564,0.004637485867462902,0.0038962026071919327,0.04386493770734783,0.0057255226604248245
49.01452226833675,3.7579594683815767,5184.266262392377,0.014641336590928871,0.03956008593001456,0.06954989951980625,2.1882167311964698,0.7158354449473832,1.3996464796474193,2.3640450685816097,9.03326982899815,0.0006737956384027708,0.01035907240285269,0.03537727054976437,4.799322992308886e-7
46.76958725032664,0.08146421995314412,5001.548530925783,0.009388858170133046,0.05683107445986256,0.041826240047073276,2.175848538967712,0.9274749819825197,1.3649563387720323,1.295107629899389,179.0166115125781,0.01977036831987984,0.006718954306425144,0.043911304676902706,0.0000267646557493814
44.860325061507716,5.183842055237642,5026.506456650328,0.00803061114315707,0.04106470039006205,0.05152349562706229,2.186972583664216,1.1223398313819233,1.1878834433033525,2.3990294037703954,22.803524555357267,0.01630680102156502,0.03465215115526891,0.039645577824513056,0.0003914960154345424
48.20383233396074,7.567059893349466,5025.988460827345,0.014454381681153594,0.05147316497191566,0.02579843184761034,1.7462374750513634,1.0742547690618551,0.4445044836882407,2.2236364209799433,152.33374787208047,0.008735888213349138,0.004167389858567412,0.03839918706051375,0.0015667269974015403
58.244767038574054,11.83159914259286,5873.064375210784,0.014826952635953464,0.053664072115867684,0.0573686465533087,2.094272060240476,0.6437773339839987,0.41028347653343916,1.714530484468781,190.6201437430744,0.0035268228973817494,0.0010345657156866383,0.04108612494525858,0.000009255941650290746
43.11316474308562,-0.46372434966525766,5320.868962352295,0.0030376163388267066,0.05053689220822159,0.07976806024583905,2.1968789573072365,1.7573145238090992,0.6662622877912061,0.891848136881348,187.5999900086823,0.01121053290452264,0.0011463753829443484,0.0378566082648817,0.0000056473110931776385
48.554343566777575,-0.5178631490627623,5111.479920270157,0.014635687786877339,0.042857737901252836,0.035764081711585446,0.9646071416049012,1.7907254749996007,1.398772721298414,2.3274334344588627,66.2813017418942,0.0009741045218966514,0.0014609856119443237,0.04534321472391499,0.000002262903363517086
59.88975727736127,4.9561125634297145,5509.303024690811,0.000004828717731575287,0.058978094248586355,0.07760171617925653,2.1799935991035393,0.6232067358908459,1.3964455531298245,2.162462998294175,195.6972469830663,0.003640952560710717,0.08274314923508974,0.04576635634508021,5.8622428397689946e-9
55.07602813583542,-0.7059445934598667,5029.692241462364,0.0007501563116976086,0.038707992845277005,0.045947449519761235,1.6947711104497376,1.6989161510084698,0.576655014651626,2.122350079481606,20.939427966049774,0.00016456370867285516,0.09968307198997159,0.04347847512610458,0.00001036432645253761
54.45021402075999,-0.8321883416618814,5152.236754629715,0.0007319890437226205,0.04896457472985511,0.03897308664912796,1.1416169302812873,1.6868313095065117,0.6570140199074747,2.130865158915257,92.13628424645363,0.002242629099907954,0.015657787394595238,0.042468695036607614,0.006032960798656081
51.283005372347375,0.47827810900657575,5342.610811028926,0.0006075908304775991,0.03181692016673711,0.035107469857833515,1.3379611735864594,1.7908047758303698,1.3843700806222716,2.0786628460357957,2.406541198475851,0.0013852618238798073,0.0925451313014228,0.040235753614218175,0.000004865376003233752
56.306483118973304,-2.705941857341535,5040.249589141196,0.010053931923088061,0.043556988210456705,0.07391519496163743,1.4375676756207438,1.1060133475578897,1.3909617536553827,1.0149430320455837,155.6023354602349,0.018962184360305175,0.07164373689148394,0.04456357188497241,0.00012709964027420533
55.95835475626672,-5.031071388439843,5157.423018084753,0.0042881128844140404,0.054445102222189797,0.02736715391583836,2.0571694028529444,1.508272877387999,1.338339634954521,2.1754599558035155,4.255083449518747,0.019914950040868674,0.09967007127294912,0.0454201974101409,0.0000013731696454502647
40.41040395409952,1.8889695736814325,5148.61761347333,0.014999204450749292,0.05633263015791585,0.034364563303314166,1.9014006566194133,1.2160449106370481,0.5000447188215216,1.838901146668822,14.641482226097885,0.0004191187922688121,0.03014275643211798,0.04167646068322042,0.000021847874292808814
58.547929801229614,-5.590643006891091,5215.390977255708,0.01447378233640264,0.059279816218975906,0.06733823081497362,1.825757041952154,1.7662701393945839,1.3893205900690004,1.0372720880567632,93.44268881126388,0.000709533030812617,0.06983433872127223,0.045599106930745315,0.000019799921235026937
38.840813247353246,3.6432816382871405,5011.577400378523,0.0016671772993038028,0.05825420662231137,0.07470253282778729,1.8082890249448431,1.334682140348231,1.1325430707898922,2.2151739098446317,199.29317281524726,0.0018261212825461167,0.05075237443818389,0.042845041998943324,0.000015924670957311065
56.590466961681116,-6.127710415110517,5024.439174068388,0.012550017515241749,0.044075514307578216,0.05069509190587297,1.5430793627956472,1.3178640225824294,1.1702220661125675,2.1280244217615136,9.862470733633245,0.015620145462386,0.03524965970364517,0.044016277935965076,0.00257640332560698
46.988991642562716,-2.8916873079728465,5023.3130175025135,0.012484498793659923,0.05733832968497911,0.07815747392922226,2.0734522388753396,1.3342123080811328,0.5721144763838386,2.381042461023665,196.57908511236494,0.010764721577457061,0.002643109605833975,0.032643531916692066,0.000008650061016686987
57.1858075950138,-3.535630492104949,5550.185320531066,0.0144220044230473,0.052992041781000344,0.02069467405655833,1.521254372578199,1.471478119440409,0.7115495305566305,2.3088951933817796,2.36602510206253,0.0002887158908045699,0.03630961773257808,0.04659536318428604,0.00005862288803670654
38.80634991724481,2.928251857103799,6047.981569298474,0.004813246845995782,0.059439995459814446,0.07990710073661723,2.061276820114956,1.7985113269387503,0.8430707650301981,1.6499994788322858,92.60773716614756,0.019732339472185417,0.0010046637021497663,0.04213975366212829,0.0000013687520296817144
53.572754107555824,-0.21327317547983426,5014.49686038743,0.00018796807969009057,0.056032013909672766,0.043359382990287236,2.181487390954988,0.791609509938582,0.8182965641745528,2.231086379166893,194.89781274277087,0.01900462064821779,0.010497019573161674,0.044646623024887026,0.000005932353157687942
47.467594327592934,1.360554399928553,5040.34825721189,0.013078181270964204,0.04780896751896143,0.04069986318509912,1.1187322333229903,0.6352341616526717,1.0879926891903247,1.273490053676856,89.04708333358803,0.006851380586725832,0.02961927170067135,0.04324530951431111,0.010102547815996512
49.361835324461914,1.2895331082999721,5794.243674112484,0.013348706954537957,0.05746674809910356,0.06155626724587007,0.8367977669697788,1.1848826765393035,1.2071350911354752,0.8018709296130484,16.19757335281373,0.012243889678152773,0.0010222502150889806,0.04303560129441486,0.0001419196924064525
53.921184145658515,-0.011012533205313702,5558.082788106464,0.005139685790114976,0.055290882357739865,0.021847077279246774,0.8218923972098789,1.5595111415599114,1.3932942099585626,0.9471780428147,90.18694600566178,0.01716648095485313,0.019609509105162765,0.037950893492604824,0.00022268261819506462
51.54868097183818,6.203141338072772,5262.58700549326,0.014378224254398045,0.058263446672262,0.021271636206928204,0.8408403562188383,0.603528681286866,1.054933544070098,2.3816867402149393,109.0673225753897,0.0007912009552943667,0.06671164048260764,0.033361744529329045,0.0000018883126272927945
49.64267239830395,4.853243973470818,6273.429956837225,0.014982279399722357,0.0578807319872683,0.03886880159887836,1.6816408176118327,0.6701768795721835,0.6751522586128944,2.3778519462650367,26.874253971826747,0.004129920480616237,0.001010756410009558,0.03150615024892743,0.00001324011539343325
51.41084436949094,-0.8816033663805243,5143.291373727232,0.009681892806461817,0.05960997504626577,0.020275929500064148,1.630584510087034,0.8646782646768119,1.2177831241429367,2.3881662476913865,183.63592777145593,0.012060669652701656,0.01952567792038639,0.04305598496532481,0.00008976813155449898
53.932990810725,-1.2082672969578052,5261.777295970265,0.014757508286086187,0.03669822188766705,0.07119900642936791,2.199876436271359,1.7989695019397494,1.3370471265924717,2.074616231785022,1.22481742502181,0.00022801376848480753,0.0010285846160611155,0.03991411815410968,2.980088710353368e-8
48.98260677267605,-5.583698467332275,5106.049031484554,0.005701612295018954,0.05937178634104953,0.04973143835974852,2.0524123510208536,1.708480508993118,1.2105986035893457,2.309527553218757,13.187815219886168,0.018463444729895983,0.001176556255546221,0.04321058294299285,0.00008256453261737909
51.38678967328879,4.357156925734284,6237.8112871382,0.007087748777442378,0.05828560282504013,0.021313332233775198,2.1540707105308403,0.6118519886399721,0.6659774025303271,2.3990252385309,115.89399273878614,0.002471316634518226,0.0062785017844601415,0.03481555755038759,0.00006816608844881504
49.8551439489872,1.4421471556814787,6296.695098400835,0.003020503542566977,0.056964347138170945,0.02101774579711185,1.493720177401138,0.6318342247282311,1.1534906703579084,2.2840805877701698,24.847898733133384,0.0025324917563738962,0.014942468152275205,0.03857483187994883,0.0013200115027440786
51.164164542288326,6.8003885379026165,5625.619225546617,0.004082546493428319,0.0304369377651148,0.026527600651073846,2.1673286133828675,1.6224424926510377,1.1496847478842107,2.391228793334033,171.81517530881897,0.019840956308640884,0.03913357574139446,0.03696509259295689,0.0003643249565112692
51.43560282159538,-2.031918896375494,5221.821856156597,0.0021451116575118517,0.03992589624071387,0.07957875009987354,2.0914064484162034,0.9206175838798556,0.4863165695641946,2.314981123710692,52.31770705972293,0.016481035201685427,0.02038157355751269,0.046146146737273845,0.0003564381218754788
52.486364379489004,7.136779272971477,6840.354041233031,0.01454495147820229,0.050455826609290974,0.021303113958840852,1.22232334818294,0.6149424137809437,1.396096812869763,2.3935132874645264,21.724302428342966,0.018699785368140924,0.0010157044766587733,0.040616269697861064,3.296631803718615e-7
47.664293602311815,8.50309495009629,6238.824012596604,0.012608725734328613,0.05114231489319544,0.03628547075196633,1.9500139303467627,0.6313608441500519,1.3909137713608073,2.326492909957027,174.15080454327776,0.009244358585865909,0.010987611130130118,0.03173938193259198,0.0007395954226920601
53.816598421308456,8.50111250369294,5084.041265368371,0.004877080135795317,0.03321015696852708,0.07999289976941254,1.982851852955302,1.105237737537902,0.40611373522046057,2.3539252088073086,44.88561189625088,0.0011359509861518847,0.06846617716109575,0.04165557514916192,0.0000030143620412712603
54.173475144241955,-3.7107236258206475,5758.715629341512,0.00007734621902820783,0.05671844477720617,0.04562105682165264,1.4428931885220149,0.6604961815909807,0.917039634005554,2.3928189923392047,1.331132010327727,0.004910862743043117,0.002422095479544215,0.04680208892100954,0.000057034812214901004
47.73584797772425,7.151286205101556,5520.135781399604,0.012775828294006404,0.05535145274789391,0.05730714703753466,2.153719922183774,0.6021988168814346,0.4912203735421995,2.3733865080120946,124.77235116121011,0.0014048754710541623,0.002876115131433019,0.02645979073200353,0.00007013671976506677
57.02161317435113,-2.4763079186216093,5070.809165200817,0.002225021353295785,0.05075909838133171,0.04777805876622648,2.0670780118553376,1.2039607346272447,0.40204614922180476,1.2678133080091407,57.44774009808308,0.018527449300308897,0.016082468073634865,0.046797280112769984,0.00021220231691098716
46.39036171028002,-0.23672898163837708,5271.842018316206,0.010141784081675466,0.02476139168528081,0.06350480482971581,1.941635301708102,1.7905505912436483,0.7570974566932843,0.9264516776623246,5.806594554994349,0.006691557312514838,0.09144748694915557,0.03792191656764102,0.0003534931443352746
42.79516618639155,3.3494662135008504,6904.933118836618,0.014712619224924665,0.05028666305755774,0.07156493394026725,0.8113217128600925,0.6155258716740631,0.402138874124058,1.724367380809297,0.30935003754111745,0.00176641125679276,0.03426385545107057,0.03258881145838569,0.000003375411824445826
42.790874084585845,-3.8116472436425255,5688.788168617197,0.000636671529420085,0.058000741482549856,0.061636804061720646,2.156246209435083,1.6260502657170615,0.4086426937034621,1.134909188900718,23.75054959891957,0.018640393739732797,0.06285741121318345,0.0422589666719604,0.000049992767328493624
58.39209795418185,9.358172859190077,6053.554712123283,0.0000967087400778177,0.04770972204900396,0.07720217344818069,2.187442114182293,0.9809460631178235,0.45382773358543266,2.3018358074532648,175.51763060054552,0.017465526320212945,0.0010009967550089806,0.0459038469628142,0.0000018847371400191853
45.25872125827647,5.342041768780998,6926.451528623244,0.000721002221231488,0.05040618818688206,0.07996800831678058,1.412696323257339,0.6064095958883838,0.4755963599665315,2.1168833931030724,54.237423099261115,0.006924550524626743,0.08366009223796665,0.030376110155817315,0.00010580399400085868
48.91343406321038,2.593707546182694,5095.3314743911205,0.014798330759636233,0.035142440804776486,0.02013801623536575,2.0550234926215736,1.7229807589220751,0.4515926442611008,1.652222837888277,185.27610859131192,0.011029461641968977,0.03223387834861371,0.03800269137108754,0.00004609156609462823
52.04511434670444,8.195195508688442,6276.384428731543,0.00008265153085097683,0.0578156204886419,0.05295576287991452,2.080125839324413,0.6019504391321402,0.4000403444990625,0.9537000519692606,151.32858707051238,0.019018815598487282,0.0959186524546689,0.033994341740252204,9.185892965823682e-8
41.192999402629155,0.5590114791777179,5006.701677253632,0.013527236475844839,0.03901879928697325,0.0791937032956362,1.7501714214089312,1.6564792507396642,0.41737350501912274,2.3356847079566254,196.87024079599396,0.0004255793484853986,0.08288913109213045,0.03969448871831926,7.133709268180101e-7
41.86622950421701,3.119388760234541,5110.7349439200725,0.00031881700176104085,0.05896692983308245,0.0425035489958774,2.067375277022159,1.7669845034130751,0.4001778233431802,1.299979999609664,20.699551175346407,0.018003005344885893,0.021899536276362305,0.04124890104843079,0.0000015466832478471042
48.81905005392556,1.456251902752932,5486.8739607415555,0.014973338797859618,0.05976527685726807,0.021105380080167373,1.9572422932058307,0.6937051675831999,1.3845202231875207,2.304929387722269,8.496293388485219,0.008861110411954766,0.0010646855788839628,0.0400748368802145,4.0836738621229726e-7
54.43984184280198,8.529773098626325,5132.190465899075,0.0035144465358292075,0.047454858583976064,0.022094281230330654,2.039606629743695,1.168732538710331,1.3975792937517855,0.8365661645672761,16.577065609634165,0.01671135056794278,0.06687694451870109,0.04671560391490747,0.00002909096246736096
48.08348374230181,-2.9638993599838344,5004.792891881932,0.005340919820734806,0.047711333566261324,0.0362811056774935,2.1990669059549033,0.6885937130543937,1.3569637049868444,2.0503241924565154,170.9821837412106,0.01999135574613386,0.09360181203578627,0.04463990952378954,0.0000011036296289375704
49.472083433952776,1.4468941167760807,5937.6418725225485,0.0113927370440129,0.04071161310655951,0.06882730008276614,0.8609141812832606,1.21962215272658,1.3919365136447375,2.3926303470208663,61.33882484889567,0.018760058657333666,0.05313026012575652,0.045934120140179585,0.0003087650904590601
58.2194342517024,-3.207418734007839,6162.826041880042,0.008909450758482705,0.05596327146471656,0.07834284816047553,0.8323568801526054,1.754880307165168,1.3983607225865704,1.909821982064969,24.509913328683574,0.014356843637639173,0.0012379591587618297,0.045277575059442424,0.00002426859818494253
51.24371443948362,3.6695776329607703,5250.502588292167,0.01314819755170259,0.05193789326087121,0.02081943247622412,2.107764481725864,1.5960097072005657,0.789780752127683,2.2890261302764072,7.654224447555065,0.012656679166587456,0.0010106700891524488,0.039875211338396305,0.00002579997012031965
57.430463314817565,-6.501443614287245,5560.949367713356,0.0001118750602178041,0.054112025743079724,0.07868432025252345,2.1343472024230263,1.3803210299222624,1.3590532475527621,0.8097937483312925,13.632608463058213,0.007474355516964741,0.0011990867431382454,0.0414392798471374,0.000009514272028977266
54.86815789663648,9.854801117351442,5613.3506870053225,0.014423024905344504,0.04948809521329362,0.06882891813124818,2.094273099684482,0.7188142773647672,0.5327144555573208,0.8643513586100156,25.074729699567477,0.019643229053207673,0.005543807695229303,0.0392288442980396,0.0008980020752804367
49.08033708565122,2.690271864406956,5661.341969973526,0.0005496943896484268,0.03564698609459954,0.02089997652137644,1.1068178600893999,0.8874586674156504,1.3352354445312056,1.9238662062812395,170.64838050030227,0.017512073871317865,0.09070710103847143,0.04632152674247595,0.0004080078620094167
51.17919912635514,1.7962919677559377,5439.774124209313,0.00135634641659121,0.05335606059951584,0.07826040774952478,1.438979195359591,0.6024715153986596,0.4245977987720856,2.303143988365041,174.85432842313736,0.0005035257969390625,0.05602827985034027,0.03322215296394434,0.0000063224138005091844
55.642010893992044,-4.59175522906403,5963.40650504446,0.014859804866718045,0.04580941302857795,0.02043528393413124,2.027262369112392,1.7448346023480097,1.3281879260611658,1.104914939614434,119.27992119060524,0.0027596627501659298,0.001455923548825611,0.04439588527823239,0.00004442132723374235
57.9340766901698,-4.2325919731107255,5320.083887395772,0.0016774510762831844,0.05392319460952754,0.07942160452400034,2.057084710822418,1.7694121734243868,1.3496018357739321,0.830803919825688,79.32580815408372,0.01846455735324466,0.07300132654328538,0.046221348894879645,0.000006061256863114419
38.7832086441207,-6.345405971895787,6532.719853204286,0.014986602548422896,0.04792826016956009,0.07291832515385262,2.19479658812595,1.7231110693133105,0.41189832098456464,2.339963450238007,1.9048342590423828,0.017902551686618366,0.024117838736021274,0.036522588611450225,8.404861762280526e-7
52.31510653453355,-0.7506634961569976,5816.410379845447,0.0149542523229332,0.055217843112569366,0.06640208570464119,0.9857489443821185,1.1663137094163294,1.0778177359852383,2.1126142156888594,180.39360062051446,0.01975829232427599,0.0011178299585709822,0.031053862573758632,0.000057097064663736895
48.50448118242885,1.5989594401321625,6047.324309783234,0.014809210594677564,0.02621084636533916,0.07980317129406901,1.9707158690849753,1.2430927900136837,1.3139707469616106,1.3156015761470035,1.453678160857417,0.019878587310584152,0.03139065474871789,0.04168858292094543,0.00008487316188625139
53.013635867496625,-3.6770218694059613,5631.4065990815,0.00730580134858762,0.05316528934346531,0.025746202150044927,0.8358087206417033,1.5815366990709616,0.5657101712884138,2.0807507629158857,152.11075980527647,0.017250200511684344,0.014709518070071238,0.04524974985007932,0.007829751917650845
48.64047653154057,-1.1238009961542996,5922.532735408301,0.008699072826443256,0.058349174141339,0.07130019490001871,0.8861086182019505,0.9735114810502896,1.3937588384749096,2.2294494518546824,0.01768492463188268,0.019118524521842876,0.0010274821128176462,0.046542967182552825,6.786319449595951e-7
48.724512235896434,4.8678555421960485,5708.373339710211,0.00284183269709594,0.05427529751815633,0.025124757796747606,2.195321379290516,0.9915163434815915,1.3999322773053158,0.951093941451175,16.964891196671566,0.002028735621099847,0.0013677784135266483,0.040940540194352865,9.24925686766808e-7
45.11172197485884,1.1806381425858987,5324.286656492991,0.0003036053590711235,0.030257965459986515,0.05609697681126753,1.0014164958903997,1.6868925829503736,0.40278935280570405,1.773474063569862,35.12147729495866,0.01660022969886847,0.09496545263398991,0.045839345589981796,0.00006676026148334559
51.76512723237962,-2.428731483104264,5005.359567462785,0.0020504273826337286,0.024056332705590166,0.07990785679620502,2.131535824771502,1.691493450350841,0.5225840193808352,2.2903560917562533,131.17554276680238,0.012647333648658445,0.09911530556065337,0.04536538504117964,0.0000017106944404552037
57.77994474872496,-4.0606901604872565,6056.06696613656,0.001136985462345564,0.05337406753688594,0.07966243881562797,0.8799494793004059,1.5498361065913806,1.3869131442111826,1.4010175551568933,30.921534878791263,0.019297421292045272,0.03150486655548306,0.038725092125721214,0.00005103099578391391
52.112803140666,-4.648432461186481,6122.537990572273,0.0060569163706242655,0.05374893826172514,0.04923591752174351,1.8316851891739316,0.9562033564913536,1.3835623844518086,2.264094594297763,199.04197505814372,0.01311762973211311,0.024783108281749747,0.045059559338091276,0.0016668444656952133
50.39726504039913,3.590346283982198,6054.203618096157,0.01443911161916559,0.036602664845109815,0.06939188304648942,1.449449440556668,1.3242479063006032,1.3951225130791782,2.3787670391539066,198.71537049465894,0.013126664606342871,0.0026313634200133443,0.03338106388635065,0.0001462952571567789
55.629150229680604,-4.407374020469087,5010.351206123211,0.005887878946379679,0.04970724121954646,0.07233390655968054,2.1717390122223543,1.7734266653448723,1.3869664111813438,2.389980988678431,163.2068153346378,0.012735940367020667,0.0012759140967826582,0.03928558833582947,0.000002146342147815204
50.23897618128348,12.552967803810926,5566.80907707502,0.011622026172071701,0.05798908368375191,0.07894466176282523,1.7276583141210733,0.6176591041119246,1.3909216898965004,2.365271116799682,194.20270002349002,0.0021984920009206045,0.0012195186083432828,0.04463319790843968,0.00000187117441533568
52.758297856518205,11.090369555492206,5742.973622419544,0.011695856993295858,0.0591827726622968,0.020761978223937883,2.1385560742105163,0.776662369526693,1.2899993473092355,1.0174942491896588,9.52499007454121,0.011075232308448441,0.019000763305137326,0.043273501855161677,0.0005808417089553283
55.78110627899946,-6.277183481650841,5038.937039647324,0.0065133404103575356,0.0325804387209428,0.07487588039989684,1.6434319346136084,1.4074415334076489,1.389184555613813,1.2858423914588035,167.09206287948805,0.008364927531770905,0.0718762860315911,0.04576908887418556,0.0004960233941720206
49.2825145105454,3.8472349471146874,6558.10468777912,0.014829077955989402,0.05717479421406528,0.020043939751636253,1.7389427104345865,0.8640553721999888,0.4017913128283295,1.2115279613896,82.77766970988357,0.018498695939471513,0.002338152507696984,0.04590593025430502,0.000019928056236305268
52.710759019583875,-1.1098625831214939,5066.925671371629,0.013429759889053764,0.055769178251350734,0.07992638510954557,1.0924211971990798,1.3324366327655777,1.2742192248065176,1.9966294761162853,9.204740307636577,0.0021926318302283336,0.08359956909332868,0.039769600608775595,0.00001417708082756693
52.95585068259738,8.888265581788957,5532.263644090781,0.0006389159231774486,0.03824959097686656,0.06695270241057834,2.0649067760896704,1.0133915978144274,0.43822713294379356,1.751034441546523,176.28907235871984,0.013864058763223473,0.09777890739411513,0.02778124179015462,0.0010404924403138787
47.1879506576735,1.588853726099627,5706.1825503806995,0.008286229876256148,0.04326639242404362,0.05982068801346696,2.1041056898271435,0.6003809910761275,1.2268004547439364,2.2584325920764226,192.65352473585452,0.019305062720906253,0.0024028922107966312,0.045144224313679655,0.00020191129284907974
43.93235924764279,-2.1608483176819275,6830.190410495254,0.01025965551825452,0.05662283434752987,0.07554651497873285,1.0684803997061854,0.6727844684561184,0.8387336291728167,2.2710532088462765,67.93601149236514,0.018146300670339274,0.0012964626983362664,0.04410107825327215,0.003841398938347175
47.374778839098234,2.876901763893102,6269.05873612745,0.0003427298047220524,0.022867967181034614,0.022310809798699864,1.9207065890818473,1.2557622068946033,1.37244952095332,2.2872372837876735,151.5587523234673,0.001754940528648428,0.08558102093022645,0.0439259450120624,0.0005612657888291913
57.025190922543594,-3.1100752785609798,5026.105488033864,0.0006949163666159113,0.055415644208977495,0.039447882933062464,2.0734550439255495,1.5665787843488883,0.5111774635429347,2.00142095451187,0.28383527082777316,0.018803619147517835,0.05056432676469329,0.0441895657327597,0.000013292755798497783
43.69042081975478,5.019150711947514,6338.307926684079,0.00022410735123991457,0.05865270108848042,0.020051653103867688,1.6302968852704693,0.9943451316720995,0.40315627870837156,1.8563172399848717,11.413558085143919,0.019981304128048386,0.0672649993434787,0.04082556603896324,0.0000018469073012588088
53.941653762882055,9.535800664668141,5133.777634081512,0.014986708878259857,0.04076874112486126,0.07818813167290857,1.164967515327625,1.170702771987942,1.322393030028708,1.9486822580365046,119.88788577007723,0.0032065626262891755,0.001316747534692444,0.04617545412123927,0.0001366785982554358
52.23708504155649,5.6495934826796255,6097.321063621135,0.014659732077292589,0.03963062655652595,0.031074310458578766,1.2253991637564772,0.7373549879251361,1.3700645758966887,2.398317837599529,54.70091218956505,0.013350334140000194,0.09991784636285275,0.033344067365824265,0.00001907244652598382
58.626909391966464,12.22229393196952,6358.2097499154,0.0145075806837064,0.053957982017801685,0.07505455625431519,0.8154731405697572,0.6021917333214926,0.7263292981935083,1.1698216130990373,38.7556731146675,0.001268466147138975,0.0015922862549592439,0.04658965323117916,0.000019258112951070444
52.304415331085714,0.49433937769278735,5054.96381882236,0.012765414390198576,0.05751864184538642,0.0706414961149487,1.018936574366276,0.6805540117229048,0.40009491984995177,0.8605296229166127,35.26499752354086,0.008990571973912814,0.09267446027077537,0.04037308709231625,0.0000010318580457159018
55.02981786268333,-5.4191289111432175,5001.814044249319,0.014993666539929744,0.05509609617460202,0.020219282542483886,1.555378812565433,1.4008889639036046,0.4000810618638408,2.3822530815221725,36.29008969804352,0.004319978520979729,0.004546337948468744,0.046691361750538125,1.2959005178286731e-8
57.87302139137217,-3.1724976091753163,5100.133098801934,0.01330198072489075,0.046382793721558825,0.042083788688509996,2.1708928646352303,1.7183625975191887,0.6574196117179609,2.281360234117476,179.0879226724525,0.012296233611049052,0.09975814481139883,0.04238472746633656,0.000013421650062428941
54.5773757728704,-4.959856358202819,5001.946132536315,0.01309893782812631,0.05354664165703676,0.07775761825019514,1.388094160901578,0.7347755971771306,0.6365337388459544,2.349538603995231,11.49383787588653,0.000833712727134907,0.09757217027839446,0.04382185203199863,0.000003465953325853375
56.64249437310944,-4.20006578944982,6513.700152833503,0.01393110005604947,0.0491113977565655,0.05781840847887425,1.7260126458489071,1.2682611578038083,1.2247414251897872,2.362814483570795,194.82431229750506,0.018742236797401966,0.0017361338168777453,0.041149274501040826,0.0009309752308976592
53.306532877787575,-3.3564196416534866,6292.294778477944,0.0015079151958819488,0.05444779898227844,0.052352144899269634,1.1923226311253232,1.5773642313952996,1.3697819698811309,2.396034767724133,194.8777041846845,0.009486849122118444,0.001011415309974347,0.0356060508070387,0.000044727961952992645
54.734258355730454,8.683670755850756,5056.246632311465,0.0002485081681642149,0.055417382023146465,0.042356104619798066,1.9970627167473967,0.6803240567421557,1.2898692196294204,2.397086153978469,98.70815387622487,0.0004341886731278206,0.002597707654023595,0.04259529615610843,0.000009210277449518631
45.91823265707238,0.30185390936324197,5180.527477797127,0.010142148356655497,0.05986040719055722,0.048298538834231936,2.16366745188303,1.104403444210326,1.3630928934902287,0.9152905837555363,198.01670441014355,0.004873730364407836,0.003554796514508983,0.0425369460962379,0.0001389394386573515
48.10053098612723,4.613338709802875,6189.29896405683,0.000034653193079104335,0.02998385162352381,0.07991721443583433,2.1191927523811724,0.6318941113442681,1.398671039966012,0.9809111989643488,8.314440157242945,0.018876249290575027,0.08119885959040046,0.044296783265151046,1.4732026439028399e-7
51.28601064630777,5.115330224393585,5346.670593750347,0.010257668352382747,0.03594453067268967,0.023859775468896068,0.9128399078248556,1.4727071885172698,0.8140748984500288,2.393825912979179,9.165379728642202,0.018016076581374846,0.09084021482102604,0.045534775081120235,0.0002992370474570659
52.11825529287761,1.7639902740220634,5345.9330616760735,0.002609294524706892,0.055649462857005005,0.07889642762472508,1.1700485025397087,1.3248071014377898,1.3922022929213702,1.880977822859326,4.042536875207575,0.015769495968039015,0.00853050037909795,0.03350278910979297,0.00023802921311925738
53.38719806138761,-2.5336961484733127,5776.999329930078,0.012856263937761223,0.0326705084923476,0.021413181395487937,0.8421550470849909,1.4993018145845425,1.357426813697841,1.5232111380669897,4.652115204351279,0.013783729656644475,0.09995565040279004,0.04486146774963002,0.000005330900323982263
46.242797797693285,-2.212034739831936,5327.35145551104,0.01475608563896944,0.05842120052745592,0.04310090895299799,1.5996127838189622,0.6661122909046135,0.5016289920682708,2.376594141392066,199.95780096054312,0.018057057658761432,0.021104207699097075,0.03782831062857138,0.000005686748444221976
43.14023524127711,-2.8207078367170224,7494.903707775677,0.01358848047602634,0.049007224256244555,0.05954796096789107,0.863438935110083,0.71764612290291,0.6158785018785121,2.2498787338648567,104.12000747390454,0.01740157191379269,0.002642568659773459,0.045081001803567666,0.021550330765335766
37.01053848446653,-9.132760575533485,7331.233255213854,0.014829792877606223,0.059550083409116855,0.07462587115035846,1.9650664531096416,1.7999629784538498,0.4000299791358363,1.4405441118492235,143.15139761480705,0.019736416486979623,0.0012118743900531156,0.04143033309297417,1.6409040599706157e-8
47.99589493405543,0.658527551484724,6908.81808994949,0.0008629611986124203,0.05151437927339099,0.023083104800208608,1.5858032878825683,0.7651620433364071,1.3836666971023133,2.321271005994308,198.11494012635745,0.0020478303843239056,0.04977514554485334,0.045176723125272586,0.0001502135263099224
44.93143860528652,2.4471467703044283,5780.620464400238,0.01496986481337559,0.03746967952749331,0.07598944412218975,2.0919480017767493,1.6392189037312992,1.125702862006591,2.394112508562044,188.34558168466197,0.004811792730139494,0.008635772373773727,0.04618818965774616,0.00006108597509821912
54.15125375356055,-1.2883757210405378,5057.1556580374845,0.005862804756288601,0.05891326405620975,0.04351137284422589,2.022024575930796,1.266614572222826,0.41284502199500045,2.3832583100602602,195.44031922840793,0.01967754458085232,0.0017046723890051442,0.041554248649124215,0.0000026336794102826294
47.80741252296987,3.6075155962916057,5076.535901849137,0.0010356130868846487,0.04304626522586808,0.02253342071296402,1.4545875920000935,1.793403586703803,0.43894938600758965,2.0413906261068497,44.059269977454335,0.019807970156728402,0.09738661428722604,0.046599331501152856,0.0000032144914130854855
46.47400850201134,-1.4060102409322468,6203.909592586834,0.014998629732219942,0.05083398920504243,0.03432824663186121,2.1934286696846224,0.6945887522497407,0.4018052594685425,2.16188977087133,62.08407877361295,0.0002308858745231378,0.028920134557520173,0.03840041909880604,0.0000025351626633733442
54.787692249733894,-5.145676260538703,5050.780042878407,0.014736573945121123,0.05586521356824518,0.021040012671128656,1.7650649142682813,1.5280860087524826,1.3184430498565085,0.8238484578706893,190.96563026091863,0.0028840571244025783,0.001001799226058395,0.04627536853067652,8.815085648667161e-7
58.245298326511644,-2.865040826753921,5058.801775690166,0.01487382185862161,0.05198505941831915,0.07683275849840966,0.8148058370475909,1.132719248847733,1.3663873635375854,1.837315657038217,107.60895928239118,0.013715020010026478,0.09924530558780835,0.04386618812552798,8.529373679427014e-7
48.69461296845846,0.8584019865161832,5179.206911433756,0.0013954694619193484,0.047933536414592415,0.07856402348784819,1.5696158770044457,1.7847640602011836,0.40581914153322324,2.3969466824682915,198.3520439591596,0.000002320590907963299,0.01201180052390638,0.03596624037054569,2.1656703341463123e-8
49.59512767342506,-4.06510239655991,6809.465873768751,0.014980276588633315,0.04267839009469238,0.07885665727863933,1.4525156800381636,1.1166063560254698,0.4049042494012105,1.4531586559109053,197.889840193701,0.0073315636942903155,0.07727212354485682,0.04393827876840275,0.000035463152610912164
40.305353685439215,-4.069097524418774,5707.548208797425,0.00037916915278945985,0.05905435684381364,0.07399492712483459,2.1577776163436964,1.7927594692345359,1.1972971129633703,2.3840218759489176,161.32461269602916,0.004020057905700335,0.001056922018050738,0.04453186573799142,5.25500158121228e-7
58.69129424894584,-1.9387095432066843,5099.434993128299,0.014947416998330493,0.0588261807977495,0.02406250513249705,2.180340762585284,1.7917232706299089,0.4919626654111059,1.4640283586625422,117.32116024324229,0.012614539319337464,0.001159691146824377,0.0434204891088282,0.0000012606357176357382
41.46499286566554,3.3828056055843287,6789.994057651331,0.00022899641177402005,0.054324862103781624,0.0791655355975975,0.8071956636867772,0.9651958978650713,1.2342140836379318,2.1693125410744942,175.621151409151,0.00015619072861678166,0.0012536466873629222,0.044714598426951906,0.000024807607661029047
58.450999754317365,-2.9222435326890412,5006.925522977454,0.00001094105639455424,0.05962401270736391,0.042092818329833276,2.1915366651917134,1.2762671415862292,0.6223878692834958,0.8022020544200246,1.9507750076415278,0.004951966332471114,0.0016116223210866146,0.04594063004704455,2.5286880903808295e-7
56.496902699177134,-2.888177903008179,5456.886435552629,0.01490250549627283,0.03041535277594422,0.07956632770526802,2.1989085516000197,1.1561161899196652,0.42992052755151,0.8534274244486866,147.4140424352449,0.012754399383962268,0.08853335860587429,0.04537511451185244,0.0000014652215446141389
58.05891156125641,13.122311700957148,5580.3212376025485,0.014814209139741236,0.04737918580540244,0.06548843061826802,2.1888947132391765,0.7302228605037782,0.4974602300177771,1.1482982566860274,65.42908884065075,0.0016144614828991844,0.010994924255433344,0.04392776736981258,0.0011622099474433096
45.291026205643085,-0.8132905130043344,5260.404495323196,0.002442202111655652,0.05673549900800496,0.02685488864499525,2.198495891637025,1.180225304509889,0.5257050754144887,0.8820791046113861,196.73878886405654,0.007842342383290079,0.016853126029157874,0.03876709307285704,0.00012559395215010585
47.32407870597052,-2.5279936773059246,6204.267715771359,0.00110413094127303,0.04047236699410632,0.07981786859924758,0.8684974383436108,1.7952343895108318,0.49083220710603265,1.4145546359696946,12.12283955332203,0.018526650963282473,0.01338507447441072,0.04535932039558588,0.00009957076592723316
55.47067625427749,-3.286187532406024,5383.983574705811,0.005339097007838415,0.04651981403835738,0.07999785277551247,2.0389827260681352,1.3653835318447842,1.2592975479693307,1.8418666910919916,135.62549762579832,0.00030244599116863174,0.0875692266830207,0.0436579989447235,0.00005036208948755039
57.668443063572056,-6.412578903452488,5020.804757714141,0.013879840451314459,0.05681142878039755,0.0705127982761021,0.9474206288163004,1.7578437210786846,1.378301395761262,1.273599105009612,39.530419143291304,0.0010062606899818604,0.09987718497778167,0.03694771634475659,3.3459094272125216e-7
51.17845316108245,9.427945225904939,5438.747206260766,0.012001647021495261,0.05172027826179561,0.020054437025002488,1.8241829075978289,0.9428490516450061,0.4009934853375444,1.5059702506773256,1.9648409722933375,0.0030272369969671755,0.009930104917004343,0.041181725958719065,0.00003358452948362954
48.49230513517272,11.609714694126136,6827.374921795513,0.010149376902094177,0.05441485552954751,0.03542290212164042,1.7260829135667275,0.6601473931994927,1.0155744664762731,2.1256685291993147,175.94516176491237,0.019309452156700956,0.0021137333280319324,0.046334262255590085,0.019072327817887074
46.94327251401663,-1.2952366577097951,6070.7340448045825,0.0011895247558759072,0.0499975055740604,0.0696004590845305,1.8021618915322153,0.673883092866692,0.7176360224626692,2.396507912003516,170.95654978272108,0.010592458338281405,0.09809205068541639,0.034135215900385964,0.00016765684144010623
52.7255984472249,-5.273345417917695,5177.046839250928,0.0038302043865224952,0.054425213530607836,0.07334740205593636,0.9189619035318665,1.5615998059555354,0.419076389566924,2.3833700718980984,189.65187432984217,0.018838637704025427,0.0919193715616126,0.03573332074882325,0.0000022790690171020887
60.63415480957747,5.5191358912970845,5145.51195187257,0.010881126488631517,0.045524404485016386,0.07831898037609028,1.83670751305933,1.3945219509439717,1.3996941465859245,2.3635247286211873,187.93323222182562,0.006205477120131248,0.07215950731752589,0.04648113197321179,0.000005207741719276773
52.962896926488604,0.8444032592656043,5112.118869950785,0.012453721527241578,0.03822407870495931,0.03826485527059265,2.1674024480367677,1.379516335331361,1.3230602391545823,1.9962759427662555,197.0221419086908,0.012243822873873657,0.001659461065516019,0.043445270424573516,0.000698838113952181
53.965629956267065,-3.6254620799425084,5540.635680290953,0.00008068244997463017,0.03454996990373571,0.07050576750356442,0.8214774049440361,1.7847734641775261,0.4457629170789746,2.033983293626058,50.573964830972116,0.016672314168634822,0.09489477070349743,0.0436292048829383,0.000004772937726900551
53.04633108491933,-0.3474552777447979,5442.458927731896,0.014102508390283023,0.058757146724129045,0.02436708485929199,1.5892583442275523,1.1776421906775514,1.3480577891097698,2.341670663333492,196.91129702561335,0.007634201795982482,0.0015122748475483265,0.03866916965810178,0.00007211297903661478
41.2995104512961,-2.673271866379899,5005.208670082941,0.005837986394169418,0.05829351725201544,0.06178188207864811,2.1790779811854937,1.6722217436183788,1.3872644083504855,2.384114406375131,152.74162692089035,0.010149038563280933,0.0019861142313039376,0.044247572771072406,0.0000024558344600194897
52.33502508557558,-2.638608028572679,5464.929208172136,0.014936277739076452,0.05441293613454593,0.0657019280500013,1.1924545521779233,0.688262634353588,1.3966217758489912,1.5265893920619518,0.4421920940315511,0.007557442965498892,0.03487950420206746,0.04225371186556288,0.000013310159689774616
59.19364502402453,-2.92425011224476,6031.207767009473,0.009075330245043655,0.03532737524860067,0.06120229195337802,1.510889693712258,1.785020707612655,0.40599596990306974,2.279376553984885,130.0284215790034,0.0006947594249793246,0.09796939002498711,0.04170310822424246,0.00005407778512810161
48.1734697836647,2.4852563483280363,5159.52840885752,0.011777915267754268,0.045766112037931864,0.020114623601900396,1.7177075073541535,0.6025455595797927,1.1173306607055715,2.3156635069015974,11.480117621150834,0.01819271337569958,0.020244268111749546,0.04514794465565176,0.00005623544871302228
44.534579913656216,10.716578296984302,5740.98777882206,0.00043970921564685984,0.05738547979534942,0.07229398773371194,2.146894332895534,1.1513714070669054,1.2701815202243047,2.374504491889553,42.78728124432363,0.004393992488155537,0.0010085853723389199,0.04645606994804739,0.000019473315216254846
46.54739722914561,5.748222757088506,6614.812881115611,0.000020854637351843144,0.05226907852719846,0.020683051644346293,2.198317194486619,0.8253415168576917,0.6654603331765163,1.7073588656383851,80.22305082946123,0.0022127523685734054,0.02933987191446422,0.037955617433515706,0.0000844464414661177
48.83284730234941,0.7267350308809437,5805.349283924208,0.010068552611840099,0.057295205667233604,0.06791823683483315,0.8134894053445232,1.1332627666834783,0.41197866755976625,0.8205564456087534,199.91282052915386,0.01874237598213517,0.005721737515927091,0.04197580751173122,0.000005164246657262414
44.702007694194975,8.434210073935724,5431.821905440522,0.0015310262832898094,0.058810813233032534,0.07001078684896726,2.0796488122121675,0.7614986326574583,0.9265759918261071,2.3964703405874657,112.43573411130832,0.019994720130812226,0.004859522917998195,0.03997329915001509,0.000040427049139528544
54.46730235033904,13.480094795086636,5199.342084598052,0.014990309280638572,0.05945303523058119,0.07982677565325907,1.9900517115282472,0.8584032029858399,0.4112884974324318,0.8314753722795178,3.2833422522405544,0.007486929423027129,0.020708945283649423,0.042225303202359635,8.889711011715572e-7
49.32286476532818,10.226243839961981,5490.1810430062,0.0009150834375939368,0.057373955784106395,0.07887789554238227,2.1926917272190423,0.6301837580403387,0.4434157989828572,2.0013777114377156,60.349157647793405,0.007688169502346262,0.09841137069058876,0.027664135952259538,0.000002372504747965975
53.539781347396726,-2.03761757293585,5613.010749537796,0.013331798843304177,0.054232915506139935,0.02641115359600304,1.1899549230810966,1.7031869974789777,0.6192996931945958,1.0877266763604063,56.26899906208786,0.00002653454231384055,0.001177242559642614,0.039267415698921275,0.00021926441373861503
57.69351694480328,-4.611985062090294,5785.508363510718,0.012261271043809155,0.05941820028876317,0.023239430341512296,1.3030141596450133,1.2506640007366734,1.0471890914946653,1.2690590397798707,5.197410698739654,0.004789865233631998,0.01420970388416525,0.0457053466778572,0.0062518344475417185
52.69841821644924,-5.693372153916572,5356.166323031887,0.010213000407499518,0.05095427030186009,0.06401478736850717,2.00307195743852,1.6834609888321412,0.4291605589828261,1.833670060701425,183.67301534046783,0.00039192115631292613,0.03722684576545781,0.04664487285712797,0.0011189482947370633
51.444899607308564,6.673260333859066,5095.774686302025,0.011177833721601879,0.053944221763486684,0.07302957940692037,1.4842684151800638,1.2331411928873588,0.9217757440450757,2.3990662555690316,99.90333679304132,0.01572041098302379,0.0010241837867418025,0.03513709273206075,0.0002727436866496398
58.663165479744066,-5.015983592400594,5395.28559900493,0.012818169442870649,0.030858905637418856,0.07783307410209347,1.2236927106103725,1.7859776529400748,1.344471165661163,2.2397594397236267,0.9443039917189844,0.017951465986627363,0.09621842586670633,0.045500883777190276,8.828372302861614e-7
47.926883479951606,-3.751330651870024,6572.631408810777,0.0040485782570044045,0.057401232100707286,0.07278524596434735,2.0691313394027206,0.7337012344600101,0.9985471505830896,2.26302775147745,147.86143998790027,0.01879545886349262,0.0014600223133411753,0.039228671594977484,0.002118063198850701
44.330081559046455,0.12748901646679478,5016.373622084065,0.004924491602686497,0.03738219909464527,0.06928830610155176,2.193680622970878,1.585433799494095,0.5217526459097624,2.3811065974787704,33.66126285318692,0.013387715006891522,0.026291235878609383,0.04441071269328067,0.00018559920366654006
39.15624562971842,-3.5894995147351683,7151.290950235325,0.011194789194037432,0.03785478357273259,0.04201807462447979,1.7327027787841622,1.6129488990299143,0.4358097548699602,1.9626597617631747,164.44204332110112,0.017147613315086782,0.0904337191956463,0.044368035156506884,0.013015815215587843
53.43712211874852,0.31033916168855313,5420.829546783263,0.014770277269939706,0.034057068077864315,0.022493761361235654,1.2778915154991948,1.7922026849071542,0.4094934388201162,1.1222251381174149,44.876968962724234,0.009514888817466661,0.005030263018735312,0.04418888038350378,0.00016060416239122642
53.35296691654233,6.488556851850966,5217.776427907112,0.002938798837685008,0.04457793393874119,0.02076815505946926,2.0519549171300016,1.5671940626631615,0.406812041690193,2.211658728899796,4.168913755248718,0.017761775831179324,0.06732538153925603,0.03936093615570674,0.00002953124985293238
39.500419955222995,4.368620989488976,5730.383554044464,0.00009670659929145917,0.05741021808162742,0.07768303683761131,2.0785680404326126,1.6303657669025284,0.42918494992406525,1.8275269665171405,80.81559966294569,0.000007152944167306721,0.09702769585338526,0.03570823309859293,0.000004530222734224651
44.529791121062374,7.941716102217526,7459.053302604976,0.008254377741636012,0.036024843586676965,0.04541753080623594,2.046699220893702,0.6093106347428147,1.3662765374594636,2.3847806751071303,60.82709784566733,0.016193008368981257,0.008304835287477075,0.030881348552585546,0.0025128813537164366
54.863945245619874,-2.371113611488333,5057.04549525974,0.010633563777559047,0.05668466713455626,0.07107425423918318,1.1090964020281273,0.8080294374766115,1.3789071128224921,1.9235247829650979,162.04607459516834,0.0002607802267024885,0.02466740505503199,0.04211560860108274,0.00020266671488356437
53.477955228237754,-3.0982377939444365,5095.903735696956,0.005395275834571695,0.04375018411610159,0.06007033632251639,0.8864114044327789,0.839647963683662,1.2212983855827273,2.2958794576742028,20.758988764250017,0.017631851844623885,0.09829815603842733,0.04663669732724205,0.0000421926704979493
43.509323402413834,0.7119843005177913,5014.730573740718,0.0011601242722194954,0.050001150516603934,0.05339065285111787,0.8223090927542203,1.7841569701539104,0.5289986215809106,2.202067840244184,198.3201250284943,0.011611943385932213,0.03506616430211746,0.04445393819136012,0.000033575550600923066
52.529717905389795,0.4949614902931785,5404.769181141947,0.00026269662457115617,0.04664625379188225,0.037735530636344064,1.1815098620728501,1.219440184087829,1.2188337954180788,0.865478346197812,29.996715600512537,0.005530750410764439,0.05211702142032656,0.04025545491917497,0.0038085820551866357
47.4063386880642,-4.687128218785904,5519.013155871971,0.014201575354743774,0.05808797801743925,0.07895130374468318,0.9802928646140283,1.1423641065621153,1.3386806628853813,2.3401329479973345,188.92592565967746,0.019899023241253574,0.0637644940636328,0.044560411369483695,0.0000032476789319950708
47.603074030354534,-5.360562292344445,5269.654876177542,0.0008576283569196099,0.05731496169656593,0.07877023904145353,2.0081846683800273,0.6678871186566022,1.3093289694896675,0.8143225280202286,0.9671929214499069,0.016369251837679545,0.06615851167618572,0.04378891276791343,0.0000053783554405583906
57.590938005882606,-2.7774946398918043,5151.464470018006,0.014807904436546311,0.03411662635612085,0.07305150761357342,1.856093069263012,1.6634642236363928,1.2106669697206267,2.1394428465388002,42.18533726516541,0.014177391265631775,0.058440708585927065,0.04337547896892755,0.0004532331619005912
57.6635425135771,-2.8312174256928113,5091.8347747129055,0.00008677774359162473,0.052225222117294266,0.07102671672142309,1.4498936108076679,1.7993897760062536,1.3449601618598925,1.0311342193634458,1.161243333423968,0.0061453299937754835,0.09648894637242411,0.039441086363882875,4.8224605375668476e-8
60.854583106709626,11.839607538953583,5347.045278980652,0.013921222487492883,0.044152868534145025,0.023724324938274064,0.8001141833205732,1.3027808959776461,1.1164498349871637,2.3539340800385076,199.4422129692619,0.014049305811570772,0.04129220097755276,0.04675781651660976,0.000014642362936217746
54.32368931023949,-3.2804434783854797,5778.312002335034,0.014993007982411868,0.04264709291740513,0.07989057144211872,1.7631949727452567,1.0544812158593166,1.2133491501666152,1.461369308870015,95.64378233949607,0.013643901887933773,0.019812601830309463,0.04494735852509965,0.0005190564905138632
57.13210634834208,10.45684264123587,5123.072735673591,0.01060994482571387,0.05610660142172834,0.07958320207395435,2.191299852669193,0.6190061647489445,1.2749509151864535,1.1977556738191826,48.075161109382556,0.008893902673694472,0.008261565192651919,0.04233188151380452,0.000043169897349671775
46.737258050534045,3.262569918527907,5699.537662672951,0.0000873042303926582,0.054082645711447,0.07664713728904826,2.18204988875821,0.6542933005916314,1.359304099883959,1.860546937890452,94.54759340394773,0.018036660928078506,0.005787562848717383,0.04135732650677392,0.000014998752301547436
49.98425061251922,2.9447586182948324,5081.022286547918,0.010474029049880115,0.05696921120880525,0.07512262769908305,0.8639210587625301,1.626456037561955,0.40356562266630375,2.277810611433131,191.66683424088814,0.000025705077548410068,0.0011439088736261132,0.04053901584829682,2.937199825295165e-7
49.50409708867399,-2.799399651922476,5031.150724455243,0.010091225625482885,0.04271481534021591,0.07062632790843422,1.5496472530388081,1.286584432625402,1.3658183760881175,2.1070540659654653,175.00967933373948,0.018150432072267905,0.02085264361269502,0.04284887767792169,0.0017953883301217118
46.82307724371581,11.456794045606351,5085.9343857456915,0.0032360428811557544,0.05558068459477333,0.0784155206190484,2.149729059878131,1.2380243132023763,0.5078527422875088,2.132938016234153,9.671969003170505,0.0016225808154440129,0.0019066966218888013,0.0444303089140888,0.00017823513750958318
42.59021607834346,0.8042389753684223,6814.948643617988,0.0008509170845135047,0.05868687524553021,0.021737235009385878,1.947025980266419,0.857184265040642,0.5060754935545151,0.8054164957935896,192.48769215519542,0.0006243374195253264,0.08584639816509108,0.043460592004205205,0.000026577787181226026
46.97431370688587,-2.4140805657959765,5171.708629814053,0.011569332218449599,0.04695286059844305,0.07371434521336483,2.1884646347986654,1.7955422654007234,1.3953724375154692,1.0565530214558128,9.69193629087423,0.00013836335479386512,0.004976154164195581,0.03877766020808369,8.166780665891875e-7
50.03930933250447,2.6117344741290136,5317.032065771993,0.0022119834727493603,0.04572651827836768,0.0795826606853517,2.1874784829031753,0.8491544955555868,1.1307784786200776,2.3943945703399616,199.28944361030617,0.0018987486527723822,0.0021120790321755944,0.04082442856351975,0.000002570301424969754
50.52555085957908,6.380528823585831,5477.253658102595,0.008660899724730676,0.05268164795041466,0.07739127561766924,2.176539787086054,0.6362648129323162,0.5461896037881422,2.3979280013889417,189.79388309297696,0.0011535237507292898,0.08796684385183742,0.03443037638125518,0.0000023883269695155987
48.24481773721036,1.0594606225111711,5101.824094075676,0.014869703156667595,0.05518493023091423,0.024787944523609638,2.055595134946945,1.6143729016647752,1.3013003147553621,1.619210939022161,101.49350487111302,0.000049284900157338924,0.001832559752265601,0.04332485418917589,0.00002782616425981803
48.85902368284163,5.370264095308759,5010.165595832422,0.014986610360313103,0.05868013750545496,0.055950574220802574,2.133308940729434,0.8034127260641599,0.40837687287821073,2.396220846452828,122.76821343244404,0.00038044804094271984,0.001530062636520523,0.028685890985110787,9.309838422843532e-8
51.59941930243285,4.440615214494212,6294.552754773964,0.014579609563261077,0.021870513106282654,0.07296917312396027,1.5887446886970378,1.7634237546564564,1.2869399039976028,1.4447181790943422,63.221192603749365,0.0012429359869860854,0.00948603212399609,0.04196729614842442,0.015507855127553826
40.19673493654518,-1.875418884941901,7378.067973932259,0.014961864742175642,0.0410091481679677,0.05742005858081661,1.215907710924038,1.650583430481578,0.4835707493373969,0.8493331795549314,1.3945324811410718,0.01496438140132303,0.0010526139407034095,0.04423107956759576,0.00007284354921601942
48.95546200540623,-2.6805335508521173,6072.004830440345,0.004952103110140228,0.05655864564279346,0.029460463261429676,2.0828965593789848,1.5662868384141468,0.5942905242583435,2.3927087198754604,5.728652288318061,0.01524091306539928,0.00143877053836655,0.03802098803645753,0.00040535922004069855
47.52483224533306,-3.681868570381628,6239.428456837956,0.000194192019020815,0.055452564650674434,0.07736879460784855,2.034980042505735,0.6019648361668564,0.7935550033453014,2.2599994037680817,114.06466810548088,0.019722043159337614,0.005229225251368208,0.04600479187273849,0.000042005711891995747
54.63226147968868,-0.16615613668993134,5797.19551791127,0.0009250456219356694,0.055808055964148943,0.03927566983177457,1.7113919628295005,1.6961641168879105,1.2691408462349905,1.0136338809423018,158.08865400239677,0.00012785480608349455,0.004062978499872827,0.04581078546822299,0.0019980459094259308
47.55855400446462,8.012114271632388,5049.9090564947455,0.0007560772005297326,0.05543528217572515,0.03051414796987284,2.1627045517582086,0.7197202690182686,0.9244143412540702,0.8098894530674025,160.78118939434373,0.017666253580984233,0.07216076479715118,0.04024123074544759,0.00005111652079899192
42.25298890372248,0.6684251168212434,6262.541010086903,0.0005901483756807925,0.05767997023512856,0.06642289667436012,1.9664766498971222,1.7812496543780152,0.4189962524729418,1.6131524449535766,149.94125014468722,0.01530401678739268,0.0011068875017851106,0.0436199363402826,0.00013703013637785625
54.214679244734135,11.383257819917308,5523.5800013077105,0.007436773353906417,0.053487618051115356,0.04242486250961455,1.0414542315066853,0.6410462610473912,1.1631491297455498,1.0022704067627553,188.55109076600448,0.0025621158486465023,0.08930051110055402,0.046784264784697965,0.0023046223229277467
56.470561226844794,-1.8273517491428386,5009.048749886452,0.0045627215220510175,0.0563066294828172,0.03286370096107567,1.7836724577883034,1.7676936780027326,1.3382925501981378,1.922409257301081,194.92863183689067,0.019927177732820326,0.09997189588392606,0.04328101157278283,1.6318235062801827e-7
44.71912001468766,4.3137250060132715,5209.924991913516,0.011859775265769871,0.05576173635605489,0.0798702859263086,1.703105987176023,0.8150661943574588,0.4039303728734424,2.195873070012956,58.132899199333984,0.0063113643040698586,0.03839729268876407,0.028778483860950825,0.00007823898102489907
52.51944670980117,6.583664986452565,5449.443133975857,0.01466936903070436,0.04072145229688456,0.07369252665975147,1.8783420219172418,1.6384671137445328,0.4137335004586831,1.3182537437003092,27.505006615356447,0.019952140393374142,0.0013723995084069537,0.04050172380749065,0.00008614302434462125
46.619001543471775,4.566489684363221,5713.7767571002605,0.0007607124925362081,0.04562264756338681,0.02188922050725666,2.199407307881012,1.7492976548743262,1.3950232116128003,1.2069309205848477,0.5351878883392617,0.004994037603603915,0.00771823226326466,0.046356446719437366,0.0000015696106088281258
54.89185148014891,0.09303659932488628,5307.27248553859,0.014906603035755018,0.04606331241931536,0.07079892226615303,2.0743846959059873,1.2242854372113503,0.4049652809626236,2.1099934349352916,50.10383793984728,0.0029868680969646244,0.0920770746677127,0.04646137080084357,0.00003277951233947986
47.93900389196885,2.6344887338761662,6881.679984370679,0.0026054334051430327,0.03383326573771909,0.057744880673868224,1.2367418010931825,1.5943503174306257,0.4009574664190811,1.2447849266815398,56.59711026655538,0.019995197575066244,0.0010412447694835905,0.046789382457837064,0.00004975371041094049
58.06294327479138,14.503515790592633,5179.588130084613,0.0004854216521751522,0.059451572201852085,0.0591892310764035,2.028146565701256,1.2516486988266948,0.4550305893613935,1.7155456357964933,96.31296398112599,0.019049046999981358,0.0024665528768041184,0.04633121987037441,0.0008406069318770071
50.192304399561976,0.8105446233744651,5821.090037763454,0.00256111763720437,0.024304417010816287,0.020247035375457727,1.233469730632307,1.5417587438367977,0.41095890998528745,2.3462832277070778,93.58729991153331,0.006130975315236082,0.0997423568631511,0.043926212250460166,0.000035500563282239986
56.08399883226974,7.8054942055213274,6025.28776520189,0.006313219385360503,0.05802803066250457,0.06343309319061548,2.018094158290878,0.6020302039319185,0.4939696623481561,1.6410512452848347,94.15612967320209,0.012561080629305403,0.019048296664894982,0.041744517860310394,0.004155481997465777
