"OriginLatitude","OriginLongitude","OriginTimeBP","SelectionBase","SelectionDairying","Migration","SelectionMultiplierBritishIsles","SelectionMultiplierRhineDanube","SelectionMultiplierMediterranean","SelectionMultiplierBaltic","DairyingLeadYears","CallErrorRate","InjectFrequency","Distance","Weight"
51.43876698744748,-1.895496273067966,5252.1233147509365,0.008774415817337719,0.05693341373463839,0.039878399845974424,1.161576219947501,1.2817496263266546,1.3833396913402511,1.5239611244812967,1956.2137670696827,0.00008637245834738027,0.019196270246533476,0.03998903672981725,0.00008511379354423152
51.05484081599964,-4.9029595784419175,5379.318648914172,0.0014467588279218047,0.0371127923984453,0.07833119028767589,1.9657477667097396,1.1204271753676318,0.5607335649539557,1.1826315555121205,1992.9877234064606,0.002135107678987654,0.04802854852573883,0.046379161542913716,0.00012038966222007572
50.80390097123177,3.464462205748884,6758.759695331544,0.0034292270975447713,0.03637633769685274,0.021430034292999833,1.3837106209632086,1.5929054864167487,1.3383047123328566,1.9979650557674127,1754.428665163335,0.013312353113358306,0.008065731116256575,0.045419397967788086,0.02070397282175504
38.55935302817091,-3.355100270555429,9479.781269818957,0.009657652410217049,0.05815771074729012,0.07024472833374813,1.0201982743680444,0.6552498814794127,0.45936578319240107,0.8018410439195187,1824.0000591848545,0.018737473384548876,0.007964299683451918,0.04451570186988414,0.000012344359511104056
55.19838905198459,-3.743708078232328,5910.820563832908,0.014379110916555436,0.042972742566825844,0.022610431612831616,2.0221298215994046,1.7657123759752182,0.753002098946444,1.5804658276132844,1711.5218529534718,0.016818348445369335,0.006134131604778623,0.044487215376776565,0.001557568514500169
58.886412629787664,-6.362628082032572,5068.0959583132,0.004487177401575246,0.054151292001458365,0.07477295355237792,2.024237284603605,1.718249600603361,1.2404139968605454,0.9839023192763283,653.7293128368079,0.002724834866226142,0.011353027027148452,0.04012106508710846,0.00062060868186207
52.10439027850903,-4.068845809007707,5248.831660236649,0.006712846185571479,0.04035380396127663,0.05369974277552887,2.1977000625266587,1.5974219290154195,0.5236026498777862,0.8101518730656933,1988.2610948214156,0.0029630108936213855,0.030137743533963153,0.04321301155630264,0.0000026301419915409733
46.90128092386003,0.12241892487277006,5535.112690081075,0.011174399124913754,0.04904781258029121,0.020523664340723485,0.8012056565008358,1.1101367745819815,0.5588444092905102,0.8074524691522247,1997.1173286529079,0.0003309110154188145,0.025624521061602203,0.045950490757042446,7.194825036987816e-7
39.95125335948195,-5.796421571884675,8160.622089254299,0.007868594889856494,0.055154193850095304,0.05268033890865631,2.199439333332026,0.9379729937896522,0.43989339445627873,0.9515668561611483,786.1723292311542,0.0014474473632170167,0.0038334004227324548,0.04362077550356901,0.000059192748423089594
46.41500543482723,6.858295658302598,5168.288250228552,0.00791370225571515,0.04778096641850215,0.023233906317575517,2.06597905862282,1.6286284568686993,0.4212540374201658,2.360195638574913,638.4654230517187,0.0013967442411648916,0.0015582133097954871,0.040813514945829105,0.00009045756104930302
53.53579830621126,-0.15801809181105497,5343.294637987796,0.003425625870581946,0.05419680730223804,0.047254284193796625,2.1856069157186635,0.8499322404331393,1.3969591032777884,2.393908359151781,158.4530905113687,0.01955960945660459,0.0010930818477788583,0.04316756953639677,6.656561076585991e-7
47.44505739034929,-0.006473326785489064,6712.7893738235325,0.0009992221039804281,0.04987485451351128,0.0679347406450554,2.199893946022775,0.8992271558803515,1.3771853770123341,0.8488916478750129,1327.3519678471591,0.0012649810427288184,0.001926787566412712,0.04512060905047499,0.0000018470755815782653
46.28734476204585,-1.306363963757951,5358.948228091679,0.01431794108026681,0.043662922231448506,0.04030458529175984,1.042814114845492,1.6096698134106613,0.40386122397965646,2.390176932856016,1340.9497555166372,0.019976190636850296,0.05874306909745061,0.04243291921628696,0.000008104328405906648
49.27324311245168,-0.11253040976743378,5806.299277435991,0.0012431273243319735,0.03427563824492293,0.035368198055930986,1.6061426407435033,0.8020801425483975,0.8550237924989306,2.080496621649508,303.51746884744085,0.01635506682188069,0.09669075053231002,0.044356265223767864,0.007189476920970895
45.554651990955676,1.188764199312299,5651.456043005218,0.0024854711335599504,0.058765680467958756,0.06758273926672469,2.194407059816954,0.808753667805067,1.2287445393208105,1.0879171781548638,1806.5683927716832,0.005938103061153309,0.006542027480576831,0.04458328196085089,0.00014617070096569734
58.851561197239405,-1.5234720211246024,5271.572899430239,0.010776245227595618,0.05940958111614105,0.055926464074360874,2.180971314869362,1.744559962856083,0.40024298531321695,1.2718291468100804,1743.8058874649912,0.0018911862992418563,0.011270561576110881,0.04530084026423353,0.000003585172773821489
47.58132734422141,5.435009260698045,6650.833352744842,0.0038272230565299364,0.03008249172267291,0.057986800103291464,1.3535565731547379,0.669141187674247,1.0042410831624404,2.2294802304266765,1706.6027278771344,0.000401772018455865,0.045582520057657415,0.04174987936180856,0.010077372284115392
61.58591182282409,9.089088555997353,8106.366276537085,0.01263453432691051,0.045049096079310076,0.0711768465452719,2.0357174113075027,0.7490225146239604,1.357759474795731,0.8420917316857838,1980.5878463332992,0.013065670823590237,0.037205528288404996,0.0327823886917894,0.000104196849026312
45.883363147694205,-2.1817139590894987,5140.130379232341,0.013766741118298207,0.057368577781226164,0.020749729176788807,2.1555916679326517,0.8021552051400253,1.1751967839025657,2.354843713196842,1650.4902107879766,0.00368249778136584,0.0147672028512821,0.0427911924835812,0.000026379159432377798
41.07515790576403,2.753260336306692,5077.7393758757335,0.0036925619800610345,0.04681717173325983,0.07346325114309847,2.1913873830601105,1.244800376091493,1.349971398607667,2.3931252097532494,1952.7963791005625,0.018085132967703775,0.07008477895110372,0.04593670691713536,0.000002481967270130632
46.980012493995055,9.107256646998081,6864.8198004480855,0.004095326329435352,0.05284225536752576,0.029163511822182433,2.1783334271802985,0.6009816814100162,0.5492194536537771,0.9916063833662402,117.38341452786463,0.0012387813097247458,0.06824939368603113,0.03497779349311014,0.00007693033451885792
46.0746608884071,1.5751633152927003,5881.717476320302,0.013618189654097152,0.0490782862021821,0.028478015155444507,0.9548217444004174,1.3020224496067847,0.7514377370340374,1.9325051960456512,6.32246976680474,0.002987711933135332,0.0010607480954028083,0.041724197173889664,0.0006711703434734255
50.116547394205924,3.3992791752778633,5917.656197880325,0.004275989120069849,0.058122783598355945,0.030916364402789054,1.2957401693432617,0.8762283980733363,0.700827839239545,2.3279386067952554,70.9701986848906,0.006160356586706348,0.0010112698060939411,0.03168602565748317,0.0001809128973944821
53.28537728443793,5.474308406644768,5067.679031073931,0.014741144621579376,0.05236584398564775,0.07916679763084351,1.6908844838483024,0.6177145104793365,0.493735854313306,2.0179783506642925,236.40625701964947,0.016567844885855935,0.001557645636196402,0.04531518459721913,0.000029344116433169677
53.37183064001539,-5.426860561958318,6156.831276688211,0.006078627206168403,0.05989558067512177,0.07572192870609906,1.3798167845618683,0.6552092409804716,0.5776225915007029,2.3456001145300798,144.74384147332438,0.009455523279184112,0.0032178996820664356,0.03921392992374586,0.000030919836039405674
52.41149887591697,6.001511269451676,6061.366632662886,0.00027193336278241666,0.0519225683212173,0.046227347033829747,0.8746707961220508,0.722309481433161,0.40621141605867467,2.3993314795794523,1941.0385535869148,0.015608575630062085,0.09569838087416693,0.03778676416636734,9.873839169160542e-7
51.18745574593859,-5.4838863051397295,5068.360571207014,0.004032241480269761,0.059860535392007266,0.03725609827593884,0.8876400168455295,1.7974648704155967,0.4572415694416843,2.2206123256915955,1249.9052468973578,0.019768079719078426,0.04509453491447003,0.03871080704619271,8.110642177276374e-7
55.59890523803463,10.145332775093639,6050.360288592832,0.0017867615263084567,0.05908973548097442,0.051433595865454415,2.1613310280447737,0.6814143293986477,0.8784474590589737,1.1344684681587054,2.6301368896278325,0.00035648609710356086,0.0011936708951810352,0.0457989559141736,0.000004051383950422501
49.49743031461572,0.5584476427844667,5912.589997918897,0.0015122645325333008,0.048623414815419534,0.038934315826294016,1.371940707773748,0.694511038815361,0.9442543971679561,0.8054355910357786,454.20515046815797,0.0051933255691792345,0.015404859119259286,0.04252938183409273,0.0014713218164569503
40.548296762457184,-5.919751588908884,7078.417281269213,0.004770101648037255,0.0522446112690233,0.07712542620289371,2.1992582001052856,1.785384582773887,0.40661742760402875,1.0904605460186254,112.25446829722424,0.0015270248934963276,0.0015908355720546585,0.03755353036644161,0.0000013257275544205477
55.73572119358289,-3.3985812033317506,6015.811286031123,0.0030083601578376256,0.054936379558426514,0.03148596362582739,0.8137598387665814,1.5877945945380214,1.1081148596839994,0.8277944475450989,1843.0064365582375,0.012094709378026017,0.07319070490683917,0.03862958953780033,0.000047220216095708024
49.334172864072976,-4.3785103312522455,7091.723021550711,0.014652942840142577,0.04244525929562762,0.022565869318955583,2.1735701323691003,0.9267103029018501,0.6154071638004943,0.8008874149472963,1998.3003493021217,0.00027088499794388724,0.021658615018475016,0.041887552916763646,1.862873466497983e-7
48.00177510718733,0.011459692373792407,6096.583676008989,0.0003576004178480282,0.057783713615495995,0.03708358080190664,1.4874369011338195,0.6051154760927946,1.2785417221780715,2.399872657036961,211.1374239513027,0.00036737288813172363,0.0995457451811458,0.041322547325039205,8.23242601365079e-8
48.08710158195147,-2.5289279970103307,8098.760248782066,0.00738112389297938,0.03639355525678266,0.027557179177398795,1.949736461441957,1.61939742222087,0.805802058636939,1.521921301421299,1590.8585929872047,0.007254171223281396,0.00105159962561741,0.036374453769127346,0.020335676652034573
52.328697686362986,5.804665107120732,7145.428402856269,0.00677610345226061,0.028853558001407383,0.04975206439148999,1.745056766517756,1.7466634410647965,0.8119112775139907,0.8035412008272534,1829.7785087839209,0.019939200060212582,0.0018556128262798587,0.04468917169152527,0.0003089384733109621
53.28924141479329,0.7809089399760794,5734.485622106479,0.012483360689550525,0.04016289965810191,0.07509832800167651,0.9358110204466624,0.8574326857915274,1.3887753514099377,0.845617701986686,796.5882533360241,0.006909972633884367,0.03468983068299449,0.040807848372568435,0.0005202935660163899
56.15334733560928,-1.5662511271170292,5372.078384486089,0.01398818216720937,0.04237893653460653,0.04729897747401149,1.5319824277807812,1.778948485851966,1.3963103157459091,1.773532688135072,764.3781630217269,0.017680574102758525,0.026691944913466704,0.0416774736183331,0.0010973013319321562
45.71233192398274,2.27770698888113,5139.508455399357,0.0014051793751224785,0.05942660761726862,0.021842241204417363,2.147464794236791,1.140018315314787,1.3630444709092606,0.8626900045720675,984.2159560516944,0.000005350285596453823,0.004387527726758547,0.04066586537496033,0.0000021498591927749125
46.941731125979324,-2.4836368951432553,7312.6674687075665,0.014514544981565064,0.038425204909860525,0.02076037504954892,1.52866810522428,1.4044938513907077,1.0757095660641753,0.8011006754924715,1865.136801482774,0.01948339820223615,0.0011413971794367473,0.040634198144615795,0.000006538515370516523
51.71764939855957,9.811665200751182,5983.588916851377,0.00022615709813210918,0.05926784098364975,0.07520301030757943,2.197871511365058,0.8061574734787993,0.4339199992054593,1.8998581358093352,1672.4906197638309,0.01456511452505096,0.001151135969732064,0.028165500734968933,0.0000054728028062556555
48.51114183480666,-1.4579002495599998,5844.870305921639,0.0016675209706207715,0.04896775819670935,0.07359596297220863,2.045366512835228,1.2289979991423619,0.8996368666556893,2.336253892966068,686.051025238812,0.001793684964756669,0.0533889923847219,0.0378050164017561,0.00143824862572518
61.64359346724035,14.49710350137978,5172.935483869958,0.007113106503921773,0.059238885827427694,0.07675214594543213,2.1832362234806624,0.8240721748052485,0.6089207565094082,1.2979370242602015,135.9270855320365,0.00013577112658550382,0.09438768403082905,0.04541572455320168,0.0000011954313760266586
39.728390025090825,-1.6063169599500444,5857.9897054374005,0.010112401277624233,0.057114667951357716,0.04417381658040856,2.1816594800912266,1.3102996181612938,0.6012308168026752,2.1274581500104643,1311.895179892412,0.01908400228600675,0.09420077124612253,0.04652044889865881,0.0001747376456437796
37.73621145178666,-0.6107847460998386,9546.960858970284,0.00004922870348409433,0.04142887605516692,0.07931019094473889,2.1973258126054875,1.7661762799823029,0.5532142736103949,0.9769637674756873,1969.8810677604333,0.002028825358096913,0.0012003823242358015,0.03546166786731215,4.303089042508109e-8
47.18768056184577,-2.2945205542857083,6042.398246011322,0.014234511480187324,0.035834504459653825,0.03159395242243675,2.185691391427855,0.7600286915206872,1.1616689302123184,2.0863421737004106,8.346950745809194,0.0185213306238328,0.005116824534401011,0.046301910952602124,0.000331969748984189
50.634974735706095,1.2531787363057703,5389.526753503958,0.003245189570120043,0.05391388370171048,0.03536406051795854,2.003673415617214,0.6670197945545471,0.5662712639470785,2.399763195200145,83.44480863128864,0.0009532933379251371,0.005914381123499777,0.040948493573755594,0.0000027854625915072603
50.474983626232415,2.014830971548097,5907.382265824344,0.00502969142989003,0.047686150611411265,0.048737810259600355,1.2845117849487155,0.7937021161148836,1.2659373853966065,0.80106190767361,751.2987154224705,0.019962208507916024,0.010862276023095103,0.04096318958653438,0.0002978548511238364
53.411135390662665,9.585479207333414,5900.954079564302,0.01499896933307415,0.0367049215018416,0.07923612042477152,1.1390813431361884,0.6337969892715346,0.4172847773168539,2.174026911447495,950.3989299750604,0.0006019051638196615,0.0016142160877283603,0.04636818730561586,0.0000022343429798918246
45.05052377919412,3.1582642906115233,6860.0070179961185,0.009600558300081814,0.04261249073960629,0.07377890683311371,2.0360465686682065,0.650256851604768,0.4074663883657575,2.398092849142278,1763.8242761092959,0.019652307812929506,0.007680939933302212,0.02969838768200058,0.000009232826371447246
49.64205876222883,7.052948677097,6888.191412305883,0.0000686215696601064,0.021816002323868006,0.04952665525439831,1.5587295259973217,1.4264024803643893,1.334637929090475,1.9155796618089862,1217.3135431727164,0.011367062948682036,0.08690130510830868,0.04372450775048797,0.011214227183289209
48.41611817422219,-2.5008931621907324,5461.572197431283,0.005145319413681706,0.04138818450196127,0.07208096251937449,2.0070399890104733,1.5164571585681883,1.3783042301645998,1.0550166666146714,1593.6987809946438,0.0005954714043167838,0.003170955463153766,0.046423395278589866,0.0004931315041838203
48.66530543085909,-3.113413769654769,5264.734563907901,0.009923591228934187,0.05575838730769897,0.0794254531051389,1.6819998096187891,1.7914043389501417,1.0919430357025042,0.8014646093822615,1930.2272853828838,0.013049362704573495,0.0032562472236052696,0.03951523098684913,0.000003513142952550705
39.328985004975095,15.5749841607294,9060.392082296106,0.012664141673354628,0.04181674042844063,0.0764724639611318,2.1680131558062286,0.6750424945447636,0.5159932830401492,1.8025677477086053,1975.7893777580807,0.01976838962704391,0.002859706874651297,0.029219445125015123,0.0003520374731443029
51.910005880058954,5.239137971747304,6140.687517956447,0.0041553226186663555,0.047742460653817244,0.07826769817202768,1.231284420210953,0.9977192146318954,0.44148416375791016,0.8575834328017797,1930.4190608314864,0.01560773813634976,0.008704975902235162,0.0385782037683989,0.000564729817763732
48.39047880951736,2.9116688718464445,5073.43025458693,0.0012996368631151792,0.041363610647050644,0.02880055896687212,1.9727791098299627,1.7853934834108958,0.4126114311669419,2.14963948448219,1847.1927862924267,0.01714761082711038,0.00900038091683088,0.037856576841625765,0.0001507090163840657
52.31989629601679,-2.0554824456572938,5451.207370444399,0.003822217075804134,0.05540158378802721,0.07991882879102014,1.42627771930259,0.7729865394532542,0.48433482771845215,2.376486428923413,53.66674449430257,0.019877669028697725,0.01441007839755612,0.04162623741838873,0.0000033254391210319178
37.46169086171245,-7.14882160809118,8876.916622203335,0.0015190596016469685,0.054555926195200104,0.07979953112964888,1.8261779407896903,0.9551786143280739,0.42183623223163175,0.8052706299018654,1371.1393084942702,0.019452300518655978,0.08546065630174025,0.04147674291636423,9.727071786008697e-7
49.56974479112609,0.027738640753199206,7476.844166351555,0.0016707014020461643,0.03923256539312023,0.022611535847444724,1.3537762362175816,1.1670266643354221,0.5290153064408316,0.9875468365633148,1004.1004203485707,0.008751070156302793,0.041353574509425714,0.03871266869766737,0.03437631585462083
48.161021299284656,12.205088543216924,6605.293652223303,0.00027779798555318706,0.03309470487059593,0.07624195518710515,2.193919644758087,0.9658146565285622,1.3645061550185391,2.3791969730238334,1040.186943754143,0.01751022243109868,0.018704654479721805,0.04094375261085891,0.00010262314352307776
47.001684031574854,0.3201241230259786,7726.0669414420645,0.003176193618389657,0.0373712695480034,0.0297929934180197,1.0286086922393358,0.803555255615058,1.3958740920206112,1.039578869023407,1894.842624551246,0.0053436018598871805,0.06224168518298975,0.04493692504348097,0.00030561799806255496
61.41101649876292,3.779618402507964,6348.582073290917,0.0005315088759076897,0.057867867688242654,0.05063952133763461,2.1918093291699723,1.0939198450969776,0.4810203311922202,1.9922130052522515,1683.1185293019619,0.007518470735761815,0.03163309184879883,0.04485545179453504,0.00017910298383054833
47.44088596461646,7.108064476730249,7017.244144966178,0.003383666241476516,0.04539683439503196,0.06758721340726208,1.4646394369401505,0.7123008256332873,1.196572709651907,0.9368869523781361,1454.2558846372772,0.013931785755312669,0.021182867767509928,0.0422816665374487,0.03212582704214299
48.16012247556575,-0.8381883795145662,5608.570183716021,0.00029486401075595194,0.05349469888525747,0.023784862403661452,0.8319730755726241,1.613278781913139,0.5876335102320616,2.397487339667446,1630.313243058618,0.01589381182696513,0.05424114958088763,0.04148232711733277,0.000017199692350494697
58.42980058793118,-1.6573302451236014,5730.625225928925,0.010900254962512117,0.052744543037186994,0.07870057405466084,1.989876842691239,1.7498721367412302,1.0183429565024356,2.2306657917890913,87.35333528165502,0.006585861820859698,0.017750154090269248,0.04539910379582636,0.0006748571675547466
45.576328875023904,6.403149850219009,6645.885785867968,0.0003465978856294534,0.0597974541599083,0.022445835277108136,1.731941685302988,0.6278967270718709,0.4645497296958852,2.339078246779118,442.86955465604416,0.009633248857888101,0.00457406076762971,0.03034287337284889,0.00001677259739942491
55.93699189120164,-2.8100382565112083,5277.772787380479,0.0007621315253040229,0.05062179959855598,0.07838064016608107,1.6368193507338566,1.347935501151622,1.3960008068763945,1.9993132434162313,1744.73061313969,0.016948447267218007,0.00162257141465151,0.04477796591191318,0.000056455953213823114
57.56627954704716,-6.535826596897747,5292.449960650649,0.006432780031555069,0.05677306181778631,0.05960346504135278,2.165023841495755,1.5554332877133081,0.4099023395085498,2.205419734503492,1313.5677960128462,0.019905709990210362,0.003565319767042967,0.041088256286276235,0.00001151945864429085
56.288953003253766,8.813899155344426,5476.548427765494,0.003682613906112511,0.05990338042465832,0.0751032418098466,2.0031845871211527,0.6449770801806174,1.236848730934391,2.3630372139621043,1354.091083393091,0.00021306988551971187,0.0024283925875704312,0.04323866413917117,0.000006778995499953665
41.684422805821306,-5.768434584103662,8915.507420477603,0.008446641772052668,0.055600420808010136,0.07379316098334268,0.8019304552810829,1.3908177711424343,0.4438063776531508,1.118518164569728,1524.5401675301698,0.007298307820713123,0.0010569441313971126,0.04628102160780355,0.00003655135675436203
51.40793819221982,2.038869891328078,5445.442570913011,0.0048574094914644395,0.05961650453206517,0.04905452168306657,1.3869110185278108,1.4089391524397739,0.7881116099575851,2.3848598795024163,1137.523259587354,0.019027399750547118,0.0010954926329727578,0.03358408059406322,0.00024571945498725353
39.794768240075115,-0.552996573231848,8665.45778673662,0.006428643974455347,0.03429951226429343,0.07980506023322272,2.1937441646141593,0.9200610180245261,0.7777480196801245,1.0516713271129106,1605.7935381144632,0.005059626398312049,0.004953977576671889,0.04327645218442582,0.0005038449619074963
49.17672299589452,5.864523737440457,6984.068348677529,0.00030238400994845254,0.059735846464648835,0.02885761375453529,1.637443843893351,0.6353911473930415,1.0198435029603325,1.7056489678583393,1717.0611532677774,0.0000098609987442458,0.0013084281499332203,0.029997675169683175,0.00003877260440990937
48.16884799041587,5.588499072458877,6015.835366925105,0.012889804816628754,0.05092373001626478,0.06899400226960734,0.8242013743895873,0.7283742654565007,1.3099284453683777,1.9210044842865703,1993.6891436631624,0.004713362603143092,0.0013157285216933924,0.03960557463426664,0.0001117616789020527
51.40931395086542,9.409975526550419,5409.4012143928985,0.012307977999707334,0.059965600256192936,0.04858678309476441,2.1851476869649265,1.0172900189133658,1.2591365767989249,0.8186848309781029,8.074282017645494,0.012588565886561653,0.0012124272727256037,0.037622967353565254,0.0000029759042161378273
47.3390918935771,4.810173983918908,7883.404540315512,0.003747432870591491,0.05384473579412939,0.05036864375829408,1.382315529546465,0.6040842267962357,0.5439060028469314,0.8009084237445868,1653.9144717788192,0.0008364969533196084,0.0017267465882850532,0.04245635557242298,0.000023292540676579537
46.26021334243255,0.2247802793509912,5565.489036523227,0.002577324320137715,0.047803434081322656,0.0440878205383648,1.755267291368218,1.7256453657021003,0.8429873836027706,0.908354623840201,1877.2650944302718,0.005348320844025134,0.0019332266641460775,0.03794744651655841,0.0020630591428630386
50.89612120733817,1.083500493611945,6060.925198277375,0.01359561994196516,0.03401606456451032,0.030699264312529638,1.5185592845641347,0.6591581337888565,1.1506686569146582,2.39425366213,878.6386823244699,0.012504583402581015,0.06816220267465779,0.03877938655186898,0.0015160918412823136
54.951187240165154,-0.18067049672623625,5545.288831641577,0.013552141534571514,0.052134229480134825,0.03463279558368697,1.2088135048404567,1.1441202247541045,0.44599958373675896,2.3495201023991132,1875.72931116257,0.013807363627113335,0.03264121005518007,0.041195159848475056,0.001600247953036393
51.10867148958616,7.183517776764084,7008.339083041649,0.001947605974394309,0.04183240225099276,0.07488358785225795,0.8192142950079925,0.7855639904904123,1.3698964332561425,1.9352631955340043,1139.6234655856626,0.000045117430023157384,0.004624965994733519,0.044254906110168406,0.0000883003390982713
57.68437447879502,-3.3745045322769327,6260.787858796825,0.01302739933261635,0.05888313938866759,0.07387291356811954,0.8777216714236391,0.6631737868090514,1.1960041293510133,1.0939323720705683,6.355343461017525,0.0180224603333991,0.006136687368950731,0.04511425793254552,0.000043025093494512326
54.994141856808824,8.009675094767154,5478.462870380996,0.011298756223310296,0.059196703155754676,0.02656528992647774,1.6841865485260816,1.2121487993004005,1.3037583806856752,0.9519526626561133,1409.375319985137,0.001082299332787756,0.0012669377253927687,0.045184678281525344,0.0007432382610557568
48.80081580403615,6.599170962078105,5960.236326851298,0.0005643449885353279,0.046668872934543804,0.0569792690364834,0.8016770603782699,0.6042654027281793,0.8584330180081119,2.3706696462553714,1548.073346838204,0.0059771908413441,0.06604092514695845,0.03887201014221182,0.00002250214264695359
46.54326261831244,6.361726170608009,5283.334048486979,0.001027307521279815,0.044884786338667416,0.04639083817140974,2.119207396284516,1.0286181812380621,0.4959844058440412,1.0396078005068254,952.8672223528022,0.011669156527362312,0.05376638186234068,0.03589322737876425,0.0045311063100820104
57.93872376829776,-6.227888507308439,6175.613172630972,0.011319747971876312,0.05439289902317133,0.034984149613215845,1.0487518689397137,1.1158978423187926,1.3846430884171068,2.227652856198037,10.338741063592542,0.019536375389680824,0.05543403434400292,0.044959266952600274,0.00007453877232043807
52.05476985385855,-3.5013083854665847,5103.675089837987,0.006684326523619601,0.05055385391276004,0.057533499122759985,1.4169155457441445,1.5229696269832504,0.4045019624228411,2.2303924909936086,1368.502704698963,0.011639180256905374,0.0015585532428365365,0.04623597516879307,0.0011924074474386577
48.633856260963526,7.634268438919598,5113.099372562291,0.007685710978215156,0.059929119662010165,0.021261679448838975,0.8277517782524941,0.8626860222894355,1.3309668545858875,2.388316441002538,49.41366825003061,0.0060431943952028305,0.012923149031913805,0.044505893976275995,3.5603956152552513e-7
55.22966937923047,-1.6247515645558526,5323.460702856346,0.01198824815414799,0.05920995629407196,0.07931307497018628,2.008987316635211,0.7123949476730317,0.4430842874762196,2.1577199287329925,523.0157186715518,0.01157449615371687,0.09706381240695149,0.0443494379793934,0.00000858497900494355
40.68894455622977,-2.3830593465533543,7441.7070065181,0.0004648251153506935,0.0475308461913521,0.06813771237750155,2.196223071555279,1.5072390229256558,0.7277351458258621,0.8095232169637671,49.55766229715001,0.000012678598339946787,0.0030096931622197376,0.03716951027796316,0.00000130904185935086
46.69035090567195,-4.96041953517998,8022.917838885465,0.0005992036352813158,0.05560306216113788,0.052036965283628694,2.0044061568609006,0.6118749877889648,0.8468488219376695,0.8093369113676625,1904.923797837899,0.013694239203378894,0.002349728069376251,0.04591052705139882,0.00004004434367106728
50.964222441159414,3.6636866011849634,5057.349045694026,0.00033621022584144644,0.058231689001609806,0.024639405024569513,1.255869789216819,1.7986083091293126,0.45133073107963817,2.3851289049542537,1869.2528162616425,0.0019186286399229824,0.0015594980248995307,0.04420956674118097,9.611504527366578e-7
39.99011406257662,-3.1408830462398143,5082.916117266212,0.01236646297353196,0.0557754778696968,0.07848750235444149,2.1940326333698943,1.790555526351488,0.40079421969215895,2.3993318196966533,1876.1830226396237,0.017801234330295675,0.02661698432475599,0.043347984970311046,1.918145205088278e-9
40.167319859647854,-3.7123781136539877,8174.178637385661,0.008547377497010046,0.05882746981195833,0.07137182018609597,2.1994080151940327,0.6049162139403765,0.4900367253603603,0.8000759242343753,1353.74500098745,0.01418345239937268,0.002342102157898639,0.045238392516996274,1.3584674229792833e-7
47.497544707099635,6.2697727477472185,5229.1963232972885,0.0006448595494401497,0.049076915326891395,0.07478376729933603,2.185145520743749,1.0630128564429193,1.2932969225631812,0.9004292902074043,1917.8640448628655,0.019037700306801637,0.015033103285490733,0.037361147181697967,0.000013143155316660635
48.41252891420214,3.9729355105363897,6875.229649455535,0.009959890798351079,0.025364951392501674,0.07321106923509121,2.1993124560791584,0.7686578445258212,1.1945400103372743,1.136257568917944,1971.9912843937361,0.007641043457712763,0.022729848090586327,0.03909702957653661,0.0002462421554930927
50.17265238737999,0.2122258437678397,5783.823143082017,0.012771778704512519,0.029131629159652072,0.026455258325458683,1.1770797107569244,0.96413083949709,0.8473649330453776,0.813446075423504,1275.9761300100624,0.005760967945002668,0.08338258026980436,0.03835851794736342,0.0021476898330465735
49.09035076942344,-4.702914879967795,5129.458010502199,0.010535890374236353,0.04561702179853313,0.046225652418851314,2.1968103908808057,1.3720026304394906,0.41645317653579905,0.9202381230449239,1654.0628685115014,0.01010887046937576,0.09927830964501133,0.03942781241192584,0.00001127586024768802
53.09048061265563,8.027127128823452,5716.658299009393,0.005127902450947895,0.05918494492841877,0.07986388939554243,1.7772653464155614,0.6988901666103321,0.8566795620920289,1.6775495518697174,1953.1737370093037,0.01940553746962222,0.0751509337415873,0.04547229083614864,0.00004865215207395757
49.87703654445913,3.1435168117598185,5365.381174366978,0.002526271947979319,0.05951769844161156,0.07664591777373995,2.19062627553806,0.8655342122114841,0.4418815739374199,2.3954927130279446,1925.887902826934,0.011077197556355398,0.013345800754913324,0.0329145941790728,7.859826313641512e-7
52.24491700970546,-5.271190690297161,5074.7095126502445,0.013206021810614553,0.055282516753425645,0.020783083043509867,1.2092128746017337,1.7991083185706485,0.44461372109632086,1.3137404832633885,1934.4896638090595,0.0017382683270059055,0.0796632047137574,0.04202220356795606,0.0000028480447741388957
46.611028192795715,0.7751963816106198,6749.962828255426,0.000027218033219511952,0.05661544512039893,0.07856373614450858,2.1539017170736954,0.8045278560540698,0.44514594822520587,0.8006330096988936,581.9953953161463,0.0018578194893544978,0.0011853110686798388,0.043201834092718536,9.448398433488761e-8
47.00409733543788,6.512738954626627,5657.456916760293,0.0005715498995019324,0.05779387351870442,0.022717869305888507,1.9567471493204038,1.2924689488365317,0.43533055622314604,2.391240020212895,714.3855586179243,0.001244243849919579,0.007063697881127344,0.04333307191139032,0.000025277551432396495
40.43837691170935,1.809973596491055,6854.229914460272,0.012262506340938825,0.03379500904633949,0.057329646218709215,2.1989077822327516,0.9782130405131992,0.42196554175927303,2.3239229916595887,1674.743886203996,0.015217180696353787,0.03249528417958172,0.033749976129596175,0.00012276355922534937
49.462139897663285,-1.5195708870870543,5186.379107660668,0.010681588525788412,0.056671511073068497,0.05995093786372438,2.187049059693473,1.3415491267176698,1.2769183944741864,0.8375864024947457,338.263171016524,0.009445412558972414,0.001003783500383553,0.03907914842747238,0.000020213683042656616
47.009800414333476,4.220828273761402,6177.758466280375,0.014071802076229153,0.049604306408232546,0.07845848743551397,1.7374483857518326,0.6156407434871847,1.2208693454543185,2.2537124266031316,1008.7513278986233,0.013864440564263607,0.0010666900024562335,0.027533175157727605,0.0003934843335552213
40.75407475771118,-6.757443328854299,8732.760284398393,0.0001691785882573294,0.059466637371391344,0.042860727957304126,1.5182560569341115,0.6179651220480785,0.4211580070027974,2.3944103056229085,1943.4531779903268,0.018802751479394194,0.09750943434366309,0.0389968826581209,1.1872006629282727e-7
47.105125870240784,-1.9000658314822108,7590.202383156933,0.011054835499822975,0.014300712907510442,0.026523415623345266,2.1999968099304086,1.7523860230667343,1.0673689422271018,2.398578670445614,1876.6895001834528,0.0007374187232694076,0.09622569842767718,0.04346332122714412,8.040255615791522e-8
42.95941098292029,4.441355279308427,5860.332410747256,0.0009918172060408628,0.04242208101733921,0.0567586872877978,2.009383378824622,1.7934252706760359,1.2937174574358048,2.3538732591803826,976.5189645353885,0.0004811125565755759,0.0020217728993820613,0.0381890168398875,0.0001267658561822046
46.97654979373207,8.770173788882627,6097.288412777409,0.007522715995246119,0.04637169666328266,0.04347630558692703,0.9107026068472965,0.8355533280958166,1.0209410332998858,2.216534255112604,1663.173174928474,0.00016545354528789622,0.026531518006583838,0.04418928721215181,0.0035015238786353835
56.71528047741161,-2.734919855207359,5719.272156832325,0.0067775394497475204,0.05727473449087325,0.048409869967871555,1.8723203233768795,1.3461575568060464,0.4106862082519324,0.812220509782265,1405.147212586461,0.011981983498970106,0.007014675374871924,0.04339670828700719,0.00040980691700757683
59.21385590695654,-4.760634711820075,7226.047915536419,0.014560245804270032,0.039396103119688136,0.030205317481137382,2.199939478521048,1.6571360498923635,0.4003889351840574,0.8339618398327874,1978.1888983373096,0.0001280525902764491,0.0017909386377945016,0.04524098076161816,1.125371349077239e-8
53.68941152570359,-4.249693091773692,5031.962672195903,0.012123764731914406,0.059432934142088285,0.040549397307851676,2.1750964855850086,0.990597186246975,1.3110719170757803,2.3854184658802664,1.760820912843577,0.013933743473733147,0.004399485421704952,0.04266908377816896,0.000001027905406022186
54.627717677916884,-4.987052544382408,6127.281549928841,0.014994362007070444,0.051838005851131234,0.02733964715707757,1.1671020681570397,1.3766745070700463,1.3727941158472956,0.8558160523833798,1510.5578442847323,0.0007465617337702634,0.0010946556796922902,0.04466497911896925,0.000024610767815934574
54.758994348257815,-4.4656081730668635,5052.523276534939,0.011527463643645782,0.057960032115767515,0.07233405281787246,2.131198068576115,0.6009991920248732,0.41263913301111677,1.940505888347951,138.86801213958483,0.01960197472480034,0.0030745451274224646,0.04613909217583188,2.79079013500627e-7
44.56914804016314,-0.1112864247935903,7536.325653422076,0.008330234654089538,0.04711953051683759,0.02867211492311717,2.020051976910919,0.6114590547014933,0.40195545780199565,1.483139097409849,653.2736225698127,0.0019864307521645984,0.061202223043329375,0.044286020876466166,0.0006791393721476123
48.63209682367898,-1.4340982127571795,6034.0932103653395,0.002641954053131899,0.059551597190743606,0.021493684771441864,1.234987886299242,0.717704863525241,0.6827047690929534,1.1260090492363415,179.40623004847274,0.010723164575111589,0.07314293585439972,0.040879521022815224,0.00040326399314172034
38.00834751575065,-5.344344625448439,7222.107529822475,0.013578132231873367,0.059614952090521194,0.03277615272716534,2.1503351133694775,1.550457764340079,0.7659177559355107,0.8638960573340722,1981.0225266154089,0.018197418651564552,0.0013979550907234058,0.04619705632598712,0.000014690582112352697
56.984179512932776,11.690020633641922,5397.019279168833,0.008508308126741141,0.053707680543972035,0.03530239261379872,1.7803850392422098,0.60704816419995,0.8952091687394328,1.2024902250452243,383.8936737208772,0.006850279736017901,0.09561550108932712,0.04224184362400663,0.0011759926753595795
50.19731716034313,8.485407341281899,5146.412609113917,0.014994649729804767,0.054152914833730116,0.07247435869714704,2.0882401699636537,1.3314165448508992,1.3045262315996387,0.968846099917513,1335.3989319131645,0.0007233774528493381,0.0010112999656939335,0.04388311877282373,0.000020131251577712538
51.33118825746934,8.741894277787772,5328.501798793002,0.0008680367557786688,0.058390302935346625,0.02493736260497622,0.8127490881708235,0.60725314028894,1.236647422982983,1.330300106583804,1460.0657632590096,0.00666482922319953,0.07866134631560968,0.04630601920799016,0.00003173653608476999
42.53938665705649,1.7713950866568204,7243.488071021444,0.007027579502172883,0.05380584284637183,0.05265913742573543,0.8382115806008285,0.8144969773931552,0.5852655685993328,0.8624015558387734,768.6858278921861,0.002004123963715552,0.01606103552749129,0.04295475821623809,0.0026991777564041907
51.06713536585665,4.637644893146387,5204.019231368259,0.006936841704399475,0.04304114885592406,0.0762263547289518,2.1324706488240093,1.682868650013388,1.3300133298035515,2.385514636555002,1392.2189788878225,0.00006153633143776664,0.0014335263053433932,0.03000807750358944,0.000004830732779894651
55.54338353953612,-1.8528455660784005,5104.000600248393,0.009256417315082428,0.0597195981220183,0.055887564362848224,2.195799560886603,0.7083383362251364,0.5176717237012746,0.8364157176721503,28.297494051648446,0.016860915576924877,0.001007505208630465,0.04558227723391988,3.8451218676056536e-8
45.759672861299364,2.4381682077672995,5718.233850346815,0.00025411877426602365,0.04423372857806949,0.046924386511260366,2.199989009606229,1.0506435691668417,0.9609111159111317,1.1652428106671207,39.8799180441939,0.00883435442285117,0.06387987544345952,0.04009113775672558,0.000004690530923913142
55.54245437636974,-2.366339116238426,6462.692292083822,0.0049770665076539974,0.0537845688577597,0.020180945052225504,1.223965909758014,1.06427595645379,0.44643512860071816,2.3161541147183846,1544.3568894169512,0.017333417925913613,0.014538891873442593,0.045584577630494436,0.001052112581055071
53.50309759255127,-0.15413401779017022,5409.966953595428,0.013526102164496229,0.04923230132957601,0.0787103273557297,2.0492341154342735,0.6007342191802415,1.0097756390101202,2.1276614844248742,114.28720539175114,0.015726698539180267,0.07353288541315937,0.042633680874942514,0.000010318869049395091
58.91051428753977,8.977506749303416,5477.267149077275,0.013196833130109395,0.05565370461638062,0.028050891115612656,1.7261565132604464,1.4295327816303827,1.1467693225132578,2.390989517235822,1571.8108578918564,0.01238636103662164,0.004458897750453949,0.046137248784559735,0.0016029822439687482
49.498295480869146,-2.6045062776896426,7010.238338639599,0.00913140672905463,0.0296323080864874,0.048219637530832964,0.9964110553874748,1.6861339952706058,1.3493374732472425,2.2586417552919382,1084.5986218206992,0.00005477544852709067,0.06269790645308346,0.04605637680606975,0.0006576730587238573
57.84206879534543,-3.438368336821773,5068.924828717208,0.00508488774570473,0.05969021467167883,0.07914146710365369,1.9672460647463377,1.516618824346558,0.4270066158667827,2.3271182621647672,1880.3363688218378,0.0014888083963186896,0.002494744137308125,0.03945623704020293,0.0000035261531159556616
46.84134540934329,-3.029701771390899,5234.338496210254,0.011907915474716724,0.054152120024065734,0.07852496326235774,2.180305293302087,1.7380720149557827,0.4926492870929296,2.375880402800709,151.5747363774723,0.00022898590677420205,0.003835608430593038,0.03430610573454282,0.0000019685383799664064
58.87826185531249,12.01064567540896,5571.003811491163,0.0009836085572937443,0.05993998223884207,0.0784805511400606,1.9552960270946331,0.8848636656520619,0.7102418988531545,1.8828938747691795,222.4999698204445,0.010644583616553913,0.0011378462137751008,0.044574852437622214,0.0000735237349036817
49.67564935295037,1.8087201319311816,6576.567764396868,0.006507785830930722,0.04654081970181794,0.07990899915869151,2.197350158092729,0.874408030774845,1.0882243251643136,0.9285177514350604,1790.1214463822155,0.000058616028850089936,0.0014911337699484131,0.04453922362455151,0.0000029634105821482667
55.6584010408343,-5.157280680283057,6176.3232538231805,0.011390996641024541,0.05520835302869372,0.05485553034693638,2.157951124582426,0.7181072140283077,0.6005960089182746,2.3928529757719934,87.70856231218056,0.017818015027362494,0.0028800552639347394,0.04462366148690979,0.00001505972643591855
41.0999321034578,-0.5969767410494775,8774.59041172579,0.0026210472282122304,0.05986059934414849,0.07063425619673959,0.8207788904601836,0.6676712734447112,0.49042594918027743,1.944648993630086,1935.3637821008067,0.002843417138064971,0.00262039732053001,0.03484242486351221,0.000030267996431725725
47.1495649455868,-1.6314406583386898,6170.603327581864,0.004737927844403288,0.059048411378607266,0.05900261556977583,2.127909643378901,1.002225901389681,0.875689573998048,0.8256062829256794,1985.2842594629603,0.003406984487543816,0.0010108808768690488,0.040189022915695864,0.000006432180782655492
40.41329771298224,3.912601679723714,7097.428199003347,0.00353770427723328,0.047539887090832705,0.07908118336227961,2.18034036984045,1.0731852155563864,1.2204955244554823,0.8001211248513315,883.9600961094272,0.008604694687076494,0.003932429671046768,0.04373002198953393,0.000010987277282826098
46.865679971205324,-4.942521692944903,7746.620753001767,0.006126805770366027,0.054439016484750184,0.02335553030379636,0.9000556156561461,0.6241559219392784,0.4681427416257787,1.802528048334732,1279.557999845727,0.00533997881080757,0.05093210729299007,0.044787858513907784,0.0022526588064146836
53.63195887575617,-4.276025799172855,6755.9465281730545,0.013274865063185128,0.05994523811873346,0.0666255640357285,1.1897085701769754,0.9011960477825347,1.0077680731810794,0.8530567758251272,1085.7344246803266,0.00809698480849839,0.0013351909346563098,0.03977205810091823,0.0006919885821934103
57.9906191135138,-4.622976889866726,7574.261643827724,0.009878871140954622,0.03505448440839226,0.025598269307599775,1.7800604842270011,1.7018218582054505,0.6045568920837536,0.8068776566266359,1568.0290505642524,0.010490129859895845,0.0017573579633329169,0.04582462723585085,0.00042198077217216835
51.9303831603558,9.397750074760033,6002.575212479608,0.014696749037654281,0.05227914497320804,0.02492515670379109,1.9665474732150257,0.7057931055571932,1.3323230906977535,2.3904229729176083,1179.6051620060998,0.0033865622782705824,0.0035680455725102746,0.03801238321252946,0.0002072084843095454
53.407869148096346,-0.2386621477571378,5080.5880110574135,0.013580476782866169,0.040908840915105105,0.0200424636063143,1.1240566627632962,1.7371538072392383,0.4120736746362115,1.433406431078287,816.6510621938486,0.00017962019147889743,0.08155416980661265,0.03915936274098568,0.000014611288693735438
42.47492209284893,-6.866914089239642,6784.216012246401,0.008783616489794782,0.05685609091216868,0.0691152003658848,2.090258668488172,1.2967144983710084,0.4271626838158218,2.01314433511779,1057.3747100773328,0.006054721244173843,0.0038495173002055286,0.041458504222546474,0.0022090185835572378
45.772160451613544,8.078631856740213,5223.997035573717,0.000014938259623343936,0.05931617820464288,0.07921804121366732,2.1995870874981893,0.640545358880055,0.5106475501833188,0.953107171852567,1991.798998930621,0.0012744617684878243,0.01760263432277363,0.04609997386634406,8.799371620503411e-8
52.803036511066004,-5.993615213861784,5405.9244636887,0.002819909148067375,0.05770578480225072,0.07700340758085059,0.9515513541116405,1.7208280550921842,0.4425653829551551,2.3705142988760866,1998.5741126542632,0.011819882213453783,0.07615008852160675,0.0347122320489382,7.057847993355716e-7
47.119508809838415,-1.0409314729873351,5937.987176152551,0.004228029440858846,0.0513548202271814,0.07545756060261676,1.3115100749297612,0.6764619636885083,1.0198888171629807,1.8884254849682927,829.5008904395784,0.00001725767083821026,0.017828769519530385,0.0432425862863227,0.0009883911976000506
56.3615397276747,8.590503942806517,5267.765559353406,0.011751214462566086,0.03605973448043759,0.028373865586452753,2.186086065548407,0.6630134061794991,0.7877285229698675,2.3992955970638503,803.7151853694978,0.010132540477247163,0.08642796443923949,0.04525882087784127,0.000010849107296403423
49.68026964720288,9.90203981120169,6258.855837996171,0.0034390838697966135,0.04877273022651405,0.02244596508778523,1.4823644941814926,0.610220996354837,0.5034804946149204,2.3923463560019975,1457.3167592247328,0.00046391288451478176,0.091709401330298,0.03973028954673918,0.000012265365099463776
54.01212517384677,0.2816565147767811,5976.183968872683,0.0035214377860502454,0.05995649506172357,0.07948728769995417,0.8929478154699432,0.7578538585067911,0.9278744851226091,1.6075362561190827,1627.4552473280285,0.0025120835410320837,0.028113604915445144,0.03412400048643862,0.00011343234825399653
49.64858870319447,1.2491723238119619,5161.031093859954,0.0024854556131312573,0.056070664428268836,0.07968826134062873,2.1328853256393847,0.7667452763000986,1.3922234329191359,1.8599418548119784,1811.186002902369,0.010874578811867852,0.001066564773053845,0.04166165983062208,0.000003621237012300494
51.445662090481406,-3.053183417840989,5748.954544855839,0.008604929615110708,0.050771677646943424,0.0730684730343742,1.0869631175144052,1.5017120070717795,0.4557862851106805,2.3559065936806385,708.9615490411696,0.0008898133242047977,0.013199734094116311,0.034142519711717514,0.0010464457014170141
53.65270565681108,0.6321790240751923,5329.816605723796,0.004329915175260399,0.05964047109507438,0.033576373264993686,1.1239680548097608,1.4602273822494394,1.3438069609466545,1.0008043428948032,145.68993181247268,0.0015370971936402636,0.002771319588194899,0.03700074670412199,0.00013203041807335216
48.31849958789732,7.878628838210606,6086.58955521996,0.012449572876925363,0.030866898335040353,0.020924224385968825,2.0667540486725775,0.6790673082468374,0.520973248965246,2.322384601448931,313.7664273462843,0.003681219696736783,0.043195586459441764,0.04032665567850184,0.00046563486467116093
45.71254682947681,1.9316029715571492,5579.469402093311,0.013991480291910595,0.05845437526268693,0.03576485808166478,2.1234307228636973,0.7373903711720686,0.42157252777291887,1.823903499683765,44.33314246306939,0.018884897266178254,0.004575366446528622,0.03862027068233927,0.000042486242820722466
50.9260127083815,1.201384809362752,5003.249923477883,0.007088380734091144,0.05632329705036894,0.027956626803532225,2.1873114978789294,1.189566634267904,1.397325925052351,0.833085663429485,495.9355799752905,0.014684996463159093,0.0019351361367000721,0.04134956046720238,0.00002290048788329972
51.465685805555594,-3.026137195335366,5306.30918946092,0.0014239155246113305,0.05686325798137968,0.07873225422396431,1.9911392625615223,0.8016117998740651,1.256071141541082,2.043486950204472,1802.668405411681,0.001499953815610395,0.002770822258047823,0.04438714403143678,0.00010790332707736721
42.51314738861574,7.902350978012851,5447.476935732684,0.011665806187062512,0.05877305399478499,0.027779626937206914,1.9180120377739531,0.7636612442871422,0.682318120162309,2.3909544716250286,1399.9758679522758,0.0173420769329473,0.004781858293799884,0.045500444249415614,0.00044383526701225335
55.751708556186856,-2.35521717170199,5037.467195186355,0.01435163798920622,0.04813238172131652,0.03643080355733632,2.189005890943524,1.585921564666429,1.2963987396261913,2.197136847809564,693.9406493444085,0.0006528123566634672,0.0031495568090176723,0.043692586752937856,0.00007126245710054455
51.242082781840516,10.474201861129277,5884.617683221337,0.010921420479521807,0.046663547248491366,0.040521691590509,2.1988608066137645,0.8160882530489115,0.4004664614371392,0.8155118641404572,43.75773609800522,0.01803304982271855,0.044128017782591206,0.03746487783857097,0.0000015003955750378584
51.35304368071264,-1.0000101257477265,5092.873753250618,0.003801649414228813,0.051597350759908046,0.07916777473979171,1.0113671966818,1.5870060121498661,1.3459153818750416,0.8099211071030133,65.90931220728343,0.0002108517569618834,0.05656561236767927,0.03631915401174379,0.0000025304067632937904
58.83108844075406,-3.363319519356721,6436.0144275519515,0.009428807444919697,0.04429834233459348,0.07085099146720243,1.7391552516703501,1.4606088694070904,1.3850961802246264,0.8040634410480377,1349.1586769735331,0.01894595766852508,0.015544603258362232,0.04433843211662271,0.00011319101694316189
46.34765569857639,1.3974440920900353,5807.711046656629,0.012647123295385322,0.0425196707511538,0.02096050589179728,1.8971436133463855,0.732338101271265,0.4120000731211007,1.996759891987713,206.3107449771715,0.017684444560269765,0.08043561596132368,0.03886004438927668,0.00013026845934705557
60.762221746562865,10.856518223384938,5562.101009239628,0.002896104577677759,0.05435524733337418,0.06181824512082716,2.198384590486979,0.874964301178621,1.3915506450451192,1.369015040031167,1646.458329896384,0.015727328119754472,0.08021482887892643,0.04221910494281329,0.000022512899340687348
48.34410352932822,0.611640420418782,5011.7834538888355,0.011100295593257408,0.040850871412041724,0.07948059505100775,1.2370715347075536,0.691048890817779,1.3950722483923845,1.0683606393348735,1970.402362989428,0.010737514551417852,0.08231890198374991,0.0420365700625926,0.000004520421991011314
40.89210054494116,-1.4357481866299935,6946.597283993893,0.00014296165703755974,0.05538002951728848,0.06711855337120858,2.1920162361009368,0.603602129882987,0.4921571258661951,2.3234240982860506,1774.8615194196707,0.0032454702870078084,0.08358612574693865,0.0393568961718711,0.0000011794289677976779
52.705841747037795,-0.4181221523852212,5011.662437773528,0.0007502787453709218,0.05832521070913124,0.06599080735229812,1.448970229311703,1.7101220959922423,1.2382060625197462,2.385466562555353,480.56695002321123,0.01979585829689516,0.00306507640876844,0.034880266155823306,0.00002475887661788868
49.89648809886617,-0.2902180405341497,7418.427381427266,0.00701683723873768,0.02700775564800554,0.07806445861069021,2.1998400296103346,0.602049468419725,1.2734087676820338,2.054821069304207,1614.9647171901545,0.018358160768090274,0.051980516526911866,0.04317984586775261,0.0000015414166390962523
54.04243083398974,-0.2638301787661952,5878.790132984406,0.002333280310872129,0.047860715980509894,0.07042142961522158,0.8910017288115342,0.8045013208270944,0.5488022883801511,2.3840396602398064,197.9096226950001,0.004721616213016684,0.02379113724551362,0.04470517621816516,0.0003886284698009435
56.868140218049746,-5.254045229947504,5934.845205170532,0.0037549755269542934,0.05673226190172825,0.0695948909068791,1.3446317760330126,1.6930239168042913,1.233370205199237,1.8731999266926744,1574.4052164967966,0.008071182440479234,0.0016515606229617237,0.03517413048631531,0.005797226341677613
55.73648104778043,-5.826697165177546,5684.7351387479275,0.002362506551149385,0.052887808760305015,0.02112734719989312,0.8770155745123224,1.4619210651466816,1.3996863434681506,2.399914606845541,136.47384248076997,0.011279827332075044,0.06765557458720313,0.0461266119474754,5.1750885633034e-7
49.037859635657114,1.2607953075523675,5110.208197069638,0.01459968026904115,0.05368054612649381,0.027666914143996073,2.1177260326951695,1.7205439166817857,0.52436721822827,1.849255745479593,1851.8978664717822,0.01631731482868293,0.0016031692986652132,0.045151472357116564,0.0001827566133322484
50.68660197389379,0.3884461351300317,7224.569871063264,0.013343210518325713,0.044509631091309655,0.07678508152654609,1.0388867424979387,1.1864071090355366,1.205330917413157,2.1661897047660643,1982.882139914708,0.0010934259602872526,0.0013250504111880933,0.025025244369077153,0.000728688502266738
61.43825306590493,3.1188294438354305,6864.000347609104,0.0022762839343481067,0.059961013397399454,0.06745140832671027,2.1582171710837272,0.7189163224578656,1.1981772940583433,1.2191329779743503,1852.6430780382664,0.0018194004144074997,0.016931154233109612,0.045020959038491584,0.000014922030589106408
50.916377857312945,10.323092059601894,7010.1314627745005,0.010570370343099265,0.036193814277535034,0.06137137008708349,0.8300903622546221,0.7667245146778049,1.3972032130771153,2.352995786491345,1976.5759982626707,0.015325860478810516,0.0010400186415428464,0.04633077515237127,0.000004382659708627618
55.506715955373764,-2.251769997186411,5041.157111737462,0.014494951399019901,0.057970200465287565,0.027425128705191988,2.1155621322555245,1.1163330767629043,0.8047604083998854,1.816060194957145,1852.4977897439778,0.01920896889446942,0.003755436684251783,0.0447518688378154,0.00006356853498579198
53.263664590793894,8.081966739197831,5934.86004079465,0.003225122266346102,0.056158449615257684,0.05497249288779363,2.1795019039849506,0.6790018085546627,1.1961973563761414,0.8809156800955459,1908.6303864763565,0.004390508986797331,0.03222355581243195,0.028549969220120996,0.0002042501921882119
44.304971470749145,6.61812123009674,6957.197810893291,0.0005214177856498748,0.05171653409018823,0.06430279250980622,1.2217301628488664,0.7306269290272569,1.112615576015107,2.3999621503985793,206.12545193211233,0.00017528134226616924,0.020420983982058955,0.03984132373163249,0.00003583355369572145
55.841885020940765,-1.5225927932663303,5475.546944257385,0.012814111851469964,0.037709693671503584,0.07985677234401611,2.0136161480372943,1.5173766942331892,1.110231196316486,0.8001309868341124,1832.6984618392144,0.012485070913765536,0.07756153527103758,0.04541297168983263,0.000002397276977553115
47.93487509617153,-3.0030556983386774,5073.280342336099,0.0117182811000161,0.059707658814590926,0.061532703952810464,1.6436278757182272,0.6268455008656658,0.5329438608440916,0.8193363643382482,913.7487251118414,0.01941408216467491,0.03059943359111729,0.0461340776725402,0.000016210233625892123
36.722637606558514,13.858929152531989,7843.048731351985,0.0034771528383657313,0.057753513486329754,0.07541318069318474,2.050318834684681,0.8814848813727647,0.4035588845912752,2.395277717570643,367.8360963248006,0.019528316981177712,0.012471367421623294,0.039685133345317036,0.000015904630502470606
51.812134531045736,1.5621345601576344,5271.530447573318,0.005899441622060614,0.058309374034670555,0.05813527045152336,2.1904037418222324,0.6996432623332915,0.43908244101354427,1.034799135315566,1357.3353997640347,0.013039986058294444,0.014631214780640969,0.04624525271305873,0.000093554734774797
45.97106690908217,6.627974044141059,6487.588044334902,0.0007428189828272006,0.051426730635553,0.04462390708015759,1.6667381950324949,0.642819534187244,0.771662344309596,2.1234310080870102,1851.620724996576,0.013545347025655342,0.08991769517445139,0.029880933477596107,0.0025126019577748787
45.5696166664921,10.282848112732495,5832.319011827245,0.009889046709396295,0.04903382836738075,0.05043302175631638,1.8551605511313558,0.6521042875240736,0.49231482437086455,2.299344032409267,294.7496739972153,0.0064410827613726055,0.05034189779620777,0.030307850906675076,0.004475149215838357
44.804756364341614,-0.3902996648684134,6262.652461314954,0.014155554080665584,0.058304803671051585,0.06578361356555472,2.0839427444876604,0.6007863181102991,0.637454550049904,1.7468594840973966,1719.7715034924756,0.01929021904119342,0.0011300696080701663,0.04056664931892628,0.000013195037196623575
51.8528675341714,-1.3254940829231803,6063.446597429145,0.0011035473713665775,0.058100399077080846,0.03955315771081677,1.1793840285447301,1.5073949501474644,0.4015945439206964,2.397637201643535,363.0134689757083,0.01901315796645629,0.0010409029684261325,0.03539350461356682,0.0000016608563397935339
47.02552670749709,2.6614115589536365,5390.079150412405,0.0001152770939149587,0.052654217202234274,0.020736158395741607,2.149130883844018,1.5088243091051012,0.41138258612984185,2.202186773604625,3.274684223692783,0.007050670276249156,0.005611065582820616,0.03722563299804001,0.00000893240891961116
52.84996561018707,-2.0375716628369345,5042.298936631809,0.0028455858757673726,0.055882568028718965,0.07469583841211087,1.0279628180889626,1.536309425154268,0.43600593211756045,0.8744082745740187,204.08933224992182,0.0001592181095310357,0.016587635343690014,0.037412318371670444,0.000031763767886643324
58.65653232741104,-1.7210412119136826,5483.831590408882,0.004321449370607674,0.05423347094526151,0.07972409829132283,0.8441634297366487,1.7622043846504916,1.0951034366984844,0.803352994650133,1026.1371346231915,0.002598762539192821,0.09903906264325,0.037650993154892815,3.4964984671354006e-7
44.675086540257524,1.6714768572996626,7607.1709761529,0.011125586631382975,0.020824027368344624,0.0784973616327704,0.818326200038333,0.949762126079517,0.4286328209746018,2.398420333815084,842.046768158015,0.015809928050470733,0.06159701149776737,0.044454127076173,0.0001851230160755703
46.89388589993776,4.088116010486244,5304.852298235539,0.00042397396914585625,0.059781228374496044,0.020537372078780206,1.3839249072370423,1.0179815947455588,0.46411085841422584,2.104889750358292,169.74169679581857,0.008076799402039609,0.04740737943449567,0.03521109677958712,0.000034139033367974094
43.61057194144776,0.1991904528316546,7462.20035469807,0.002681756332170124,0.021570258495746304,0.0764684993155172,2.1957823463533863,1.3590742909362863,0.5318630784255008,1.741534934886746,801.7867257606691,0.01930929965397312,0.07809281527387829,0.04306175799826347,0.00029133640878102975
48.281935181832004,11.654443876251555,6303.638320894306,0.005505905553749712,0.05422327832783041,0.06102171489842838,2.026172813798366,0.6427189296286383,0.4959039221797713,2.028541223502844,188.66451616702358,0.0005160187485382335,0.017277701167587735,0.035904619416683,0.0015058504062165495
51.59976373748961,-2.952544343776343,5275.335022565492,0.012928148937095452,0.02943858758622487,0.051702045542369804,0.974119415873929,1.7895739678428653,0.6131333881981945,2.376999318966214,84.61415429851773,0.0002732605761484494,0.09250775374202981,0.04123438535072637,0.00002634446984894263
52.85340040337951,-0.5949012145050041,5154.7601543413975,0.012279361236997256,0.03861975942271835,0.060809087077865434,1.025869251514916,1.1607759903732888,1.3819614931147703,0.8029553790248115,172.81119186715623,0.01013187756640212,0.08765706070013157,0.03844456269893931,0.00007433694412341833
42.688538653422796,7.905317335208839,5738.552725813722,0.014457384548983758,0.05163705421821007,0.07534392182426668,2.1820572483666276,0.6074213638420354,1.393316467875318,2.396816633015627,1999.418777235109,0.0028223108902852355,0.003825337967286117,0.030096955210301188,1.3367698930695744e-8
45.21877562622748,-1.379558182785285,5938.295531533083,0.01043443627297574,0.05682043677947622,0.060548311535510865,0.8085144263777637,0.9357934278481685,1.1251893875480947,2.1767082210522704,29.000765586496478,0.00019485358624094157,0.011600397264422102,0.03944193783553398,0.00006694485728815418
50.17353178819057,2.301979075317581,6972.376867794511,0.001817324425792193,0.045652413636404904,0.07881530785288235,2.1940578236653936,0.9901544891144347,0.794257904964384,0.9346885682007637,966.5522648658389,0.017436036255436233,0.0026608419003706315,0.04418415251032316,0.00028479530983202507
40.18752904417868,-1.4928294107912965,7286.648188517039,0.009556917796501222,0.05791567779276394,0.060584320389262133,2.1497882932570618,0.8131176785757583,0.46434352724235545,0.8009369139851616,680.698422961628,0.00002709031042156284,0.0010921282439955479,0.04358907246790489,2.366624481246439e-7
46.27424743070788,-0.46055626795780924,7260.479263663532,0.009788666850930093,0.057847101485574766,0.04924251327302143,1.2723867618413118,0.6599612682820255,0.5384528114426472,2.377842279659594,136.47748324285087,0.007084335542279482,0.0012818127688964953,0.02391129496396559,0.000280595454391035
50.016737103479,2.381332623742953,5627.835423547307,0.0004251244690956353,0.05981247491436742,0.07813362691195291,0.8513830451483713,0.8133279759645393,1.1127912786550518,1.021634607563833,90.1901116070772,0.01277750210713681,0.0066371563681482835,0.04595145817201966,0.00003385127991567152
43.39143804487563,4.951558019792936,8174.501843226278,0.00037818667632771765,0.05976156356702372,0.02700744107864264,2.199768048462411,0.7164893056652171,0.41097268200323817,1.7614272586294737,731.866535904242,0.014081440641415192,0.0013140932027149793,0.03811150559553306,0.000003853871315370494
45.521319166880645,-0.7686592562442094,7180.527489949153,0.0011989998518857077,0.02552517226460214,0.03376152753955274,2.1993680402126925,1.7033627941109883,0.7259637665255826,0.8371426370405932,1455.8265595927533,0.01963355478261009,0.008020019234974926,0.04282916839955112,0.000039561855572045946
54.1545471844111,-1.9717149119281885,5013.675422057343,0.0007666452083980868,0.052126381708374504,0.07438328930491171,0.8173866827616093,1.3974165370329263,1.3943170017570763,0.8829615764020997,1522.9142715154421,0.019958348724344935,0.09353611073061206,0.038821387704044176,1.273262811525708e-7
55.560263052485126,-2.4972700242652994,5680.457713223081,0.014557673122585376,0.05994496221924968,0.026663186338498488,2.1952065733591533,1.0753413641450376,1.39625054537101,1.7062197151742011,1854.103722517667,0.003204935708886658,0.0031595863414534504,0.04628200827797167,0.000011982448993575943
49.506231881252056,-0.03810986950504258,5443.38291792117,0.0014899721122754082,0.056471642906099094,0.034390108413592815,1.435816362190963,1.1294001423361468,1.1955088915767424,2.207936131405534,573.6943815752437,0.009110290696548366,0.053959174095120424,0.03716259794321023,0.008628455847957829
41.9356674825652,-2.7433052002273968,7458.578938133487,0.003397187359412273,0.05149211460124289,0.07998875912418564,1.9513055410586988,0.7458090094881309,0.40613317601297155,2.3352855417379095,1755.9527539792211,0.019132211313249308,0.002169553933726454,0.03958647319577702,0.000002301407006446646
58.47567561356773,-4.577910226895983,5221.779254033908,0.0016454236736052415,0.059447931829344616,0.07926923117168065,2.1908756546229267,1.2580438559191274,0.6193828439769506,0.9912417413038701,69.04569940896323,0.019439390007459964,0.027341817038040037,0.04314691113430553,9.399854461394888e-7
46.13217589980111,-2.2455563622684247,5820.894975098545,0.013962269603201077,0.057435783479108916,0.021056811993845088,1.7378886459323546,1.559446533942495,0.5504978214951975,2.0557040908090256,1856.5182357029962,0.0052797396222397,0.0010953772892277054,0.03586141164365369,0.00035108093066543977
39.47930028661386,-2.30804964002475,6575.059362510736,0.0006928359095063459,0.05240870961801205,0.07164923855881818,2.0808360592211113,1.358495259942936,0.5288490361972409,2.379687925181652,1952.2308796469047,0.0003495136890483902,0.0016253264728100104,0.044274834116487305,0.000010379383051852031
54.06378558104957,8.687308243355162,5220.156788715844,0.0008368418919291695,0.05759396204662908,0.0208133118308614,1.961248986415719,0.9230749608031898,0.6407744727997463,2.3911432125531245,116.02583212658044,0.01222810469031405,0.005547526871414944,0.041181998678973465,0.00001976183835063118
51.93858238822055,5.563508579269294,5224.9376721282015,0.0148278667823359,0.059656677030883225,0.07864415379841953,0.9231167533184144,0.7042098920711448,1.2070067273514993,2.399986390489333,1709.8770428002967,0.01450508721676331,0.05628904312046555,0.04426986268464674,5.11728288225719e-7
42.934450382342014,-4.576994242858771,7235.761582450892,0.0007983261732598738,0.05475980607104004,0.07136148891530016,2.1884594290518096,1.4611202911809367,0.8180039090909561,1.0606561153479546,136.7379334447448,0.00567962224335287,0.0010523052704806397,0.03743952731307653,0.00003332850737846766
47.75987378354511,-0.8394754787133056,7514.9741499433985,0.0007661873677052569,0.055631564194419565,0.06516608957739299,1.0625278210538323,0.6289383313233763,0.6979549855739982,2.3640465318077766,1521.1543221739405,0.015637815721935996,0.0468383167139352,0.03777228388557966,0.0005266080193001616
55.9180255846917,-4.766559055119293,5336.184937812007,0.013671900504906225,0.040082219540727874,0.04101703953449447,2.190863036846442,1.7835011022785467,1.3363548943245807,1.7742247422315154,965.3963219809069,4.560385928749696e-7,0.0031259583912603443,0.04366831384655348,0.0000038123800345989145
46.52400583964021,-4.640922014242622,6729.338535482479,0.0009976545821187525,0.05836657509190397,0.062467054910277625,0.848644729142721,1.3460428154118331,1.0598838421785175,1.4366695408660344,401.97641183400526,0.006857953306285545,0.0018436483941012844,0.043488057228401794,0.002461369297066044
41.1794960138001,-3.4984431426207427,8174.559499662071,0.0049891296007633455,0.057084243821654564,0.02350016525734485,2.121934880730416,1.6859355697866123,0.40485880203383634,0.865215121008169,1991.3310469207997,0.019776919673819643,0.0010996629517681664,0.04087972004894659,4.304630741825454e-7
51.74413461177689,-5.828155500626829,5486.052160167587,0.012354579738768781,0.050110928983205655,0.07162529593898963,2.1406844196134616,0.8381089885664472,0.4002300246718191,2.2859585258046464,1765.7588007740894,0.0036403232797721373,0.003216979744254428,0.04291254500864037,0.00002545077137442559
59.47361372440355,-3.9616879520208457,5027.253689759037,0.003629785479978692,0.033316552584943475,0.07831106092208318,2.1975698833326556,1.7407434493116063,0.40727844973927246,0.8826019917425918,177.34095010920373,0.00798942573197236,0.08830693480391383,0.04480777291012011,5.617268646093344e-7
54.66794639408563,8.741298249140655,6494.629123260599,0.01227658806343254,0.046036564935489875,0.020754013476479368,2.0524369667658924,0.6258937198790069,1.3789559169789578,2.373533411630216,1500.0606914217465,0.019962552461146494,0.08654206572981395,0.04509108605693309,0.000001140898998254714
56.938998719676945,-4.875972427828606,5235.585177175292,0.006398798078810145,0.04755098508217663,0.07027785747447475,0.802491139433802,1.6709168493934174,1.318172943866275,0.8022669541871723,1522.2521570093327,0.002200689121766526,0.04700971379233626,0.04546876604561593,0.0000026906910564865494
51.147406298806814,-3.4576792245805823,5476.3343848989425,0.00013283109773783917,0.05971359817051202,0.0683196434822418,1.9779669571230385,1.78606188014097,0.5203915223916168,1.4743417105506214,47.15860986167844,0.007618787873739223,0.002328303839704471,0.04132021145263225,0.00006041814948875938
49.631857186002286,0.7686038525775825,5518.339932540935,0.010453049019200869,0.057980149654628596,0.058109046517256346,2.0913804486756,0.6022333749042952,0.42260230234461815,1.2226124397933762,1136.0437506065496,0.011874440004814335,0.0011587764782423735,0.04234264983718636,0.00002705468791852454
43.031528481380704,4.015060636062547,7260.937135202712,0.0021717970422341836,0.034105381757983,0.07637687768071746,1.6993892136682,1.6332507492752084,0.9094108987141573,2.3929658226068478,1257.1916161080485,0.011765539765607763,0.0010740533090198379,0.0333723901878733,0.0017349174765539236
48.056807873766104,7.292315945092614,6003.613976569861,0.0014450033006197754,0.045132364630871176,0.055053729222989845,2.19560525804979,0.9137074073689605,1.195338959313971,1.0052422557782321,1104.076045679294,0.0015547520109991315,0.005249216254347882,0.038442520015812276,0.0011231849342740738
49.001850051976696,3.050810853831347,5102.386165670442,0.0014479092777731615,0.048821022251083,0.021892364028203038,2.1800389356942964,1.3794303802572028,0.44240953322150484,1.4192379998802969,10.338965985392575,0.0063209092916250535,0.015563088089644489,0.036941470560238616,0.00007715827416063289
51.206294362052176,9.917262034356206,6265.00272666259,0.0016707925630364418,0.058843240238125115,0.022524014877024046,1.959423564425262,0.6259770089921445,1.3980412436043208,1.622113313010265,0.738408519536553,0.017208456781001354,0.09597397553730236,0.034954745507445345,7.210641711533965e-7
43.440878833612054,6.852376565007461,5018.431598301343,0.0055795510322933966,0.05470493158510912,0.07954514711796032,2.1981334713397733,1.296397406522082,1.0961152733959827,2.36548000239228,66.55768968294653,0.012344123480793808,0.002242300764399923,0.032180872725997865,0.00001056576451619944
54.28732494485462,-0.7175437196622187,6091.579887049833,0.011570571036491305,0.05645291162720467,0.07603865985111495,0.8662908414782916,1.712345307992876,0.4603234619795181,0.8005534346997174,1940.0388341800374,0.01970585094981616,0.0011691510754775535,0.04209119886982438,4.3953629490810416e-7
44.61515660427543,-0.5053721770556177,5176.648317701144,0.00010546211822471528,0.059939241140127636,0.029431647062589182,2.1510619047060553,1.2861474734992433,1.3473706737275375,1.2743506059320566,479.7385841378121,0.004889328994832749,0.03091767512859829,0.04648648127263669,0.00005542499957418304
44.99353873908469,6.441418845720126,5892.848079660141,0.006943107307097408,0.05678671393231976,0.023040159187861647,2.1989306574829466,0.8957975092600912,0.4119803386521165,2.378025567029857,77.15916979891522,0.00009418673330866856,0.008130651593497856,0.03369715186613997,3.2108814896859867e-7
51.5746574792542,7.317136100197775,5157.580994184318,0.001352361192532272,0.05254656153524799,0.02473789911088891,1.9718959591597887,1.0800394020004778,0.42854080318818766,2.396823518964673,490.40312472167545,0.0019584026761834913,0.0030883487808516883,0.04078785577144537,0.000017249226592885172
48.52292952091316,6.863643044225519,5574.609518109052,0.010630347036481164,0.03518983966624479,0.053661936036398156,0.9635239387388308,0.8779138367257273,0.5035664394713667,1.9370113937249926,1987.8076775768188,0.0052715166273893796,0.0339650783623129,0.04200725882024717,0.008602299958260734
49.36998529271876,-5.304962777476973,7881.904308160064,0.001641912726427083,0.05916576754577462,0.0465139641791428,2.047069876629429,1.1846968278905066,0.5358464853907106,1.7520259203833415,1788.8885979508373,0.010100358816726829,0.0021424743792640196,0.04034381491180085,0.0032287693121624823
53.28996406063497,8.186386245686005,6060.06570588982,0.0019018874953433695,0.037405275787283844,0.020687128866610484,1.3900091117013413,1.669609548526458,1.386096905405983,2.3130412918213876,1196.4151142247558,0.015966582633215615,0.0010197219818106225,0.04427230115513011,0.00016687332919337812
55.299579581258534,-3.946232970173316,5292.500504145688,0.0016588550616118808,0.056064830377205714,0.07763082207002327,2.1999493757750455,1.4174922708688769,1.10873575824445,2.244706260422841,1863.8647503963323,0.005630576120832311,0.0011801664818220149,0.03913426521744341,0.000001069958646894156
51.63284076125954,1.8695013713109212,5024.747052912511,0.01485245022237472,0.055916604143953025,0.03771128352537652,2.1103451256732813,0.6093930277032312,1.279582460256614,2.161760666097611,1532.451660518865,0.019932951062291922,0.004952774502888389,0.04021169188465708,0.000002828304992150157
51.04573474648827,-3.7229167610668403,5486.975923715873,0.012945819613366213,0.05245438913979971,0.0766123668535539,1.7783444245699997,0.73317605558591,1.3799308513943964,2.396453591084927,1917.0795818197769,0.00019424558481539425,0.001576830058642602,0.04399395198980924,0.000001900894776249456
55.66478422970846,-5.062009946012123,5719.992248937915,0.0008546151589308208,0.05843489986176445,0.0703336381165405,2.1862717240577605,0.9041659139537004,0.4331375266418341,1.9516439694726515,1192.0826412585777,0.015049761974182094,0.0012299401299342679,0.04423043867802926,0.000010927900449719496
58.98380907346544,11.751944566140036,7012.545220561884,0.0133200493262857,0.03724465837819551,0.029578413012096957,2.1918256461427967,0.6369429512773075,1.3130035461366785,0.8508735404417486,1768.7292341475936,0.014259655266719212,0.08559159871016775,0.041530942214906906,0.0000748393658668195
50.17836370634346,1.0186108804641592,5326.385424018857,0.0068162777738665975,0.0564472848970794,0.039036455370763154,2.1864287894867944,0.609649019114863,0.9930400252007642,1.617078267098333,114.2182698550557,0.0025039353471596653,0.00267342824034895,0.043543397032377355,0.00004066684437679309
51.7757964810348,14.834154630650715,7270.353463652602,0.014858189495102042,0.05647829947980062,0.07186618462328309,1.829797872287853,0.6002016671199829,0.4001369370897793,0.9391871832079186,1945.940323022178,0.01997402680091035,0.0012476240531734835,0.031903458094661205,5.035772537976785e-8
57.364755422709976,-6.3504205981215005,6049.320210864595,0.0013037037287780095,0.044041929481627724,0.07919864479836523,1.7580352166716344,1.7619658877622442,1.226886827856074,0.9212006873695737,599.6062477064968,0.00493935579432973,0.0022541447158908093,0.040213454585702094,0.0004037857238995712
43.474520862751504,2.8898938957415474,5049.380957804121,0.012729489598184865,0.04978945041901723,0.06533339988822806,2.1999859743317085,1.7436863453880749,0.5050538572992944,1.9017191728750833,181.02083763054603,0.006058403698337762,0.00670574224076454,0.038815336840194926,0.00001594635346060129
48.236553470596846,2.581003239448247,6153.961234961187,0.005498672893889221,0.026294536809083304,0.07977109910583284,0.8684087953739503,1.5311059615394829,0.8901701932869249,0.8060292786429522,1669.027960714513,0.009253254879470358,0.09983148246481714,0.04288995248236468,0.000008179008541795684
57.48137797755699,-6.374628103582067,6136.282203586922,0.008416581665214005,0.047562211442773,0.07550066530332637,1.6954940831317034,1.7808750496481873,0.4115227884715652,1.603361627195843,1996.8063742886775,0.01571909146142027,0.008260904402794068,0.04131888308903927,0.000021274036349491535
41.648477711774945,-0.6860806691279979,5762.080482963639,0.014725782228879084,0.04072915906765048,0.07802738009197613,1.3336575349373077,1.72764725767611,1.1381852627229239,2.1746483216730104,1819.3138988288938,0.019458579372060334,0.0014505065973238127,0.04498162427780119,0.0006403782138279658
51.14473581486168,-2.8787348499679792,5282.913666653237,0.0018938056401207144,0.05217210081405373,0.07514076065889556,2.149595656174035,0.6286504440916358,0.9952464923382107,2.392895666723685,71.54016378113184,0.0018898537073903337,0.017353660236674166,0.04501976196571807,0.00000347493270741418
56.78330019976861,-6.1599316481572215,5618.281093559329,0.00775905068687566,0.04237983282407463,0.06835631846260544,2.196073881942769,1.7209761416937992,0.8966900499622221,2.349976258607464,529.4644000128795,0.006976366586456665,0.06265752047017976,0.044931711798443526,0.00011731766968273645
58.560554352204456,-2.629018184711051,5132.141132505227,0.011897773824551636,0.05931871776739425,0.07996288067357271,0.8093128588978874,1.780276362883547,0.45207896874269965,0.808499165304972,541.8248859638262,0.009914440729239948,0.017069639549487186,0.04136951288822576,3.4617695041655116e-7
41.572720008919646,-3.167989641703767,9189.489211911445,0.005535244997200796,0.04691647806501538,0.04010427273701997,2.0757920327297326,1.3096483194747726,0.5434897416537321,0.8249786797559366,1900.7567234304033,0.00016170562159473778,0.0048717167559317945,0.038625693548489465,0.00021040255997776207
52.318830116884186,6.184713550555813,5440.659377142849,0.014774779062072207,0.046242779104776456,0.07112095706002117,1.8521071119698695,0.6216879983373523,1.2820476641928902,2.3781496843606917,27.200224734619127,0.014402678796729407,0.0021724592208001796,0.03842284574160233,0.000039889124079351635
59.0748801228528,-5.282101810135053,5032.280752116769,0.01466347569503074,0.057370708404293015,0.07824927815827122,0.8001478539984658,1.381466447641389,1.1575730311531665,2.3901566424796874,1717.941869117476,0.019997406405304476,0.07091066304512011,0.039725192999185234,8.546854862489016e-10
44.937670400654085,2.346474466445441,6123.5629060022875,0.0080168693896002,0.05816541294261887,0.02627397236970056,1.772538525460491,1.3404115831893928,0.41197433633939123,2.3952925238918388,176.91939975017223,0.0008626665709490807,0.00361140191489082,0.03459817758041753,0.00002557590936555433
48.465695343410744,8.18781004217277,5074.3948992969645,0.009132791433160896,0.04033696337704424,0.07930827012377643,0.83932658102809,0.616476656871598,0.4082322712104582,2.1991181123944283,702.722750665534,0.001814637685336202,0.08167126175815742,0.04622365942644056,0.000010730508315812996
46.07128500543321,-1.3958598396979163,7009.071240595459,0.004582850976642366,0.05883309189343282,0.026604891606877058,0.8672034060675361,1.1264053103396228,0.7734598034037529,2.331941578660392,263.78916980475,0.01663089533420133,0.001879277366722117,0.0372131808431163,0.0011636781892049206
46.84277777251221,-1.606627289888694,5358.315158981764,0.0005226285736811105,0.0355906312949426,0.0797951125232319,2.0451706795253264,1.7857447592213815,0.7314912112969298,1.6899102291692265,1193.2903952493432,0.012004571073019926,0.010410597312054638,0.046367934459381276,0.00020350873801874486
48.836728473523564,-0.39412301261352667,5498.952488194717,0.009338279644381085,0.05803395523207701,0.056588103825202116,2.199746781531571,1.0580719900957192,0.9484936991274191,1.31985164549321,1796.4804235219444,0.00024083777377321275,0.0031940248470694126,0.0404201545560202,0.000042119954670552925
51.11950530940352,-2.7493123416272374,5137.663157370406,0.004157474537695481,0.04639885320633868,0.05312532149304634,2.08120973675665,1.3307320603180925,0.40101988148831513,2.3988906550084304,529.073402266438,0.019902811017413286,0.08885458890768176,0.04333393902034037,4.211277169146488e-7
44.35882143991407,-0.10045293783495524,5812.561363120782,0.011732676034552076,0.04578386272662115,0.028161329184787663,2.031919413796683,0.6107723071643959,0.5729296025672143,1.9957803932806117,235.35975985231588,0.017538379933751052,0.07785771994608734,0.043785055209635854,0.0004679105146253803
50.521016660646794,-3.5222079804443034,6219.0047809611415,0.004936496358665397,0.05790582171469882,0.05643870662850484,0.8103158590573128,1.2873114271998611,0.42591552992934534,1.1406100664499483,43.12416554847136,0.00038085347416667354,0.006126106535468184,0.0415658199899029,0.000044725040850804764
38.952184655671374,-6.9802957530901715,9317.24808083344,0.0007217015212095469,0.045403416863503694,0.070941965874367,2.1618948638648763,0.7211410627001449,0.41606697495061806,1.9512920674064835,1936.8362696655777,0.019951823253505963,0.07140153078096823,0.04302245953970316,8.229962869737134e-7
49.797467065036024,6.2288934982629485,5252.259243644203,0.00013905388478826814,0.041572210576475706,0.06169829235913518,2.1444209340297817,1.4170730597269596,1.3815314792066036,0.8033222375504459,1961.8572077617541,0.0014226604096484895,0.00282812897138309,0.041790702426565324,8.235068933682675e-7
45.28206813626981,2.503289600977192,7846.387769573599,0.011964567196284422,0.029273638269641553,0.078652680186373,2.198456934275577,1.0513186318406809,0.5698821515094779,0.8115700682905166,1977.700427789054,0.00691561676344317,0.001241198303289292,0.03958625213147943,0.0000036515859901418248
59.286748972921814,-3.4184950376747967,5771.726004961702,0.005188998951901457,0.0408573993399616,0.079585067472263,0.9351285276914616,1.7214302932025176,1.3975211161728445,0.8002353553958674,1860.071791422728,0.002755411099101571,0.03617078762916736,0.046117685103194875,1.323765153608296e-7
38.76493028732547,-3.3764716250967464,9239.206838547278,0.004651414508791161,0.03964832350520581,0.06346879772785978,1.615277373953074,1.6353710308860747,0.9915523153227013,2.3776249281401958,1957.4193305564443,0.019913177135412748,0.001756070639567696,0.0390306641035437,0.000977338341009975
52.61621463035134,-3.237697906057427,5046.809736580458,0.004748931735368732,0.05824889264962887,0.07874682957601895,2.0586006673575357,0.6490743431846202,1.3248661993602315,1.1380822318868369,93.85429214194015,0.007742630238436814,0.004604794001970714,0.04522558733934929,0.000014938346493524534
47.49527209728658,0.1859847808344508,5447.004820351502,0.011415424562479402,0.058708253569562024,0.07987339713932298,2.0220486178791193,0.8359292414257204,0.4081960804679283,2.1706725086797887,656.761801447715,0.01733563065409224,0.0976912452421559,0.043906940519786185,0.000004551282981579213
58.56191779356449,-3.9595079173715,7185.158959856113,0.011059049863932665,0.03494076523836523,0.07789057470011722,2.0274203023288533,1.546539577818987,1.1955665846395975,2.2988538146080284,1546.9863378199552,0.000002726529102881291,0.0022099266706303035,0.04041679636032169,0.00004135127706559926
56.605080211371224,-4.603284012652771,5183.640219106414,0.014854410533861592,0.057145566159427105,0.030148775499796908,2.181403761087506,1.7613763097928294,1.2247396683676564,2.360876337159012,1109.5889436503226,0.00002048403920021833,0.09097252439200056,0.04572100125614198,6.834236373594239e-8
44.42661564418054,8.373761518854902,5388.276707918056,0.00022637739460999653,0.053338997757572656,0.07982614107145322,2.193889506234971,1.7921030501127002,0.6804972436193695,1.9831495859881918,1528.301640356648,0.014289622407602438,0.0012415234657662541,0.04539934662565045,0.0000034423437999701346
45.358152588297976,-0.4345971889004634,5513.643813631557,0.012346924920470626,0.05954738483713212,0.07935926347057647,1.504467381408943,0.6351123198937412,0.5238357328131396,1.9083482233263835,148.74888318009044,0.011732561642967241,0.0011650842381340169,0.043736027453090506,0.000009629280308973987
43.77922682310232,6.274776166679434,5782.733309696866,0.003622222365229641,0.03536721675569943,0.03967738749905053,2.1871406860100286,1.2147332327030478,0.45588606680214894,0.8831003943278787,1778.5054979255199,0.011126706972345576,0.03436167436687872,0.044826792651586275,0.0007442339290086356
43.09335129762046,6.094752425541213,5958.477179002257,0.010370090913278328,0.053477112118312506,0.020987509042138905,2.0795970034845332,0.6311593504304541,1.1951822883865995,1.8952728806105492,305.19403735117027,0.005095143088740338,0.09970504699516157,0.043003697713574686,0.00009911586109190828
37.4997805194129,-4.79932013923152,7771.470661492534,0.0028251991160654568,0.03241577099329519,0.07623818347886956,1.327231796012181,1.733582758343612,0.581193512224431,2.1576215338442664,1931.551018906203,0.0049583101208923765,0.09754526790060909,0.04182205765513778,0.000387140499658489
50.41932721527811,7.061320507767913,6928.627332541963,0.006937424615964405,0.037724575466202115,0.07591757391693482,2.176063819352831,0.6722018302994943,0.43571962746390525,1.478195420901523,753.864830213291,0.007595442374149457,0.03286092496014422,0.023562774212795786,0.0035799461137089807
47.031900786309336,-4.494267160063956,6322.06561917189,0.007908073675738514,0.034808304480969804,0.07194584884001136,2.193773441939574,1.0802088243648706,0.4336532714857111,1.8830336407564936,17.07857801862556,0.00875445736138894,0.05578732239275972,0.03939245066541451,0.00023126432821284868
59.441967085368105,5.327236887073877,6763.276986593117,0.0017507042912051404,0.04881660069309321,0.07652949885732568,2.1913999859633737,0.6271595990455122,1.3844284111498397,2.3999596156445353,1856.6854156833717,0.0015097605009006191,0.08622813028710268,0.04616827928553836,7.04847614754502e-8
47.65666091676903,-1.606424944207463,5282.766864271998,0.008449498557769159,0.046359469328138135,0.02801365149041274,1.0019940306353132,1.778898999757136,1.1086639748565803,0.850034930292142,317.26391036946865,0.0124082954850993,0.023733544452771756,0.044537426532740676,0.002864336020341121
55.12498058006225,12.084010029904515,5907.821537463289,0.013303549342293193,0.05869856637298453,0.0794181977547019,1.81645425840959,0.6794769578938242,1.3213880029299911,1.0068919733809345,195.04420186355262,0.01095234744890679,0.006691666708429264,0.034862912457501116,0.0004995140646578433
43.5360863246835,9.003187816245063,6747.991146739631,0.005246653162137243,0.03753839699212207,0.06949099116455959,1.8741048078947136,1.4846520033847188,1.289893719664579,1.52176473738785,358.0511215997862,0.0192934849486982,0.0010317481910297008,0.04361174918582698,0.0155384826397013
47.69156862845858,2.6422959684056178,6476.94330612207,0.001986942955121573,0.03708762399576646,0.04692093700744718,1.5009773172163468,1.6095181495627204,1.3111988663587515,0.9845550248801169,1687.1646355163705,0.005292288230685668,0.0013427764577792435,0.03965032540602965,0.007108517560383539
41.90067330868776,1.0693350866339681,5734.74220883248,0.01298410789460045,0.05526780730295905,0.06510400494378832,0.8053786184709749,0.9255074275031874,0.4833199457447592,2.1798673797358363,1251.6118960905765,0.000051836536293824273,0.042396633068711956,0.03797339597308715,0.00005404963492743944
51.694654444932446,-3.1643940639925194,5014.253741368256,0.005200073480718899,0.04370560576879409,0.029087035188361962,1.7064284631200821,1.684456790832245,0.4115365657515164,2.374082849288782,708.7592163606623,0.006897486162844102,0.0347570225749028,0.0451103325483316,0.00041544250852868186
42.31228123156633,-4.7700114449634246,6323.428247989446,0.0014224261319502464,0.05954600567680306,0.07990146239070989,1.200496788711829,1.5134825680779906,0.9080530267850272,2.383649430921543,1990.65194106439,0.005579279864956907,0.001000627234660678,0.04357364568331889,6.84990040603514e-7
54.94724098911437,-4.181723148608083,5481.247788865009,0.013769450234967543,0.037751580422383677,0.077358828247584,1.6658204185362062,1.2366767953669662,0.41143466412155083,1.8716977823569771,1321.6963702319615,0.011772357833344347,0.09055547807407102,0.04283810749070766,0.0009029534599547946
51.142427831561164,1.1576062586670872,5026.541046699659,0.0003092640505255213,0.05532899012383939,0.07405768493212267,0.8123353619467801,1.107266279349878,0.7284371080998495,2.1884286773711246,9.554842807572328,0.0007198406707997839,0.034205740517349155,0.030535652894117193,0.000008341304764444438
54.99618936808545,-2.9333076653364003,5926.350463270854,0.008126683265808754,0.0390396070855908,0.07616921305057803,2.1606704573630466,1.7499929517348112,1.3877507049096327,2.24224789099533,1386.630861926789,0.0007462498043930242,0.0014030610549705216,0.038524808631811416,0.000027122269105624393
57.6465982847387,-1.781864516840308,5204.286076106169,0.003221282916924194,0.05609720736569299,0.07584453128562643,1.5421574782182588,1.7228269886901266,0.9767879864002293,2.176062089311901,1636.7433820455024,0.0130859949031414,0.0015459736293782452,0.04352191948336483,0.001052072821779813
52.59887837188393,6.4369753416787745,5065.757648733066,0.012081704853464843,0.059388931666092694,0.07284071302359922,2.1934249209699828,0.629315686297321,0.48334405346306364,0.8809576633578609,65.99180119659282,0.007823799466031294,0.0643165181788155,0.032764899810755796,4.980607630441113e-7
51.7946585169433,4.5397619116931285,5094.9299267199285,0.00281161186116381,0.053002461974118634,0.020701642851553386,1.564339092725897,1.315661211133211,0.44570717759684053,2.179837638019314,1001.3891182904475,0.017935516441809678,0.007207239074067309,0.037843945337731194,0.0014754878550672355
59.11248387960764,-4.757690281646574,5740.091115098215,0.0048185016599420726,0.0307265226080251,0.07889393493297528,2.1889835240673645,1.7584858339229195,0.40530472617520763,2.2486462880472655,436.51779876944596,0.0007237852314645172,0.0759255118795297,0.04467621692531516,7.10639828268808e-7
55.8910260474228,-1.44443708772139,6779.535484198808,0.014790379064478516,0.0324320019407755,0.07978627085718547,0.801388930368667,1.2277850756705906,1.3850361490900838,1.1694584083673467,1534.6250308173849,0.00007737085639437348,0.012576695099145965,0.03868768308213816,0.0000031246703415121883
46.7502893548756,4.573017312379189,5020.86344480962,0.0038909755391341124,0.05242068236336121,0.034991112824974954,2.199959377225224,1.6665716431820679,0.40022102610164617,2.0258930635186116,429.21832286879544,0.00010674818735412114,0.011951668964358099,0.04516458915487866,0.0000011614356026279244
54.83339055004944,-2.1463727959058563,6377.113575852403,0.002498784037906495,0.059830106519213375,0.06636380666785587,2.006840776608609,0.6651336509002181,0.8383326840102219,2.2920490985703985,266.44200304179395,0.007290473207430105,0.010025981432526953,0.04462010451116449,0.00017650072082336091
49.216135462686694,-1.5312578449207574,5934.343352477773,0.0021456698254321825,0.05873702176959746,0.07929405335373156,2.154211321817522,0.7227761590070876,0.9971089637643598,2.0266987634904576,1961.730975016196,0.0032350634994831764,0.03654950935437077,0.03856814831423371,0.00003481758905409023
51.113324175958645,3.662308605597241,5820.110908693931,0.0032592557954132747,0.054017208138923224,0.021398839214109986,0.8341084530747942,0.8719873116104038,1.0584872043714026,2.3453083573913425,1229.6833851368922,0.00523793965216781,0.005176189239186841,0.03969084414784956,0.00048427054760174696
52.86029251059635,-4.710718701285749,5868.485069165205,0.01008194856745731,0.0527758340106856,0.05437967244456185,1.232395098444905,0.6805625914787551,0.45679697981531897,1.765860197707115,495.6050328765564,0.01577829200121463,0.005950363640271702,0.046179042038704037,0.007352604439325495
50.26358647995904,2.2003756086070787,5824.987912495302,0.010031470505217424,0.03599227469681044,0.07664177622623124,0.8231418150229087,0.9523274007996778,0.4436021023969818,0.8768765144514301,1524.6392728655057,0.00008797771471392604,0.07738334061706621,0.035029553129418654,0.000020775595783139244
53.240509535411434,-1.35467545876085,5067.120125650426,0.009660185776701488,0.057631332825088276,0.040474234968233366,0.965025114274462,1.5496098400040235,0.45448299766197586,1.7990192306608779,549.6625586275418,0.01729684459599198,0.0017157705658642345,0.045427889549240125,0.0012698929369712746
51.3346557291344,4.41374596341751,5309.695930561559,0.0001671403314687715,0.05409328366400475,0.029972262746107675,0.872126054041772,1.448587797025437,0.40295308629256954,1.4815784541742403,177.06461144992997,0.003525471492670379,0.002911299512620722,0.04531338400215907,0.00001941722046515499
45.03002173342122,2.415820084379691,6144.5406831025,0.014955518827894537,0.05141209790405088,0.02067369525436323,0.8321491423128325,0.8195522096560697,1.3949009347893941,2.381004119770031,1948.3791119209832,0.00279637034324984,0.016827901570412994,0.044473417852483786,0.000002154837518307662
51.33278496441853,4.2145888261396305,6401.961458158933,0.0003420783165843339,0.05995290761836483,0.05328316639939709,0.8305418740885813,0.9890586902810963,1.2475821433448209,2.0293398430008516,311.5693011016445,0.0074720786711143395,0.0028269230256542945,0.0399074594255582,0.00020880601177630012
37.71470720141501,-5.1652096213129095,6281.780672383262,0.00019294091478442744,0.055902403478353596,0.07921693707412508,2.1927962021421936,1.618468647439581,0.844541381352437,2.3400209392518625,229.84623014951745,0.014142941248233995,0.014316729709387119,0.040839670360917166,0.0000052176717772925885
53.57261561403198,-0.8662697976775675,5962.641639980714,0.0012247205774978368,0.05247939423520836,0.06862859696267029,1.429094304403637,0.6111616650714227,1.2832737013078104,2.065117294781407,1934.94138814395,0.0164823618408031,0.05282901228203842,0.04596194758005908,0.000371562793035025
54.56248998278268,-3.2297196009450984,5072.730960443506,0.013033415364524556,0.051833933158239864,0.06497002679863742,2.188169180110452,0.6256411563436876,1.3994952272517391,2.3939248724705084,1795.6050916046374,0.019112872573458867,0.011253942965830276,0.0443884300074061,1.3957092568923258e-7
51.48533132825365,-0.3174139849205897,5824.118108166331,0.009499244430351255,0.059936553558684595,0.025153630623659648,1.1735375165079258,1.4160665162304211,0.44860281469018476,1.0589701880375086,21.376920912211286,0.0006585410597769205,0.001362086287765552,0.03842177434883774,0.000014220329024500812
53.13353430616162,5.295643014272603,5488.303858042506,0.00971397126168745,0.05856489509492952,0.053524501439528305,2.1941308715646275,0.6812636227407991,0.5562064463494669,0.8187172373330012,1320.3043313392527,0.00010235025480148242,0.002590116720486647,0.0444984448544027,0.00000541939170049118
54.364185602215656,-2.1903655156388515,6704.775042393806,0.004757170541297866,0.036325756141251324,0.07980020567990288,1.8063190111478327,1.7371050113797772,1.3886192699464925,1.1043360023151916,1838.3136344976697,0.0007965894373467068,0.014776379849138425,0.044734141067925795,0.00005623519166563399
47.657393855414035,-1.439026634795681,5160.811032190706,0.010625625182752074,0.057573124137391,0.07172818489535607,2.0761501454355655,0.9900533720696163,0.5861840753595411,2.3789597530729063,981.418265928976,0.005007394551619666,0.048116425818927104,0.03404171279132785,0.00021642244465603023
45.06012858491192,-1.647367949829352,5455.761023653087,0.00016737271382528935,0.049857675435705344,0.07137439270916725,1.2875429042080484,1.4447408448066272,1.3547077825472835,1.3905005334377516,382.5636827122383,0.019794238083167083,0.00575911718365223,0.043795581031398016,0.0006464206549393207
57.18438772160677,-3.7642102725065767,5112.2198440443335,0.007264518676078937,0.03909261743132223,0.06238359743217016,1.9159246677206725,1.7123249209930194,0.42051589018988184,2.3651115194425953,10.055889577926946,0.0033789365700255436,0.08196932018959785,0.04396398769056528,0.00002287150427137693
51.07859567391492,0.43012465042775005,5051.7696449399655,0.0056189298561815,0.03448649035540659,0.05430836715829908,1.2838322301414309,1.5222171886285607,0.4002829931215157,1.2969174927326854,1355.0663710367019,0.011581859324615876,0.04792328124679605,0.04160037996743069,0.0019959784026656485
57.58375575986834,-3.797192551287785,5429.217385251619,0.0011203602175104818,0.0585752759434842,0.07265523111435959,1.745387998391122,1.620335087729746,0.45792283712347553,2.385530251458179,198.01067228719694,0.0038262484042977953,0.016732607656958467,0.03812946975806092,0.000027174393202458594
57.12465332582927,-5.133548397404858,5834.659496361902,0.013278904903081128,0.0550698238539249,0.0226505790788428,2.1997724237323633,1.6656840124978314,0.8629217106740912,2.144600179415802,420.36566829633546,0.01960433741097745,0.0034048102034491454,0.04449287751885483,0.000012235171854785277
48.57276382065125,-4.285647005368431,5440.695060844446,0.002245869265550921,0.05829584629186472,0.05135508690290712,2.1630042283504887,0.7090722942008726,1.0756849344805444,2.394555446843378,11.785303041064395,0.0002645473675470042,0.015777996465340352,0.04596123091675802,8.385143665757967e-7
51.457066508287284,4.868620593950986,6106.9830745817535,0.014923708781239406,0.02560790531172865,0.07900812415861694,2.1993779783871448,1.3489952512059422,0.40184879994023315,2.244410907406329,120.02912005021334,0.019073035225250477,0.048593614409127864,0.03830743739529709,9.827730849226636e-7
53.47370267392529,6.839425609824577,5517.322733645682,0.0010547171287984733,0.05083995960283688,0.028901110834123122,2.195181540935697,1.5567817364466183,0.8616578256181853,0.818073826979572,1061.3522708189057,0.0071215388248318245,0.0018284805180120195,0.04019207672986906,0.00012946860898771772
45.94325283168968,3.637164864231032,5211.708395727493,0.004322482579337815,0.05658360790099776,0.07960280501346761,2.114329196905776,0.9200453256504488,0.5024470629568859,2.348201200987936,1656.6145401002027,0.008764393000299464,0.002032439744497821,0.03711252493029898,0.00005332385125892924
43.38550028574626,-7.0954595963291816,6874.3819147949625,0.011666072840542845,0.05834905491573094,0.026307064281874463,2.199875243795052,1.792532396340834,0.45005152263347653,2.392744326784535,1270.9136249938479,0.00022501909591195147,0.05149576821101419,0.04476634022016759,2.3044579112939382e-7
52.66113488782908,4.4746389816630465,6010.456109663492,0.0032345987975153857,0.04932459036264692,0.0718264862731305,2.186912100678158,0.6167207251131533,0.5280171652154917,2.3985237841456315,829.3057525731634,0.001110086344366809,0.07853463202412707,0.033516145175984696,0.000002236620423308327
44.3919844878653,7.565767937784482,6286.696096191154,0.0005383710282273822,0.03534681103419212,0.054603977943680604,2.1799472226567467,1.4683428909871135,1.2986472589050264,1.8092990866014298,1931.0151537821225,0.00038303170244184974,0.00438826334027052,0.04276041776752281,0.0002189366201907495
56.79278062096395,-4.271633292905199,5426.6156306849425,0.011006900503902867,0.059580520411288064,0.07911829196411707,2.198223792241663,1.4424351067611108,0.4057789827770429,0.8964572729754897,61.34695063163756,0.004603584066147876,0.0013338757203137273,0.042683442658576105,4.871588283769022e-8
47.47955400544928,0.3833759705557771,5146.2674592143,0.00640890613184124,0.05844156357761167,0.07664014727011566,1.5947123695157561,0.8337174680947788,1.0274818409513375,0.9836326849170004,299.2764376246658,0.006071750017199085,0.0022473824815472587,0.044511019636736766,0.0006239796909003454
46.000469414051416,3.6416667114371375,5220.587015757267,0.010988792544441305,0.0598274089090927,0.07682557756620499,0.8627792008747454,0.632452349306964,1.2633525428868566,2.3905710250551113,269.4649821727376,0.006327561057106698,0.004065363468102116,0.04407024656971933,0.0000028259259924063736
56.00344248624771,-5.598589808457016,7653.553945406421,0.000022485625696162836,0.05991090701141262,0.056059317652007515,0.820360403141829,1.0508683249652016,1.0649470374900347,1.8092011266541097,1656.0188131747088,0.019730873198460654,0.09983125423074263,0.040507871295106766,4.849495875299738e-7
48.73664029120898,-0.8701187966060449,5350.508555884846,0.00001831434223796055,0.05253715957447273,0.04573398757876744,2.193144438172829,0.6024596830292644,0.992633635560783,2.3982118562677686,1789.3649732418814,0.014058653004778923,0.08137467710693076,0.04063520654797305,1.7843936296020848e-7
51.10035660654421,2.819124480272709,6281.651036956174,0.009034611178414783,0.04192236964647115,0.07988371698380073,0.8132673816952685,0.6657060821295104,1.3723770753495006,2.388945500760128,548.7788732082964,0.013865876781469555,0.01409225333471792,0.029095478895847415,0.0000239027299902355
43.180154801883205,4.526637923226101,5579.6234827618455,0.014681715184176224,0.0586549973501264,0.07148408137766071,0.9043739520965766,1.0788035722891782,0.44944267619801814,1.1681137658838434,507.725606988983,0.002428226296173302,0.0034315200067075438,0.041906969251568,0.0006959512350266191
51.746383533222996,11.033650814149027,6179.3905733342335,0.004165299129878023,0.04616530896089852,0.07468061295818051,1.8775255536311846,0.7001277780984447,1.3745861107870836,2.1617730652225404,488.57278647400767,0.0007782550189367719,0.001003303285758211,0.04505888248145285,0.00013284912901172946
49.00399462689845,-1.483062773472648,5396.15541233758,0.005919213049885661,0.058032874404306926,0.02702135968929512,1.772302492381766,0.6097335889778313,0.48728813902655854,0.8100864291229449,287.30310193723216,0.0016675246499066269,0.04976037871130349,0.04450583657345449,0.000011705091532435296
50.68090299484854,-2.5215921087412063,5811.601022657683,0.011037091378526475,0.05323528379628834,0.022338094538339903,2.1999954578337864,1.7583362086610133,1.189536313374898,0.8013919925138995,1591.0740606491056,0.016613041366021885,0.0010344209729537892,0.046328363247423475,2.6135552712689736e-8
55.145203510459595,-4.575615411672134,5375.272458391862,0.013554374182930349,0.059670734686637104,0.06907815333090292,0.8109720049918215,1.7878151245303173,1.3983065498481149,1.8625719633723228,464.72480219549675,0.00015318518344648743,0.020360589815220688,0.03490667378191601,0.0000017214725497381536
42.408764690325626,-0.5892471648211224,6188.001688403121,0.00017774030584542772,0.04848643467094903,0.06952555666760382,1.492394329694465,1.765146616316462,0.7806784730037053,1.0086061092677698,1537.9967569845119,0.00002253370269088118,0.004527298708889292,0.041715389587158536,0.00011691429175050479
59.535374361479334,11.961221669642601,6994.358336005431,0.013789519775991807,0.035523444193698704,0.07973856126845942,1.7945038374001125,1.059611657457643,0.41525671830861943,1.213194043829036,1591.6050447730945,0.010187746462309924,0.0275007156647824,0.044731227751513766,0.0025810981167721553
47.96572672831297,-5.678354652083267,5502.908147597765,0.0012269752031271032,0.05857173854334816,0.06421927805403757,2.187364122765394,1.7310875190332173,0.41481237244508384,2.2165515380939924,777.1792962115308,0.019344713719815256,0.03151764785955748,0.04429394265864215,0.0000043942346574447525
41.39972711242227,-4.07715622077292,7877.978121602845,0.0024920565364716734,0.059073562265936935,0.0711154055094135,2.107393983385269,1.1995335773135785,0.4067588894753897,0.809240615573333,1532.4674149670668,0.016463777505302517,0.0010405146727277428,0.03869117167545325,0.0000011656948317599517
40.3670545685379,2.6183271299404254,9372.974758789835,0.000017121103926561795,0.0566987772755363,0.06673261838463107,2.1791013391869765,0.7763145498222928,0.4335253356531962,1.8112956402382487,1803.8568381088544,0.0016566054318072313,0.05182569776097744,0.037602445484776995,0.0000674088371156013
52.01118215752435,5.401233393809921,5783.823493212057,0.007257057636192129,0.05437013542782468,0.049540648927568626,2.1019111903733183,0.6364949686109849,1.0176200304309373,0.8022190072214105,1507.4014364248758,0.0028150519414764136,0.08106674322429983,0.036817554698616424,0.00006597883941350146
48.121767053011915,1.3053566855240994,8079.2024183579715,0.006595714120447359,0.039385064382393725,0.0764988241096355,2.1983953069143176,0.6859094844273119,0.49442890031719733,2.316831315351474,1978.7323532478165,0.008932964280442922,0.012383365179430176,0.03576258282033928,0.00002999877499395307
47.760837356222645,1.9104658292556014,5039.686129649332,0.0001778537745062329,0.05821139955630351,0.06286269590692403,1.948102119852568,1.182873278437918,0.7799999514946754,1.223956629573599,450.2653229189856,0.00014714602730986232,0.001250656905848131,0.03948857900810648,0.00010867851154876716
49.91974821455753,6.899600877873585,6426.562594684092,0.013989835147437506,0.0582754756449772,0.05133513711187057,1.1023488167681408,0.7592959190602195,0.44308801017278643,1.638335245841974,1628.6915965539908,0.0024595360835311243,0.0010173086754939307,0.027676029743481885,0.0005015356085015362
37.250958470326246,-2.6941124387191415,7038.690140546538,0.0035779401937830004,0.05042645780619045,0.07298776959320996,1.305608253881158,1.6185363994054205,0.9185223696283887,1.5697120718333533,1997.602509858058,0.019326580079321243,0.0011386085382769989,0.04544617974080672,0.00022056872990810347
52.36795692466012,-4.318851194154673,5165.9531371087605,0.0018589952787737294,0.05538543978985642,0.0765430361808791,1.796293617917485,1.538967458144363,1.3394783818546867,1.906305191746457,274.9569626256841,0.013443562060755277,0.0028136822302870187,0.03896600604390326,0.0010243659202442007
50.73476211802594,1.6901983120979587,6121.222045437828,0.0083774521415439,0.03273933645134391,0.02071432759919003,0.8314138786323396,0.6023015476962086,1.3967942857131357,1.653754245253419,31.504316214369673,0.008573658180577787,0.07988044410631877,0.04598506710027494,0.000004485338132129598
48.62082548968078,-2.337173878836171,6061.261864648535,0.0008254846376020973,0.05727603654484099,0.02675061396596097,2.147996959585747,1.4977628770280744,0.6379776793080197,1.1765688227716655,1016.882602680739,0.00010766363516623249,0.025458561318306653,0.04651206240238999,0.00024034803955444849
53.85485107008009,-3.0155409535529554,5188.066791011514,0.00039084587904619257,0.05773410046317772,0.07609329955491796,1.8897622846132995,0.6581287257632449,1.3991773875947802,1.6669373323625924,254.33009763649372,0.013671858753687836,0.008142871519319384,0.04562005083577417,0.00003580530201610261
44.87368859519212,1.2085663235413087,5160.889348932939,0.014372252029837008,0.056060294664158655,0.0218248244917731,2.1509518847052718,0.9661762794559866,0.9675043064292926,2.253469077292966,98.27861418638261,0.0002827838952522902,0.00559458148636718,0.04418195066190386,0.000010508544053076778
47.691872563886264,-4.057521052640848,5327.76746057632,0.004964133730322385,0.05163292831905179,0.07791697977452501,2.1499612383179425,0.9867240649885767,0.46159360882476297,1.9014503627175146,166.51447725979435,0.0025113807926541586,0.07248578228440536,0.03926109355098803,0.00010076277240818838
45.74722871517383,16.053715447173598,7739.320209234646,0.0012848147583354012,0.05001119590961859,0.07339436860392956,2.1999591218480474,0.6029615683788547,0.7585440803857747,1.914028529378543,1729.992097438711,0.019520000480811144,0.01478235516702203,0.04077119593785823,0.0000048880192576806066
51.942353649069865,-0.2123221843828098,6534.510538199013,0.01396995532395227,0.058769533890156184,0.0790202785635172,1.1933232448005362,0.605440418230394,0.7121906731593289,0.88017550502755,1998.7375677557213,0.01786681203884446,0.0010248434363796047,0.0422842552106338,9.01450349321573e-7
51.33976938881465,-0.7675759312803798,5660.211581437379,0.012396552091965185,0.055896685435615184,0.02534235004994037,1.7185126134180395,0.8651076551674315,1.0411876694417839,1.9198328913932168,1306.966514196865,0.0026941753719817575,0.021898941747010733,0.04469892129229361,0.013194492567322004
57.423088391499704,-3.8765919188449818,5040.073128771213,0.013000492406996217,0.058784930139765906,0.02471932816926906,2.1942160090713347,1.3220606936260229,1.2473692699966599,1.877427669487295,1836.8866713041677,0.015008824294776813,0.0025161358873431647,0.045975757474326265,0.000027202329897871643
54.89547106827046,-0.22746899394484466,5086.640839861287,0.003327744273992254,0.05962261158704092,0.06101185992153828,2.144099561172387,0.8854164116406689,0.4837664170101736,1.7539995928425496,1451.2095821974142,0.005000772326296152,0.015731847220110687,0.04478926335063533,0.00017813706524768714
58.480665505794484,14.90441242402909,5627.711005617238,0.006381533039447698,0.04755078782346426,0.07756800349713772,2.1891050782119974,1.0965074430245516,1.3864221779268333,1.1366920975084545,894.3360676774683,0.01480597956405838,0.07031287815449658,0.04491060698400698,0.0002598774692927098
43.926206770857846,1.290976681083455,5097.345919777278,0.009468411714261594,0.05988395817056871,0.026037929985760787,2.026228517044294,1.487284794085765,1.2151955635075815,2.3829881508771784,228.30718209865515,0.004013836026988939,0.0021220623494854723,0.039583702589900245,0.00002422234955749607
36.880807868173996,-4.475503268819612,8960.079514653578,0.013167869918855263,0.037160031086978663,0.0758418897993118,2.194101165057597,0.84161534537219,0.7933185997882085,0.8042244522311385,1812.6868931567228,0.00023549290781535125,0.0011780577657757748,0.04615040120437285,5.418898778424716e-7
51.80098156598766,-0.9128818129047236,6823.476459599115,0.0017861760142299156,0.0585140674104915,0.05317220108184484,2.079346627368678,0.6021924007645945,0.4133073666472194,2.336323626545659,901.7809131264943,0.00015411385634327423,0.015663361861746092,0.046257438079219136,0.000005684615657970304
46.66727446701485,5.8164756938561055,5478.177208854488,0.0006205481598831659,0.042020133172494666,0.023758825328086042,2.1647203018691337,1.4403997767091932,0.839032802591784,1.0648914888732992,1467.2309946376356,0.006164380338917368,0.07109378599557174,0.04270159097288008,0.0009080343886550379
40.72388988662748,-4.72914972897752,6416.98319915609,0.005444576994511419,0.05916933741324553,0.0794091966116933,2.188829359550794,1.7915101213042521,0.4693301175312358,0.9466795763135379,1688.1149431363244,0.009988790188335601,0.0010219265134328427,0.03652412175972832,7.180827311071229e-7
54.86684911538534,-5.054059640655567,6891.8329087605125,0.00297302576945981,0.05603068922543076,0.03666663370457168,0.9757645959692034,1.685924744642397,1.3831170637271342,0.8002227114726391,1329.4833827883715,0.006486517106489385,0.012183287718700085,0.03897425747941024,0.000023670325804160738
44.206575792351984,-1.6600440394841822,5199.8018390341,0.00573726309779962,0.05687184221710396,0.04536760801834255,2.1588476498373694,0.7354630519782922,0.416480078394372,2.3466356894689717,731.8718593253728,0.000007187161739359783,0.030677304339345127,0.04525958285362769,0.000004879274303259887
57.97318985498776,-2.4779630559413715,6029.842117602963,0.0010172616984509331,0.040588159122294715,0.07223151570559014,2.170656064665267,1.7261311470743408,0.8434564182022835,1.0152772911410737,1194.4086028005408,0.0002764060978020844,0.0011979583565787817,0.04322847926713515,0.00004810940444125732
51.956461611959256,-1.0599630440902512,6929.792733080765,0.0032155411687422707,0.045777940257167596,0.022718000925259652,1.1810652816274794,1.7042695453647259,1.2178771311084153,0.8007737874955412,1970.1575611920446,0.00881965376087181,0.005585420619025331,0.03744868587226502,0.000019755237776281588
56.85799532140652,-4.580166014180793,6783.471082544785,0.0013221285280232648,0.03816566130002813,0.07749143064343501,0.8882152079352419,1.4558423436490848,0.8161154223061446,1.0709828960486907,1708.0820021636362,0.008569929007917193,0.061244565425956535,0.041506250065316275,0.0017047372117519161
41.65241532575052,-2.011360254988775,7201.5279000479795,0.0022343414622948386,0.04807890811981204,0.031201590160328918,2.060821217670479,1.4768485189426601,0.6308535651589726,1.630713033293489,1295.9529600795463,0.011303769908136014,0.04220263257511135,0.04599449531492683,0.03788881224758102
53.23520955300017,0.3854080189469933,6167.913025509337,0.01476635054670107,0.018745641703877314,0.040523360294728694,2.199547047559294,1.7459393571032336,0.7891897095230609,2.3771675604009834,1890.9781863272804,0.01772786445747069,0.09688593975512026,0.043669822855001095,0.000002698221746593691
45.29595189705311,10.949871949043928,6125.098825411492,0.012378102624367329,0.054715537340664436,0.07990721407402572,2.07464378559769,0.7829424092796607,0.6154961915468612,2.240867607185848,1204.2476382144841,0.011089824257114751,0.0010056818916994372,0.025541644597958237,0.00014950776477805241
51.742817171075046,-1.834899162542733,6134.848810887906,0.006562240755130693,0.05520612457366098,0.03373788481012746,0.800099904578528,1.7139424238282852,1.3656969572798703,0.8441747065747137,1620.8539870945033,0.000011684983180803854,0.006681659336639861,0.03688981235342938,9.110960568823245e-7
56.392124723376554,-4.143953923473622,5467.053135742866,0.014917629757835116,0.04113525470089121,0.07833590883038449,2.196965722927393,1.6968578464335637,1.1989875377087078,2.378275027555544,336.2685357696511,0.019017849337167516,0.09362456617712238,0.045877739875371276,0.0000012999692156420038
42.549560197286425,-2.9025373837324926,5065.71496601425,0.014629874551721414,0.05977268411924928,0.020026065671588242,2.1943569697330965,1.7790046904408583,0.4559480734089636,0.8282577443487897,1257.4711854914362,0.004377034581749983,0.03909298368692556,0.04214873631864164,1.6810258417261354e-7
45.1179372415754,-0.892094674727197,6967.850071366379,0.0007242005838628461,0.042939304695041154,0.029399807304667555,2.1999950131182633,0.8858170157255327,1.223528248299335,1.5087204489601218,1959.4629050877722,0.019106690494037556,0.0014374747345910655,0.045544034611235046,0.000005220242221239563
52.70733331554587,-1.653428776844331,6309.601556584796,0.014761889740521431,0.05840528941389564,0.04288765912591257,0.8032079580062766,1.7948235786340545,0.4257672509950225,1.7212386165636946,1879.9818449331328,0.0017005428563812894,0.00118291096743423,0.04450946991856326,0.000004357519649058696
56.440743511266454,-6.234955725251355,6240.8993646819545,0.014468126589960087,0.023042909703431827,0.07985685719363084,1.71923756929653,1.695790475175225,0.4226627947410037,0.821308167436781,1785.305658954143,0.012677120712128481,0.026763202427032874,0.04359111638432078,0.00006627977528105444
47.25302011467217,0.1961183081852198,7544.722476752104,0.002013104077194976,0.055462738130063964,0.07199680759539606,0.8664558677054629,0.686033151871731,1.2631015429841557,1.6383982675878161,1379.9300299309375,0.012204533640872666,0.012261417019969564,0.04570085841869663,0.00598607147708706
58.42801532647258,-1.6692760374721036,6097.0172865139375,0.0056727177085495175,0.04436383226557385,0.07990203063841658,1.3568045551839658,1.7982482727085651,0.7825619175188248,1.4627160754325885,1547.2212611558418,0.0026902255390245954,0.07681886742260643,0.040588341080296735,0.00011111776478572707
40.38775314895388,5.020065243019831,7836.243299908119,0.003989124955972199,0.04549331106843669,0.043862863917651665,1.7045954011393896,1.4709430333879636,0.456160107093213,0.8045320999505998,939.8459680755649,0.01772654972455633,0.0365403814372454,0.04514110299468661,0.0025147372512138275
55.4046120548429,-1.6782095686070093,5280.505057425025,0.011632973371798949,0.05124866153356815,0.04690024819412235,0.8966467102578728,1.7097975652747315,0.42379845733417026,1.7497296186093976,1989.036721715768,0.01723715079839867,0.005123717581369973,0.03816595680614244,0.0001025053733939849
60.198837135254834,3.424301223099272,5372.5352177699815,0.004835975134595386,0.05782961404569571,0.05109429126923467,2.0904842110532416,1.4925740832100014,0.7480628944175582,2.3955350669152358,582.273457020211,0.011149083434101086,0.004397875574000185,0.04625436817122187,0.0003056125457177858
45.62986763921109,8.620609350042006,5082.562353082446,0.0011828938358702447,0.05922243705529574,0.02672113081394291,1.3851165416175804,1.0027907997150767,1.2489920422990615,2.384163916862857,12.062246658429093,0.00037911990066025935,0.018011597941927318,0.04313191993491151,0.0000012498693650916494
45.625301229923835,4.211326701995583,5093.563600624773,0.014830855935865972,0.0541165426993231,0.04493728025928395,1.7213458054309778,0.7547460603066592,0.41404419226000777,2.3354970555295385,1956.229495906097,0.0001935358269037875,0.06150339535148883,0.02990388875571861,0.000010994886126445277
50.83176545105633,0.9912501701374765,5096.721344304417,0.007667007790383703,0.058885580730378036,0.05035963295250451,2.045991922098321,0.6219085812051136,0.9607796369388069,1.1459958582830412,166.12498479257454,0.003924976453752806,0.0013186103102450681,0.043933593030772065,0.000039350736388293524
52.272397052596276,-1.1710568182233967,5731.947955363965,0.010748140471418477,0.05844296750481524,0.07988032634973202,1.3283460306226282,1.0288558741615081,1.1814646148479464,2.2993664769244093,1372.3164357389376,0.016976382828228817,0.05030842226607877,0.04476078625424594,0.0003983417069233346
48.66997831995507,3.4950346417371687,6237.247246284431,0.0011254427414531653,0.057335901011693474,0.02745636884965646,2.099151104079986,0.62988923621463,1.2832889440673991,2.3999695775457326,409.52418345976605,0.019791993048317646,0.023410577411585757,0.03870021514429008,8.564002169059578e-7
52.674085722008385,5.0866968550809215,6662.371380045588,0.004447970967770116,0.04502801782041764,0.03974949857607894,0.8259887270009406,0.6169114287590354,1.399326464368389,2.379411301695831,357.7530227452798,0.01994646307699426,0.08133429022613144,0.03793657760354656,0.000001621203877966251
50.27103402602129,-0.3655731447163184,6299.084194817055,0.010085410059756867,0.046583311731830425,0.02025616861210435,1.6819225182030153,1.3812984594571005,0.6199422002958824,1.6096272324600527,1168.0808165817787,0.01322388366683435,0.0018899703122175412,0.0417937851876639,0.034917979345500824
45.597203675312045,10.538607309200597,6460.646257703458,0.0013529279894279151,0.059933519375071805,0.0205997562045691,2.1960706304916195,0.9029094925493298,0.5169939018972713,2.3768224507516136,1321.6509982988257,0.005619594711844668,0.0011773709957262244,0.02941522802527877,0.000003529418284273363
57.58222188436859,-3.981208828840674,5627.214405166966,0.014738783864751548,0.04714039028874074,0.06933031875452236,2.1993441217310408,0.9973896332102552,0.41672500177418614,0.8001029279729187,1986.7346583884857,0.019482661994155742,0.021879823822956418,0.04572337581351958,5.436445246796219e-9
54.228356888547566,-0.872432565197224,5920.039136697377,0.01286136505231632,0.052939597387198806,0.020319183407659258,0.85481363066945,0.9271030020187729,1.3726332987547172,0.8496748515736572,1010.7675398816733,0.0175830621525906,0.024396756230384672,0.04609338689578768,0.00010169015296167848
45.684356072880604,2.9200539258850142,5771.590530773798,0.007420008493837074,0.03418734028966548,0.04452228499185876,2.0694861672620624,1.3232302611490252,0.5052220219590802,2.3148224669394817,1999.8685573127805,0.019530673977895256,0.09331779556768138,0.04005376211439087,0.00008757239026976378
49.82840786971257,6.188479217368787,9114.100864335398,0.0013530173450432817,0.04233898600874833,0.0797815182926272,1.7880078785487261,1.0208292851325007,0.4706135088854655,1.1560604701214845,1838.18602980615,0.015165268912938377,0.0010435155322788996,0.033076993583592264,0.0002868864226846455
36.77754221334089,-4.893991809677036,8567.399920458887,0.000128747996006418,0.05906475394816755,0.04423892877412286,1.0525675647525945,1.4581222145257682,0.5478141355260784,0.8498669268886128,1447.2634929371432,0.008804305858522996,0.001860071583162689,0.04488457092534434,0.00006877487323602475
51.66071776070122,10.669286486616578,5398.744686162587,0.0010055917885711653,0.059075815308743014,0.06591837366218967,2.07147948857151,1.202235817875804,0.4125853499627136,1.9166124863439182,987.3510110868725,0.014473671582119667,0.0013737521810711275,0.039642011167213706,0.0005156028772808434
51.8656186692068,3.887639101410242,5908.622748799039,0.005148182078886846,0.05777904144427874,0.06519468584003489,2.144829408849448,0.6044184455870215,0.5162533457914932,1.4257231427988493,41.19365120888282,0.017595717027943537,0.0028986947186932475,0.04009378165120555,0.000038103455255983794
50.18163495494513,1.3591085248786143,5038.162071688763,0.014835078953373127,0.05064736165147175,0.07860822103555386,0.8431581264210393,0.7224428305059569,0.4005919995853827,2.396397174917849,54.244203645378114,0.003430984488169185,0.0862649478580134,0.02492524058982194,9.109670016707451e-9
47.353664151043205,-0.46964379801650047,5040.479144516593,0.008360939926815627,0.054011427044361224,0.07763083883948378,2.1980579667239963,1.040628570706783,0.5444286390517842,0.8138816358660694,308.5028227734283,0.0030236665778483524,0.0015574166573142213,0.04114935902964358,0.000003704220531441644
48.43910600058979,-3.9661185460336448,7604.299034317328,0.014372481972705582,0.04945044370692529,0.07758650033163514,1.1627300384066872,0.6105663639070004,1.3516893607742215,2.24328727916019,1891.6137984536026,0.0001074397970224091,0.0012865207959055964,0.035970959974374446,0.00002141722855248491
51.516366384932546,5.2072330356179055,6951.1469471962655,0.00002328667593483193,0.036501716698829755,0.07327928237615047,1.7171878692682097,1.6986898736116771,0.6046763740112633,2.119988720194077,1604.034784159395,0.0020588984058019506,0.0010188184429236824,0.037126270547990926,0.00016972370909940296
38.08057131557419,-3.589396210533131,7204.339366035965,0.00028657294074851914,0.058605514017608974,0.0443585896083403,2.1895770037423157,1.5000395472015131,0.9376364238108392,2.3251352411894644,855.1653891696602,0.01413594396968541,0.0015141165063128226,0.04072953452895792,0.00007333581652079125
45.28203998613501,2.131382064017462,5957.275225265834,0.008463769513882405,0.02070957483115062,0.032726259912082514,2.124652823589697,1.791439342448352,0.9591319270918013,0.8207343255266241,10.896662192367831,0.0021458283254621206,0.09512304075816033,0.03974282555858313,0.000046382284076751005
52.484516000559445,7.737027428136255,5281.033384580738,0.014461517483862606,0.04625542925912201,0.03948229306463805,0.800914430956466,0.9426955675281408,1.1978970517200374,1.54798797353043,1070.318835298388,0.0005392553104024472,0.009112984589181604,0.04298767771752054,0.00021655350099782469
52.1287049567606,-3.8855573973325983,5292.132877300613,0.0006991230708563292,0.05781847029374954,0.05728843429416797,2.136223447768228,1.7752730486683497,1.0845319503142796,1.1692381116610298,1885.5186866168765,0.000042685998263179654,0.0018672245181104179,0.042035357665222046,0.000003677729018618052
49.857238060751165,1.0690675593229706,5812.028186686224,0.014873139294823088,0.059786377070701176,0.020674830052783855,1.7519820526955936,0.7395535327980444,0.4033901073426261,2.3364152336153348,604.686535472995,0.001528401298636562,0.049686574108425634,0.04561079419118562,0.000004747921874495683
47.71311863785973,1.2322713253315314,5519.132561109872,0.006403296585102414,0.05996911944436153,0.04871544375386651,1.2911765185695372,0.725090219775804,0.44155242539338313,2.3960134661865577,1197.6941041994344,0.0007161237769474306,0.018401727036758735,0.026790061629387348,0.000020982814651796844
58.66909890269936,-5.04141353343943,5244.140877028875,0.0003668024522326452,0.05862321082067447,0.03262997795625686,1.5273426619055632,1.6524393684180194,0.7832839353328913,1.938743443521249,46.646188070665524,0.014687858434348278,0.003786924651356494,0.046332593096016596,0.00046466809856957454
57.30757458229208,-2.067193171857472,5831.896484058333,0.014600377925991918,0.04965845921576552,0.04893897030018381,1.9780764048409103,1.3598926123696997,0.5967506569568987,0.8013826039154669,1866.6331705340676,0.008971551347804028,0.01290906161035574,0.04406514262096003,0.00006800585920295109
49.2148167899168,3.2079755995132118,8233.920417743677,0.004548058774494549,0.02943145113352122,0.05362998852740894,2.1862921708760883,0.6213785275780029,0.7617115729297923,2.33447596266093,1937.1625515554385,0.004424916701148112,0.0028658170228623,0.03944296511682815,0.0008266880930465474
49.42562335406784,-4.752687839333179,5669.973680362938,0.00047816077242447696,0.04402589436849712,0.035703617353015596,2.129656945635344,1.4958499604791318,1.2710956607162456,0.8788964735061822,1736.8056850758626,0.013704544662794214,0.052690141963513355,0.04227551383940559,0.0002143271473789745
50.96992644959535,5.405274117733752,6425.394457954021,0.0007351766745264963,0.04622717215855721,0.020564767379673936,2.111306297799696,0.9772970265542817,0.6600163012041056,1.0884151934156565,923.6284749114012,0.019644112394350634,0.05829866407598969,0.04401263969586238,0.000584517827623133
60.310174351146344,5.355785463127683,6044.730319920912,0.0007565145541373508,0.059800228143383864,0.047135844709274594,2.183137702237169,1.1714270906487196,1.37241465088781,2.204305749423256,232.53599831012338,0.005408560602973256,0.0010880973628936694,0.0458603184600622,0.00000725987277167077
48.759060954966664,-4.876424152947973,5251.966799450717,0.0002900963573988788,0.05759507821496045,0.07701818343242822,2.190118615706412,0.853782492495917,0.5039839839776353,0.8213969461010846,88.86246725373286,0.00041993241691804065,0.026531448943112077,0.0441949978209875,3.205502518682641e-7
54.46672180843537,10.315554422488542,6402.232497996435,0.002694300274954701,0.059229126646429806,0.04075975932919254,1.5705298910848566,1.0357862363907007,1.392661187017038,0.8130664901368915,865.5313205595278,0.01790228524169013,0.0020748849775825535,0.04323783587502565,0.0006356545557207558
46.45053078141979,0.5884792019337794,5150.9423664605565,0.01377504233168543,0.03415397828406495,0.07900470621558683,2.1994079492729552,1.70822247730798,1.209832642592282,2.006262995067666,1142.0363275238512,0.005959563001517379,0.0790850431390992,0.043310181306070276,0.000018738254180614215
43.432132758382636,0.15894134015764116,5475.952875447911,0.011720039767850762,0.05090060849903728,0.07850933319344117,0.8127854613938512,0.60054112269727,0.4092270498918701,2.3892454458513663,861.9678569121911,0.00007820380725769287,0.07919628135844825,0.04574825203150126,6.537457797588835e-8
57.961203641688584,-1.735086796488881,5651.508838195918,0.005667950194418532,0.036319458635896466,0.07131905433342435,2.199364546018951,1.50339798803979,0.4698391614726687,2.3902228799151404,513.6621893720785,0.0182816178558471,0.06452706164795012,0.04467191135077979,0.0000032571544249382696
56.89285968856014,-5.799352308075536,5035.557717292609,0.007779245833965878,0.046550281343029284,0.07805955057592041,1.8251547061072226,1.440046860879792,0.8486904870616805,2.243449691656683,156.6963538185853,0.00006156963045261272,0.002787510550551774,0.044002272397382886,0.00023139642462313183
40.74916385954451,-7.2112423638716106,8627.061980330242,0.012812086156810388,0.05250137641937672,0.060750690785186745,2.187726232319565,1.360120436637056,0.4405482545262446,0.8425152692072594,1836.4090796967619,0.018057439626687617,0.0016177895842816204,0.039177406391221664,0.00003477080660042519
58.73451434160626,-5.703376120024642,5733.754176932078,0.008246767110146668,0.056489704974763674,0.0793762029570261,0.9152667616381589,1.0862104136499198,0.41270180051229205,2.341582516729983,20.253870040077796,0.0029629655955145445,0.0968088288577288,0.03925451296319864,0.0000020700374926602018
43.42025171484306,-4.743163769331087,8327.409571820865,0.0077137642088355475,0.04427488908400161,0.07226772446993866,0.973858268324322,1.0721527680710206,0.5681948568663759,0.8609613018234845,892.3910215325631,0.002192759156572639,0.013525543859679188,0.04494421019866067,0.007800144560628999
55.820281116024276,11.55756639850059,5551.831708417882,0.011046533065803133,0.04249571099095711,0.061049386095371985,1.4588545103589836,0.9967715046020453,0.7946934182706723,2.157437646589221,743.9252445301161,0.0033958234494013972,0.001354482526583,0.0463244289642044,0.046847899558110855
60.83935453542277,12.835674142983606,7860.753399606961,0.011510341754167664,0.05692042450347238,0.024458805970716424,2.15852154281437,0.9185134523518776,0.7372344582377346,1.0249071927358213,1941.764594098896,0.0007994994843324771,0.0012333819295844764,0.040398374784212356,0.00009624110218969298
42.8793930558655,5.784557210951904,6658.868298243463,0.0002664300917189134,0.03922998450704134,0.023758894555524466,2.1396082056604984,1.6834799907497242,1.0850732609674345,0.8152810440117869,896.5123570382791,0.00459206859686848,0.0010861091355147,0.0436611123723965,0.00007557418860686971
51.90700468892249,1.0376481869365364,5458.897249406398,0.003213794694095101,0.05975340072942356,0.029053967656627475,2.19023866801168,1.0466527843051874,0.40026685512940285,0.8108641131637863,116.67700981150581,0.0007317556502450564,0.00396725651893262,0.04519860000195559,1.664034940770803e-7
53.99377214819122,11.69658363231748,6326.762495064446,0.011890908072057348,0.041639519842119894,0.04373265872292597,2.1896542179249394,0.9674134139985608,1.0160719632764397,1.9396772307071108,80.04215750793307,0.0002845994736288151,0.0012720179506046452,0.04386499369365609,0.0009515274644180041
43.15077185050731,9.613827355340927,7246.657935014911,0.0018731163925321803,0.045728717412044526,0.07985748395920968,1.7554259871098137,0.6848593646530913,0.40218345790835625,0.8822640072420269,1017.7488730983802,0.0028448304499891063,0.010342150294041109,0.04517383815699091,0.00012076546436470199
39.829500058208254,2.483131778160365,6876.502978752165,0.01040072397774278,0.05992381421620968,0.020194264281478583,2.1999905239571165,1.0363549341095437,0.4187147829244137,2.399968032620704,1808.4809432744307,0.018621695431243777,0.04100497389503296,0.03507205326913334,7.782577584024089e-11
47.07452986161411,-5.043336642358129,5274.086934718736,0.013122850353240248,0.05955977304577883,0.03646460876443547,2.1750734488854513,0.7282567067240526,0.8189002040184232,1.590538711918318,472.63230800702433,0.0003525346966626067,0.09562450022024521,0.041878844217973436,0.000011199997333073094
52.57594711377865,1.409181733989211,5358.7633581571845,0.0014765577161073029,0.03440586711665623,0.0785204191513745,2.18816758628956,1.2537435976526066,1.0378683685314933,0.8004360528477494,1997.083346286843,0.0028714661121362183,0.09747423433760273,0.04302280902699193,1.5581428381669128e-8
46.90969360528421,1.3625079912433886,5352.9442521501005,0.0031546933461207654,0.049539360267330905,0.029783862593094516,1.0280820476691015,1.6914073841050574,0.695832298040981,2.31406625487294,113.72893088599166,0.00000119298254268938,0.0010485042348650398,0.04544640412401572,0.000005696283638653974
55.407200798869894,-3.3779735295960123,7187.437068081574,0.010733916108865881,0.042323809594881336,0.07562028983411831,2.0790037136851707,0.6230290116115207,0.6281347138192176,2.1653957735496245,1738.047983805334,0.008887510200216307,0.005497662009525222,0.04582166097265396,0.0022978585064692305
50.06208725687217,0.4072927818724459,5627.592180966294,0.0002279712300959059,0.05820355010109949,0.04270167704673843,2.195358520974642,0.7170533277186072,0.5130952968944137,1.4112630162826216,1690.856579726301,0.009307639641020556,0.001030560356398835,0.04395860107431456,0.000010126573908156962
54.62321222100374,-1.9652863148703617,7246.427355154798,0.006853889787124857,0.058930623864986396,0.07517895326340711,0.8071573412753075,0.9924627252884375,1.392389404756583,0.8318218807266127,1962.8719889898484,0.010797577464174441,0.011298274648646587,0.04526007349594191,0.000008431589733805412
50.09072658411401,-0.3425064838858187,6315.551352210006,0.0004939017830734465,0.05581721639180349,0.026467704853184483,0.8550327825426729,0.7291606633609912,1.2615612930469382,0.8001660263193103,1676.2234311816349,0.0016146765229819238,0.04847103934134315,0.043833180894895483,0.0000019043211768055354
43.631198582119325,-1.8706723056340842,6486.242934603597,0.008000012712348242,0.058434055162146635,0.029386599624529594,2.1912421610777546,1.6028055174262428,0.4011664609711402,1.2572876523706953,1585.5480759864265,0.015120934839268673,0.0028383666404577053,0.03803486566865013,0.00004634095440463153
48.68136691806484,-3.9923175750559707,6424.618434836231,0.0054401461947122896,0.05295753253797176,0.026884208948099002,0.9868822883928371,1.689210862020488,0.5126206136779418,2.332054680789967,608.5824188529134,0.008449769175009258,0.0015326966758319462,0.045460383526003144,0.0034079619540857897
56.09432371503627,-3.5316477200566396,5682.335306182204,0.0009971156035828957,0.05933714271663396,0.05296786570311342,0.8025737388216131,1.6808353742430584,0.4000524228739168,0.8522961742369873,380.3306354528318,0.006782574589239611,0.09369540878927736,0.03601806569377909,5.99035395033549e-7
49.066913546456576,3.279495272454115,5944.288795677309,0.0029649901928120777,0.05568215635967979,0.07467404999943565,1.8671015902407324,0.6114487711306301,1.3899551352348367,0.9874854505704219,1873.7608169945045,0.0020396962311323907,0.0015148284847647578,0.04490100103884863,0.000034959782122417173
37.432749323917136,-6.085005724631137,8712.614506861812,0.00006547784783882162,0.04033293653033954,0.07879778220357582,1.8090565966797785,1.7994151884692542,0.9028027091077688,1.8208387205936847,1161.3193594576128,0.007074016865815991,0.0017855001313153047,0.04299716752860521,0.000973259480333283
47.120149372514305,5.882867630495356,5868.371971436894,0.00015013884032105156,0.05937110981364358,0.061489348541769615,2.189411870373647,0.6342091057936463,0.6974222638152239,0.8239058923590311,608.2254124423425,0.0008440978700517212,0.0029511312671457574,0.04510033928565234,0.000003878072324153816
40.87189317111135,2.4484352397358453,5224.5925400850665,0.0006340561902398881,0.052053078149479196,0.07336958746597633,1.8018123919574338,1.7674228883666538,1.3877142029169938,1.705435813519134,1240.9356099844097,0.006145511621117142,0.0019613197020903767,0.04443815541759108,0.00019999365929724119
51.54286830122341,-0.21890534706654563,7265.1551381286945,0.0009919996458336812,0.05999091248011841,0.061673617534625635,0.805417647105339,0.7473994175756046,1.1180094863439707,1.9156365729391878,1205.5500821521434,0.0010260613902789487,0.0011207398240981566,0.043150536902761646,0.000016747231853402143
47.98898913540994,9.695203108840527,5167.245384015286,0.013786097756409725,0.05968402552339094,0.06517083984559546,2.144877224208652,0.6304337955265368,0.8169144601537535,1.704388629608229,1528.8471418050271,0.007400135075155896,0.08415992664594579,0.04177719222283679,0.00016114545546756228
61.63592542634029,10.13177928795973,5448.038824002796,0.012114724965628947,0.0470100493300428,0.07959645535682335,1.7227598437348575,0.7644000717563202,1.3814955017883017,1.7280546748975354,159.0945215034241,0.0030907302669195497,0.06668122836388156,0.04620826904303435,0.000037255446506267596
57.461619330161696,-2.5250682281480454,5092.1169580255555,0.011573615287168965,0.05842762018771974,0.06890443892068393,2.164266576521504,0.7350238413361934,0.7071423818676477,1.5340078071648187,51.57754541053768,0.00895488615536806,0.0029727284990504277,0.045378349948878294,0.000029394494929946144
51.50515141351649,7.331615547045335,7404.441811254285,0.0021872134384695228,0.05442802835920497,0.07916347116758142,1.0618883641288686,0.7292587110316067,0.5785227849888762,1.2344965110526274,1978.3152641591469,0.006643638878060396,0.007946014509240045,0.032496130048893936,0.0011250644557765828
47.243518012263856,-1.7728363788940307,5627.05388290174,0.008142019567293123,0.05379966550770537,0.057754787484912376,0.8006533610193508,1.4182966462303344,0.48317666196944237,0.8026939412405666,1366.618537043204,0.004446547853554861,0.0025445705452394303,0.045344558370262994,0.000023363506623888037
49.48006867337801,4.3264450291092835,5088.297201958863,0.012390698748141608,0.03904676095052049,0.06145565797017373,2.1928085121886243,0.754643531052691,1.3963542465113359,1.3692263272419312,1999.921352214048,0.013516989018943047,0.07393024209828396,0.03675185548903182,0.0000028653403740340673
42.7450431957969,-3.3580444501454956,6489.324863282646,0.012332093829352948,0.03461171200922822,0.0660611042121627,2.12102858776079,1.6506131686260632,0.6701034501450283,0.8008430165412143,1801.9869712602842,0.018066704773818044,0.09634464170280693,0.045328647238272415,0.00000760289519921408
56.898569027234785,-5.3775731107526346,5666.241924299253,0.013100736008410583,0.04858889142215262,0.02370094310468869,1.2320767189356676,1.5053548285461806,0.5566420716530316,2.29715135009849,187.15703491438413,0.00046004778484833345,0.07054117475127097,0.04475497033839608,0.0002992151552982229
57.41804913977924,-5.6785193602031425,5817.584273442024,0.002035154008894063,0.04154532003113875,0.06677804322902511,1.7812729193315027,1.7812174510562495,1.109848563476607,0.8416780382760245,41.10028926338804,0.004948141187436475,0.0018191496109132186,0.04445617253195106,0.0005455934670576869
61.99280531887378,12.13241407286781,7065.158426009741,0.013488485978620474,0.05920679871102704,0.0368315199704395,1.9055095661115826,0.6003206322322495,0.7976771809983652,1.2848942242197887,1868.1367848716836,0.019434475165306452,0.06213467524195331,0.04530356460145538,0.000009042282308740411
51.78556075688441,-1.0792581886379686,5139.533497188598,0.00723350081709295,0.058712608504424675,0.07057971739749143,0.8541736679480746,0.6045498390545667,0.8395797894470469,2.258630708963339,1581.641762864296,0.002900573023125783,0.022339941239529242,0.046486231155794915,0.00003906439902278885
47.082574867214376,-1.6171969908003874,6646.194396810139,0.0009741495451802294,0.0534635611614855,0.06924368942292135,1.823579399748939,1.1209721570896485,1.3961730254274018,2.1286047377706474,1480.6757807332583,0.0014261577811730682,0.005912173713828392,0.04336709589805197,0.0009448065965418617
52.243697089287934,3.4788117475265423,7308.207875561289,0.005917248502713678,0.03624977731184145,0.02193958211339292,1.9384235642719707,0.6545342729441123,1.1408591853903798,2.2071516011215784,1462.978922567139,0.00005570176086041109,0.019627123030636653,0.0348789720823364,0.0010498575953113295
61.994719143566584,14.051904680634053,6004.684721697711,0.0016871548439625688,0.058040587014974304,0.030353999199801404,2.1697680056047126,1.6158388781258166,0.6787342288271914,1.3843669329260178,416.4782970938133,0.002833880059938405,0.0061978768175581875,0.04598501248069932,0.00019811293444251272
38.74912035004053,-3.945879545164429,7244.974536362698,0.0027793666327228855,0.05643131522442556,0.06832218854966522,2.185313665627246,1.5144480284639505,0.4077377742899355,0.9646948515463207,647.7661286761031,0.010057937397059949,0.008041293729176459,0.036277822239226036,0.0001251952149547808
53.830667121420674,0.11690973963080431,5036.708979982052,0.008710164905321689,0.05967255821231146,0.023757640798025476,2.1934784100056914,0.8503521863442784,1.3116757685808564,2.294426376478375,84.6226677019177,0.0025378163815586896,0.001244557191025996,0.04487436936484521,4.952313658690164e-7
38.72074069252378,4.955082703411929,6524.6667267859675,0.009401273527090399,0.05153062252302894,0.021338520629039258,2.1685504329678924,1.7995533968668713,1.1180792097112655,2.0826807926777917,1969.080854340678,0.018369169643992354,0.0010017947784661343,0.043632879339185165,7.40320103423093e-7
49.618037788126706,1.790109118937325,5332.357392969988,0.0003838083024809571,0.023875531030338362,0.030093369485934787,2.154646980745765,1.479532077731797,0.40483169026757204,2.0494973406328474,41.90906723904234,0.004679834657608929,0.045586893537913904,0.04468926895549095,0.00010707614271768808
54.43719452638061,-3.9430632149847638,5552.834939848697,0.014472557104117472,0.05861557283201747,0.06293990343833859,1.7884690578405027,1.2329851810432895,0.5343893269938189,1.3504214113089066,336.1545537885911,0.0033522598505826566,0.0010296142390818531,0.040622140102785254,0.00027886024551836613
42.21052997695369,3.8343165185830657,6648.697487261142,0.01380321702060186,0.05850905241515522,0.07860059516631537,0.8955220125616461,0.6087476679011214,0.6078761792171651,1.7746333458930008,62.26388033377942,0.0014366056395074872,0.0014670770657502414,0.03431949955525257,0.000010208697388728442
46.57017198828664,-4.367403320994688,5923.3175982381845,0.014937304410456997,0.03574701782544828,0.06782690040196888,1.9250879039027182,1.0764795627139523,1.3976908471648386,2.283783956479639,1946.7251715306188,0.018378618331532263,0.09966902512931491,0.039249017984541924,0.000009853650295084456
47.804919257144746,4.106097725287306,6043.372769861403,0.002920444616335581,0.05901344303253191,0.02087145556030687,1.2344810949780007,0.6857536281362355,0.9306284794734235,0.901782057096268,818.7670504034826,0.0075953755674375055,0.016173819270777275,0.037559205922607704,0.0018949135193262329
52.78618174882622,3.892391690960425,5151.979157372395,0.0010090116568019154,0.054244864172794165,0.030895917476528152,2.192291882365579,0.816161707322975,0.4232240061503213,2.3621157284819176,1134.8183207463828,0.019855929139985757,0.01637184740758704,0.03343450214750315,0.00000360363597665883
45.44296093729995,-1.4945963471324148,5209.273919452657,0.006857645038844193,0.0588624457175793,0.04030003586273216,1.5049147951775712,1.4796961028211357,0.4084677349130577,2.3832393327991315,1556.3978280446486,0.01779113169613096,0.002091434996139126,0.03637944915143838,0.00006984513198149422
52.56809171915168,-3.1324007158072584,5551.847750111248,0.014716521229146394,0.032941444959230314,0.023281366476271628,1.288935262209192,1.7770011113238882,1.188399336149566,1.1613203030968051,1927.3513345889103,0.016369085355623966,0.08793010578217392,0.04567733073919376,0.00017188496425237084
42.518418354286325,-6.376091511628987,7311.55246262734,0.0018159227389474277,0.05839286360887944,0.04908326118182766,2.1960214650024423,0.7211864722282569,0.47015564657087877,2.171623695973576,907.3558856961588,0.005184143704191357,0.07100199575725089,0.045918886149961896,0.000027246149486948857
49.26564318978343,2.7690012844378256,5360.887492024385,0.0021239426744318612,0.04850331037661333,0.07954599543371411,0.8119115830337496,1.6905974572867986,1.1460716713558354,2.3644244227962297,1545.2316518655764,0.015352315184340475,0.0012007105944006468,0.043934766908912286,0.000017528882207990436
57.78504767113708,-1.1196214088608372,5404.056910603294,0.013656812081187292,0.05823891644748545,0.06539727443252306,1.51934975004654,0.6014738492945848,0.6543546220307555,2.3999702196270345,1841.6419013275938,0.010720627631390684,0.09974186928452003,0.04462574693400965,1.8072216369901294e-8
45.169453520771484,5.192541013721865,5021.2212957544825,0.013943128115734664,0.059184954902630475,0.0781279876905525,2.177649036945297,0.7991931180080419,0.48738025161677634,0.9631275197171685,73.1573027491452,0.009552714372249523,0.0027138002612825296,0.038233252596114924,0.000004158826409189476
50.658263513936454,-0.1905327001748507,5373.517134425151,0.008675106663560753,0.035375589792197876,0.07633235730034334,2.059746743027259,1.4325975036976832,0.8468199756296688,1.700938593995705,1830.3117009057005,0.00927350956373733,0.001086391282436417,0.04501068458207264,0.003789072636400381
41.24710653721936,-4.538312902120107,6959.51564499263,0.00009794466256544181,0.04432899799306285,0.0633824504929895,2.164709777948855,1.2872781720584139,0.7538775962998747,1.9686599844887114,1885.3701429008586,0.01907469519126045,0.07206952368551282,0.0436795111399349,0.000174247478918985
39.13738092262025,-4.43977486756041,7140.254408843927,0.004453312971145948,0.056575935784402114,0.07596240908621836,1.6076095671440949,1.643951343268514,0.44419608881653266,0.8026948575774321,106.3671868159426,0.0066031807584650696,0.0013296631610956568,0.03911074787646462,0.000005549619832286158
61.04882047680675,7.793931041139899,5017.5617859827835,0.012429228223464246,0.05625713987935692,0.04269847686676659,2.1491905844640016,0.8727413609540458,1.3586215719268584,2.383289214738476,29.77150288492113,0.0024946956458690357,0.09330031921618061,0.04581736642863386,0.0000011029717736323072
50.15327499763239,3.4951266108569605,5399.123531315723,0.004610755137827054,0.05381271414184038,0.03345352311971515,1.0709896993548058,0.8063865740435234,1.3466546178871264,1.8148207382573118,1969.5741585051687,0.0015968928331467106,0.08990400926436769,0.029559313552716134,0.00020438050798050336
53.62702755328334,-4.0987946632816445,5794.463410344774,0.013171455804943532,0.055500337460870165,0.05525658895047139,1.0177986785935615,0.9586391600973729,0.4177902141368628,0.8753395001877017,1374.1680185114246,0.01792420922029378,0.00889888331531782,0.042282368219672344,0.001073338544817564
51.81133196071545,-3.8073797642603706,7923.648068936134,0.0002623049387656181,0.05078388338456927,0.07871444665702983,1.1677230572706867,0.6326052801908482,0.5723113698138695,1.9395549711582638,1906.633854723322,0.017219205375370878,0.052345446559686,0.03981866171830724,0.00012981245402496038
54.16043569077236,-5.560065958593159,5969.661113426169,0.0016094641014945672,0.056023081849099744,0.058738065695810734,1.9586331105458035,0.8276572707863364,0.45028113265748676,2.306454345318569,446.61320928225456,0.009080513172364215,0.0076271793430623845,0.04503296895985631,0.0005656142742058873
43.89302150028952,4.515897359565592,6746.134079855611,0.006455514060629405,0.03473491070175705,0.06916219667218491,2.1351418031431573,0.9720308100193431,0.6854900260248938,2.3939214732104475,290.2689449141948,0.01857635962445522,0.02270918283532255,0.030696190653407986,0.0014435035321544235
59.291510155965874,-5.591265178895115,7846.997653779388,0.01479814128504016,0.05342279706492169,0.0783229042938379,0.8936863582697016,0.9746180400968623,1.3977509005398536,1.1934082155077606,1403.3924630985177,0.0007751966804978518,0.0011845130605020453,0.04041740415650681,0.000022747638493247932
46.17158479202101,-2.2697696944376133,5725.365879248699,0.008150359115621158,0.05804814090673536,0.022239602502002055,1.8693088807315228,0.7515994171830305,1.2264313967922362,0.8140613163878652,1758.2532764202242,0.0002151254696468461,0.03571161464728653,0.04329140926079594,0.000042232058573737276
43.75746559491395,-1.5249450711166226,6309.79709165657,0.007475977410776009,0.05745488783438258,0.045443426548137766,2.1096505965591277,0.7343025189999891,0.6256903743062318,1.5713634308401272,496.1412738072118,0.0037034478769150327,0.002040918147771617,0.04274947189727573,0.002779738052644088
51.06589487215791,6.505521601625535,6462.328193716901,0.0020064566157876112,0.058624861939080175,0.02061485224126124,1.2202515835040468,0.7255939635849968,1.3142406689097381,1.8231651750476965,1727.016262444933,0.010986668694805208,0.009711529966445651,0.028854913620341115,0.0024097370755266348
51.690379536721665,1.9461522068298809,5180.562041351106,0.014996820060287049,0.04038538161734171,0.020068313442135027,2.1211582806558655,0.955202949876303,1.3973855850363115,2.3998412860244036,120.53892770373834,0.001568785267519478,0.03103083925439036,0.04056296514645048,2.6357292569682368e-8
58.9343858130286,3.780681663220955,5835.032963998832,0.001635144505586645,0.05954091150515594,0.07464981129551188,2.1307611956881796,0.6162838609890351,0.828181356504079,2.3945865281861183,653.0876639656984,0.008052639541803654,0.04893978833778208,0.04480930157979069,0.000004027975656343484
36.726976063852646,-3.7879942344432553,8829.94106754988,0.0030680722173675045,0.04877317037600915,0.07451834467219835,2.1441724698434426,0.6254030952774161,0.568762648802172,0.9497729288332553,1989.3941273748546,0.008790776135429194,0.005314788820610134,0.046425650138488844,0.00005239620606634563
47.484818133519624,-4.938662104402957,5886.079342081253,0.0028871577240967253,0.05850265050998521,0.05308047129154132,2.0194997581567646,0.7224579765954577,0.9649457442662632,1.24181758511666,1769.4426189899837,0.0012014735385761017,0.007561311247616657,0.04490325346206281,0.0012864818194774
51.91869969096538,10.30453178444813,5151.539269865082,0.014999895155711788,0.05328274249749345,0.022863976842949253,0.8287655066200494,0.6389432720039016,0.5995187731663574,2.3983104860472837,1653.4004635540261,0.01063286056262334,0.09251787668784693,0.045530367433022634,8.999010324554658e-8
48.82752337585432,-0.320027032214,5293.66344585494,0.012384354681878157,0.058625365460892795,0.028511210774705347,1.9879428075935315,1.110823044758006,1.2205411065952942,0.8032206147266946,1467.3333806765413,0.017770480972108375,0.005864173254617424,0.043709256276638006,0.00017645859068112627
41.55448395989051,-0.18848494117524517,6744.477769021331,0.008275438906001955,0.05488996040915985,0.05418195194485166,2.0037543840803815,0.721459299839797,1.0783170172109795,2.101228766741321,1700.8895464130585,0.013304506407257742,0.0011836719363473433,0.04518696608895108,0.004857624314895776
45.57720838865929,4.541414355260539,5211.35303619058,0.013223646675632483,0.05435861679858716,0.03688489668557681,2.1281360163394143,0.8050961852278113,0.9368337613432894,1.6284216071239217,273.51397877594457,0.0014995962874472777,0.09702064600915733,0.04198607477665933,0.00041760801413165004
48.11720419258441,-6.182379709637443,6134.329403042412,0.012839801994390247,0.05785681501062799,0.07891141068226953,2.197662758968007,0.6507275918088734,0.5456804939990783,2.300757113480012,876.4976900246205,0.011366729236223875,0.08182999367385436,0.036659657881273774,0.0000014250796737975111
36.897871752486196,-3.0236888848024472,6782.805343889104,0.0016458583201317352,0.05365287109608125,0.07656449795546101,2.180949685745759,1.3417371091178814,0.7593750527074379,1.1896225044783326,740.2737309857027,0.0046492836519104845,0.0019938291289803233,0.04367298098243212,0.00024086645249671033
54.07112433133925,-4.432582200028948,5207.363108472433,0.01428231938280518,0.05886798560766562,0.07976531273309222,2.1979166670744608,0.6170201513733773,1.3261132024412075,2.2972343227468714,1278.9665490672292,0.0021925904044916896,0.03451861905523302,0.04330292161570434,1.600261926479067e-7
46.72581020421825,-3.356664470381628,5785.58946741627,0.0008870528976605003,0.05922712406433816,0.06398285567286226,1.9507331556301122,0.7119196354266606,1.2700028517064017,1.9775651501318103,1390.182818644765,0.0028086034558461904,0.004711191961588069,0.04516107742432708,0.0006395566101514181
50.51751667092895,-0.10792053851761985,5374.381745494709,0.0010935714951444654,0.052942068543012734,0.07563138191409191,2.183472675599591,0.7172704379305763,0.7951456804328982,1.062665804217199,44.243218011396074,0.01516085175603627,0.004271486234842217,0.045255771988145926,0.00006588941691023425
41.984502914816176,1.5540038230503193,5497.1658093667575,0.009140603219629477,0.057068365492419275,0.05102711987852703,2.1989350363157576,0.6820138188825061,0.5008134161987444,2.396709928253851,1406.20890586742,0.013428041839525253,0.09806504616523772,0.03692009941876797,4.2832704819329997e-7
49.7399494903618,9.287561249007545,5108.510756951735,0.014597366283097884,0.057528534115593645,0.07075712587317197,1.8508657371353512,0.6009588350871437,0.401377965346069,2.3853853961611597,1981.4455151590648,0.01989677515344914,0.012458722396222902,0.03598329303557759,5.5301495212150356e-8
42.68549065197009,3.9128392652708133,6557.795211635652,0.011013122432844214,0.05076813463748777,0.06747861231252918,2.198199323456961,0.6761177605209817,0.9267455514974288,0.8693041194652311,75.28217715544501,0.0000852327881832311,0.001002798028288985,0.042257938827746186,0.0000011025577352476059
52.54770439528971,-1.9598407659846,6305.730897719381,0.008645124341570332,0.051555098196543934,0.061581439579918074,0.8661146651316308,0.6205099224124151,0.6477875540906004,0.8199737592633543,1439.8110124143514,0.003245055038388582,0.03941613772458805,0.044607972331893675,0.0004335879918132438
56.19500483257573,-4.849892814057981,5198.493392397405,0.0008246546647388899,0.0404849626192621,0.07907898081227491,1.8892375817537754,1.7673630277483903,0.40905001358380294,1.8566447302288434,1636.3492875443224,0.002498381548307344,0.08756774912929448,0.04163192168970791,0.000005628747493496448
57.688364476105306,-1.363750298152441,7649.101402275437,0.013839697182213796,0.047588628153249386,0.04521479546947214,1.8050022615331534,1.0933888111603935,1.0040893563998496,0.9155991733099428,1539.079119193567,0.006608523938027664,0.001405625849659969,0.044267457418641326,0.010506505771908965
41.846570280355685,0.9412834712847644,7150.67299692245,0.009237547291093289,0.05086651989095745,0.030619187205679355,2.179577793242724,0.72579092621055,0.45274279705704695,2.397900693590276,61.57867610145573,0.011422783032473285,0.001416690042500767,0.04380032405633191,0.000010898410930147126
51.80469023034341,4.939899932384925,7444.277386822943,0.0002459094200053176,0.033293055547279696,0.0798395355334862,1.3779039377235662,0.6820840917106485,1.3690272894195266,0.9405271369611259,730.4824966301603,0.006811953689300582,0.09310276835203517,0.042241851151053895,0.00010276618434267167
47.11411116362977,4.435477741372784,6488.8858548637745,0.000262743911055888,0.05082709483601627,0.07921656927603223,2.170345288183369,1.1303297681484845,0.49466549271902993,1.890557431226484,1935.9234753631379,0.012088724981727807,0.0019805488654746836,0.03525020338582641,0.00006206289776569209
53.607228051283194,-1.373115056608535,5224.196417470069,0.0017351380025748553,0.05899787395930573,0.07853687495007929,2.1228795543099084,0.8135995671439328,1.1677807129362026,1.2751066087171818,63.24180819799247,0.004611677820411629,0.010615596223003456,0.04476587120172189,0.000025212638939929684
54.47657042309801,9.432498545670104,6333.022783062015,0.0004941547711320835,0.057460762352781206,0.07964121180009605,1.9876717226678537,0.8069017198379114,1.2636002128258201,0.8419098912708993,85.49244960942849,0.000788923815545912,0.0010162077591872487,0.04491234178104176,0.0000013243408398105796
49.242614026457844,-0.5182679665776639,5605.825490644182,0.005160935711784428,0.05629213426210659,0.048561737533362556,2.196003877639379,1.2179401499404365,0.40504481239358864,0.8949095001215364,243.7471328623584,0.019464834260870006,0.0014948622298458307,0.040894844118554895,0.000005883602107620033
45.27596974655222,12.789779014197023,8929.901105714202,0.00004356207887594365,0.054994721361002995,0.029853330471769392,2.133668474645619,0.6688310134629131,1.1467855652350814,0.8915608349079812,1729.177617859979,0.016655883364543392,0.0010105589582649057,0.04514272861725525,0.00002596927840823556
50.47066378264782,1.0833065637519788,5152.773647948825,0.008604466531860021,0.05850876142367426,0.07997031549179008,1.4153677111604837,0.860538092683428,1.105334153914234,1.702956593040652,1324.4815776834503,0.016342503490977153,0.001107442070376225,0.04119047048028207,0.00016132456538328196
59.53385406685138,3.3002676866732124,6019.643448664292,0.005510820808281489,0.0593575714292611,0.04162921009793849,2.129982734606779,0.6047698413660455,0.40045998767355856,2.3989455145133176,12.15106680780021,0.017416759869256546,0.08193952984193734,0.04647064037017113,1.1447158242572821e-8
61.945373534885405,10.18331829870332,7166.739443497323,0.0043316156873166615,0.059687809282120544,0.07868523408631528,1.9785091223632536,0.6571617661630874,0.49675321875513845,0.997167617603656,1974.5912150403478,0.01678646975064971,0.00454493359471428,0.04538826800076748,0.0000012651914434476806
56.3783613646893,-1.5593620799178325,5301.583156959513,0.012401335951690089,0.0492527520194881,0.07858019219878594,1.0854359263585716,0.6462998398994869,1.3938347860898894,0.8889496683851459,1951.1980328663772,0.0007830213935053968,0.01029664617904175,0.04586946564033181,0.0000042677412203638335
52.42517093349147,-4.981026613920846,7120.8206262583935,0.009461290237556897,0.03681199411335078,0.03255783969594246,0.8481095429684891,1.4191706435973837,1.3657105542836419,0.826231389703819,1497.6525347757288,0.0030921149021004147,0.0690415854548491,0.03986829033992767,0.00027371757283354577
51.74932845356383,6.923313842377915,5131.896701916088,0.012533467593240954,0.058968276658030526,0.023912883141843227,2.190955310527766,0.631735676811908,0.48163860699093186,1.6732587907885508,562.893258372634,0.0028674630224464833,0.09678192222666888,0.029815001519572292,0.0000033183627942376404
50.58223027744049,1.6013220995976454,6573.153403902377,0.00021512057012163107,0.0420958608598581,0.0768602220201271,1.9940168690592213,0.9274226387182413,0.40300566604828025,1.6799225670375981,53.05605016069219,0.004024720964348752,0.04567346452562454,0.04241641636236006,0.0003082766045663985
55.6623660038171,-4.669444563702173,5530.5197170569,0.0008384770480083171,0.0590865719330703,0.06934652164761522,1.6046020261574117,1.4374520438114253,0.43079232474185014,1.2176103480330964,240.63220570541026,0.01032427292588586,0.012861856905379358,0.04116406660649632,0.0004885132867635347
44.74981965871629,1.5414071020330162,5364.200883557438,0.01439357530579251,0.053995443587482275,0.06619813780568816,1.5102748511060797,0.6001149146250971,1.261891632097821,2.347913206468556,406.431709308047,0.019350914671647453,0.02023614915566766,0.044674036145614576,0.000005301211559952006
51.15840053074479,2.17409563258121,5463.556219723189,0.001772458885808306,0.04392750531870455,0.045409678461161916,2.1198992699531587,1.232122252755369,1.3214189393489757,0.9569466922200119,412.30851258517333,0.01488437097940115,0.0530845157018814,0.044888270454500556,0.0025219634614072287
45.702261635937234,0.5046308356784,5111.744989319406,0.014613032396246983,0.058301616592338214,0.07668135117684687,1.8626924152254105,0.7172521310213802,0.7477254375170538,0.8089426771658185,754.6071383285533,0.01897181462260989,0.009261341936792145,0.041070988008863406,0.00004430662079421863
48.26535946204125,-6.289752666551292,5192.007328116087,0.005365762675568009,0.059426339158914314,0.020131378247910888,2.1908200445554096,1.4873277690569848,1.1703846878540831,2.360252158821919,1957.512829228672,0.00023762645854825322,0.09343536623815495,0.039788529712531044,8.498192438985213e-8
58.92974482076788,-5.022376554092615,5759.458172529668,0.01105778849089594,0.054202263188919374,0.06885632355773227,2.1128575005485115,1.2185175045059253,1.0558129137246905,2.3202932744185176,1369.9235030153218,0.019359340187120013,0.0028969896825647204,0.04211569946337049,0.0005547335392338665
46.97854625537243,4.496654459710047,6938.9840108903345,0.0053687148431360455,0.04749513046531203,0.020035397535636764,1.2289839031462855,0.6989730246962362,0.41617100538600327,2.390870594730785,16.836034498215426,0.0029139721329377766,0.0631597220320208,0.026372336160918424,0.0000025179063774051518
51.43015125586675,-2.3481152171640023,5073.488194907878,0.013839046145193342,0.05505200391553253,0.02266247914838587,1.93936002492282,1.763091762551023,0.47551383706685346,0.8069033966224057,1467.901487123185,0.01827084681869318,0.02672015172905117,0.04485972835691332,0.00001756624514944978
55.61235464856547,13.3210073486125,5108.179739493958,0.01388693370068823,0.05758626652526236,0.06714469482068976,2.105633385967794,0.9560915079680046,1.3152119148773371,1.0874206819613084,1471.6012485652884,0.01307781994966339,0.011217229846115622,0.04555507760794473,0.0024239836004568264
47.43327010674222,2.1348305058154224,6216.743890138359,0.0006339279730281566,0.04613344203200346,0.07979652234008107,1.8058012646673904,0.7951358948465699,1.3762529258157814,2.179105923970491,1862.3059376042252,0.00008953988832870154,0.09463192967343022,0.04470933371248082,0.0000049202488802784115
48.543603742015634,2.218462748548058,5069.284400982973,0.012861997096063666,0.03434544298772943,0.052223127435881256,1.7029011051556286,1.4463103608862569,0.7799439591032364,1.6267940126963798,1862.4249674203502,0.0014040067890249313,0.01297479688537631,0.03745306569120128,0.030778448511110012
36.80945838338206,-2.010709232971889,7244.477477137763,0.0003193834621997554,0.0572048728715226,0.0626634992193123,2.1949593662091464,0.8443810913709724,0.5691059669000564,1.9566807811879223,46.48446381912274,0.013266633230723588,0.042903014546410226,0.0412113962097729,0.00003067019387257446
58.044414324067645,-6.340622396209492,5487.507797880151,0.005955889267445675,0.051685025852094446,0.0748163391807073,2.1344244930473923,1.7208829685657472,0.40256694184643993,2.2148040367868758,71.77465316973638,0.017658331617535796,0.0835273421923022,0.043863440812815915,0.000001795018506081968
47.69386813436552,2.472795803056954,5540.490025536781,0.002985353329036006,0.048662413638685544,0.05673573115248845,1.1711057724594491,1.0631031679520626,0.9587628420923829,0.9001616008668996,1853.9352733688208,0.01749167694758232,0.09887253672408836,0.044857348285497485,0.000273908772432464
51.16186312249563,10.66491598274521,6321.824032960208,0.0006273559922333563,0.05369971243155715,0.059911308967385876,1.1086318424489545,0.6982784065389552,0.5401664024526212,1.109150766424176,678.2303116351042,0.00002721754337676071,0.05912950641555235,0.04090437167359867,0.00040827705799691757
42.72853216653205,1.1790373711467481,5174.865360199397,0.005176416898105812,0.059130365049128546,0.05992821417729435,1.7394364236703872,1.25231150128397,0.6763010710659957,2.3988195454842236,895.1383840287406,0.0013064698294884202,0.01721588213083657,0.037773497597817944,0.00013100761450503376
47.94207193326635,0.01969279529541801,8013.239532218777,0.0071381464112418936,0.04439074702174072,0.02432830056010971,2.008802668668168,0.7245196221534177,1.3211526841546908,2.342910157611346,1121.6440695485385,0.000010814845719573818,0.001618670764071629,0.04050323730940004,0.0000682251168627089
45.736514102103854,-0.5654791441741907,6407.147863632559,0.0016018532229010024,0.05438605920274413,0.0786010265163991,2.1973091900260933,0.6147715396434705,1.3550986512158079,2.231707891384753,445.5439587899533,0.005942854123546354,0.0010515592851943532,0.04109016560860178,0.0000010470405242607825
51.10753934556293,-2.9319044409545745,5640.027258360983,0.0031837632902955125,0.058771317818275354,0.04129805254382174,1.4435056465142964,1.3106374240073095,0.6522967234194159,2.044244635936159,409.6899103242309,0.019081244871534182,0.0011683877480273594,0.04112991287616971,0.001511877472758891
57.45367876455452,-6.31341550535752,5399.28524205531,0.014759827411787368,0.05892277831776607,0.06542078702094342,0.8508369878236953,0.6378485662792956,1.2786555661413812,2.3980430086465803,944.0976177297657,0.010008424364913966,0.09191950503459219,0.04474364552767798,0.0000010698840562842104
55.583449125900415,-5.74306456655224,5151.747037619654,0.010460353077989575,0.05989393353476707,0.0477347099464062,2.1706231457972454,1.599751158511785,0.4193444045965973,1.9330518911385366,1985.942862722903,0.013303041798825951,0.01393916393795338,0.04321041610985408,0.000011877500320189285
51.49984407297442,-4.894711292146647,5347.628904761525,0.0043297961251751805,0.05228528609794222,0.04845997095747481,2.1989322584717748,1.7318202082044167,1.042333569065371,0.9447617818590812,261.5107307793096,0.0024842349334429584,0.005541583042325087,0.04239916076658857,0.00009691489422696026
47.63723548264813,-6.263631542415411,6448.2763493297325,0.007043070928392687,0.05252968223204016,0.06158304927227011,2.169065639616134,0.6072016772445576,0.8948385404958266,2.3125475645719438,140.1023651987224,0.0024573512764717474,0.09575475325851815,0.03792198109459695,0.000022242400981504245
58.276790430697275,-4.606516410799113,5612.280332842736,0.006823815963003967,0.059589247713074035,0.07672574681303336,2.199659097753686,0.6148914391940894,0.432272549160529,1.6449808101871315,14.653306757939305,0.0036473639330110445,0.0011726394401315914,0.046519585684749364,8.420019234838518e-9
52.788677215243695,-2.346785761089217,5778.996261084356,0.010398843599001029,0.05942408171781897,0.04430657084648309,2.19689088247946,0.602089530168254,0.46625909083039113,2.3825671841405747,729.8414338549602,0.005204136444738248,0.0016058494508456398,0.04445043969863156,2.1530731246164138e-7
49.34823656655051,-0.8471327946897773,5575.923557998996,0.014492905952852776,0.05864201643536869,0.045679478346542846,1.8461624734442896,0.6302794403418837,0.7837909928736769,0.8905161530527435,444.70219782848045,0.005717675918661857,0.05634098023082047,0.045480435505180036,0.0003807984692444922
51.59693797543427,-3.5056499463687594,5110.79698988458,0.0008902255093879033,0.05846037733149556,0.06782464736497401,2.0815724110011358,0.6430743367765036,0.9746241703975509,2.36424308299163,44.289721118569304,0.016776594380715656,0.017403770343490905,0.045739662380200274,0.000005787034685649678
45.24004222714366,4.611991555579788,5106.14960552517,0.011777848386793133,0.05334571530216255,0.03008109870692669,2.0486639113731897,1.1493466947480155,1.0160373701270597,2.393406809654598,260.003684625981,0.01890587198035894,0.009863115631884672,0.03595340676207128,0.00036506124302334723
43.06422680675274,-0.07736381549375082,5312.3699891382,0.003559997737930821,0.05612124141933148,0.05544248769679509,2.137055884899557,0.7053617039672598,0.9848982777200573,0.8189712509916249,1908.2740125103023,0.018410686584168025,0.038513021034079345,0.04637552827421063,0.00003373494767829329
59.39303145545616,-3.24769541919168,5431.214662573987,0.0019955612853258023,0.059699932008814384,0.06900613331426227,2.0693105155606046,0.9494738003582845,0.6160334974288433,2.1077744869931117,1821.5658710897762,0.00630260518032067,0.0017210827349851798,0.04463752733927434,0.00010998652293841435
40.54900015453489,2.513175568206824,5842.268803854238,0.002890936700314378,0.047705896591064605,0.035855358710365146,2.161245407440927,1.769418843198971,0.49922305615671936,2.3760092576142062,1275.294501446317,0.00004368648659699342,0.007032488745716323,0.03791868751693641,0.000015051605589202624
52.19101380348941,-3.196521504028678,5469.46833325504,0.013988737092760556,0.03201947288158199,0.07980147847054793,1.9310478252744754,1.0600450210049805,1.3608418166910377,0.9825493197640864,1192.7832248101893,0.017224369142645617,0.03475724378602393,0.04464840807073932,0.0002917822539363736
60.88152660577395,7.420905435444325,5693.611839420556,0.004052852412725815,0.05969805386874763,0.053498087676132636,2.193657407661995,0.6014828667739364,0.5822533343123467,1.8881449860894854,72.11973041865515,0.017086135209832768,0.09912401808608667,0.04518796997325735,3.4399079599031293e-7
43.889390123021386,5.4395371559853665,5260.968546465205,0.005200441349701139,0.05874409130223198,0.021084938594027634,1.9710984404132859,0.6162957072756435,1.0127790310290679,1.8272642915336397,51.72118170063853,0.011379435462517736,0.09837312879296306,0.04105122002868625,0.000016870590302714735
48.740410704031845,-5.019183918240688,5581.386103992634,0.00011906938458927752,0.0542411183720866,0.07279612434302617,1.5252784639112429,0.9576618577024354,1.1761649193720394,0.8000172878088089,115.46402158706742,0.015285081109065513,0.08474416744705256,0.04077790566143533,0.000005653068646980063
46.53057792578817,-1.7942862925179899,5552.747469500032,0.013468075409831474,0.05416050283249385,0.03455703324552738,1.955919066664532,0.9461009080327409,0.425177760077448,1.6802022585670309,1996.5671489664762,0.018665974140509217,0.0015622806551104642,0.043052923362372986,0.00012562944749847132
46.51640427707613,-0.5521761437348953,5049.038933221778,0.00044788809685822025,0.05665599054977925,0.02032594860529863,2.0427421193270403,1.3530494626741885,1.3322781720303154,2.079406428308456,3.193045510198071,0.0101048286184762,0.00366143713128821,0.04158280104705232,0.000014241379065238249
51.31321707113455,4.7769824232954115,5871.748196533596,0.0022215910259494732,0.05299352232510535,0.07371734679386954,0.8650143123357317,0.8840372539178281,1.3898824968129484,2.2708080056250943,1416.645740325266,0.002484013129094543,0.0010870795857121438,0.046409982528533796,0.00006150536381863104
48.68553490939515,1.929361065604013,5638.604753360372,0.010675314565104916,0.04979005887084899,0.07304358573837856,1.462195905624521,0.6033565495429023,1.028074329118672,1.3984347671635724,1760.804515945563,0.014440386007726722,0.05314029390422047,0.038901286533407846,0.0034017152361593066
41.182417991153216,3.7299461523915607,6978.511231935242,0.0008739025678200211,0.056082185362721325,0.0799297387663443,1.8234049738251268,1.0671415868078067,1.2044818747452462,0.8012213505886503,1887.0284005107105,0.0011413763234957987,0.0014331976575063577,0.04241359877827288,6.603500827204238e-7
39.06118333407036,4.295784338509488,6243.673356341687,0.005668467722958945,0.052451442963007286,0.07702218505647222,2.186035981598224,1.3296388218090287,1.1593743745684872,0.8650834134007217,11.765634547337553,0.019958479987538476,0.002339282331595885,0.04133050589956546,0.000025961959672736346
48.45739168115408,-4.915050265341461,6377.977593121871,0.010433521809534227,0.05966919257599682,0.04007699748553795,2.1700839573889077,0.7446814510032288,0.5404701602129691,2.0442899787871616,343.9297575552499,0.0017692978854097277,0.008537407758461114,0.03944102246751005,0.00014012946889984496
51.97114987039255,-3.021757260588161,5859.515394691194,0.008888705297782809,0.05807703388584745,0.033329999616152205,1.206388341424042,1.0933819174182742,0.4347520093349644,0.8746399788307049,160.89652590720394,0.017930058942998255,0.022321019824338307,0.044033550154563825,0.0008867194710654582
55.9229545693456,-1.3321563979306212,5387.349692566711,0.0010999276279549713,0.048753031539774505,0.07291144011825666,1.4497569003066002,1.5836031224389384,1.3768885268060926,1.312305673237609,291.715207505259,0.000015233132409107012,0.08966372996799916,0.043728470849883155,0.000023903953519768417
58.03192545317863,-4.835454389823742,5830.651201594995,0.0034769466305154223,0.05270600099638512,0.07888608319580002,2.1998923216728077,0.7914510953335496,1.0474336375661801,2.3459873112479173,1516.6667658687375,0.0069524272312413826,0.002331151486476209,0.04435731549939993,0.000002295521160880773
46.77389961704529,5.653113932302507,6123.396450658605,0.011103247546508604,0.05190411106407145,0.04341911135754149,2.0791303710801214,0.8080961452526041,0.8157302448699301,1.1047264747387853,568.5758059075795,0.01981006419230818,0.002794490926898759,0.0379855556025655,0.01339176528887444
57.0187256975473,-4.087383226707975,5892.377234811555,0.014401397786361684,0.050262742286253756,0.06854078909585576,2.186424680448617,0.6894873572805325,1.3247891473493483,2.1439145761366074,1846.1414292704403,0.010723121657360177,0.017442354966688434,0.04529676673847907,0.000182136194719504
49.021985686733366,-4.46450760561357,6389.564637576232,0.005816307748193691,0.05242559563641791,0.07901435770768653,1.751187618008219,0.7136027117596981,1.2987798494863905,2.067548610568777,780.7777930976457,0.019678447600895425,0.014503569719270627,0.04033889386539238,0.0007750556031174034
44.502990939062606,3.6153937358231154,5598.315654463574,0.008913804964749368,0.05661381664465673,0.06713360091548821,1.6397522123892052,0.6051037603405893,0.9478303997197913,0.9985096637990152,1882.1408568157292,0.00806381758304131,0.017755049389160546,0.04103204513905746,0.002096617030961554
39.93886635812221,5.4976133484343634,7286.952202884408,0.01228110312885521,0.05627813338271297,0.0760350290456043,1.5289435848853898,0.8397555813386385,0.6139790986595285,2.3696155867418094,1828.7848431947705,0.019303001019698222,0.012004346176342417,0.03630298200135589,0.0011604706318176438
38.86327064533067,-6.639753832913884,6049.504397750743,0.011196322109180128,0.054182836231658135,0.07969056434318572,1.9790319974589545,1.1942293352482964,0.4284994687516006,1.9257485504829266,839.549966715571,0.0022395660756702723,0.09300970626297074,0.04566605261188612,0.00014965283541066153
42.03309089873257,-0.42738403241405365,6280.591563304466,0.0067010981042572694,0.05997450400252387,0.07971522655638265,2.1964383865636647,0.6035339316217149,0.4585119515105031,2.317789595160238,658.0814213506145,0.001454392700928064,0.060038459748034755,0.033545634805071486,7.372878027161217e-8
51.66431109087759,-5.449179216950609,5988.803885078541,0.012259012023371514,0.055642770070360316,0.025356510115159797,0.9432105163121063,1.6611563848148077,0.6196378146169426,0.8043500586745772,1941.6538035377869,0.016961195698188613,0.09353148458104768,0.04302156923654521,0.000007657651445148308
53.26470596270509,-5.467990225518168,6098.928010681293,0.003961552609780231,0.03693319430642696,0.07956264516151708,2.1792188149487326,1.1314530073505293,0.6302331962521512,2.0505071334776237,978.856547066815,0.0003705381467790884,0.002829029196949043,0.045603365198515045,0.00023978471201049445
43.80630687801321,6.669936312451476,5373.743197567903,0.007532096453769819,0.037668475485557906,0.041546287691352365,1.6049171789324341,1.294118888539694,1.053063968601158,0.8471278634607599,1027.1231723582048,0.0011912736642278783,0.09492145594188794,0.04641532143137294,0.0023182712577197433
54.47715848222616,8.813325390199985,5750.89216814177,0.004017741059050462,0.05963329060834988,0.026666108736455408,1.0704896744919776,0.7693850232806634,0.518198773985026,1.461902198877226,842.6439410795232,0.012813693173315106,0.0013570960795038303,0.04563316018153484,0.0018627208912968837
49.59553289461275,2.84920927986194,6497.727876344821,0.00154700320869611,0.03511245206044058,0.04787528846901144,2.1950746787679876,1.3749837088739838,1.3912532649237324,2.2651487319661756,1998.661329232749,0.01641906210533861,0.002390980783036285,0.03745829936844238,0.00002546071019291886
54.599604348546606,-3.7865971209951006,7450.174424006223,0.00988015018231488,0.05603873899393009,0.06030992500797723,0.9150003615848639,0.9765641366158632,0.40380995882856086,0.8188606223833856,1745.346505247135,0.012027985738155585,0.0010205062729496282,0.04395880175472199,0.00002023565411715741
52.23428318571653,-1.5709813480910828,5274.803869276482,0.008216863625051054,0.04735664792308236,0.07223333247997774,2.1204369988771283,1.580276732135394,1.342779413280323,2.3887281118132213,619.9579842535345,0.019550697947818593,0.006226925892732738,0.04113243601662865,0.00011055483426122328
51.435938978527226,-2.6397458060644228,5273.998875740251,0.005779442437727947,0.054804233331141115,0.07293190185565124,2.0093926235004114,0.8248545894219872,1.129091682731348,1.0263273466117193,1720.8015915234098,0.0008985317261463573,0.018200489149340245,0.04544907619611377,0.000932945350714996
52.908325950797334,4.369554045760079,5963.259374587043,0.004053262003771876,0.03263063378747365,0.07985988157688158,2.1747940479616705,0.6387774729118518,1.0738842931366825,1.8433310554801279,704.39446493768,0.016747016581010295,0.08265040049514223,0.03697219754918581,0.00017681076940052334
44.362539981548636,-1.6689207180147356,6249.979512397294,0.007950790575222919,0.056127504625726854,0.0271251030765012,1.413078008285428,1.2814001359449776,0.4106830754266354,1.2355986418086264,1873.611478534063,0.01672559593197637,0.0019779409898577687,0.042491983597710004,0.0017466322738451164
48.00858999993428,-0.7088542805731866,5294.008767255982,0.006964819301419447,0.035217104805145644,0.03221084139654974,1.2513570429003131,1.7909594267782052,1.3832082391039706,1.746561288244198,1920.9338845718241,0.01890689501732399,0.09923351871788395,0.04213826637050134,0.0000227488082810246
47.262124741951155,5.175662927151022,5100.526604798182,0.005516115112731654,0.037307691510168495,0.06289976684677821,1.9210150763761642,1.0356900063568606,1.3870603295580555,2.399836841801907,1909.1599874413885,0.0011069376661773283,0.01576156729546261,0.04144020999406333,0.00003608991137010024
55.54061106423116,-4.233561595647819,5457.637184877223,0.009184815808357864,0.05318786477606688,0.05520060833553066,2.1487367789460805,1.2262655927507047,1.1531371659326237,1.4252899632802314,231.8701631240989,0.015932839682440036,0.0014194240333744678,0.04280697288021357,0.0026863161952345328
58.76951126477877,-2.9695162409273674,5430.27369085186,0.006175191314792262,0.05774379714167147,0.036884529311710545,2.0399418131465388,1.2651684619559997,0.43365053866877556,2.3991200518163263,161.03891507923302,0.008514014914509272,0.0076368326369220816,0.04433877460258115,0.00001665411528630204
45.51582307666301,3.3703380243137673,6456.509929417322,0.0004686302470333228,0.0549142276896321,0.042654905956028416,2.1357375222994657,0.6108295032212162,0.6834498741485746,0.8014947135309164,1906.6613918967444,0.013646968397594309,0.0017012732435683945,0.046250904721677984,0.000005783014165040159
48.11634989134963,-2.8561060728749847,6295.311769496427,0.008116581836250743,0.05147678733044006,0.07631823535022705,2.1762854754354217,0.6081572356359005,0.7360514675198132,2.2726748607142646,206.38421710371415,0.00041435202309878156,0.08649480395782513,0.04028257537702709,0.000010493794130781106
49.17413229756149,0.6489752534677251,5555.8913133819715,0.0015983454287131682,0.0592107491125357,0.026448950245534755,2.1598639336574648,0.6339691918504735,1.235511758399488,2.3628658406430283,41.74527662209273,0.016052191947742257,0.007702939965337567,0.04312008965406118,0.0000037904601757008694
44.39383888001032,0.5235348492561744,5010.0414437185,0.0143534081147842,0.038634175560377675,0.07842075593921133,1.937798399715524,1.6875653393347836,1.2604669329883473,0.8003183881429552,1637.5214835743998,0.01691364939391924,0.007927907222366993,0.04247521013056831,0.00001222840036175429
49.67900297470253,6.029204124073445,6283.24485562825,0.00017668618120285573,0.05797713054214671,0.04326584810615097,2.0995519741817876,0.6826230572661899,0.7588059729273612,0.9432042827336939,873.3257513033951,0.01954826433720052,0.008171785467265684,0.039460475716398644,0.0006401690564834516
47.00873737208986,-0.5997101863811611,5140.208261545555,0.0008326706882461407,0.05961224704842926,0.02015263994957333,1.9604824502923728,0.9527869363375551,0.4069871518223005,2.045150230658434,1973.7237354474032,0.01033033884897602,0.0047672831273799605,0.04308031879912693,0.000010723160906850504
58.87050684181058,-4.805550436471255,5445.1706762008735,0.00029257731702180386,0.05777797154487253,0.07845978982515286,1.1705374984435992,1.7130817442417645,0.42316558900660267,1.180666439955911,375.6209883489587,0.019953043762308813,0.004070549043322485,0.04543719243893247,0.00001106340281201351
49.39553031001515,-0.10299192942756186,5915.677090671597,0.011540072044594271,0.05828473228997236,0.0733285669809484,1.4196452434500544,0.6127716713854988,0.9417290160846479,2.1020960525577026,920.9752420537501,0.01850538022607742,0.005163922441309172,0.032978205512225856,0.0008684721595064051
61.79262639665515,15.05259596436311,7207.725679870386,0.004042897884593876,0.05841195490253065,0.041753991597331036,2.193037095369138,0.6226082468483787,0.7748755832850762,1.8068413007275457,1504.519530829558,0.006129143640198382,0.0076688457316184296,0.04454288462778528,0.00041011250446445254
47.25634168979097,7.070728401048822,7966.964482603518,0.0031144353024665098,0.04962175801713391,0.03806789563593662,2.199136813297647,0.6490300194142256,0.5688912221356488,1.0098418926743071,910.2619002902719,0.01996926860437456,0.00154931028550413,0.04196299456995526,0.00007317753736426067
44.68943406720945,2.247524664996071,5836.703668787822,0.0029628771029906182,0.05955833379250549,0.06269852872352082,1.325727064306623,0.7954331593863784,0.5209651314825453,2.3303544380652883,1583.3607128289423,0.0019242170940627864,0.05248329970183109,0.025239251999582785,0.0005146969670826181
46.04656241558233,5.657776093106531,7632.642221402711,0.0055800477821573696,0.052397764137124936,0.03989755454030617,2.1640361885333466,0.6612615867194028,0.41876443644412653,1.6794425502162769,1066.5761445834535,0.000007007344346232422,0.0015564358953079095,0.03442949998497596,0.00017155676160953865
43.056757871589234,2.6910277194333982,6849.247724002311,0.0009881434003710218,0.05099289061694347,0.040040923147365806,1.4369018561627995,1.1835153369791929,0.43269343839378616,1.0587929750566984,1560.9875962609417,0.01884456975501168,0.002556571001804628,0.03930913357040737,0.005378834381999165
39.39642713278395,3.5214184915922484,5251.478182879826,0.012273629160154993,0.059541595368738154,0.07251534164715705,2.199923327140789,1.1628884013090337,1.2565209403105329,2.379360307063492,1693.9441749100642,0.0031740811215752265,0.0014507329493863932,0.043365492292550586,0.0000010648962098261249
46.80395195508926,-2.292427511401324,5189.817421345861,0.002294744067315092,0.05746044335212448,0.07274958469134804,2.0086915835151267,1.7424615827179482,1.0629511569299672,2.358314320811804,1695.4928846039368,0.00008620144366955412,0.012624963011019202,0.040509013934152245,0.000012911329506260937
48.6805169001449,-4.610560821591003,6858.970086058893,0.005347164471906369,0.027581631666006905,0.07728466191743012,2.1938964444076623,1.7974798035803188,1.0969564764843547,2.360894518234743,1955.7731416748738,0.019659734369272996,0.07105730935375898,0.03622114139007105,0.0000021397633552818705
48.99473078130906,4.916440606558224,5453.096710590315,0.013833811859503565,0.03423338933995166,0.07856347210472353,1.2767618493560378,1.7190948168435964,0.5248749764589308,1.5668681457640976,60.02918040438299,0.011139974018746278,0.0015047994017927508,0.04347037214697034,0.0020027857647267376
54.031392268379605,-3.8085632623798276,5269.438646404377,0.0018934569760843453,0.05689306286972822,0.06170043046562543,1.9140715783438023,0.8383434473868466,1.3665358154771954,1.6709476880688343,56.8334268901209,0.000598789768792153,0.0010365581746631493,0.04574392119102299,0.000016299189368662286
52.50798367912261,-4.8229295368805305,6335.644940817999,0.011423830423310155,0.024431332485822257,0.07778728671594372,2.1870185717379167,1.7379480809046859,0.42068008202501744,1.1108753344262607,1791.1470329914239,0.006057085406990935,0.011615949743747338,0.04198034945910852,0.00013931332941004488
45.31329241991123,3.8769981361318955,5518.282159794703,0.010783712759811529,0.05932400150752493,0.07833819911753621,1.4833926898476326,0.9357175920624088,0.6050847067871703,2.1847843056667227,500.49376547981814,0.0038501191028304676,0.0010237529058700527,0.02672062787583098,0.00012186087906549401
58.36677723201436,-3.3153854983860356,5006.176653762829,0.01342043190625528,0.05784111490946755,0.07567680469024773,2.184382433706257,1.458906394222721,0.4004282106766271,2.308403658243745,1867.5651672437443,0.00984750760127308,0.001182954549371219,0.03869691473238973,4.796728395004974e-7
59.47116881281254,8.046246884829035,6711.610857677818,0.013570874783511941,0.04691544566639305,0.07728809237162453,1.6985532802991934,0.8367391643486366,0.5091608125587449,0.8343380312057423,1719.698074897561,0.01471395914750677,0.073189370606086,0.04540061948257603,0.000843456287571645
57.24189757569273,-6.245291498820038,5041.65413811859,0.014981569608973401,0.0531953390728737,0.058090722713157975,2.1947826264230343,1.7941053064609038,1.34743998589502,1.2879545782457111,147.84333241720168,0.014670086565317738,0.003030903222807767,0.0400826293193159,0.000006330984529564368
48.37545722829187,-2.7063349747788203,5317.28427463175,0.01290712981869003,0.05917620722850657,0.07111328489031267,1.6289024699461776,1.4021307027317569,1.3080729889751637,2.32710416314292,4.061195885123537,0.004137816872670532,0.0011535480168325565,0.0337981839443075,0.000012994422170965398
36.82639070569861,-5.932662317257169,7791.5049189656,0.003960127498529504,0.05631611717764093,0.07647773413806104,2.0886816698060517,1.3740870712988127,0.4355608082605075,1.6830698117634002,1960.7421281476227,0.0036734402241184513,0.0012424114438338869,0.037394522366496236,0.000040126764554717694
50.17870096972827,3.801003380506904,5249.619603227776,0.013731441516936088,0.028114950531253832,0.07937906852287359,2.1806794811429806,1.7277100804967365,0.43471312480442176,1.1762281778927797,1813.8537669613722,0.016228648001884827,0.09415633571670914,0.043199749329065076,0.00001244215358332553
43.91833732573731,3.10041155061848,5132.314730774776,0.0023027533328666616,0.04545642679315322,0.07994397695303919,2.1965006945338987,1.6068816923418772,1.3298257168726184,2.352135944306828,1404.1279532144024,0.0005760436208954991,0.009330725053878051,0.0362105037156363,9.241449815613068e-7
48.84243313127817,-2.3947253205265486,5369.266779181935,0.012347912817357592,0.05122163279924478,0.04489897739451247,1.8567386922642286,1.2880698525110548,0.42535282837914307,0.9630998712325923,1756.252085487954,0.014118793314361151,0.012412934499109192,0.037443855836808364,0.003533111852599848
51.875662167461535,3.617055997143206,6064.5596122041015,0.00010991536682993165,0.04952229956383519,0.0426131736216009,2.1927533266833823,0.7955880097481451,0.4488408395065192,2.0293525217709374,335.2272555467395,0.008888249873827447,0.09331171154148653,0.040060777881541346,0.00009500316633372979
48.57349121577318,4.622058139207514,6837.5043603732865,0.012938794819392245,0.029228622285838116,0.06992892044285103,2.0060362638115095,0.8812980350486895,1.2755453753182486,0.8967533507062138,1828.94875519288,0.019170496343915638,0.0038255666097100176,0.039859171776750184,0.0036269575709275198
42.99078514451417,7.5983492361475236,7000.072081959908,0.00541631090425798,0.036084707648108096,0.0697347311971075,1.3342391891970937,0.6955871450431996,0.41724934590349694,2.363374339482309,1930.2475719085187,0.017373414339894047,0.036818161752222266,0.03806677526612648,0.001271415209475571
45.50177345872908,-1.6741953325661836,8372.275992593082,0.00018793558794077579,0.01809010555522738,0.06524044919123446,2.1674852288374797,1.6584838916839626,1.379663238217742,0.8310152427384601,1867.8265894910155,0.01955540318617155,0.06333125980644047,0.04325041536672941,0.000004382630773077022
37.66256418424851,-6.590727373691005,8896.429409255983,0.0025414875966335015,0.05933675867138116,0.07650285228914412,2.1648340980227667,0.8040354735126355,0.5595837931748019,0.8603997255357061,1778.9103162569238,0.0016001384067024658,0.0027166723447419982,0.044116324959262196,0.000004824354992391009
43.82444082181192,2.256393301383703,5251.398203182346,0.013172486143465934,0.051996053189820216,0.0450998357032532,1.966801932309979,1.5138387767140107,0.4092091772924875,2.0977785616258386,962.1850156178987,0.013865990675375462,0.030746338651693347,0.043507787038727555,0.0027756104044667326
44.81800311555513,3.0699356901036357,6974.982922790141,0.0037709483299017735,0.030254993981018923,0.044471515258541774,1.9882105595909454,1.749931916482386,0.44576335417631824,2.0239864202071565,166.61730310224573,0.006922224443274087,0.00257299412989491,0.04329341083224176,0.02439962600633142
59.31031034195044,-2.4393617734910302,5019.80464256705,0.0017268696696433078,0.05255890987824088,0.07234947158982583,2.189069198769938,1.3568733793549856,0.42945616148578225,0.970215246540615,1982.845500429688,0.0008601563617756593,0.06389599618918672,0.043613512145057175,0.0000030342052254024833
45.03392921834485,-1.0426618547308752,6312.930364306465,0.009217387158104997,0.036750851024129054,0.05734076535198787,1.218644675569259,0.8988887247919098,0.5470105437706225,2.323134821561035,72.74518664996424,0.019851195440152368,0.06722208651278322,0.03290645458093474,0.001996403620476869
57.3446766625789,-3.69630806852033,5039.827107394754,0.013234069498372518,0.05604313245089768,0.03829068555608338,0.8112682774130936,1.7185910289735045,0.5149939731759106,2.372893534864238,1997.321302953504,0.0031482610081237468,0.046046356814782516,0.04506183353855701,0.0000011255326937309998
58.5739383467502,-2.9059321975004506,6224.489532154705,0.003656592359974219,0.05758399776331944,0.03312596994815447,1.6445524447824447,1.4014493376144026,1.303061964651778,2.0899660793796535,1469.468040765102,0.0030734641003001923,0.0011961187673383011,0.043977067836503764,0.0022175024676510994
58.927189057140666,-3.113268616163685,5422.168401903825,0.014886765994074406,0.05188041872506167,0.02490096615692637,1.9276686182110407,1.6963762781274343,0.40547265877286165,0.8116097342419345,1353.360477870867,0.0014270524471954006,0.0010823077758206766,0.04598140611482533,0.000002175023148852901
51.7335682965405,9.536957420175945,6696.746558897923,0.009389995590112665,0.045629479884150746,0.07483632066742515,1.2237960750764636,0.6175379188879699,1.253490016895314,1.1646951018201233,1757.7261458366966,0.013120652810020552,0.003931663097773048,0.04460478852516872,0.014195562842030414
46.10680849106982,3.6719102839679945,7398.333118319637,0.007561995165046147,0.059871828954978605,0.02770634696128801,2.1911499795466534,0.6027289332086081,0.4591957080045793,1.268177794335881,144.26658588460688,0.01391259923195494,0.0020207091423295885,0.042834362864803806,0.000012173630231896205
52.268504830351745,3.4797668508974358,5819.976478576184,0.0005380274655018016,0.05772396659411592,0.020008332693255085,1.8786769097456222,0.9523586525844379,0.5428181273988617,2.392363544541847,1533.987764438458,0.018804599965949537,0.0987170996600456,0.044789723313944714,0.0000016808014681965753
42.021543377296084,2.072188418801833,6149.769510421673,0.014544189133811657,0.058901580611178755,0.02222650508888993,2.176442757844999,0.9512776604370246,0.8033239079254939,2.318004193341353,1527.4523801422135,0.004661564742437704,0.002406092349774796,0.038832540717629135,0.0001800586458472004
51.24505085241192,-4.304782481624393,5851.51865605488,0.00044511432824431355,0.058243097173345,0.058387149887081755,0.8004168839358995,1.614622573705303,1.337052243982654,0.939900241126777,1161.213076501939,0.012912993546568195,0.01432792726868388,0.03698967733724479,0.00005164321533739093
44.38939685113561,7.942053106755591,7288.288117447725,0.0022698675671679385,0.05581565510203914,0.07986796711045129,2.161743820543207,0.7187520008851441,0.4572443216445906,0.920145377343297,1658.7228541770833,0.019905827583691405,0.007453935740752876,0.036964230968134705,0.000008572653993712982
49.2143163226287,7.212624773753841,6755.996486520021,0.011927425047405682,0.04522047814483838,0.035429434219838074,0.8053987678392295,0.7001634107372383,1.2353349168659058,2.266350592202204,96.5211522313318,0.0008611867027577387,0.004982571306593638,0.045215502121199964,0.00019440220629508365
55.89461944302526,-1.7503051045394393,8266.441346537307,0.008566226472304981,0.024201867198804402,0.07647439402426327,1.2529052201833901,1.7721932842817751,0.4039849905573795,2.380923573456987,1997.689068835184,0.003856962056596316,0.020841114529461267,0.029182784897651925,0.0000329712692219135
56.26686307503779,9.687349024765563,5297.35692586313,0.014193512613405016,0.058714972467328395,0.036972429297754975,0.8007049558904206,0.7840886695600735,1.2867123053233795,0.8092862281371843,595.6531736521976,0.01296240972692551,0.06575183993834605,0.045982711977140905,0.000012067592130843528
42.584410932729554,4.882323049872511,5329.298364157424,0.0009418825672706937,0.059919269205887,0.06454229753017932,2.139284930673896,0.7675165263805173,0.42555102720032245,1.0510946516666961,12.168920019399804,0.00620781935867719,0.017676140622125244,0.042787537079478806,0.000003732747766753912
48.19504877391119,8.199432186055986,5298.420991987505,0.010879841930313262,0.05977831381958119,0.07871127140157382,2.1993255833716505,0.6270332755939922,0.47166100347178774,0.8087806037284385,681.0182398271611,0.008819346963001663,0.004061606735039452,0.04038640304264757,1.9985596038479894e-7
44.25079025488597,0.8266146863040174,5354.437389840816,0.011312543482166466,0.05943844662553864,0.06768969211824648,2.1872889002168456,0.6069524999521145,0.9708692078732994,2.394904703039794,425.2888436182631,0.002829042640318667,0.08317467526068675,0.046320855609550474,3.8935121837621736e-7
45.73042189268435,-1.7913982378642928,5180.45238931489,0.003508962389264425,0.02836137957740515,0.0798265847783388,2.130873837139908,1.7604547041990175,1.2196292000141087,2.3669220088341314,668.4781277905761,0.0008638084637038456,0.09454173339468204,0.03752789172194073,0.0000017505730245750426
56.2356723809626,-5.228361106266338,5035.1159531522,0.0017171064972761904,0.05810926866314524,0.07354798500791063,0.9459978087055562,1.78535589082446,1.3398371248041037,0.9330881257922463,1611.5674776175438,0.01110919956696009,0.08620693754643044,0.03570676184432741,0.000014388050977800743
51.489681885954056,-0.6011490933081749,5204.8840845377,0.011284736690479791,0.058987287054890994,0.020672693167396915,1.2545485005150363,1.033046799940535,1.2392823626755178,2.373057963961257,38.56691397088534,0.0008733662715595528,0.054868603493739745,0.04062211342956662,0.000002820591649969148
57.28048660059156,-2.447819195918144,5617.494774878743,0.009804734713514722,0.038558237008575566,0.07604392705458447,1.8129385124217228,1.7815997562704933,1.3999649336670028,2.387876872646216,240.41819102693444,0.000023316692695943172,0.024165064007825036,0.040345264193468885,0.0000012399805503653007
52.66010203155258,-0.4080742494717793,5820.331062498144,0.01305166290356742,0.04668153168608451,0.07077380191780687,0.8039525916796059,1.7454791280134727,1.2592897341059568,2.3995527424151835,1891.5102866197853,0.004582793542460906,0.0010707345614656366,0.03687595136765156,0.0000013777149394082295
50.82156195494414,8.22545670843433,5047.9107855323855,0.014930266373501123,0.033978368010563344,0.07061342129382703,2.193746556710955,0.7658238944854568,0.4008360006927838,2.2789725852686695,1708.9027854671012,0.018054067917316972,0.08679575158043915,0.029121038296987596,0.0000014169021459790333
53.69089581381618,-1.54896311124749,5044.86625186239,0.002559706263782726,0.05543759738036576,0.05207866670203734,0.8138795028749999,1.290267224467469,0.5549256251525081,2.3750274987528095,870.0944695605249,0.001005730128838339,0.056156802629230465,0.03920786552410554,0.00003846934205051939
39.14898240610342,-2.494568429045353,6299.8510773392945,0.002447330335718702,0.05067783448039414,0.061311560298115575,1.7273166561192337,1.4912221779891728,0.7633397647429225,0.8424328895628402,1843.407530032971,0.014455260993938398,0.023146699500223054,0.04347603236441375,0.0016801053321798996
45.39421998285371,-1.9647185509039087,5010.272694275977,0.013950383145503295,0.05912717488293789,0.07991788642543404,1.6124983594668965,1.3734157208917381,0.44485579223587024,2.318610302618421,49.63708083671395,0.0009026263665403471,0.0010545997985392287,0.030920185892183337,3.6354632193921553e-7
57.300736742647494,8.708520009891284,5291.61237415046,0.0014862819404052052,0.05554613049733028,0.02857474290783051,0.8093874418010746,0.7537271063940353,0.49133424267868153,2.3088674414781645,234.3486616490241,0.006902806620933645,0.0033989422379646045,0.04635634326739566,0.000020112134226857216
58.58772238448984,14.26821497043025,6153.265879343955,0.014351064061114293,0.059886256647942254,0.07586646152236581,2.1992049254040094,0.7245634908268361,0.4030352887355022,0.8059707678558545,999.1062930195728,0.019884868736832314,0.001120111577290577,0.04389609629704223,2.5147306753663664e-9
52.84243544340167,0.631846966542037,6638.8688404648865,0.0013400551033865486,0.05945453175886114,0.07932636991175622,0.8232414837691561,0.6139414848358375,1.3429866625871973,2.213200768124567,1902.4247910037577,0.01207976472159337,0.00396894811487352,0.03350524925830838,0.0000022706559989978844
53.21949451658307,0.6451790546393656,5842.797161488341,0.0019985668428169233,0.03793779423222476,0.056902868347444846,2.1209391520023924,1.0764130068191315,0.8704897003083243,1.510018162663803,1979.270488572282,0.009715096867240225,0.010974168919660538,0.044208381019066635,0.004549046945866972
40.736674278561594,1.8641162634271105,5578.450442656358,0.003742100892715861,0.05766876632017416,0.0779905699336601,1.643680075800352,0.7378535827844688,1.0087471092810638,2.002878901977863,121.44458607931254,0.0001931002648768267,0.0074427878119638635,0.04447780906656497,0.00018541669207289253
46.390703987134,1.997562030749231,5775.762776720928,0.005097215480823535,0.023062373335245034,0.05959171827528288,2.1817015139200207,1.7072361110917256,0.9961396666283997,2.3321524514721688,1540.623942788258,0.01956805000762572,0.0312646027652033,0.0413173768393806,0.0007049842751784095
49.66609379533859,6.048606242051843,5135.579872100967,0.013700072549403275,0.057707696481552134,0.025503006084091298,2.1882041311975096,0.7596368279889201,0.6206772046816024,2.2329643406572623,18.036416449516903,0.0019166746398281457,0.042566993647638336,0.031322549005059194,0.000003968116605461871
49.36616890632389,-4.416522961652768,6261.323997550828,0.005346994288748232,0.059520980035156136,0.06423149272528811,2.19441167675182,1.5350240698686117,1.1774881946560545,2.399800348460035,897.3943383001522,0.003150868320758299,0.0011325616559361635,0.04376472423746439,0.0000019354297342107462
59.034774988711305,-6.158395859814151,5592.494249312182,0.010886069269941664,0.0464315672584247,0.04533262631724502,2.191510561650855,1.0029893731196888,1.3669872961641838,0.873375384463136,1688.7315082441983,0.011280159124251107,0.0025007580490005155,0.04642241803555416,0.00007875013081902729
52.60966953655192,1.9210863624284222,5267.865260252661,0.0033824958012828215,0.05548317460353603,0.07755402381425891,0.8069487810513356,1.137798955846935,1.3890351347925147,1.6167282109671912,1328.7985645526476,0.009407611924327456,0.09747102397262923,0.0348349103144905,0.000015519983911362905
56.46634148235519,-3.1519768350491164,5047.867300335828,0.00547421691475475,0.034929993555859414,0.07790666862116048,2.033768111399847,1.523701579383907,0.778823300603007,0.8018565626200708,1089.226286063762,0.019954267130701128,0.08438116844712484,0.044805093183028354,0.000006574859468075959
58.75123213193611,-6.508249882257812,5177.376635132261,0.012011493393051667,0.05665922059014005,0.07456537915827689,2.1698601230675805,1.5929004313718977,0.8864612792694666,1.1391539411466927,159.3705784305681,0.003617092738629908,0.01952695230664737,0.04207757508775442,0.00019398037152847054
51.44048329779416,-1.4149217697360594,5549.281489323414,0.014984973654472822,0.0594559267019241,0.02504013718408068,1.7254030986547768,0.7572618921359763,1.0677345322197085,1.694006640412503,274.594342123358,0.00868291748277943,0.001976180949327864,0.046020334450480795,0.0006513244603524604
51.02593428092805,-4.310921189782492,5545.01860774249,0.0002114820041247714,0.027248879493291567,0.059807954875109315,1.960065255193486,1.7596490129011313,1.2582857098202274,1.9790182151697369,1559.8480565447278,0.008677141449461507,0.09442257237718603,0.04522010095131603,0.0003591185376092941
48.31595692748813,-5.101768538717864,5978.20150139107,0.008611474806912342,0.05893500897680906,0.025327942754350585,2.192732711010691,1.7827119331311931,0.49215498541082825,0.8476435705037403,576.2134890034343,0.018788940602576,0.0011200242445004816,0.0385562896219867,0.000003891351771289521
44.88562777112762,13.065120692556803,6521.075458485043,0.0008519138804063038,0.05693425472431089,0.060314680664062634,1.823805657162498,1.138976564914382,0.47955627207472307,1.1661073765827519,1366.1299445995392,0.0009018321022851742,0.0014209997071178877,0.046186336073034365,0.0028407213163087505
58.80639843089592,-3.3615623388956015,7873.921079158514,0.010457209897446286,0.03755721136989,0.07687399296390944,0.8370790411155202,0.9395385565730432,0.4602492403051131,2.375220230418493,1682.024831076458,0.011414946427464538,0.01555525426670552,0.04572231849714196,0.0009987255919392635
58.16339363826514,-4.6928231626643075,5347.3139976014,0.014717733647472829,0.05687498902416758,0.07889439426869567,1.5205481314959535,0.9565157106829028,0.8192479540005831,2.3575992724084402,24.774406540338635,0.00040927700101400604,0.0010235037635286037,0.044923972854122945,0.0000010476896505762019
56.77182377689914,-4.1946722438652975,6225.898978836851,0.01357625441495134,0.05890883856679849,0.0709666979489683,0.9860973429051261,0.7958937120858649,0.9587355161412713,2.2311113701668246,1316.5750349468885,0.00031540331496724224,0.005088260974411226,0.03813807618006948,0.0004271618131262751
48.69454258654363,8.665724193621411,5137.3932466841725,0.0002489276377585077,0.052420937705350515,0.02438246687434667,2.1021126709310893,1.5473947158518166,0.8485063381396901,2.315606847214423,386.3004087228267,0.0038308353497700505,0.0012305834351189998,0.04139513949467316,0.0002435182224395356
57.56501756450524,-4.9768037506768525,5722.350032129423,0.014863065220100249,0.0535806041237987,0.03408571042222843,2.1954804258921055,1.7614624030694124,1.3187722631869971,1.4182722945704755,725.3259383463808,0.017414235650470702,0.0010504587449647175,0.04191532099409436,0.000010308852787813068
48.98583073643442,3.6206748836317413,5162.321815362287,0.01319515396207721,0.033556469854107505,0.02126650129998726,1.9176001584164637,0.8646909692413254,0.8149000446750726,0.8469230952447724,1814.1880580657707,0.000411006243984778,0.09840096480019164,0.038983505306558475,0.000053080202542703136
53.89212311888423,-3.179330175479258,5911.121503669435,0.00019979217125658797,0.03878242905904248,0.04161570237756822,0.8103833274152252,1.7956625503566839,1.3775493615142436,1.6300001470834662,1933.2485261085076,0.0032147842495213142,0.09996078300438584,0.03786957878403609,1.7136758614256577e-7
48.26287537004771,5.296069582455516,6609.926966526587,0.009854100467720516,0.0452620060181261,0.028705195634930982,1.1938712946116743,0.6132164174507977,1.2151184357282416,1.6835906692758706,64.30196540670104,0.0025499707390564826,0.0054230112865046405,0.03773602814519906,0.004137158773322654
42.801808864384796,-8.373969243353065,8469.111398841029,0.005276129229271101,0.05252420294873654,0.05084302500857754,2.1967259641395356,1.790034200838011,0.43263017444738244,2.1347008793195226,1808.941436900403,0.01186723872189602,0.002236059183791354,0.03344817074781765,0.00008714264096588035
52.608760145871045,1.5567262210420534,6065.02361523653,0.0033205512160917887,0.052077399431494496,0.07311880446911376,1.2968209338691836,1.2716648598599702,0.5667133955449779,2.2633542984948756,1958.4060295088489,0.0005989086045170174,0.00130249439982392,0.03062802712960593,0.000315691649862548
53.43436700012667,5.447134958987212,6869.956179547702,0.0005360974282939079,0.04312495485907231,0.07930449087178429,2.096418759637121,0.8485180610746224,1.1569476786250612,2.2131991908417774,1228.8485771133428,0.01930499207726426,0.045026314499752126,0.042567760499142016,0.0005201935922180753
61.05828727655244,3.5955427263211615,8479.69585530645,0.008303645999372684,0.03165148490327761,0.07884904403512408,2.1387427350284938,1.6113732894551132,0.7122611513157431,1.9359746090661796,1988.6033332548056,0.0069575521625564385,0.0041537751857349346,0.04593892020467561,0.001155473379774665
48.62536825017596,3.79952947726067,6425.903367706911,0.000049763358241616735,0.05196828047262908,0.06768142032964415,2.1990641638879707,0.6120978526038924,1.0430318426167684,1.5433942745053006,1867.8212787708499,0.0003439349044119685,0.0031684030123251307,0.04214183688033881,0.000002928222073054626
51.34149260273087,-0.3663990140326234,5141.66371739193,0.0006407257238044648,0.04542128826452386,0.06805925256300678,1.5910273664140324,0.8614197114741005,0.40387342860059455,2.389137665617727,256.61094811619506,0.004919891645847044,0.03209185230281653,0.04391322173900548,0.00004651162613947954
44.50245796115427,6.068100674316437,5682.802653762136,0.0001241915676467573,0.05949594300264016,0.07650541086947693,2.1339097230596002,0.7269723432388067,1.1700336821367656,2.0516202535354404,36.754528114174704,0.0016947713373135437,0.001104822874535703,0.04198049121346722,0.0000030309025005498877
40.46449206965443,-2.4734861746033685,6817.9654951152315,0.013579477372289801,0.0573113293782413,0.04899214847163687,2.005353544252645,1.1655715998494853,0.48304154412820616,2.3829814737962107,113.66475707695201,0.008418148671053742,0.0013096479141422408,0.030764293875307203,0.00022108745705545703
52.153950273081875,-1.0860847342296278,5570.527700370006,0.009847794902203682,0.05843729525453052,0.06999638283116005,1.780740668988915,0.8073377144274033,1.30520018626118,2.3733034994862345,99.25507170749243,0.01784287148747657,0.006669648091671077,0.04056605183111041,0.00014964784783387893
48.740885541391684,4.722477604350015,5736.802509091124,0.0005789208333938094,0.05983811920794085,0.02110003477375464,2.01764564045829,0.6662092741302147,0.47036416962157057,0.8034418728194072,12.424338146437776,0.008463047463544954,0.021287346334662977,0.042845707588563584,0.0000010395019365051584
53.14539931359625,6.2565795223347855,6384.686495645492,0.0014930411409461034,0.0383604245705498,0.054830495363795875,2.198686703603993,1.6086292284930104,1.1926012717819616,0.8062781799633743,4.833191669656583,0.01922384484775573,0.0022626843164519346,0.039914757290322164,0.00000773855263351448
58.23080877583693,-1.8346214103290457,5109.756951443247,0.010196276804376552,0.03508793918596529,0.07404614497507384,2.1996473694818723,1.7981934262923551,1.137267909548123,2.390806706526188,241.4484320205344,0.004614844099090111,0.0032766246844207966,0.04637369473649331,0.0000012642764581616821
48.14162695848225,-2.4960109626628615,6074.667116361377,0.004702461595867129,0.04061139205409397,0.05470097666546442,1.1839014084919948,1.539825882761391,0.462932530261441,2.302407361625947,119.33169643502771,0.018192875332239507,0.09973836902856902,0.03881160006116786,0.0005937341448147403
47.82457286724298,-1.499907091538569,5279.419658952817,0.0010286941061056582,0.05634466444577469,0.06538300322302547,1.4128898957532485,1.1671059339018175,0.40430965088556897,2.399639361669232,1973.1661830115122,0.01362520648309239,0.06284988897939638,0.030901744284937506,0.0000018440780948005954
57.600448861332,10.26197351551636,5216.107115007753,0.013993704688290457,0.04373065514939975,0.020250075560730146,0.8593281568941566,0.9840608093922931,0.634259287310163,1.6534758167187815,314.4454398305442,0.0001475870230981955,0.07975947100164633,0.0463871655779415,0.000016388672682887955
51.54614773739514,-2.583178461537859,6434.628029162666,0.006359869069488342,0.04940386925076897,0.06531004454875859,2.0057686566843964,0.7829671163856562,0.7205731372326203,1.081552463853363,326.3599463538134,0.013281228955757497,0.0010741158764903797,0.045358535525256795,0.003719440371593091
57.330703584864736,-2.5780275289888115,5757.852690064231,0.014870293235787216,0.05956659011255231,0.0784599707761609,2.137208267750645,1.2395660489372387,0.41249028566614043,2.2966610867881627,414.14912441244087,0.010840193092698158,0.0011831951933403387,0.04277724136530308,0.0000021306902768894207
49.448217096600615,-1.0921167049525238,5304.488706334681,0.011654114157403028,0.0575968052363953,0.055427527425646966,0.949567063025122,1.5219646328243561,0.5144614933280229,2.379113721428205,195.2574543246506,0.0008780410713046438,0.0010324572653811924,0.04019379043914817,0.00001489412321928678
39.78770509878605,4.9188048438145735,8286.278572225687,0.007166233359323244,0.05175491276836192,0.030145821827520985,1.320583983364469,1.3364723304738202,0.5342787045276474,1.8415116182263571,1772.0889804156686,0.010934516037563832,0.00985638443678275,0.041915439121745314,0.18756282382509062
56.99688033125058,-2.213468162345807,5259.5879794188995,0.002622316477999569,0.05973350463902872,0.07498532496486646,2.143404798375127,0.9917467962301595,0.4703384622745293,1.7095848834248204,383.3361974820702,0.0033136288346794726,0.0014262497505306345,0.04325987505050991,0.00000941409444930952
58.62710566636008,-5.328887643158397,5423.225707179021,0.011306073812117014,0.04631122225490208,0.04688221170002625,1.634719770901294,1.7024045670305759,0.4001092517281889,2.304677494756662,1965.5017628836094,0.013733488159916363,0.003611203466658241,0.044022045053802826,0.00001112266047967647
48.81732712452349,-4.815334363435782,7289.355572976288,0.006038512062756189,0.0441724319062755,0.03133788275190742,2.1407233319739682,0.7546387540644975,1.0323578427522606,1.0460542295765614,1505.1752359382206,0.009155510251593274,0.09507213081624032,0.04437348884438798,0.002918749078313264
43.74960844202248,-1.2974229163749644,5272.449810572226,0.010337345952462974,0.05121894231557288,0.07964854680650377,2.097935578753231,0.6008458117007635,0.5798904656996202,2.3948787745175366,206.13151418132833,0.011541475156261352,0.012984340546648437,0.04293050169120618,7.775148722771528e-7
59.030898382751715,-3.4203650143087527,7606.591192359378,0.007055846967027576,0.040437254792067584,0.0754876946326628,2.1110191764527277,0.7824831892580906,0.8178259608269681,2.398333914846381,1989.5867282436332,0.014552416563336524,0.0011813455590624629,0.04572820497932176,0.000027026112946314284
50.454722275360695,7.5163772263940345,5326.6989247259,0.012199729194693882,0.05262430432147715,0.0794061790300578,2.1937415995487,0.7214758570475148,1.2378487873773363,1.810382131396856,1196.0872184440939,0.0007236666936905391,0.015915494448034268,0.02609590781069933,0.00007938510194826995
55.07580761359422,-2.17464290343674,5191.332693465769,0.008149450116881243,0.05693866300139327,0.0793218080725856,2.1654944243433993,0.8828634967982187,0.4052264741078989,0.8153241903228232,1623.61416159679,0.0021350964000179727,0.0012337884511889024,0.043628479946872446,4.849604016561605e-7
53.996632559687455,-4.167514571083386,5266.68116696763,0.0022414505942927833,0.05976386357201191,0.07449920814134026,1.6880563043421088,0.7457354014959392,0.44778775880357713,2.351256422528987,9.210152913450546,0.0034917572194317964,0.005069511784733422,0.0437277678686953,0.0000011368275072300815
61.92735654045067,6.8576067952315185,5594.95392529896,0.014890787138727693,0.049954975242540826,0.07709323361174066,2.172880800659337,0.7899323779790909,1.292372063313871,2.357033483720567,1643.4900811102134,0.017707502410913827,0.0950041901940566,0.04638533262361236,2.4347333937693896e-7
60.81050991068243,11.201376892965158,6985.27627529671,0.00022575300760744482,0.03504335572130614,0.06937033732921674,2.1666344322891806,1.435655555523435,0.7529021171913,1.246978485252603,1965.6796355595804,0.005712249064058671,0.06159661432194459,0.04455240788491789,0.00036428172631110115
49.739416904730426,3.625321952902425,5128.164191907459,0.006958745337529273,0.036088201178118715,0.07584427882168919,0.8288784438009827,1.5651886524132719,0.4018619040768397,1.8103151690587207,268.50775479816775,0.0033861175320606274,0.0891235553703372,0.043998099004082525,0.00008702999682521193
41.33930423393976,4.33635348496273,6679.6119197847065,0.0007406253134280694,0.047368784243285555,0.07319219277910265,2.1888472079001464,1.6892012697199168,0.8331900787512345,1.2880077591917387,1549.7167383433975,0.0030515557709855133,0.0010199386058199775,0.04305411430683285,0.000039138647818368675
47.90025457462326,-0.875829428786222,6086.983117101804,0.008981259322738517,0.059789190256490626,0.023335388575423627,1.8283316475537308,0.6000513415811263,0.4651016167548537,0.8747692011040586,811.1135428843743,0.019832573616270555,0.0016222735752375746,0.04548040715181356,0.000005627733629155092
46.6138459442825,-2.6596605541880614,6361.553674123502,0.011968823354698087,0.026256155359264257,0.07887600467402908,2.1025458933887604,0.8483060728483899,0.5125143024459753,0.8868185262855299,1863.6321752844146,0.0084110574522211,0.033266739671450156,0.04362753986304368,0.000699560422719749
60.60357023204672,10.017893112280913,8115.416395552818,0.0069606687597640335,0.034760637715573056,0.024087443992381087,2.196647554018707,1.6201533206291465,0.42608872768965206,1.6675618240047574,1911.010298732181,0.0017715530767747406,0.006624013632200354,0.04597703599127109,0.00044820666299647574
43.09832598712413,6.772901589902673,6633.223012629047,0.00015552449135194975,0.04679928040307146,0.07264195589493062,2.198461052846535,0.605346309293917,0.4053067918697601,2.075576474831575,1900.3900984262227,0.018528420623004575,0.007103417863709093,0.041452706890620375,7.224321372316008e-7
49.195481128216024,2.613896508376838,5355.212410959136,0.013217016390687205,0.03916739084265854,0.04796349034908835,0.8309596886832396,1.3801090152616653,1.3962988390484379,0.818246607208965,1814.698628964796,0.001809682259026014,0.056247190314814434,0.04088617377273271,0.000016358855654980258
51.44932810095762,-3.2194404342813465,6594.172519718601,0.0015073165866018793,0.05690347770525124,0.06903923927594112,1.3699774381989493,1.3794762988459222,0.8272917092663121,0.9157018356016517,824.8997070795822,0.0001224977655679303,0.0012175362425595046,0.037894680069326656,0.00019090064819358217
49.57836005119208,5.562071906467882,6469.2952807003685,0.00813383467439752,0.01896257149717463,0.0739744917948146,2.1883902270426394,1.7746999497727667,0.5334046117968372,2.1671302709885607,13.720003316351573,0.019040631523573544,0.05383180758272902,0.03720148532842843,0.00019995106651739651
52.907416063362476,-2.155028260186733,5189.396423361318,0.013800793168952297,0.057442278521704755,0.03426300777290395,2.0346750615772473,0.6148143643378647,0.7053201184522314,2.398801437427834,1313.958963084545,0.014929928128666685,0.03135093759804499,0.04621207851757733,0.000005227181959516883
47.72329976896789,7.133100914068557,8897.602583692553,0.011941866520375533,0.05242913310050963,0.07237628865896659,0.8057253367956599,0.620147482327871,0.4323533294431146,1.501242305253986,1982.9186320360345,0.004044930337786802,0.0010526143431112728,0.041727235134937216,0.000007469901981352601
42.82572547174841,7.716179613023414,5035.299235998483,0.013176843375459175,0.05989787785411134,0.06082526670111797,2.197877215585855,0.6017529399461783,1.3264625231384177,2.397799511467697,720.5677940516595,0.011727010944772383,0.005612939011904666,0.03270067416511198,1.2216498493294795e-7
42.600446218886454,-2.644640050791355,7678.867066845906,0.00039478890859158714,0.04008045390656478,0.05765569639148839,2.0753132939223757,1.6743077458228428,1.111900668631381,1.375151584366723,1998.3212181803765,0.012989477707627525,0.001744155578494088,0.039512252619785054,0.0005095685558272891
51.36312880739161,1.4375642813101113,5023.556094585985,0.012098327702749786,0.051805582059944844,0.04263680820527337,0.9692673352334431,1.256984246020682,1.281384332573801,2.3982186346644454,273.12506685174867,0.01932376543042043,0.0012574046470904521,0.044329538915803206,0.00004084309452096749
49.430115318231806,3.3985035788350366,6560.335415899815,0.011892629550489755,0.0528562302491079,0.04257450121376785,1.2388987956238846,0.9716554103914277,0.6525091076826772,1.4595449804296812,1954.9063816834216,0.013737953501855282,0.0010295901375886104,0.033357900628356335,0.004740819633184777
58.35728399332096,-6.115498482943326,5936.83586167245,0.014154108663863596,0.041412083644080874,0.07857406329473159,2.021961469319055,1.6852004648697085,0.407917120461377,2.347222929959756,1967.1997690039668,0.00008513668386246737,0.0024289562406535686,0.039341974681257164,0.0000023263245824140315
37.060110091297766,-5.824302701567848,8613.869852150641,0.0008401584461864289,0.04713570702675531,0.05695135547537926,2.0866819734019337,0.9556465605193711,0.45865118901652924,2.311909775490502,1118.7685341582091,0.018975626537710368,0.015560519145623059,0.045861696757496094,0.0003944782979201235
54.07073025207822,-0.5659325517003744,7147.564728962398,0.0012099675653365147,0.055925283109113724,0.07820205774941397,2.194049477364822,0.7291828851427824,1.2388634711668502,2.358487424300159,1679.3804135136236,0.016119523131980017,0.001954795205123118,0.04275295807949666,0.000006869393581164268
50.05254432243304,7.31603721131291,5035.944280887347,0.007157283817507738,0.05993867300843126,0.030125478351317028,2.1770021514852935,0.6165331534046347,0.451032542152015,2.3997158618742778,1.666547819349982,0.003318860223012435,0.005011977500251441,0.03502425515955267,5.169043757616072e-9
52.472659805160816,-4.881069636986488,5755.486415818663,0.014242522552735327,0.05009922747327559,0.027955877581491106,0.8549589586412836,1.4419443559622342,1.3711892000279216,1.4454496900838774,1345.7193709585945,0.0000024492142606120286,0.011173472468561447,0.04285069984839833,0.000047247310520908896
48.98013915531735,8.053804166854558,6345.337186427487,0.014436048268126044,0.05984859323800551,0.07579686866773676,1.6450979639328829,0.6007730579330179,0.6711777198948784,2.320773374088118,1278.6596530545987,0.000036632961497320046,0.001005821485356093,0.03208287080036108,7.404247670185376e-8
55.026497650037705,-3.291907861362123,7702.514005457773,0.01135978333316082,0.033180793750108906,0.028853389240975358,1.2776883318530623,1.7553487091324969,1.1998542751411216,0.8154033621160558,1701.7582955410778,0.010735499714050665,0.006293523745040012,0.04135442378690692,0.0013023246898412949
36.56169483310446,-3.760793159674715,8407.62748899817,0.0014239360715219004,0.0562803280346473,0.031285327022672074,1.6729558664203188,1.7997963879448822,0.42876558344962146,1.8392986475776587,1150.1429137561142,0.017829256259812014,0.0010030555717436488,0.04115638724817055,0.00005269140485514918
48.925821380742526,-4.8134383306261475,5249.545215710263,0.004637742638333573,0.05828205971762114,0.07942551022013271,2.032654984208767,1.6378220836092812,1.323619645496117,1.3679893042031666,78.14297800936556,0.0014323170497122118,0.0019066735398061366,0.04033124668853931,0.000027670104293458348
52.62645846109287,1.2359866632818672,5614.38610117686,0.002328285403896405,0.059240203419035665,0.04489659312178938,0.8035080408717208,0.6354536109250037,0.4283881350146286,2.3904976120649035,356.77881443439816,0.006025476966734548,0.026099623605988838,0.040075789440003416,0.00000116941705120996
45.035389054218925,2.497806241676166,5313.927382058427,0.0011812118312579836,0.05615178868614294,0.07291825544897451,2.195318269738946,0.6812134543451921,0.5270452817703937,2.2990539005399713,1724.0406740247438,0.0000701397216731639,0.0025506353975039107,0.04412551095192253,0.0000021563335183570966
44.118635705873174,7.288282724338579,5059.878081178117,0.010090844768734482,0.05327395776234678,0.05902082638598605,2.018864701059791,0.7715325222276287,0.573804776006607,2.36933630243764,12.57583833284351,0.0009241426717977252,0.0914674788116851,0.027891970042575456,0.000012122278050509968
51.3559806063588,-3.152677009087257,5981.706077749246,0.01290161991706157,0.022054545571215188,0.07948186995143396,2.053913926099028,1.7996678177152061,0.42290528403474814,1.0048961221958668,1826.8949631144496,0.019065370690130302,0.09942900509359223,0.04351168511271795,0.00000206255407323203
57.93410502413805,-5.207104216257761,5817.227430307449,0.011732661782450124,0.05779028978478454,0.04454992207425557,1.6626557709742005,0.875285210199652,1.141004824704737,0.8745664292135783,367.8125418562284,0.004818956786956314,0.011284439634120706,0.04582501687519198,0.0033185554927521515
53.28779821173292,-4.255765303722626,5341.808103871498,0.009229679326986501,0.05388509535157246,0.07906131149600361,1.9180898970115074,0.7532270709412119,0.4427688445354816,2.26869675622204,862.8558964763386,0.00010582193899899251,0.09675168786492817,0.0434293174560301,0.000011355462453628035
42.87851514640107,-1.4854726103400449,5069.62434413264,0.012822187471474893,0.059692733559038175,0.03372824515459909,2.1796903412356112,1.7843380176862733,0.635778125300849,1.2777585861662093,1727.2135506127147,0.010617101070873882,0.008840306515285732,0.04088524706815022,0.00005099765674415241
40.46905193316866,-2.801954170949105,5795.37133634231,0.007913899131364945,0.05963604927857904,0.0771785102968268,1.9777136132318105,1.1999093504047869,0.5117615310944608,2.231763693492163,245.4078920161075,0.004909541373587232,0.032347713203937645,0.03306829877241762,0.00020841678238639537
50.585741189775206,7.577667958488572,5342.424496230291,0.0037397375798147513,0.0578618084628565,0.04968836593736252,1.8981644136735367,1.2532727040065663,0.44728937709572814,2.320456152186579,424.95179663660997,0.008553083205037854,0.001093594534683172,0.036293957450976265,0.0005391203703005158
52.20904720744187,1.815423743468786,7109.532274072055,0.001448278840023287,0.02535171407023714,0.06606043984631971,2.1985489509041676,1.767682869142217,1.3691357054851208,0.8703855368923479,1800.3013747112914,0.006876687694623491,0.02412342167559215,0.03907644310574371,0.00001642002569737331
50.57598535542449,-1.8928195418795166,5169.525815803895,0.007554310475600999,0.04685984484295024,0.07639718085513021,1.3541291873850483,0.731047903668713,1.3770904925612686,0.9619008335841605,2.228385695997746,0.002592668199058453,0.015330379067841593,0.04649604839030218,0.00016419649735723027
55.04557383691919,-5.984854368813442,5558.639407414649,0.014709005646427097,0.029219892004651617,0.05830073009640853,2.1965701617807314,1.343227253586101,0.4046767693987434,1.075185423716562,648.3713887717266,0.01938018957037257,0.03887868755151952,0.046331605728207846,0.000007578666165644885
45.2141209526487,6.144483708762472,6139.522359391896,0.014755860726028372,0.04778671346228309,0.033999376079722816,0.8929151149766672,0.606479792016199,0.47485550591860326,2.2117292609175356,784.1321362742106,0.0016373867748630682,0.06952126320903021,0.032905810412279135,0.00015085710755314446
57.30385038395043,-2.514642115213409,7990.219375618466,0.006110423095506534,0.031680770827255234,0.06583174357922038,1.3889941673877058,1.4778689218491943,1.3742190750112901,0.8278217745212235,1789.189613899539,0.011784127278094095,0.02076141321379361,0.04281109441620314,0.0018390734980281908
53.03245975537068,6.2602966126858455,6009.38696151721,0.002871142475574773,0.04512014708746345,0.056186995192636396,2.024881684141236,0.8493820672807185,0.991149277513661,2.2532710019311866,1992.27624610377,0.019420290616475714,0.08149684093191675,0.036992503994211536,0.00034582749704627046
51.63360149886135,-5.830239461544037,7106.887358419949,0.00760629813449435,0.058428542500834575,0.0792014427346254,1.0958880123525454,0.6014205339381047,0.4131977469223844,2.2684766975719777,1354.0229544624333,0.01440198444454636,0.0013726793965568277,0.03719174834763433,0.0000043570282253645276
59.45883247910885,-5.39118038224743,6713.302664231464,0.00006264222937464082,0.05791162999589033,0.05445611273982698,1.0937256130252746,1.2575391331118695,0.44869955999067757,0.9686283847626241,1664.7584865544131,0.017513338330719178,0.016776010609689147,0.04129227307410786,0.000587595281324395
44.065969275876746,8.799769897303015,6656.183796965404,0.006154813752930296,0.059947818816639076,0.0258178174480207,2.1221908172374073,0.6375131555571324,0.9608337113978375,1.4889228821672176,50.331540749394705,0.014373097725139632,0.0014936128774453296,0.038854950041559796,0.0001706496642699103
46.709389687765665,-4.702170058060821,6310.348850569814,0.0025087084579063965,0.03316709112782043,0.024664597730919273,1.9468415350009456,1.7864037674995048,1.2036521963128988,0.8213410261599345,1975.9026728027902,0.009089150570653697,0.07173016117022642,0.0444839788250502,0.000018979710534250945
47.65034541337836,-1.9403582137192963,6013.187326599869,0.002049585349119043,0.05883017235765474,0.07066763340065689,2.1746214848482,0.7954897339946372,1.2557578244764374,1.8750721681820828,720.2143691490445,0.00719936189885305,0.0010036022566533933,0.04158458234229366,0.00004194422664506645
56.65397557542554,-5.313396198184315,6467.637016844225,0.013451848862822266,0.059612596358563655,0.07994816305552177,1.4721414814223939,0.6507987506617803,0.42336567869081204,2.3919748455489787,1203.3128729477828,0.010638532732299073,0.0401571760876353,0.04580307716636992,0.00000214084901328618
56.748872151929284,11.434432570111028,7551.454883116294,0.00022528227996599206,0.027256683699056164,0.07510754115742743,2.1999955864406537,0.9951685587298523,1.3874063515834378,2.2644964821444704,1856.5062134069926,0.002263265926645539,0.0393211708801939,0.040888012970596174,0.0000011563172586372703
49.10975508027109,-3.902608192271863,5059.100649345384,0.013087698999063245,0.05686256001106682,0.07996582661663157,2.135804837292583,0.6885066998211373,1.3244191167348822,0.810970990268592,28.564896625633097,0.00019909990216642202,0.02303925446959368,0.04320298953945177,8.19171267874355e-8
44.17874631732144,3.399136929070462,6292.401151374478,0.014619438455973672,0.030047659911775538,0.03574952911037542,1.7514697124192031,0.7213951282103255,0.4287134752111136,2.265736983479578,315.35472262520733,0.0012197222718075015,0.07836650149719188,0.03888019575576345,0.0011088123512422027
55.886013486792265,-6.234674668192987,8008.486394131584,0.0006353049689657586,0.03913826895789788,0.06874906962585621,2.1726789602484566,1.5219987459131448,0.7562283131667458,2.049655968820442,1909.8499338148981,0.01999401982965398,0.008668143336221299,0.0431634956572146,0.00028942228924272044
54.09455939954697,-2.1448643086823234,6901.501574267152,0.0001318818591859916,0.056700423864908735,0.07879419999667246,1.328113118331884,0.7111451626941606,0.4096879303855742,2.3250209842776233,1084.4775657760556,0.001233727465788604,0.0016224274204532693,0.038420735089393206,0.000011448426175108966
49.064462299958535,-5.2138689918629115,5050.299130179624,0.00007128754164219263,0.05501124091367506,0.046581073687655294,1.733710194969633,1.792912009460562,1.0018428895178624,2.3169654641451123,1996.005310848585,0.017503696892185314,0.007022899377686423,0.04531223019522331,0.00001388719542412411
50.28120930959302,1.5708446902413993,6349.468863374863,0.0019374976145940283,0.05828018555643846,0.07998981945440345,0.8005344118584686,0.6124886286922286,0.517281124284326,1.4755784594819037,603.6686702489678,0.016927530301061474,0.09446972514260268,0.03064411799420408,7.991597118041495e-8
47.962947681870915,-1.4487965866918344,5430.353731421382,0.004619325626311627,0.058112936766570075,0.07632256288798754,2.196279778829184,1.5261416557983454,0.5092076139778089,0.805201984291643,1886.08853401811,0.010257310761592711,0.0011227683549912258,0.03692196528064837,7.321110936378219e-7
45.230215730468586,-1.9182109058869141,5293.0844480319165,0.011566573610663277,0.05900131705176511,0.06328638131566164,1.9178928120190375,0.6484874459715337,0.6275274437270648,2.318518129106555,21.505902013828713,0.004958669847848567,0.011499500591006026,0.03463265731298472,0.000025512634862048395
52.21355648072524,-4.583895945186963,5169.088885455594,0.0001259899314971034,0.05397918576898686,0.07998390890708443,2.199630923871085,1.7925823175465578,0.6932223166379528,2.2965194444885833,1389.7660142042562,0.01340014060094256,0.015014737724342005,0.04110463085108274,8.800371555983896e-8
52.896609893719486,-2.4605381411261193,5604.02725951768,0.006658417559288799,0.0386929519490077,0.07956913748529673,2.1370175548988835,1.2118924569540357,0.928906635571805,2.369612468675392,1924.24449245751,0.018276528600967776,0.01736650098195081,0.04186497662235094,0.00009348583700156661
52.235014222806036,-5.100107873464017,5752.6737791709675,0.013023920906306372,0.052624345692059225,0.06616617259121367,2.197443604669698,0.6431293153570451,1.0792195037503052,1.1928171939741767,218.3119769315266,0.006594697209206432,0.0016411342465856768,0.04594906242698846,0.00007032345153220897
51.108335217655636,-5.094358609356544,5021.989274891426,0.013761520677381118,0.03834525089463467,0.04653485606815117,2.196600507432012,1.4632666881525418,0.46144682367977924,1.2268961259669255,243.20971226028377,0.019181338145050963,0.004877173836611472,0.04511397793371417,0.0001809518549376849
43.654427485683414,5.974581117373143,5372.267953800851,0.003251303026448464,0.05905286920497796,0.07991789273448718,0.8220533659472554,0.631038888000945,0.428456846356844,1.5024953831677115,1166.0585890207385,0.004237089560731664,0.09698485757529443,0.04629650548663004,0.000001876477385864154
50.74781954159035,1.3584093167242557,5482.7074406615,0.00015728755847671527,0.05139896668788524,0.02982795160743236,1.9880147090546718,0.6329269394357077,1.2787959049279922,1.6206574081415757,906.9431827473604,0.009288916092579237,0.02557886162046276,0.04458817470815631,0.002184205975051617
48.613629046056005,1.068822322370261,5673.700817881054,0.0010328507347177353,0.047794566453055694,0.07180437771763952,1.0884356049010455,1.2565119032861438,0.7364434276924975,1.1023470983135868,1473.6623671196498,0.00009440757687300196,0.09474514929852461,0.045632971546145804,0.0002767479205725271
40.025399005656794,6.01323654169024,7806.25363563391,0.0014172496721735768,0.05035827365300261,0.07928792564250037,2.004081664042058,0.8323027332291366,0.828590226636374,1.8789986283744686,1157.1854827594038,0.01373727048002767,0.036072233810460846,0.0367567465979145,0.007725014867516664
51.68935344093802,-3.0162921284333573,6834.134553876533,0.007212911434831599,0.05586699015279452,0.02415998098668877,1.3357460215626307,1.7250391306217532,0.8979949436025676,0.8505087596311726,1019.0588271491847,0.01971513398855688,0.001033451150971517,0.04032358785597272,0.0003127638676348091
40.08340603837147,1.7442891950183146,8979.801066751419,0.013870553050406584,0.021304973960487947,0.0709726539374036,1.930690749886178,1.4173479703199867,0.7214299395172119,0.8037418343190197,1931.5297678128675,0.004487524283488748,0.019981231506025023,0.038486286583621285,0.0006735985894219752
42.47595302225715,-0.42528920824468486,6911.644441077088,0.005950386020263063,0.034405260594197594,0.07874448073198344,2.134828367274343,1.7178415636261586,0.4789366296747518,2.381791507869875,1932.0811781207037,0.01704650058329289,0.06703519980276564,0.04551243692171248,0.00002117012105536385
54.924018618201984,-3.9677091341710167,5781.4198582199315,0.006862267040562049,0.05686567552469919,0.06465386130521968,2.1336972065408695,0.6997942150075311,0.40544675565436383,2.340683230646274,722.833751274537,0.0072718032409153375,0.0011352842803241596,0.044193546107483536,0.000009576260538933238
48.60515410235145,1.076312814763119,5123.489754550608,0.009874755929840896,0.03776672249867546,0.062497200261944774,2.168258399719729,1.1502793003377971,0.8260617514089361,2.0234504225918606,350.7952127039306,0.01908234723821402,0.0997943006985328,0.0384538624830528,0.00033877930258004635
53.14006593954302,15.73965405409374,7366.375011038121,0.0020715638357991085,0.05246075949715909,0.07480028878342006,2.1980849870483947,0.6286014950573404,0.542305353897089,1.3371024588220584,1980.616072337553,0.002193689863059132,0.001986854060672269,0.039312113798585666,0.000040521875385563625
51.97832427673778,2.1301481705816556,7946.60785781324,0.0054592282071596636,0.05716879508788924,0.06666174874113066,0.8169623315797452,0.6047099968939144,0.9995330736309748,1.8163499045867608,1967.5956065988448,0.0167281168284146,0.001340073128758384,0.029068403401253554,0.00007493239698293479
42.60233110141065,-6.991546087582801,6553.610709122692,0.0019275530312340213,0.05494735236868107,0.06986128604763972,2.1990477251554337,1.7822559570453245,0.7011518874822819,2.207163273818778,698.6526621627663,0.0004891242956080093,0.0010927536701321274,0.045159380889790914,0.000004850311437923306
36.55148963717239,-1.7914327340979597,7899.642038656413,0.0018412654082196943,0.05941351508508356,0.06739936874860938,0.9089629833242264,0.6200952201100377,0.43492232257144947,2.1052940805978864,1999.7955430494303,0.019998247141020078,0.043963171758005425,0.043099665275382,3.914252362486854e-8
53.29540148958479,-1.6765704241401718,6247.000893753926,0.004294176110179528,0.03912842855426871,0.07890465689034544,1.0795179725677944,1.7189633458604066,0.5370990612227182,0.9326873440127262,206.29591072958377,0.005365476400420211,0.044461249637604595,0.03668694632163811,0.0014533445590217387
53.593994895856525,6.396019988563129,6165.608004093279,0.005917477095436714,0.059425645904432854,0.03351845091538118,2.124398834705051,0.6127017890820934,1.2287137808408097,0.827964983463893,1956.3850203264735,0.008422411322559624,0.0011378076835501841,0.04498095570565014,0.000012417764739821813
48.330339656838355,-5.991850310908605,6975.960032402186,0.003816503882181867,0.0529122453566391,0.07439434815864844,2.1819246829509247,1.1474940175380017,1.271865594664355,1.0870762364196034,1808.804356493078,0.019889828367819426,0.001412864318689189,0.04159016223999625,0.00007934794232763005
47.96867349470848,5.6438602531343705,5606.0865952984,0.012174158580137625,0.02471085012588419,0.07443553867779186,1.60630007189933,1.4617904965691668,1.31128232929818,0.849006575007875,1879.2441799214434,0.00361938339380431,0.049106115803520756,0.04210731263207536,0.0007345521804415338
49.060559506022,-0.9745674363357164,5338.504107867828,0.013653219106306966,0.05754787109281564,0.07640906301922921,2.1567232268719483,0.6022583165360699,1.199838091544547,2.398719110774369,355.5233632844877,0.0009126692674960191,0.0527763263783632,0.0424757550060969,1.0774111791328838e-7
50.605760812869356,1.6140954878354439,5058.173117648992,0.012365853431090364,0.019051544096827248,0.03901671505963415,2.1569476362347,0.7941603022471265,0.4923650950761369,0.8534080327759948,1673.696324611276,0.0015604455484735055,0.08500454703007207,0.04630888268733043,0.0002043116902094786
40.80470103647325,-5.132198826400362,6605.163635962279,0.0022498129723243013,0.04777696382323171,0.06878627755404067,1.4258305985060422,1.7787782475398433,0.5294355555750014,1.1111352308115787,1873.718723556264,0.016396302977639433,0.08167172591004304,0.045782045130436946,0.0005105031373103416
46.42944451024397,2.1318797848494384,5717.649359503581,0.012903408630084715,0.0590220336181282,0.07219869077516168,1.0112195699150748,1.1363376145270125,0.663907691075907,2.242577487642431,706.7996445716898,0.016630325572843264,0.0010725841420934814,0.03393081006411714,0.0008633006091675372
47.19662637709064,6.621094419619414,5403.502495899645,0.014852089970774541,0.05868163963697313,0.04776935809902483,2.0234989230761693,0.9532819044685001,0.40819508044878666,2.337827694244556,39.80970836412462,0.0018482095227567294,0.002726708698090555,0.03260706215735876,0.00000947168587330425
58.14218098790925,-3.9758912910701483,5194.678097782181,0.0062894854790992265,0.05844900813810129,0.02541890766097365,2.192902544962609,1.6673382182098422,1.3393118608389099,0.9089677624745123,134.01944719910853,0.000595626081706381,0.01582933100515704,0.04475966799994723,0.0000044616850503283165
38.67348998262821,4.579326045511035,7820.539757597656,0.0024815053071191684,0.05995063944739259,0.020510646327956954,1.7264049197706957,1.3736957743417242,0.5635939955125564,1.7712843658935291,223.3705792281575,0.01915150159277126,0.001975873526135244,0.03853184337861541,0.00037837851966929914
51.6771902308947,10.125265815466125,7119.305250735423,0.00025528135173498776,0.03862328622220367,0.06962642127013743,1.9384429467000515,1.4105043294350175,0.418429165863785,1.6603897532293401,1570.4043785389663,0.018334964820592554,0.001778213058047951,0.04450568635035081,0.0046784715126988565
53.62590663546774,11.452766878230573,7321.910794418412,0.014290228822211643,0.035157367565427464,0.0448084907030829,2.042727198248241,0.8292264473742184,1.2544136221396671,0.9199825771640715,1167.2099599976702,0.006623222405468104,0.02046069168742714,0.04282085474302558,0.08520522977397019
56.56422351470848,-2.4292052200807985,6355.572246764376,0.0017785861694555715,0.052416527621332094,0.07799598351196912,2.167543180102054,1.2516742443236606,0.5664180446477951,0.945918835574295,1398.432279338824,0.0015235851230607754,0.0012176846818020396,0.04440771531014374,0.00005319080885182299
50.51110048944213,-4.713484665488929,5220.135197992647,0.0018122991778512646,0.04850061431375179,0.06617401812739483,1.5069841078936306,1.0472596363843003,0.43471962903338685,1.142137040927616,1962.5452917508562,0.018478689340524275,0.06362743373205455,0.04544460768319579,0.00022478811908181084
43.77389354865069,6.203729006769514,8436.839114338438,0.002203007495888119,0.04772514049585082,0.04826155087396721,2.06079369785159,0.7185106110067553,0.9854516091825795,1.7086343346046529,1997.577731452883,0.008697877790757121,0.0024075550736163288,0.031009598232850676,0.006386311790900481
49.47133630546923,3.96566609072638,6860.619454044653,0.012719896785403395,0.0444584089871219,0.020587237578574804,0.8324720927155869,0.7303396716229746,1.2821515329804622,2.398897353201491,1999.236845262727,0.0002660843021368624,0.006413828339977483,0.02687388807204741,0.0000012327306033788929
51.319717675410345,-2.012076387025882,5021.372731707388,0.01212379501233928,0.05188438631488166,0.07606463054365259,2.102595474397769,1.1442881747689424,1.3953151388070961,1.8780377618022595,1292.9834542312904,0.0079500097278389,0.04522003291381819,0.04439371762565958,0.00024021828708097823
42.48054864410366,-0.9604314376621446,7766.371124632818,0.00022944072484331086,0.0591325476954214,0.0600759252306034,2.1591639654244545,0.726584860059961,0.7231789245362061,2.3021743161315493,1438.235925500363,0.016954590463071895,0.0019286170073178686,0.03297848346261504,0.00008031249347449588
47.36449009366369,-1.9038319064415603,5019.939417221886,0.014749866762561858,0.05596323897498865,0.0771372241204585,1.2006169726951659,0.9303194090542763,1.0202835949197149,1.3811319933447104,140.43429317800647,0.004980337003571366,0.02771916986061745,0.03806338787725325,0.0010569786133547846
48.86530948586963,2.1901609440797998,6199.435744808239,0.0018819199662278437,0.05830891906316381,0.024661144389581724,2.1836850836520627,0.850370476118377,0.6754479188343996,1.7604400065635075,324.15070229738046,0.017821409781691385,0.028940705503305714,0.04409243863607534,0.00048270629440508566
48.286077221793846,3.126458809132057,8035.207018446494,0.0027341451663432923,0.05980516955749027,0.07879322614132223,0.9400938142971789,0.6030031002764791,0.6212408062827153,0.8473329083948005,1592.2387313109152,0.0031184676848587597,0.0012986845481499064,0.04313776124894322,0.0000011533962396817635
53.520040143159086,-4.973880889869853,5209.877054185599,0.014290738996682286,0.05301965956401775,0.05348974564668596,1.8994554684984692,1.3167506336996406,0.5799188532288969,0.8010172809714364,1757.7711584120525,0.019218922219579635,0.00362316566811331,0.04211381813763824,0.00003877929738436041
47.0174743269512,0.5965243980659736,5079.756932211311,0.008476543382766275,0.05990699534577776,0.07778924785900325,2.1033065162425704,0.6008541388979054,0.8340719136845522,2.38716995987223,25.17892115002798,0.017515993034192812,0.008871275598430838,0.03688416280903325,1.0764787779677788e-7
44.869393492836274,4.257648756910882,5651.070763992066,0.008699955645194477,0.05910540524333386,0.07954218235063594,2.1042865387652148,0.6440482801441877,0.6176006686143178,2.2189241806922246,103.6871309846057,0.018385944055906107,0.007349074340907961,0.033264160733654166,0.00001628371654794754
40.791362586244446,-4.703536387499355,8749.86035375145,0.0006614342720968313,0.031049697861446814,0.06569003879260145,1.411038228638968,1.7367570043990486,0.45736029946858864,0.9184677054161688,1783.598519879606,0.014870841623756173,0.09406474123671359,0.04241532709169182,0.00048696402132365453
48.61001511534731,-1.1134538631456028,6624.976798284346,0.014416772627272628,0.028059612111655516,0.07440585214516993,2.197511838371507,1.7778381166058579,0.47108159070715927,0.8280282232454376,1961.1708500029572,0.017721780474142326,0.001176956072506207,0.04009256685716041,5.085391532647695e-7
45.51830561119464,-1.740086086242778,5245.425733085599,0.013647115437765341,0.05877301226830749,0.04598678774956921,0.9228495317491153,0.935862763563277,0.4341387356137778,1.02858958107013,1834.8818774953006,0.019261631593212085,0.03155563605164599,0.041085888335255685,0.00020186242048398137
48.61151075893303,-0.4824686489268668,5628.0136075478395,0.00734665845839879,0.05905222449263282,0.06315061650533303,1.4862188943567642,0.6064370880127583,0.5904861117885138,1.9563517369069796,255.4224830433629,0.01516984062719683,0.08929789779388668,0.035518327324807523,0.00015807662343638167
48.02575995466031,3.8842654917164,6521.980519020025,0.0012996046553461452,0.024476809783279423,0.02284613663876263,1.3252883159978395,1.6406275689349683,1.393388905477286,2.39551893734742,529.8138558675105,0.01645070573324051,0.0854945393191481,0.04347532076050115,0.00009936863114001491
47.98801789793535,2.1264864154442034,5547.570310860842,0.0019413950306146454,0.0577513362137218,0.024561565152108826,2.06630001754303,1.4935138914535804,1.2111169605912881,2.286501778721976,248.12377800755044,0.012433877223602228,0.0019987140517549653,0.04212549166015331,0.0008774148884032682
39.86739580262823,-6.6344738559484,6827.036269404654,0.0026342486996571695,0.05365498629397518,0.07827641619350911,2.1805363208539976,1.6505495647796353,0.45215336122518135,2.325970828926951,344.7131953327017,0.019801429926244264,0.04081472172560304,0.037595034817242454,0.000004174542823994198
61.92794311216653,8.532356623635685,5733.759201354654,0.012500372400448548,0.04142110322932297,0.05302919462560424,1.1358356828434362,1.4481278924048637,1.3783447130628341,2.123116756460308,1782.9031256263113,0.013157511505520166,0.023632224387288032,0.046403970489773884,0.0005837859325509161
54.71030591336676,-1.7536752758647705,5648.802640607378,0.014978412773893156,0.05411938937426403,0.0396514252325638,0.8291986818192183,1.0439632809516541,0.45379763256455213,1.0000104390937439,217.56771586248624,0.017581705284030066,0.09135873140369494,0.042835794793402236,0.0000795828969875128
49.0584952250489,6.845497795637854,5712.784402465043,0.006331009100575825,0.03759023401776331,0.07151331680651488,1.6298850788465082,1.10718745663043,1.188531251438858,1.4642866319458108,1641.792540015381,0.019859821279165867,0.04217079629780602,0.03522175043914599,0.013892333639957304
36.59158089834888,-1.6393698450053087,6610.960120974501,0.0051495398312562165,0.056429623511074424,0.06760419831882711,2.1316848616567388,1.021303076275682,0.41095969906879753,0.8057810240815965,1912.9894956281676,0.00970964396902572,0.05244759632079338,0.03998822519415401,0.000010432298146673304
