"OriginLatitude","OriginLongitude","OriginTimeBP","SelectionBase","SelectionDairying","Migration","SelectionMultiplierBritishIsles","SelectionMultiplierRhineDanube","SelectionMultiplierMediterranean","SelectionMultiplierBaltic","DairyingLeadYears","CallErrorRate","Dominance","InjectFrequency","LogPosterior"
51.27964265829735,6.724896158690147,7601.533963298081,0.004295065562189619,0.03293344656329353,0.22468095751225822,2.1256745467460254,1.312655117316369,1.377734634009844,2.2906156603015075,556.3400333182087,0.00018991244528513706,0.730595423123862,0.06163231809355466,-2980.2024772046857
51.28247992958942,6.709340626880799,7609.862605382329,0.004293911754036881,0.032892100864887884,0.22482806300785052,2.125927555585709,1.311236545133822,1.3778483104669321,2.2904237738124715,553.2724679475685,0.00018924999372167708,0.7308990504470657,0.0617687004487698,-2980.014099144394
51.26081305117087,6.796001447027638,7599.199941992501,0.004223672720252433,0.03302507120452342,0.22403904423081597,2.124747112494449,1.3127677386918561,1.3772303532728711,2.293957044636728,566.9360829597927,0.0001919125756278079,0.7292373262567482,0.06165018488004381,-2979.9641734483944
51.289330424681836,6.787871211495101,7613.7032635576015,0.004226415673665335,0.033062153572444214,0.22415092787276544,2.1252374385924933,1.309597753523701,1.377393542201111,2.2932802130594414,560.4831954497366,0.0001921795435150829,0.7292987497053727,0.061811662648792384,-2979.67735640987
51.27028105517621,6.829244829068756,7630.8168852474755,0.004147112526031677,0.03305712118769868,0.22382225413197876,2.124249902581636,1.3112836553521385,1.3768719604005828,2.298976839595572,575.336069401168,0.00019700286834952417,0.7287594371105934,0.06168176404162694,-2978.7581139547915
51.244661373333614,6.836341432049089,7634.395184080304,0.0041362029429812585,0.03307081875032403,0.223875980955845,2.124155840083808,1.309860423561319,1.3770186654003638,2.2997277053901337,577.482727190024,0.00019720455546547213,0.7287873993796921,0.06160645961818131,-2978.5390667223355
51.24697181180406,6.850953823754082,7570.096583820774,0.004230747577148722,0.0332709896339055,0.2235551129011805,2.1242282764249305,1.314377023655362,1.3773540453529034,2.2946946350271347,574.5568046894899,0.00019234301482891038,0.7292021178754886,0.06115136960132103,-2981.458720295852
51.2657765071487,6.779028220027364,7591.615242541188,0.0042749574938528885,0.03304596324371688,0.224292198744566,2.1245583528255536,1.3163710619181836,1.3776155204310663,2.2943396365700615,571.2787026010773,0.00019339158207327926,0.7308975248544272,0.0611502126020307,-2980.55517355766
51.250954813148844,6.8352294933171684,7585.757953671977,0.004221410011922133,0.0331154079447242,0.22401689281857778,2.1236167591744826,1.3188984286700502,1.3772097304687514,2.2981061720611207,584.7833382573012,0.00019638072247942268,0.7302541888214185,0.06091280819685117,-2980.451112707613
51.279826104796854,6.733567574848699,7603.780303121498,0.004303003144402032,0.03300739401396029,0.2247996002581562,2.125066529008582,1.3143639473729456,1.3779115833784483,2.29417994313237,567.7885409725978,0.00019380773343580829,0.7312523584782754,0.06103540375293268,-2979.9897889339995
51.269573095277785,6.7019168381416065,7606.937764317798,0.004329959605409277,0.032852168806691395,0.2251908930282806,2.1251136227610825,1.315219742877471,1.3781320857522892,2.293984039338876,568.3172091442655,0.0001932534130739234,0.7319953067582545,0.060968200158086405,-2979.6032826122673
51.26789890803296,6.663734527268531,7607.7648998068635,0.004348619108251244,0.03281131959095155,0.22516654070816874,2.125573121647409,1.3140370578916793,1.3782148976154618,2.2927174772943557,561.9975330505158,0.00019230759957978704,0.7326550085557316,0.061115148017852026,-2979.6181816887515
51.358499852361426,6.681242914233252,7606.987039481712,0.004365917686404372,0.03294299847524404,0.22496385374384217,2.1259139603476327,1.3118066524189853,1.3782662066107543,2.2908219119940894,551.2303138687988,0.00019285286130436483,0.7315769357391021,0.06137680954318326,-2979.896538960113
51.3541096880347,6.728992241839762,7557.944216320544,0.004410486946681852,0.0331046225745406,0.22472038463036156,2.1251642057415885,1.3194315751265049,1.3782499811566225,2.290087085169441,561.8364353280408,0.00019091186142034607,0.7316207195312423,0.06069786249062625,-2982.758700973466
51.33588910953657,6.7483064489725955,7576.594537266259,0.004379564677730825,0.033071459651956576,0.22470769637983132,2.125044765915174,1.3161545253931604,1.3782937583573713,2.2910517796275736,562.3732448630581,0.00019080702154697132,0.7310470151844998,0.06090820603172203,-2981.607492497767
51.33288384108618,6.725290202348777,7539.6737178584135,0.004454540735237217,0.03310487888519159,0.2244172192009779,2.125143165756192,1.3176851993236314,1.3784315496053139,2.287158004166862,556.2177070596163,0.00018833855588952164,0.7308276428927416,0.06082488968676551,-2983.077277652875
51.20897327390365,6.693873269359091,7587.115049088512,0.004363860687990686,0.03279812341289077,0.22452496303044475,2.124938778789523,1.3106936627138133,1.3784976101731212,2.2922956945694493,562.4997823092244,0.00019006648556292794,0.7314353427229942,0.061055025635934394,-2979.7528283508786
51.15881839550673,6.699836984061712,7611.4598164051,0.004304095336283467,0.032834341913427635,0.2241908389634005,2.1248676377233346,1.304096652792005,1.3783744520942005,2.2947452767541456,563.8746985014359,0.00019292531045487574,0.7304747175989041,0.061134617192899816,-2978.7210123505683
51.13034958492805,6.688797481350079,7610.36718387369,0.0042955644767642,0.03279416634381671,0.22424661998453438,2.1247993536567353,1.3048499578189836,1.3783042382710167,2.2956721151940074,569.0851059108771,0.00019274229677951452,0.730613612274713,0.060981677380573446,-2978.7894668673653
51.13921938929686,6.7555310851056944,7625.777475537735,0.00420726478493968,0.03299627721466578,0.22350362056723713,2.124226288298964,1.3031089526188988,1.3776479217204582,2.299392846198745,574.5156933477355,0.00019811226212915778,0.7286429482447792,0.06102491167207307,-2977.901485708916
51.18291368929958,6.803068004729191,7629.833064368324,0.0041532455741786845,0.033246943616050226,0.2225612654688246,2.1237544502149013,1.3012140460125166,1.3770183865349845,2.3009279438036394,575.9014542427474,0.00020293708319906747,0.7260298166637214,0.061088118288448554,-2977.3621615934135
51.2077053819117,6.820697755349244,7626.14676606395,0.004157656805482905,0.03336243040715881,0.2224191306675165,2.12373771361136,1.3016672626156303,1.3769626849451622,2.3005419965552187,575.9496944600652,0.0002027456697450244,0.7256124913625375,0.0610401000465382,-2977.687545731053
51.21446632653761,6.835860096904177,7623.769137367119,0.004153011236519286,0.03340644078585902,0.22233363589689317,2.1237282848989696,1.3022728390486775,1.3770240163311431,2.3007691595853075,576.8002084659176,0.0002032835729966836,0.725777371427333,0.06100000199250957,-2977.8133382595433
51.240531833631806,6.804708905950459,7600.86494158429,0.004228709476063002,0.033420058622596914,0.2226217308232958,2.124263108775093,1.3044667521435505,1.377332334213668,2.2971460307933507,568.859386737205,0.00020089463511010027,0.7265817191365277,0.060903370804913516,-2978.8963923434676
51.24832104642337,6.724456111277817,7578.330265166026,0.004359871766404411,0.03337868460229665,0.2229975326807131,2.1256699123962233,1.3027187605527064,1.378048739254074,2.28935502697803,546.6285453524661,0.00019562247821345728,0.7282565752686929,0.06103320465561629,-2980.234410938417
51.23907634204214,6.736246493214068,7559.982410043488,0.004360136502068496,0.03352071443495234,0.22242344897649832,2.1255229532803046,1.3024552610578932,1.3778226400974947,2.288864939958994,544.9340614913881,0.00019705657338325928,0.7272102305448472,0.060948358721477726,-2980.8716960183115
51.22524804028504,6.65950849935712,7596.264594788201,0.00436219211432431,0.033299974526115224,0.2228077755297498,2.126136987986468,1.2977261893169856,1.378063645726064,2.2893096699577073,538.431742722612,0.00019680702875304315,0.7276532433520062,0.06123882654063992,-2978.845588946854
51.17034721177846,6.694264467638444,7603.360054483409,0.004297536479354605,0.03328503970550061,0.22252994004297685,2.125424265818819,1.2969095708917895,1.3777636195789391,2.2929296680380498,548.7997051753435,0.00019843089642841526,0.7267631861782325,0.06116372057282453,-2978.15442093205
51.12442002938775,6.6868879200257325,7598.981067519513,0.004291302638347313,0.033302205445288606,0.2224673522645997,2.125720264891965,1.2934788869378666,1.377801702054816,2.291385769409072,544.3010083178737,0.00019627565312686093,0.7266824381653407,0.061325894118198644,-2978.2222443305923
51.13315032950388,6.724094630069274,7600.824135057132,0.004268093851119846,0.03340471679779778,0.22244447519133462,2.1252332633711557,1.2950761443604313,1.377612833897313,2.2934284737566877,550.3644577368865,0.00019797318462989787,0.7257680813903186,0.061101467160985475,-2978.2411692116725
51.13315032950388,6.724094630069274,7600.824135057132,0.004268093851119846,0.03340471679779778,0.22244447519133462,2.1252332633711557,1.2950761443604313,1.377612833897313,2.2934284737566877,550.3644577368865,0.00019797318462989787,0.7257680813903186,0.061101467160985475,-2978.2411692116725
51.090135200783706,6.735858790187532,7601.157345348613,0.0042724721902341065,0.03340500123128246,0.2225307143109956,2.125269919940809,1.2937166376999714,1.3778627758191526,2.2933608698448245,553.925249328265,0.00019647721505097559,0.7257888138938917,0.06085671916731387,-2978.2916047474514
51.090135200783706,6.735858790187532,7601.157345348613,0.0042724721902341065,0.03340500123128246,0.2225307143109956,2.125269919940809,1.2937166376999714,1.3778627758191526,2.2933608698448245,553.925249328265,0.00019647721505097559,0.7257888138938917,0.06085671916731387,-2978.2916047474514
51.11534071108581,6.73574938330859,7575.3631159506685,0.004341315516912651,0.03330206921845083,0.22273403928923144,2.1250184239441725,1.2970234045177662,1.3781745311685978,2.291048604269919,553.8642641573969,0.00019332490321351408,0.7257789306412756,0.06075485098187643,-2979.1022239558174
51.06782928180978,6.763120494630005,7599.884344295636,0.004249619783719605,0.032999555031949845,0.22255739916019,2.1237471489513227,1.2983086408059454,1.3777584210484881,2.2971835249189834,568.9909783957576,0.00019570460726504367,0.725472941136191,0.060957281455608886,-2978.9561526054117
51.069454307054954,6.765978531690916,7589.715544003333,0.00425654091857812,0.033030532921568566,0.2226835029283723,2.1237405062337955,1.2994873907589333,1.3777016655285468,2.29614799065837,567.995550140464,0.0001953455251102029,0.7258364420009319,0.060959900844407264,-2978.851173063653
51.05747426471413,6.842807322069003,7618.419244717441,0.004149619854006553,0.03306403923573493,0.22235243896645995,2.122690813419106,1.297488629720858,1.3772214869779085,2.3013160290782517,581.0145232417182,0.00019867766532440773,0.7240630347138945,0.061125855294949794,-2978.6691247829413
51.06283301466994,6.844531036000678,7607.200352291649,0.004178115354487158,0.033122535895010845,0.2222817627838128,2.1227145219988257,1.297837951350287,1.3773305156738276,2.3002067557753705,580.424640025847,0.00019817227010449892,0.7238708309191287,0.06097651755776617,-2978.605705965388
51.080857893655576,6.853147768254384,7596.764552825001,0.004196726169587556,0.033176542218304024,0.22238248898572321,2.1227747032024187,1.299380684842302,1.377378663321748,2.299181082427797,580.4836568884776,0.00019669543964418853,0.7238684126192515,0.060911819166804,-2978.7351513469844
51.12319201720243,6.840699188067955,7591.402630429146,0.004271946001894698,0.033159959550861595,0.22291999225311576,2.1236513340212637,1.2970258273939255,1.378039037221639,2.294233719051925,567.158826711536,0.00019033387100721362,0.7241962540520192,0.06108953824766396,-2979.6019272258372
51.10251646925785,6.7640287377582204,7593.103884172835,0.004316936594334044,0.03304767407449608,0.22326759574907648,2.124422495752739,1.295212078599957,1.3784021341310972,2.292010499411796,557.8576775582746,0.00018908374771173947,0.7254589439026984,0.061068543772533505,-2979.696273381662
51.09206614776425,6.780364273608495,7595.08763642337,0.004304674148117155,0.032992308344881593,0.22357032962366197,2.1240032173625965,1.2967193001979833,1.3784604199370478,2.2934041158623812,565.1473890781326,0.00018815111179355652,0.7256025525099354,0.06094420534647792,-2979.994562365659
51.117936137808584,6.790812969870174,7569.994923152966,0.004341534146580047,0.03321867684149997,0.22327345315098138,2.124484632365381,1.2952888427894345,1.3785142033486226,2.28995663151282,556.8096252526807,0.00018713440256586415,0.7249775917261185,0.060883777800823165,-2979.914856415258
51.11695562722306,6.761052689018555,7588.468888803956,0.004338161427817627,0.03318903055885808,0.22332788367984946,2.1247450638124725,1.2925136802139345,1.3785414596643082,2.290419274385534,553.4047150701539,0.0001890190880090522,0.7249808985746992,0.060869593952303534,-2979.4205180093118
51.154974860009816,6.7824594142423145,7602.098256817371,0.004314900219668251,0.03327978475318265,0.2232259229080922,2.1248223832787536,1.2901315211519164,1.3784706351141178,2.2913633275281917,555.0704341119927,0.00018892687401890962,0.7238300392808883,0.060905306569542385,-2979.3687303825354
51.14598593254665,6.8044512475594345,7583.621814707923,0.004331663931638198,0.03326687621495749,0.22333364418466461,2.1244772267675303,1.2938566595469823,1.3786004061522092,2.291253443191948,561.4916416082591,0.0001867525891623696,0.7241356390042716,0.0606446556551308,-2979.9352479796826
51.1571947239579,6.7405781317834865,7617.244264069773,0.004351737368864468,0.03300812489205075,0.22406707915974167,2.124833572221373,1.2933101652148373,1.3789033220916629,2.2920049035418284,560.5110115550177,0.00018590969944565596,0.725165247280197,0.06069431054362224,-2980.283977887705
51.15439644710218,6.758089641599916,7588.291981987304,0.004375818706226503,0.033028108933942604,0.22399815751160052,2.124529865774285,1.2971922964166702,1.3789026628264383,2.291635045031325,566.7215660802325,0.00018445114991319907,0.725252041070483,0.06034668424023052,-2980.6198132189456
51.21530261494086,6.751933538702463,7613.4721049430045,0.004347721888523249,0.03300522491274894,0.22405732730180053,2.124856697373498,1.2941824684234435,1.3787088545118622,2.2924667082533037,559.9700666996104,0.00018793578426426266,0.7251912672214652,0.060766510881909354,-2979.913799162222
51.21530261494086,6.751933538702463,7613.4721049430045,0.004347721888523249,0.03300522491274894,0.22405732730180053,2.124856697373498,1.2941824684234435,1.3787088545118622,2.2924667082533037,559.9700666996104,0.00018793578426426266,0.7251912672214652,0.060766510881909354,-2979.913799162222
51.263195212927315,6.785631769899204,7617.481553283866,0.004323104711728195,0.033152567439735714,0.22372400466297315,2.1246793581037675,1.2941445138029621,1.3784507857636834,2.293477326023206,560.8385464125115,0.00018986240676373238,0.7240846658687636,0.06080394378562837,-2979.4407237488017
51.26327717196912,6.800893720299182,7586.958936102881,0.004369079039288439,0.03325644901090959,0.2238910537564713,2.124476310017027,1.29823523400735,1.378601256835207,2.2917960131420525,563.6258865679638,0.00018733236129404933,0.7243653319676718,0.06044970685133007,-2980.028772847407
51.32152700798003,6.810610578385962,7604.71552841222,0.004360461875248829,0.03326638824375445,0.2240842658931391,2.1246601518808497,1.2979685161659034,1.3786267343493666,2.292482484992597,561.7707217160818,0.00018867495820226388,0.7241250547268034,0.060590314634193496,-2979.7423802569633
51.36327789070494,6.848002620872009,7622.174844795231,0.004311071883146293,0.033178100970895005,0.22393810112738285,2.124126630315999,1.301125987330138,1.3781898942564896,2.295272183367767,568.5275902195253,0.00019128082644717233,0.724085349711156,0.060724801347559365,-2979.460303274162
51.3939129157196,6.848367313758239,7579.588823604436,0.004383195482563206,0.03342709289785193,0.22373455372551637,2.1242529729128226,1.304158827073758,1.378383803915099,2.2918325520387794,564.8816272147426,0.00018916215443810354,0.7235891931045695,0.0602731015915845,-2980.829869206551
51.425768460779906,6.829036769781261,7565.623721148484,0.0044171844358400145,0.03345474889501034,0.22365901312132028,2.1244793340349397,1.3046797363592655,1.3784234531569537,2.2901265695000594,560.454457728315,0.00018836806470079757,0.723517377577187,0.06034557509179541,-2981.371203742267
51.37945432630307,6.848069987730707,7606.1121260803375,0.00433822803199528,0.033359878709601644,0.22358015760775102,2.1244650197595645,1.298267870777188,1.3783193696972509,2.293007707487777,562.4936881840907,0.00019010870072467404,0.7230385119179195,0.060668107739261165,-2979.7446679271075
51.35486911529469,6.850198895252564,7605.558477970917,0.004333968491661455,0.03323283088421214,0.2234919008683922,2.124422391272823,1.2978678712119296,1.3783417187031892,2.292483034704176,559.7648313912874,0.00018869503692851126,0.7233606811667362,0.06095778969397575,-2979.906199245012
51.38073627847878,6.877152033083835,7613.279413270708,0.004300109585412461,0.03324771534846462,0.22321091504169524,2.1240190973671353,1.2973625698795788,1.3780346108169026,2.29424968779709,561.7516673024935,0.00019102569906404593,0.7221980419376657,0.06111321609695244,-2979.6300829474826
51.38073627847878,6.877152033083835,7613.279413270708,0.004300109585412461,0.03324771534846462,0.22321091504169524,2.1240190973671353,1.2973625698795788,1.3780346108169026,2.29424968779709,561.7516673024935,0.00019102569906404593,0.7221980419376657,0.06111321609695244,-2979.6300829474826
51.38073627847878,6.877152033083835,7613.279413270708,0.004300109585412461,0.03324771534846462,0.22321091504169524,2.1240190973671353,1.2973625698795788,1.3780346108169026,2.29424968779709,561.7516673024935,0.00019102569906404593,0.7221980419376657,0.06111321609695244,-2979.6300829474826
51.37845138821879,6.902028879149871,7611.576961965055,0.004277017505216991,0.03325356085393042,0.22293152214291606,2.1236164965630957,1.2982496277995383,1.377856912478014,2.2953452316106047,565.1833920634365,0.00019186224564838849,0.7219404336954257,0.06114338518979424,-2979.611325842653
51.367671055868776,6.8996322705252915,7609.116476490512,0.004264302018495376,0.033297905305209166,0.22264433222234584,2.1236511219307173,1.2969320809043086,1.3777623263789551,2.295428580440286,564.1374545906838,0.00019231274994575988,0.7214931797010058,0.06114764495025146,-2979.5365555750263
51.360494354882675,6.862956348739356,7610.231594794929,0.00429753440127456,0.03327139344423968,0.2229101664243231,2.1242287164974205,1.2953333117033259,1.3780366998113458,2.293556337751216,558.6417849312121,0.00019106013271612157,0.7223052792267325,0.06116507766243838,-2979.5391617407054
51.33109581894182,6.816361719580954,7613.879154795023,0.004318632196713818,0.03316000722804345,0.2231646962470852,2.124420623457584,1.2952063171350854,1.3781450859054392,2.2929532333103406,556.0845090614737,0.0001910056980545404,0.722712565502622,0.0611204723723561,-2979.644488523605
51.33109581894182,6.816361719580954,7613.879154795023,0.004318632196713818,0.03316000722804345,0.2231646962470852,2.124420623457584,1.2952063171350854,1.3781450859054392,2.2929532333103406,556.0845090614737,0.0001910056980545404,0.722712565502622,0.0611204723723561,-2979.644488523605
51.35653110272523,6.761044037932919,7572.731156948549,0.0044363066468502505,0.033231422433522194,0.2235916378075524,2.1251431485381937,1.299043202172128,1.3785787187152212,2.2867863248484666,545.4692708455026,0.00018719454417683856,0.7240005013712804,0.06086833387362007,-2980.4080242198584
51.321361114547436,6.814578509680246,7561.79357306183,0.004403782555526118,0.03321875951315297,0.2230699411512476,2.1241594961163766,1.3010251793145633,1.3783023841624509,2.288894997242915,555.8822173002925,0.000187256204250855,0.7227981481662197,0.06084767618973418,-2980.678576242969
51.30053539112967,6.8416526783078275,7596.224369057916,0.004325647485632788,0.03313276318760358,0.2225831595450846,2.1235047794988744,1.2970978050675062,1.3779927157809055,2.2931566522135025,561.7557454855923,0.0001911639524988008,0.7214263469796226,0.061139197285980176,-2980.2058791159952
51.366116402687666,6.801136841814468,7568.295248232058,0.004442264900014678,0.033208362279354545,0.22296662413835108,2.124780408491624,1.2977985816225752,1.3784842183656247,2.2856590223695283,543.8988522149999,0.00018637057308740294,0.7225529645898893,0.06121258795949393,-2980.73798154273
51.27045594537759,6.7744634867375915,7562.719045329197,0.00445364434786964,0.03316578250105637,0.22286738163855885,2.1249802779056575,1.2943262781516836,1.378659100622078,2.2845694925600153,542.590411328696,0.00018491465286769212,0.7223133501751412,0.06105862757655358,-2980.931374328882
51.18934663091153,6.81945664271246,7595.6052197653125,0.0043376503027960775,0.0331465105450907,0.22232257506927694,2.124449508260179,1.2891251635730643,1.3782085585996242,2.28990522043249,551.2570676139053,0.00018860412523953807,0.7213699976397401,0.061296684322337355,-2980.588534626704
51.15766330085924,6.8680090238763185,7615.941546038606,0.004268289450548693,0.033138405550841486,0.22206220582545616,2.123981046377624,1.2872852643150678,1.3780108588538116,2.2931102603033144,559.0609955780733,0.00019084567220539154,0.720769394779151,0.06132379184952744,-2980.6914191163687
51.20860179813572,6.8459105426705875,7572.694239466913,0.004376572389279854,0.033224091099470957,0.22227905262349204,2.1240765666118393,1.2941000453476321,1.3783115176395722,2.2887945100453946,556.8920491912249,0.0001872696959894472,0.7218163893375125,0.060863345341674605,-2980.594071104148
51.17170490442091,6.872911418419385,7608.009770381996,0.004295255473791094,0.0331468432287242,0.22222770874003142,2.123954403213459,1.2889670388091807,1.3782757314061516,2.292406882848402,561.4906649833113,0.00018806054140467238,0.7212174454526886,0.06113067378606638,-2980.8954666308027
51.225361919460084,6.870159778142558,7566.847657220447,0.00437774639355945,0.03340115191023881,0.22201486339492568,2.1244285513308645,1.2916032279072684,1.37845339831114,2.2876624014935665,553.933721325138,0.00018603066616660246,0.7208052375864425,0.060738902115258495,-2980.6732685085603
51.259136040980785,6.859728735983808,7600.650523624236,0.004325005833270183,0.03323766977658595,0.22242809920262896,2.1241242768387876,1.2935974527858143,1.3783256842268248,2.292069571842513,562.1243216113984,0.00018933267763574839,0.7217893256205304,0.060772886044815344,-2980.1468515239676
51.25534450121837,6.874677134714595,7565.520994209663,0.004388311614042827,0.03333659913273657,0.22245900442222055,2.124346566618975,1.296722279799376,1.3785519375841537,2.2879895917723214,559.1866980036458,0.00018587390880370222,0.7225158598962066,0.06060952864550477,-2980.776248065587
51.28113395292702,6.808275502344479,7561.491190890429,0.004485183425899882,0.03317149029584605,0.22313815834780018,2.1254078321506924,1.2966411568430765,1.3791040030451023,2.282132782321317,545.0523774253281,0.00018103086663610006,0.7245501263944755,0.06084141100882307,-2981.479519639797
51.27453717329653,6.7727602690751,7566.72139438764,0.004504966727568668,0.03316562866535275,0.22309388432062902,2.1258115885438023,1.295286037364717,1.3791892172549471,2.2814810706532427,542.9403516246175,0.00018125516658213913,0.7244842598363335,0.06070739290475544,-2981.381481998908
51.276664792528194,6.813672444868754,7570.354123147685,0.004452886718976544,0.03325521152463675,0.22277416468544045,2.1252127185580436,1.2957476321068206,1.3788476862161563,2.284367192981537,548.6723790038125,0.00018399508544163486,0.7233234523382575,0.06069096295423023,-2981.0054167082703
51.269873333857475,6.83175688752949,7609.00881159707,0.004362309696723349,0.03321990473171062,0.22265197988672808,2.125059850899836,1.2913167273014963,1.3785963554176752,2.2887184342972864,551.5544781193768,0.00018736480863029172,0.7226823169386586,0.061005976199293065,-2980.1975483204324
51.257425115532776,6.787922327894037,7576.58505233603,0.004447235331826404,0.03319358087593559,0.2226817632952755,2.125526718724609,1.2937253698659443,1.3788673966105462,2.284107250666958,543.0561218865652,0.00018433970832628968,0.7237581304044041,0.060914506337437536,-2980.792814580849
51.26440510744862,6.860760857309327,7583.671045471314,0.0043685419126685224,0.033272940644828254,0.22215036327603263,2.1248988740390677,1.2934898480971004,1.3784922953389271,2.2878852879288063,552.6083454134459,0.00018651574483799505,0.722853747385621,0.061026406896760546,-2980.456361709581
51.27230855845736,6.845191489498873,7579.957448222736,0.00439514367383406,0.03332275645501509,0.22219647551172214,2.125259093713176,1.292205544278044,1.378654011497059,2.286266320530088,548.0591707710852,0.00018556721602821247,0.7227217665129598,0.06096927367007741,-2980.567351226446
51.2890823333055,6.821700699794725,7596.511914539172,0.004406982640391482,0.03326927493843355,0.22255433352611254,2.1258043502364194,1.2897989824532392,1.3788623694507862,2.285142568670603,542.1139553714946,0.00018481078429415551,0.723188609618283,0.061153729684048114,-2980.4639645505513
51.281920433229566,6.874615419931189,7599.00328401033,0.004356005316457501,0.03336746270529683,0.2220241450517895,2.125536444066622,1.2869161388594692,1.378636712316737,2.286439295261435,544.2307133524642,0.00018535146305817288,0.7217449649071469,0.06135476449367183,-2980.3947004853876
51.281920433229566,6.874615419931189,7599.00328401033,0.004356005316457501,0.03336746270529683,0.2220241450517895,2.125536444066622,1.2869161388594692,1.378636712316737,2.286439295261435,544.2307133524642,0.00018535146305817288,0.7217449649071469,0.06135476449367183,-2980.3947004853876
51.281920433229566,6.874615419931189,7599.00328401033,0.004356005316457501,0.03336746270529683,0.2220241450517895,2.125536444066622,1.2869161388594692,1.378636712316737,2.286439295261435,544.2307133524642,0.00018535146305817288,0.7217449649071469,0.06135476449367183,-2980.3947004853876
51.299115709035505,6.867317181151719,7572.801099225479,0.004398449853995024,0.03343950171023306,0.22186083324939676,2.1256575147026755,1.2886230058919557,1.3786638129508297,2.283825637131307,539.4404633583025,0.0001839899060501311,0.7216941582568465,0.06128952484936925,-2980.823280590708
51.30254374344996,6.844607028461834,7547.307863118911,0.00445090071736552,0.03348228003969817,0.22190026602424234,2.126063525189779,1.2902836819307075,1.3788172583692697,2.280597120993286,534.7620950504413,0.00018204539583140193,0.7221853767234198,0.061154585242711404,-2981.4788896385744
51.316181513415295,6.865839715525809,7551.955068209737,0.004399468973482998,0.03359646963448962,0.22149213691595077,2.1257003410213198,1.2911979083084146,1.3783607259282937,2.2833684071554696,539.5034712539538,0.000185239714910441,0.7216696811901148,0.06113427926330987,-2981.211627624414
51.26968137647171,6.85303399283444,7574.587366857961,0.004363670784966769,0.03347482117363576,0.2213681342534666,2.126224947860832,1.285667502824889,1.3785137548501494,2.2836703049468943,537.8530325328444,0.00018428720520791527,0.7220304000943665,0.06142151308825641,-2980.5932383262443
51.284179651723235,6.815797493245878,7559.402350239585,0.004431212960880937,0.033502510596946034,0.22165717955166825,2.1271029597202915,1.2861182904465636,1.3788679253611906,2.27928397812709,528.4108199156465,0.00018151540596729896,0.72335743716273,0.06140286807567813,-2981.235406933882
51.28543075985993,6.823123479900943,7540.219420505999,0.004431582858822501,0.0336673204595333,0.22122617746055545,2.1273625224329153,1.2839309931989873,1.3788581180160622,2.2777587533723676,523.8516151012958,0.0001804211745963378,0.7226854390704704,0.0613938451293668,-2981.802248321264
51.25616308387495,6.788045491714183,7566.501553704544,0.0044210764650553895,0.03351639708655193,0.22173184268037263,2.1275990442751382,1.2813807429088233,1.3790754513475896,2.2789447588522806,523.6480165392347,0.0001805362194270012,0.7234412577434921,0.061487698999597905,-2980.959210395409
51.30218799803233,6.743979892681935,7568.436564728616,0.00448300616567845,0.0335449502962675,0.22219228035041355,2.128238123096356,1.2808544276120166,1.3793085486845547,2.2757361300761563,514.7130770728434,0.00017984492177291236,0.7238567973731709,0.06149576605745529,-2981.1979174258927
51.30218799803233,6.743979892681935,7568.436564728616,0.00448300616567845,0.0335449502962675,0.22219228035041355,2.128238123096356,1.2808544276120166,1.3793085486845547,2.2757361300761563,514.7130770728434,0.00017984492177291236,0.7238567973731709,0.06149576605745529,-2981.1979174258927
51.356521922814366,6.792067060717756,7550.385392962442,0.00449249807440935,0.0336652464856325,0.2221575802392078,2.12830187167273,1.283549174970947,1.3793781026683216,2.2743637509900836,513.3126413985174,0.00017838636950406506,0.7242878873001761,0.06157706815631106,-2982.4820975856196
51.33330903413223,6.805477824375252,7572.518953545581,0.004424484383173437,0.03362977985278407,0.22184866893188684,2.128040615661448,1.2813935656692543,1.3791041675593418,2.2779037076340583,518.2169205486147,0.00018095167154430077,0.7238468721679006,0.061673202124619526,-2981.244067603346
51.37509184992372,6.798927197735118,7534.502719010968,0.004503077309698464,0.033792667642514235,0.22165988102701187,2.1285341058543326,1.283577004390565,1.3792759495162357,2.2723195899236766,510.2571668760079,0.00017768474816163565,0.7239002677213254,0.06158304968985513,-2983.593260692174
51.343278666575856,6.874114601188726,7563.74741408177,0.004394749731666463,0.033820698271471425,0.22147379041539325,2.1277191142457506,1.2820332929608806,1.378993833361732,2.2794297569288346,525.4948977833485,0.0001816844800362236,0.723119254182668,0.06148255228799669,-2981.9548283726567
51.35792800006584,6.851997946668121,7539.85701098245,0.004470465047587998,0.03385848171954269,0.22183467868618026,2.1281128560371867,1.2862955825489684,1.3793478606716838,2.2757176711279596,523.6157987739829,0.00017862675593159478,0.7243726051788089,0.06115848647847523,-2984.1012296298577
51.33649972349823,6.817330572285858,7549.149917262861,0.004459873082322356,0.03380258412011363,0.22183253602390093,2.128703113201383,1.281734184875084,1.37940064122961,2.2742050675003487,514.8623853223181,0.00017768520124379015,0.7248011964545322,0.06159733751587441,-2983.232649411537
51.390801871674576,6.785724106864073,7564.952046411589,0.0044886375447650085,0.03372809123376702,0.22242835257394522,2.1290509630993806,1.2822438545355963,1.3796037125525138,2.2738671234989822,510.27648451148633,0.00017859621575323727,0.7253056615857157,0.06160222491381173,-2982.7886063682604
51.31542355353808,6.716532316941908,7550.558187745402,0.004579515137223633,0.03363397693666677,0.22246962364362435,2.1300069522409375,1.2772330904545988,1.380171592404813,2.2673029772638693,496.0062454792397,0.00017445552492006565,0.7262008121243678,0.061659246846516844,-2982.8484238617425
51.34693647930196,6.696470088664622,7533.145310352207,0.004630268488909938,0.033612451223985575,0.22261010082819796,2.130160870695266,1.2810638268320234,1.3802310210030626,2.265027937958739,493.23644377428434,0.00017354271274069809,0.7271560612506149,0.06157126828280864,-2983.9556057370396
51.32283365647179,6.679011996533774,7517.427464670496,0.004667135595813926,0.0336480874003782,0.22271293161414674,2.130353347805184,1.2817809717763122,1.3804580830099167,2.2629858254502153,491.8918371944642,0.00017248865620904012,0.7277966609820896,0.06132057037705842,-2984.8579723438083
51.33380250005928,6.726741990344031,7553.3357273510655,0.004559967179083029,0.03364184743422921,0.22268155247954016,2.1297533129318484,1.2808828378648252,1.380112851171368,2.270080453399318,502.0253827131883,0.00017669606933918818,0.7271817954227551,0.06142988595231255,-2982.9974819603412
51.33825907276321,6.783306472841154,7555.5135139389395,0.004523136444015649,0.03369244202746854,0.2224020453590876,2.129015910745774,1.2828066221663754,1.3798326554957314,2.2728814303496376,510.1258373717863,0.0001785807317746228,0.7266207433601088,0.061388256630598055,-2983.0358322715474
51.37879265617167,6.825736089589441,7555.2732838257625,0.004483374476787267,0.033819295474398006,0.22204557172739578,2.1286188570150246,1.284333647801856,1.37951590935717,2.274849479548251,514.270826782854,0.00018056618291350537,0.7257006543211635,0.0613833875859929,-2983.6057924878746
51.37585724227196,6.784375275631323,7561.625987493057,0.004517968647278815,0.033684820665708416,0.22262321104265037,2.1288223207870125,1.2870022717024372,1.379755800819784,2.2749641639917773,516.5413046206222,0.00018021601088486573,0.7269527740862209,0.06110401858069245,-2983.3123026842436
51.3584712247207,6.764724061237867,7564.587963273791,0.004530097205390534,0.03361733961704127,0.22288687466252802,2.1288122986569915,1.2875286603497773,1.3798874374330206,2.275258145132576,519.1657668244783,0.00017985770790626508,0.7273824508387412,0.06094096102384972,-2982.9513692312403
51.40167651882413,6.743030561720353,7543.840024376501,0.004574799911270919,0.03368439906093395,0.22277525667075634,2.129146820028221,1.2899323026127614,1.379846522742987,2.2724202820873014,514.4881486559735,0.00017862883992555615,0.727662896072104,0.060923001707392725,-2984.722096402369
51.35479417753331,6.746341729526776,7575.899751407956,0.00448879117474183,0.03355252359464124,0.2226038121469084,2.1287162160919326,1.287083792967173,1.3795931498584486,2.2775558408212344,521.1303118934646,0.00018159217832507913,0.7272974747502298,0.061047996990503714,-2981.901604605734
51.3323336102844,6.748405842540034,7582.706560793875,0.004474619648586187,0.03349918951075016,0.22263329140925303,2.128490701744802,1.2870907923058548,1.3795775685186853,2.279114073482134,524.6271945509258,0.0001824830238230335,0.727478182633845,0.06099364089937818,-2981.3285641965917
51.317925131849606,6.736236732139968,7574.117705981627,0.004497969944893202,0.033470342842974024,0.22285225097433348,2.128569111549927,1.287953606801105,1.3797075619836359,2.277878448563273,523.8322000711855,0.0001811492223252392,0.7279535832190369,0.060940227756150246,-2981.6645258971616
51.35047019566423,6.667011838186465,7561.904195974812,0.004566935140938316,0.033442737973319966,0.2229958811387316,2.1291809045052115,1.289565296372235,1.379873561176912,2.2744406069073833,516.1469188204002,0.00017973483354880672,0.7289235663965891,0.06083244891771841,-2982.512744667957
51.37282125204579,6.722741199022323,7571.899476468643,0.004516267061406304,0.03345455477434639,0.22279656614515025,2.1286606686450673,1.2902796778220131,1.3797321344705862,2.277482569468573,524.0340755702588,0.000179905006504652,0.7279821894360498,0.06085895835373873,-2982.2500315174193
51.36042956463516,6.711284056284903,7579.422858022629,0.004514557072192357,0.033387074032851904,0.2228343730784177,2.1287893872270964,1.2895168959303847,1.379774502981002,2.2776459224633623,523.5413975881517,0.00017976710507432576,0.7283870359130702,0.0609454875021736,-2981.8405043277203
51.36042956463516,6.711284056284903,7579.422858022629,0.004514557072192357,0.033387074032851904,0.2228343730784177,2.1287893872270964,1.2895168959303847,1.379774502981002,2.2776459224633623,523.5413975881517,0.00017976710507432576,0.7283870359130702,0.0609454875021736,-2981.8405043277203
51.34604784230653,6.625730121619924,7559.184190815398,0.004612513019966915,0.03331495645340563,0.2231670077448821,2.129664639838162,1.2892696308744158,1.3801994553833077,2.271915644103653,511.9011701424704,0.00017603472183671889,0.7295446652508356,0.06090266277239559,-2982.707349167295
51.37850449754582,6.632888767420848,7563.149259505559,0.004600185096722601,0.03338735227142928,0.22306275579159177,2.1296858877957536,1.2883439868674595,1.3801091385237825,2.2722727454947655,510.80067248652074,0.00017670767160897702,0.7288662813781358,0.060987018537144805,-2982.7572515930365
51.34187967023805,6.667808058401604,7575.711244928949,0.004535198776401272,0.033419141824024536,0.22279824069904705,2.1291428333901825,1.2870314658261388,1.3798906150590722,2.2763902540796686,519.0923618710779,0.00017897924227775443,0.7280356351738339,0.06088034636936497,-2981.8342937617663
51.36689160719953,6.672688579749234,7556.367426991217,0.004587141906306064,0.03348320732416241,0.22270748649472671,2.1297130580206427,1.2849894392381378,1.3801166045373399,2.271264078019141,508.15574391979123,0.0001759627716135831,0.7279853197738417,0.061148803035360924,-2982.888920343616
51.350031281518454,6.658764806654215,7557.471889706193,0.004598877694853688,0.033452105683831015,0.22299953495757857,2.129778653549634,1.2858491168887816,1.3802124243828988,2.2711834982643664,508.42601116892325,0.0001756492255966716,0.728511221981368,0.06107815432518422,-2982.955592569027
51.37517430942093,6.660897126033511,7564.034056535842,0.004594215974978622,0.03342255297437347,0.22310087539527068,2.1296975570096626,1.2872143789074908,1.3801689729642606,2.2718591383204965,509.068389691648,0.00017611843111743614,0.728597299358718,0.06113014072995888,-2982.8936476760305
51.35238612205864,6.650345631387935,7560.330410778466,0.004600654786246653,0.033412710814857305,0.22304018159911787,2.12975220368504,1.2864414257439036,1.380151220748326,2.2708977662785497,506.363689874298,0.00017599124248684757,0.728534158939207,0.06116717852217472,-2982.786161655967
51.374040343343566,6.647630184381999,7561.267191061068,0.004612297317741833,0.03339611855580847,0.22326414817378615,2.129675660574256,1.288831738256981,1.3802020626768186,2.2719820917767146,509.95642439774826,0.0001764230955332461,0.7289784177091161,0.06101163928436667,-2983.018386603422
51.37439591007595,6.729768132863949,7509.77904038394,0.004624449144352236,0.03370003209316344,0.22231224084643383,2.1291177254353757,1.290344778863506,1.3800198216439372,2.270257289423722,513.0733209583527,0.00017529403310972042,0.7271429330208949,0.060717079146129165,-2985.7582092676494
51.38860969388398,6.732488340463981,7526.376714723579,0.0045967283549390335,0.03372809898669912,0.2222871092258953,2.129049459855951,1.2884620410439922,1.3799132270734864,2.272085904771905,513.8608985620432,0.00017661741406583008,0.7264541309048063,0.06082545230874419,-2985.0096038791694
51.34617655405238,6.747058331572312,7528.011409629289,0.004581227829937068,0.0336629235049808,0.22214816096848836,2.1287948382312165,1.286783880090681,1.3799303781635062,2.2727018265476238,517.3918500078502,0.00017554555995150187,0.7260679680425107,0.06084724358916813,-2984.0835704863835
51.32897350528821,6.710808835602961,7574.071417733374,0.004536804812021662,0.03349801314993302,0.2224670393661543,2.1291934148350853,1.2830642099528655,1.38005282183895,2.275812541783317,518.4003916706386,0.00017773267082312825,0.7267209370677403,0.060923086951397074,-2981.8527290734182
51.331019558948086,6.74094594168432,7563.932455778779,0.00454493104125307,0.03354873130143028,0.22242671702846928,2.1290115234968563,1.2838689061420028,1.3801183811082742,2.274827381478275,520.169371873539,0.00017593334629426396,0.7263720319828111,0.06089562456223267,-2982.559818244414
51.37209288626569,6.704561928223427,7552.6675356790965,0.004597305559642263,0.03352835812905579,0.2225473313477575,2.12939158515412,1.2860470807409958,1.3802386887333475,2.2721796158970493,514.2833912418118,0.00017480999629057936,0.7270111578401752,0.060899659769649075,-2983.3705030151764
51.34980162475271,6.783127892850885,7563.896376099705,0.004486711852903216,0.03370731254048821,0.22174277806798096,2.1287139564429376,1.2818330591884934,1.3797759471413817,2.276762539327123,523.0156023245921,0.0001775468937603979,0.7244374680170339,0.06094137744386098,-2982.4313981491896
51.29665412110526,6.7622583125755895,7570.90174650482,0.004474369279454403,0.03353811860416844,0.22187295891078337,2.128681612695705,1.2807487339153094,1.3798532109078425,2.277135422086512,522.4741378816977,0.00017700868772971664,0.7251637619336645,0.061100747990341674,-2981.6803596684963
51.27126753663992,6.815733365419305,7580.731981118448,0.00437298105547327,0.03358382651422027,0.2211428144008344,2.127807791744636,1.2804140129758175,1.3792847429614934,2.2824337328574904,533.8736833900163,0.00018052145622855832,0.723795004811478,0.06115374434953583,-2980.9259927444427
51.26663127754641,6.832908154185887,7575.373329631409,0.00436551074080944,0.0335670855305245,0.22126511398123036,2.1271056747087718,1.284534511899773,1.379121611240142,2.2847958499664247,543.0708416612429,0.00018209289487901498,0.7237923518791755,0.060864183398604235,-2980.8838771479427
51.24995585006073,6.846362882609483,7542.6005501153395,0.004391238542437009,0.03366145132970197,0.2208113012330361,2.127017917366543,1.2849160384115166,1.379157156171863,2.282516977253656,542.1232095588296,0.00017979125468192377,0.7235464937544122,0.06075665762362475,-2981.797884513148
51.24642289852589,6.834842370371035,7532.73103974736,0.004415829380311299,0.033689635666807084,0.22093232831031806,2.1272319918460525,1.285401369973789,1.379285680399413,2.280883859972078,540.1685119946469,0.00017852574448128846,0.7240271278085789,0.060684476335322486,-2982.3136720198154
51.1796225934002,6.808624665681744,7525.796234731612,0.004436742382286365,0.033622060049302835,0.2208673020036922,2.127391677028005,1.2830608273398059,1.3795244244659917,2.2791917099916144,537.5390236000782,0.00017664562267676737,0.7242939798565893,0.060660284582201865,-2982.2079916482107
51.175098712589296,6.784384331610013,7547.977127767657,0.004420032447627802,0.033429685400294194,0.22130614014094915,2.12723096331052,1.2838797449599606,1.3795233939626783,2.2814541668657347,540.2925368369672,0.0001779622185184909,0.7254629542905714,0.060786273582060325,-2981.436108172616
51.17583895678519,6.7434529517091875,7585.53659649107,0.004400554171872759,0.033267911248155306,0.22184466685552784,2.127868597688267,1.2799574793758999,1.3797106595359674,2.2819497865944243,534.8896422392588,0.00017821031836080854,0.7264435052991949,0.06112232368091275,-2980.8749362812055
51.178396178284444,6.7381040328432285,7573.543552356756,0.004430881038658586,0.03333718219421363,0.22190227684644556,2.1280090050476543,1.2807442320806652,1.379812908830088,2.280436830386613,533.8094422182104,0.00017695414441592684,0.7263928268232355,0.06094200299357152,-2981.1525568765646
51.187774653978074,6.748860627001935,7576.611877711012,0.004429657953684138,0.03334495109548866,0.2220308854498054,2.127867064828929,1.2813813163943424,1.3798313474195383,2.2809636283033905,535.7666382132306,0.0001771792299544765,0.7262497674607963,0.06086702806240877,-2981.1311010300647
51.226772388810794,6.734914902417291,7578.711641896971,0.00443896677054206,0.03333499901333437,0.22204119276986176,2.1280622128796214,1.2822879479050895,1.3797690950237422,2.2803609558066356,532.9365022518064,0.00017730369724524266,0.7261895343469997,0.06093961049306846,-2981.1947797913454
51.218014330112084,6.681070987758549,7571.7630214963765,0.00448419978484506,0.03325613607673642,0.22255938147435816,2.12843314077925,1.282479178662435,1.3800529922864464,2.277947063036513,528.2547811730436,0.00017461565564059586,0.7271719225962034,0.060946899511833186,-2981.582154548488
51.24027805690975,6.692564258925451,7572.916352127814,0.004472541644980407,0.03335805753455081,0.22224827145014028,2.12858468065667,1.281448050517842,1.3799363253355896,2.277645778562709,525.0080588358511,0.00017603321661287973,0.7270595749699312,0.0610585627791652,-2981.394796274991
51.257174398236614,6.685872230796104,7580.922364156928,0.004476899873830196,0.03344482996463517,0.2223024065522328,2.128619085266245,1.2821674945876036,1.3798722606839657,2.2784283855269027,526.9882491081596,0.00017773016139498385,0.7266504120330521,0.060840330594908655,-2981.2949495104317
51.2161535472802,6.740864158930414,7580.436356918584,0.004425267275080015,0.033551925077774394,0.22175735193353277,2.1281731345245234,1.2793669440371325,1.3796965146565217,2.2803597460694522,531.6878123322927,0.00017842982890549795,0.7254336285376316,0.06086758310691022,-2981.0908739302827
51.21284500681588,6.743949400711621,7576.834570980773,0.004436407337870054,0.033524523850258905,0.22190107332323164,2.127989655425331,1.2806801494363556,1.37974062434364,2.2803715243725686,533.7095093959927,0.0001774151765793598,0.7255737376911395,0.06085332776826214,-2981.3400561725043
51.21677424613785,6.759790928041191,7576.53331933049,0.0044190426592028475,0.03356960562682342,0.22172367200038562,2.1278320870717766,1.281086945646591,1.3796392872179482,2.2815082989005986,535.6527543069392,0.00017858040686464312,0.7253615938064834,0.06081101957481093,-2981.2571227264434
51.204744290159574,6.732470339667074,7583.536598411196,0.004434425597132671,0.03347896314480594,0.2219791679397367,2.128280539789662,1.2793140934946616,1.3798134352089986,2.2800247326527296,530.1743025215753,0.00017773440166019106,0.7261221025150965,0.06098127323865091,-2981.0452591659287
51.1641868183101,6.696993543423229,7581.064259736644,0.004476301781356253,0.033326943748187274,0.2227548059274941,2.128339683770181,1.2826734807240672,1.3801403838583766,2.280046572814684,535.4781783992313,0.00017590461090740024,0.7279215716347964,0.06059365154826315,-2981.2515681904133
51.177972536777844,6.6575860025235905,7531.20613165625,0.004614977756481413,0.03336289064828774,0.22305054157002988,2.1287176754915134,1.2882625325409032,1.3805194998538335,2.272795888987969,527.9204480465637,0.00017145482667401624,0.7290603988745363,0.06021881139087171,-2983.344340790878
51.281356658832294,6.754484320803595,7546.998692029811,0.004529770904490115,0.03356999216447218,0.2225925567165431,2.127960534269593,1.289434540920051,1.3800344493136674,2.2772947854597665,534.4853603557797,0.00017594101148841833,0.7272682047161618,0.06036875006753344,-2983.3483359695124
51.300575724425684,6.725950190336018,7575.12180248416,0.004510480179154796,0.03339352789326672,0.22279885112549963,2.128240516495924,1.2870073447339458,1.3800241890235887,2.277373292990236,526.1109458377844,0.00017651486092562803,0.7281745249773469,0.06101253980038514,-2982.1027333786865
51.32443932889429,6.730450074560899,7574.28680888819,0.004511368402048984,0.03344071605986691,0.22272433019891988,2.1282337553703616,1.2876359405990874,1.37993851638725,2.277732335958965,526.2228436490102,0.00017735301033980436,0.7279805231555444,0.060981953676879835,-2982.2630698722596
51.35129297780269,6.752374490862781,7578.202680282355,0.004483789516438514,0.033490250983159144,0.22261245766199447,2.127944125918548,1.28882162617536,1.3796890505756139,2.2793032755712854,528.3362181038502,0.0001792831596339988,0.7275209959805548,0.061071350631510056,-2982.2212591476705
51.33276044500294,6.817382290244893,7553.250641506835,0.00446116831955264,0.033727408363348775,0.2222815024370292,2.12695549247579,1.292510404150993,1.3794500775720806,2.281704702429745,542.9653091721203,0.0001800433857239877,0.7259275255568338,0.06048114139620854,-2983.768705491877
51.32162728178878,6.763860240254068,7596.861985425994,0.004431433019515935,0.033479034528519684,0.22282660221169243,2.1270809171989637,1.2902454322979902,1.379473521772419,2.284598879076211,543.5438808781088,0.0001818376493828984,0.7263978869092721,0.06067972139862699,-2981.2696851589817
51.327388757364204,6.785422955922215,7597.414307161163,0.004419684433889592,0.03354328572499428,0.22286685742390253,2.126857446366552,1.2911333345987073,1.379431799792597,2.2857140407712935,547.9634099515018,0.0001824430228241757,0.7260987327184991,0.06051342604194213,-2981.4469023849997
51.38255749794523,6.8027269980793506,7601.5313439217725,0.004421952851815363,0.03357640724874009,0.22294792764820018,2.126816080009089,1.2930285503076233,1.379407980736199,2.286484688435216,550.2942727572497,0.0001832382606294892,0.7259021246898638,0.06046240482212689,-2981.7426295689634
51.39009935685265,6.799553039054818,7582.945506901819,0.004459925376367558,0.033657501493960414,0.22284458156732279,2.1270776643744274,1.2923946364959369,1.3795544500659331,2.283720141036497,545.3014794949682,0.0001813570453439008,0.72556909619427,0.060406284508060015,-2982.691142482518
51.349335305731145,6.761822157854475,7602.754935924033,0.004444025197847253,0.03348144764702289,0.22300256106187394,2.1272744583690155,1.2906134128830409,1.3796180079623601,2.2849230541504877,545.255483686055,0.00018138061476523622,0.7263411341139936,0.06054492983732058,-2981.383962271422
51.356061925962784,6.808530167333309,7614.4461930232155,0.004365065392909452,0.033544328701847245,0.2226493296946851,2.1264915177242285,1.2925573599957085,1.37921307717258,2.2899872567895914,557.6747385155655,0.0001843606144103014,0.7255644776889034,0.060393111522116384,-2980.9824715645655
51.356061925962784,6.808530167333309,7614.4461930232155,0.004365065392909452,0.033544328701847245,0.2226493296946851,2.1264915177242285,1.2925573599957085,1.37921307717258,2.2899872567895914,557.6747385155655,0.0001843606144103014,0.7255644776889034,0.060393111522116384,-2980.9824715645655
51.35304239247377,6.819661492898547,7595.792695691119,0.004381677475556497,0.03363170521096663,0.22267217192137098,2.126380989348066,1.2946950365090344,1.3793616440092304,2.2901566594203384,565.1549301276973,0.00018250099940808067,0.725427015618347,0.059907160542686,-2981.981106349434
51.367506173727506,6.74630689268589,7614.477489938277,0.004416747509298295,0.03343383559670856,0.22321079454715503,2.1270048468473375,1.2950379146714712,1.379531338994958,2.289116513383042,556.8610472961251,0.00018296017434284243,0.7272204173087571,0.06012625397563516,-2981.250732124845
51.37614001009718,6.755024008755896,7613.221953519102,0.004407493756020212,0.03341750318572354,0.22317972303974365,2.126773712959821,1.296608486819089,1.3794481132497947,2.2899100382800093,560.1194160631685,0.00018308315355667726,0.7272573019912465,0.06012404747947918,-2981.3378604899112
51.40851010481043,6.755161732813956,7609.178019003299,0.004431166881932616,0.033435767715079515,0.22330557014630031,2.126934611055596,1.2972822042401109,1.3795343565882565,2.2885796581154163,557.4629000526721,0.00018203672709475854,0.7271956952525653,0.06014706437347266,-2981.825664441144
51.442406629232586,6.783208530589743,7581.701423618477,0.004446368146139889,0.03352331362191522,0.22280921675065954,2.126616023694372,1.2998197464769252,1.3793232326302596,2.2874812072031947,556.2241349531466,0.0001826993778586281,0.7266654633682678,0.060180040783091436,-2982.83320699582
51.39903401835982,6.802803372817539,7594.0514823641015,0.0044211682690018924,0.03356058669741504,0.22251462683567086,2.1269411601507113,1.292114271228774,1.3795022554541136,2.287019860478546,551.7495731473241,0.00018202489017576492,0.7257324555993333,0.060423340848436737,-2981.768088834602
51.39898590825289,6.735209140072147,7597.1507403327105,0.004472757609711694,0.033434506521507514,0.22289890779544988,2.1275834188549805,1.2923368374563458,1.379748050417283,2.284677207561651,544.5433006805029,0.0001807064411073505,0.7272418639013489,0.060453344147035216,-2981.7488531842623
51.38804556561986,6.716252804633211,7594.219882950061,0.0044914150632823,0.03344201724036993,0.22316613392034382,2.1278874101651604,1.2910031433768658,1.379908036762961,2.283393757539062,542.0188459646004,0.00017972376160897035,0.7272741375469007,0.06035131231225917,-2981.774493968895
51.408630649264154,6.740417199146535,7591.579304482812,0.004481115439609666,0.03357752628350891,0.22297306957735546,2.1279494737805873,1.2892116558493865,1.3798492819766763,2.2830296568525297,539.4487027228702,0.00017974560497980213,0.726662816868462,0.060477316877651725,-2982.2336231961776
51.41598772574023,6.781577008989352,7572.444200657716,0.004462857284924223,0.033873822050852084,0.2222769024016893,2.127956938827085,1.2878454157068309,1.3796350552039964,2.2830648812910255,542.890369312612,0.00017989674407136732,0.7248403991472927,0.06012542030656261,-2983.6546096096504
51.41657923211472,6.772732491935532,7596.425458801135,0.00442883269385701,0.03374843152745083,0.22246103827136893,2.1279358252037275,1.2871641330087527,1.3795160056671216,2.2849623323298736,543.4335035385541,0.00018166010103736315,0.7252224586083755,0.06035899043580995,-2982.1558155132725
51.42724749176237,6.87333736919544,7587.586444454279,0.004369179953274131,0.034020313267879645,0.2218245382775298,2.126810021825798,1.2901527104940036,1.3790179986576379,2.288613883922793,557.867774289363,0.00018487183304118914,0.7234809039575494,0.06005937844782701,-2983.5637775519353
51.422772676686385,6.833028446582983,7580.732693922249,0.0044180996180703,0.03404999234045559,0.2217759748302457,2.1275134943136047,1.2874758080841038,1.3792397557499423,2.285318100503175,547.7815673554713,0.00018356906304089912,0.7237677406415007,0.06012651711439485,-2984.0598814154464
51.42025696862835,6.794490793958779,7604.158380316361,0.004417769140468993,0.03386443579391316,0.22237453971923943,2.1277215083147123,1.286981132452024,1.3794190937990851,2.2861784016674447,546.8072504032646,0.00018365063680604498,0.7247519151643113,0.06023956166667198,-2982.439313716782
51.41947773980965,6.773822824297419,7596.260891743594,0.00444344482797866,0.033885264019717413,0.22237939458600178,2.1279534967521743,1.2871987392212547,1.3794551435694045,2.28483112083111,544.0432605534152,0.0001830777810520575,0.724897681444296,0.06018587575952852,-2982.9506751775602
51.46286271063119,6.786229592457865,7598.19177753485,0.004462803103496471,0.03387922383481156,0.22246357505831302,2.1280673423669754,1.2874985638120378,1.3795661502209218,2.2837321101874046,540.7861024763089,0.00018239514094785472,0.7250670280297189,0.060294332664797806,-2983.3401814440253
51.46286271063119,6.786229592457865,7598.19177753485,0.004462803103496471,0.03387922383481156,0.22246357505831302,2.1280673423669754,1.2874985638120378,1.3795661502209218,2.2837321101874046,540.7861024763089,0.00018239514094785472,0.7250670280297189,0.060294332664797806,-2983.3401814440253
51.47981034409236,6.750553892399328,7587.848645843411,0.004517181306973129,0.033823695083269524,0.2228170558937679,2.128544321871098,1.2884129598691072,1.3798609905438048,2.280695630449949,533.9805215690021,0.00018006572397542446,0.7260318827649417,0.06033645418191034,-2984.111713523345
51.47272223847886,6.86652605029467,7609.486975464025,0.0043791092063957485,0.033899843493752156,0.22224087503586784,2.1271357869628735,1.2887624077673636,1.3792784280597754,2.2885990433687384,553.4106711493445,0.00018493210899329368,0.7240345514134349,0.06033618686304574,-2982.5046751264517
51.508873185788126,6.919848456285305,7597.376325966528,0.004372559599704292,0.03405079173435994,0.22203934619753868,2.12702534408076,1.289217354327048,1.3792255104508626,2.2879937524057086,553.5487312231456,0.00018378685451329678,0.723237007058162,0.060369132564629086,-2984.0279975553754
51.48089121228861,6.894556919037644,7597.936376417178,0.004386422489747873,0.03402063167641927,0.2220333787334084,2.127381756316251,1.2867356606751856,1.3793467017745407,2.286605493623763,547.7728026907173,0.00018330725412833818,0.7234272183579543,0.060458983144427374,-2983.496787869199
51.499465252362214,6.891858740989175,7603.699483891183,0.004385379940422058,0.03398994206063901,0.2221781631450496,2.1274783828327877,1.2863240887416438,1.379407999278968,2.286644629783276,545.675330841624,0.00018333965217627886,0.7236817273347138,0.06062569958451965,-2983.275805747449
51.516714584994524,6.856304665914628,7581.555693325541,0.00445617130432908,0.03403434920970147,0.22223152693772621,2.1280318349328153,1.286254051593906,1.3796587582385489,2.282395675294511,538.3358304695337,0.00018068434944339546,0.7236051700000803,0.06053550835211324,-2984.653282478965
51.48273608137553,6.815725002999102,7578.196809940378,0.004498119154705749,0.03386649774163766,0.22267316647614244,2.1279504971301355,1.2891790583395144,1.3799277939163617,2.2821468370010516,540.7760324037745,0.0001802557524096715,0.7251548813623643,0.06024262242218885,-2984.205904745357
51.49008371371938,6.802364902190636,7562.296892220728,0.004531376406020435,0.03389244467733121,0.2227349279576447,2.1279159042964997,1.2917032207799402,1.380028847003092,2.2816808291582076,542.8896295666061,0.0001798646563767304,0.7255075346026385,0.059958409089964707,-2985.3108348123924
51.498227664440236,6.731524777066436,7590.940269489209,0.004574485543007875,0.03371166504842602,0.22349217674156766,2.1288994798969387,1.2888603941267678,1.3804957263961108,2.2799823123419767,533.7413181503514,0.00017924343885412607,0.7271343956827301,0.060098798418260074,-2983.7983305950356
51.461318932626206,6.7316337352299875,7579.7495765835665,0.004591627381265346,0.033720028652381356,0.22347847683989847,2.128831566303451,1.288682323035139,1.3806555761233268,2.279376788123943,535.6905378634103,0.00017821011338759572,0.7271203113621459,0.05989599348853602,-2984.016187995848
51.401026245584454,6.81355177635087,7585.54339465384,0.004474938296934674,0.033844261057860474,0.2225221974700563,2.1278870898343163,1.2858766063450102,1.3800694660496227,2.2846706846724762,547.9324389023599,0.00018178377802158062,0.7252916693332293,0.059976364211311695,-2982.763682328286
51.41986982767315,6.777277696579215,7578.0868854722485,0.004532362026295451,0.033811148805897334,0.22287494933137547,2.128134958251378,1.2887166222010789,1.3802114405722752,2.282803792171594,545.581098195001,0.00018136799689766984,0.7261212293487495,0.05978285930897252,-2983.5762535063764
51.439209376433496,6.756583860630311,7592.729246959356,0.0045146572104867244,0.03375069661175214,0.22277440585468813,2.128536612557016,1.2855354075924712,1.3802185705587817,2.282495142770709,538.5828365830694,0.0001812090009621576,0.7262982208576686,0.06019826265674751,-2982.645504310601
51.40100914528712,6.697142634203178,7588.159369989143,0.004575412182819337,0.0335991921361184,0.22326096450674238,2.1290785924466995,1.2847817950388383,1.3806235258342239,2.279364266153492,533.0070872769277,0.0001779761532979108,0.727499795243751,0.06015398629041972,-2982.4843289816017
51.42131643700283,6.629258183903975,7572.797359402621,0.004666182361226626,0.03355357828335498,0.2237422591975498,2.1297842068515767,1.2861926180068532,1.3809613648956351,2.275051248223952,523.785905986069,0.00017576004060979145,0.7286674692911399,0.060070993084451414,-2983.5295493127514
51.40844017691293,6.67593527798277,7559.099592293165,0.004637468552001868,0.033673751112426126,0.22324475883360342,2.129329541486145,1.286937449657805,1.3807464811263868,2.276703505849487,531.1526945183225,0.00017653682649436357,0.727786286858912,0.05983070478481453,-2984.0612455838223
51.41497328744403,6.623597114289133,7557.500862584904,0.004705068647647181,0.033643410679388364,0.22374683889867453,2.130053249038742,1.28577947585172,1.3811286564314678,2.2729951785218967,523.0494434761456,0.0001746426273244342,0.7289400245743032,0.05976598339481158,-2984.6270380864325
51.38851643624912,6.603761338430957,7563.622309343102,0.004699170941823168,0.03353010327421207,0.22391816786046606,2.1300705211120383,1.2851827111162408,1.3811787584898736,2.2734802813589,522.7772212783644,0.00017412940173661755,0.7296928024295457,0.0599053560256218,-2983.7986679904434
51.40846382009891,6.631127447282484,7556.506444341989,0.0046890423376253956,0.03361272320304115,0.22375439374915548,2.12995594521045,1.285424326454093,1.381075634071746,2.273376357081916,523.2954911471805,0.00017433746921797003,0.7291615507678442,0.059940726611343795,-2984.3758958009576
51.39504323809332,6.62050267053263,7551.673893978985,0.004714587361294581,0.033597337660254425,0.22400081393473745,2.1301266390862725,1.2855512906804094,1.3812302615473162,2.2715248011306537,520.8652058926851,0.00017243528427560593,0.729891896613134,0.05996770921689454,-2985.0144323372347
51.38729223000038,6.641074106913305,7577.729929641482,0.0046438591307835205,0.03358362279317385,0.2237254804888984,2.129853996848233,1.2835127156797204,1.380900492606636,2.2749967531246176,524.1730687449075,0.00017493858869174775,0.7290911996042904,0.06021318492585455,-2983.446487079638
51.38171907435146,6.67199917607228,7578.891525690437,0.004621177149762485,0.03360703429710702,0.2234897759586972,2.1293984876453074,1.2844537695238731,1.380730686241128,2.2769392164285245,530.4702946710248,0.0001764262504411937,0.728506442764498,0.06010198399092398,-2983.2071686139425
51.38171907435146,6.67199917607228,7578.891525690437,0.004621177149762485,0.03360703429710702,0.2234897759586972,2.1293984876453074,1.2844537695238731,1.380730686241128,2.2769392164285245,530.4702946710248,0.0001764262504411937,0.728506442764498,0.06010198399092398,-2983.2071686139425
51.400002187561824,6.725972044576178,7573.939487209778,0.004576828436473586,0.033740381175151817,0.22312781503398846,2.128817452135432,1.286005668218752,1.3804767027071423,2.279448940725848,538.1397210118321,0.00017761430407819455,0.7273902907044855,0.059979444607748525,-2983.8239108247644
51.39938811701705,6.69029348004803,7587.743972655913,0.004588601612909057,0.03362272640731149,0.22342816036118102,2.129379630821532,1.2834243249743031,1.3806736423292545,2.277941176476268,531.2776417783202,0.00017584926188556827,0.7280925717582323,0.06032139733563222,-2983.0722098620777
51.38317721332014,6.735915553929576,7597.270151799271,0.00453798333673302,0.033620659194687576,0.22326273689559442,2.1288234558829355,1.2835471524596431,1.3805092865443243,2.280872230080469,539.7402724340066,0.0001769821028143141,0.7274986058924687,0.060277020589088695,-2982.423751041001
51.387511438203575,6.776323404864378,7584.8592145896955,0.00455246305200066,0.033689253351420666,0.22332795722413282,2.128457622262527,1.285826416684134,1.380587597681625,2.2809465764542294,545.7536951605126,0.0001763000040864036,0.7272087905137046,0.05993223734070208,-2983.290668342434
51.40841394258774,6.698560647670821,7580.907561911379,0.004648469210841901,0.03359972035758948,0.22419134713780475,2.1293735220954915,1.2857028672162922,1.381166452921266,2.2762769709917254,533.8052162666711,0.00017288566588225757,0.728937661774826,0.05994042683096156,-2984.130085030881
51.419868314815204,6.691063640501987,7571.828977723528,0.004667450888230842,0.033563397946438187,0.22426503259518957,2.1293469775978386,1.2880823026749606,1.3811881047643464,2.275732150701078,534.2941227960765,0.000172476239094019,0.7292827874858163,0.05987032844054459,-2984.5403303997027
51.46724085551395,6.729188202223494,7581.70887923732,0.0046317932751228415,0.03360148928684346,0.22408416250215715,2.1289544604385116,1.289947329277164,1.3809321841756002,2.278326383859387,538.2762578233747,0.00017494923402507792,0.7289441607401154,0.05995076643969562,-2984.545931463031
51.45348484203593,6.773289910253432,7608.878017361518,0.004543511942967487,0.03357982988580088,0.2240290284453258,2.1281963710859255,1.2899824597741416,1.3806549084138093,2.2841467257290002,551.2281377101382,0.0001784844441799444,0.7283156696139992,0.05987437627983736,-2982.8445545372338
51.446325450673676,6.851271959694095,7607.034504172853,0.004474087976567339,0.03373810665605445,0.2234493713047938,2.127408618502984,1.28914128780033,1.3803768618436794,2.287854601540409,562.9354165276941,0.00018036009276521607,0.7262591344333691,0.05965348201779878,-2982.63357413878
51.44637370075086,6.903907226263684,7617.834606475917,0.004412595622929002,0.03380838852638683,0.2229739013711097,2.126901172894023,1.2883266320796065,1.3801015469866882,2.290840630341492,569.9886156580666,0.00018255660363887094,0.7252082601582269,0.059629673428815366,-2982.075085742804
51.44637370075086,6.903907226263684,7617.834606475917,0.004412595622929002,0.03380838852638683,0.2229739013711097,2.126901172894023,1.2883266320796065,1.3801015469866882,2.290840630341492,569.9886156580666,0.00018255660363887094,0.7252082601582269,0.059629673428815366,-2982.075085742804
51.44637370075086,6.903907226263684,7617.834606475917,0.004412595622929002,0.03380838852638683,0.2229739013711097,2.126901172894023,1.2883266320796065,1.3801015469866882,2.290840630341492,569.9886156580666,0.00018255660363887094,0.7252082601582269,0.059629673428815366,-2982.075085742804
51.451935302303546,6.910201176716484,7626.261967255157,0.0044024481414563065,0.03374358848953993,0.22306904542063866,2.126632244112817,1.2898617270245718,1.3800656631318229,2.2924126201589847,575.2104017979954,0.00018396712702345184,0.7255626055631405,0.05953820488200597,-2981.5682239253756
51.451935302303546,6.910201176716484,7626.261967255157,0.0044024481414563065,0.03374358848953993,0.22306904542063866,2.126632244112817,1.2898617270245718,1.3800656631318229,2.2924126201589847,575.2104017979954,0.00018396712702345184,0.7255626055631405,0.05953820488200597,-2981.5682239253756
51.40748031329491,6.8095893873211715,7610.348361019629,0.004513448766662202,0.03351170536914449,0.2238921433411514,2.127414700172711,1.29137849851349,1.380691792537033,2.2877324543520223,566.3613634715441,0.00017936710108273245,0.7281001523923483,0.0593493958534644,-2981.958807796008
51.38291489636086,6.850123765228108,7597.326550162894,0.004494835278162831,0.03369323520038803,0.22328529056926766,2.1273466307404445,1.2886052665588599,1.3805840398973772,2.2871594796661108,566.6707721454494,0.00017889565189077705,0.7268150473109454,0.059242390364066526,-2982.511230549184
51.33443361796577,6.828117186041055,7630.165277121094,0.0044550417527761685,0.03338659207584212,0.22364603718555148,2.1268595713766594,1.2898083353822805,1.380563486779815,2.29106883200477,577.23881561719,0.00018063692303189543,0.7278430733375502,0.05913846841213809,-2980.6463144619806
51.34392524505545,6.853894694015327,7629.045842670399,0.0044451418620800745,0.033516414736999435,0.22366985009218093,2.1266441195042063,1.2908883422428443,1.3804940941826953,2.292401526632288,583.0810310344822,0.000181881003923112,0.7271542944951231,0.05881488083005662,-2980.833131386287
51.34365759667491,6.800858040062728,7629.722189717619,0.0044867721234645615,0.03340586284876218,0.22409161313044196,2.1272797016119567,1.2893114434096558,1.380767682619135,2.289858422089056,572.9148051225102,0.00018028759157435382,0.7280217265160834,0.05900073931027266,-2980.7030861723283
51.35644850358773,6.842469423360328,7626.547370835644,0.0044412521752447325,0.03348122052961743,0.22371029093338823,2.1267372122169013,1.2903388144403736,1.380468049506463,2.292128220978708,578.814686204625,0.0001818048371011749,0.7271293622308208,0.05900714700760571,-2980.674008092337
51.3788558433736,6.865863484952328,7625.314269037495,0.004428139274751233,0.03358600414585905,0.22381916717696024,2.126652478305739,1.2909024385059558,1.3804355913725885,2.2927114255361953,581.9099841922691,0.00018191023015137544,0.7265392259791047,0.058849160212337076,-2980.994968207816
51.39191786593423,6.85414324613161,7623.468570626277,0.004443334803779194,0.03357119793307786,0.22381572133141858,2.1268320443971764,1.2910270233151095,1.3804408326118984,2.2918920963493647,578.737806146523,0.00018173298834179617,0.7268049927238722,0.058922507575748885,-2981.0972137739914
51.37457882937543,6.902877759146566,7637.113267510562,0.004375184339250044,0.03360726706505057,0.2234680676760499,2.126218584524028,1.289987255725215,1.3801968229208283,2.295441311650494,587.7143687573729,0.00018416144358789844,0.7258320097768838,0.058913466773557015,-2980.36896726231
51.37457882937543,6.902877759146566,7637.113267510562,0.004375184339250044,0.03360726706505057,0.2234680676760499,2.126218584524028,1.289987255725215,1.3801968229208283,2.295441311650494,587.7143687573729,0.00018416144358789844,0.7258320097768838,0.058913466773557015,-2980.36896726231
51.38205755848935,6.899473095302103,7634.417029558655,0.004381231901633826,0.03368980036421499,0.22334932285150408,2.12638195965284,1.2893376410619135,1.380239808727624,2.2951038644731065,586.0607984321764,0.00018460020819033112,0.7256473037847913,0.058804853347816204,-2980.5724543466945
51.37386317304905,6.8993584060205535,7637.738748404651,0.004362631996689852,0.0337119071024712,0.22318942354683108,2.1263410182956064,1.2887191768213562,1.3801415695590478,2.295834581749462,585.9281006983199,0.00018561195868057015,0.7252957708269314,0.05883547379740425,-2980.3380862280997
51.37386317304905,6.8993584060205535,7637.738748404651,0.004362631996689852,0.0337119071024712,0.22318942354683108,2.1263410182956064,1.2887191768213562,1.3801415695590478,2.295834581749462,585.9281006983199,0.00018561195868057015,0.7252957708269314,0.05883547379740425,-2980.3380862280997
51.360408941106826,6.884050855132514,7622.912895692641,0.004396363721811225,0.03374737216298783,0.22324724936251425,2.12640064459949,1.2907820768799962,1.380190255504799,2.2943530983307534,586.0602807987718,0.00018427776596505616,0.7255007538277656,0.05861851569681134,-2981.157879074253
51.31966993027365,6.876491754941682,7621.8213118057565,0.00438842016753182,0.03367039703515081,0.2230817135114146,2.1260209147209377,1.2911045427313756,1.3801096926870824,2.2950258528692133,588.3942226969407,0.0001848597523536823,0.7254533454089627,0.05863099160723637,-2980.680908205979
51.3246512602684,6.862071853044604,7623.134295435816,0.004397141238838138,0.03370545727910675,0.2232259600717152,2.1261829152338545,1.2913195857237867,1.3801448531808778,2.295133698574425,590.4014857582151,0.00018538084491568407,0.7253854882558441,0.05843736416459303,-2980.721653574581
51.33795877661783,6.86853807751946,7608.0528232425495,0.004423842644046797,0.03375104821735226,0.22333288091268677,2.1259094810851327,1.295490319823188,1.3801495571046192,2.294535794051982,591.5435277910652,0.00018531869371194546,0.7257698594790232,0.05825521249113924,-2981.799700299333
51.36356093603617,6.839236243782551,7629.400992570696,0.004429515783899152,0.03354566790536516,0.22391460483501144,2.1260897698640644,1.2963446374683056,1.3803038309870812,2.295250325889077,590.436973090662,0.00018541130864590478,0.7271188971313081,0.05847340615636806,-2980.8691046634485
51.34588269593814,6.807555775335924,7601.827726623144,0.004499642420598386,0.033492970786820925,0.22416008621629396,2.126028818580666,1.3004922702291324,1.3805445625929793,2.292964336530982,590.4999551680336,0.0001832046840635614,0.7280486286643016,0.058103893677296466,-2981.918796667652
51.332162703104544,6.780006205044138,7592.844175315859,0.0045490955325271625,0.0333419137169302,0.2247061413346036,2.1258709261635143,1.3048357860364712,1.3807672066889443,2.2926771087378786,594.9593152392923,0.00018200204720028378,0.7294796673013962,0.05778431040046224,-2982.167270009848
51.28814789985126,6.7368056403253895,7591.196988416717,0.004585869658351481,0.03324345345108918,0.22479644882118546,2.126118350849201,1.3036557850001036,1.3809483232307245,2.291344045150642,592.1890622757663,0.00018090489509064257,0.7299912503542297,0.05768997611545111,-2981.8299179628693
51.28849572498875,6.651368391496703,7623.580763592514,0.004623363676917602,0.03300860106316726,0.22557370279580202,2.126985673786933,1.3012079786648423,1.3813971181499647,2.2907047249202463,584.1512635153447,0.0001804270218856071,0.7319858525193147,0.057815033361279196,-2980.8842962608987
51.30656237281808,6.615887329765826,7633.285552458061,0.004649825033751723,0.03283390870833207,0.2257846464083367,2.1273951700163267,1.2999071791166656,1.3815819809538294,2.289031933562401,575.6086112534856,0.00017891296236068922,0.7326833183371004,0.05817705465233264,-2980.848158744981
51.30462050967489,6.496281585885896,7596.219490652293,0.0047966517209553665,0.032705056527125465,0.22646574458022592,2.1288632326489223,1.300923709968271,1.3820653386179873,2.280265186874434,554.7099068849848,0.0001732191769314435,0.735192694801704,0.05831726326212757,-2982.027291205445
51.301279770108025,6.5592067944736065,7612.937334769196,0.004701204855910757,0.0327581730727636,0.22596304134322945,2.128154968624939,1.299307236494974,1.3816936567860334,2.285022939546395,563.0024525509206,0.0001768975939608796,0.733914371397365,0.05844964077310562,-2981.1477789995856
51.28424788508107,6.654095021519378,7580.058114020067,0.004643440082119328,0.033009724587040296,0.22525201358412789,2.126993046427789,1.302161038615452,1.3812426773790434,2.287429411673697,577.093781126478,0.00017778159388215687,0.731684917720971,0.058144373932462946,-2981.6954459566055
51.244196908517935,6.706999721397889,7561.298575633808,0.004614539242885279,0.033147462537643994,0.22447447651247784,2.1263675581563604,1.301617545583904,1.381104735362726,2.2890453015350847,587.5232338888782,0.00017798357867528547,0.7302556791426348,0.05775232752134644,-2981.926129266938
51.24885097351138,6.766372265445007,7566.990745871138,0.004528761450391345,0.03330033835177192,0.22396379888319817,2.1259676794610085,1.2995159209716594,1.3807588809838003,2.2923833879280178,594.7589813538714,0.00018014556429443205,0.728830826680875,0.05774940590526205,-2981.492075877285
51.24276227205099,6.651052748282126,7570.845457649563,0.0046271686809475215,0.03310837123293806,0.2250073051183838,2.1271472607407222,1.3002164819859474,1.3813687454197696,2.288683432097957,585.2399506862099,0.00017655695596566158,0.7313746121275175,0.05756429396647338,-2981.820195282629
51.18706258503501,6.601837554352695,7627.490010524565,0.004551778449300979,0.032880030422117165,0.22518634734600773,2.127589311313107,1.2935771009189105,1.3813119630291824,2.2922182379202773,584.5783631904748,0.00017939544635309855,0.73182426618965,0.057940332846317805,-2980.47508587257
51.16329359674296,6.5929175373324185,7620.584337933468,0.004582083910095234,0.03279082076978737,0.22555834888324525,2.127121859104964,1.2980532757004237,1.3814772086111788,2.294057768198675,597.0778879091702,0.00017926187264774056,0.7329361453905343,0.05736627026636881,-2980.656533432871
51.15872044892261,6.611748583840171,7636.960845801475,0.004546469112244771,0.032701735347947125,0.22573682611424814,2.126856394284113,1.2983786536429354,1.3814325882488294,2.296224081185742,602.1189617280244,0.0001798827837229068,0.7333027190310996,0.05745915544337566,-2980.6823603378957
51.15430720206752,6.709537870105073,7640.547973569738,0.004437904842355085,0.03291609476589611,0.22497266928715104,2.12597339564725,1.2968606437697805,1.3809018217137925,2.3005516077610624,615.424074484785,0.00018259461030998428,0.7309926588904285,0.05743285017300065,-2980.1906140999017
51.19703586491028,6.731171443432167,7610.041433587654,0.004479230347353701,0.0330319313910121,0.22474111337354583,2.1256023789086145,1.3022589266146118,1.3808432457291546,2.29969537987415,619.422824629995,0.00018270351542096526,0.730827439898425,0.05702155481613207,-2980.377715717475
51.16114007313744,6.720439671204872,7598.718612558971,0.004490575131689907,0.032998884478065545,0.22468331671114247,2.1256173037379527,1.3027030215855817,1.3808854138241147,2.29903114091434,618.6731315158238,0.0001818430838982021,0.7313949031473328,0.05702768149635845,-2980.543515815186
51.140835413207995,6.6989749148627205,7561.4614827191945,0.004568803936568876,0.03317532303403012,0.22465535008432655,2.125957795288308,1.3037728535192556,1.380997522126452,2.294776426808718,611.1173749644834,0.0001799749962463763,0.7312939655222878,0.05671289143260746,-2981.443843255097
51.124305181028895,6.733764770103672,7573.436920716305,0.004516245861338681,0.03314889432029444,0.22450575358316124,2.125627282842686,1.3022377623126875,1.3808524583601423,2.2968720787217594,617.0727941926403,0.00018073543851686012,0.7306892184797341,0.05683656899025997,-2980.9458049999353
51.07154059963759,6.810699189856464,7580.2983231872895,0.0044061107835786295,0.033147544969407645,0.22362948726615559,2.1242473688156203,1.3024754253896926,1.3802383081763314,2.3020493014907184,631.5540248193978,0.00018523623450508657,0.729376249882016,0.056983323757748276,-2980.2205416442644
51.095116683017515,6.809105623892673,7637.769946896562,0.004338561394257785,0.0329128128507288,0.224018802072201,2.1244559776163072,1.2987699487160884,1.3802625249228098,2.30502836948832,631.3448399067805,0.00018714408654011165,0.7302696817407883,0.05761917160796582,-2979.873585041394
51.13027761265033,6.766581918158465,7620.550912357876,0.004419905023437236,0.03297093012324796,0.2242762312159511,2.125299634657692,1.300654366046893,1.380509780295239,2.3008954273745816,620.0715293533079,0.00018420258440161584,0.7312287841497559,0.05756060542494836,-2980.0120200838705
51.09560287058028,6.783295369539129,7577.069256073804,0.004471190904079322,0.033175855259510244,0.22384097964271063,2.1254112738125146,1.3014251717674048,1.3806575421880738,2.29814274001192,618.9907777102723,0.00018172223810116546,0.7306319583437185,0.057123999333815755,-2980.7927940636887
51.054076358364554,6.792164756677099,7580.59061602437,0.004431750213066299,0.03316955978591879,0.2235498424149346,2.1250918589766776,1.3001243103948292,1.3804780307162616,2.299735294654261,621.9090489859798,0.0001829366549977151,0.7300523846747546,0.05715920667976245,-2980.4524559358183
51.055427037016116,6.81919893861134,7562.651241606265,0.004427941304529696,0.03333756104623401,0.2231246192237089,2.124811804269391,1.3002708022079674,1.380319090744624,2.2994726396367153,624.2631124011627,0.00018251566452712295,0.7287223488283866,0.056982915506002,-2980.8910647228945
51.06921109458612,6.808822892196549,7601.3611554287645,0.004380084631414308,0.03322039831876035,0.2231189737084691,2.124642893017487,1.2989377977910141,1.380155330111944,2.3027738333079943,627.5442099442233,0.00018560527342586247,0.7283639470951574,0.05708704354701734,-2980.0731489962664
51.07023585295812,6.850274659770978,7532.597952370921,0.004431753429673545,0.03365316218084351,0.22222935645118366,2.1245806152265123,1.3020512009869312,1.3800810344643384,2.2987121854042893,626.5874433911516,0.00018230387757410993,0.726923043362727,0.05659848023287656,-2982.4196881899957
51.080015156265745,6.856976603754713,7564.4810680096725,0.0043891318484525965,0.03362404968137996,0.22237925109298418,2.1245142016096654,1.2997605959799081,1.3800242777863325,2.30112711678378,628.2115319589276,0.00018526803139700112,0.7268557993958692,0.056720710800578035,-2981.1902155880084
51.07623897701992,6.834942304351259,7609.457453339015,0.00433155517840851,0.03342557099517013,0.22270327167801127,2.1244852151448574,1.2972842593622607,1.3799747928630466,2.3044520575610354,630.8926404366949,0.0001879731124455589,0.7271166552037408,0.05697054607234257,-2979.687433538325
51.084636995330534,6.781579559084658,7639.787459539097,0.004343350206837454,0.03326459714843321,0.22342425022340495,2.12512526631758,1.2958781018654246,1.3802521015791556,2.3043851583538255,625.8500107385482,0.0001880865927945769,0.7285519995226751,0.05709788496579506,-2979.2738274474596
51.09093037097375,6.823645677914275,7627.205885490182,0.004325773159999156,0.033464735308247937,0.222880375072811,2.1249181466341027,1.2958996959674935,1.3799952479638438,2.304064515629503,625.011392667841,0.00018945787902465916,0.7276918097024649,0.057068470194438184,-2979.2736920030907
51.11593506031247,6.852521742277865,7641.056108008638,0.004275974961894129,0.03345657438884714,0.2227300459928774,2.124639498534518,1.2957889757281587,1.3797215731218175,2.306231283539992,628.5902927812334,0.00019152960845263654,0.727319782108946,0.05731033890226665,-2978.851682989777
51.12687370199177,6.812200842591654,7659.323082181872,0.004276749547133854,0.033275844718209026,0.22308083951745244,2.124927210639391,1.2953396117637812,1.3797945691408429,2.306536694408061,625.0771122844455,0.0001917383859328594,0.7280819225137144,0.057547616098800845,-2978.647104975919
51.126476521296205,6.808093172394038,7648.808475653897,0.004274145305692169,0.03338384197638069,0.2227923786084179,2.125075646555749,1.2939644555867094,1.3796816719041076,2.306113606804531,622.5470310220622,0.00019186634578168219,0.7275442172198716,0.05753925632716304,-2978.5880962260585
51.188445326034575,6.861281155663924,7629.1235173513705,0.004275919995765112,0.03353318403560639,0.22249381072856098,2.124720068881552,1.2973958346488104,1.3794652257833686,2.3056873069248693,624.9349663942089,0.00019174412443867848,0.7267138785592582,0.05750706147904809,-2979.1879646360503
51.16445375202488,6.8403719518786055,7630.0646428176715,0.004303736170608858,0.03352408153539492,0.22260953350047483,2.125122700627786,1.2953545308131122,1.3797128661476115,2.304238791080115,620.5553110057612,0.0001903098867858989,0.7271468974889332,0.057493384989877286,-2979.2499579445275
51.20433515199176,6.877690573724298,7655.745353718255,0.004243546515661803,0.033591103916492754,0.22243945471993748,2.1249714033970806,1.2936106190499357,1.3794299407813102,2.306700433575304,623.9470580049934,0.00019339183309406601,0.7262367628285559,0.0577224386073451,-2978.6000971366425
51.190472648230156,6.845599044868706,7675.9048616680175,0.004236455961495664,0.03344058223692745,0.22275040976159055,2.125304594964036,1.291604390242145,1.3795432195428563,2.306883063480116,620.3549771683839,0.00019339369538029714,0.7270506290889638,0.05797592009604584,-2978.1593078425562
51.17600919417456,6.849410201389347,7630.492128699008,0.004296220069721256,0.033500050641306844,0.2224248349476453,2.1252127273014487,1.2951884071415236,1.3796002404286147,2.303714050810102,618.466291688796,0.0001899335412915634,0.727218209701591,0.05783926734352018,-2979.3158221983144
51.11966394559533,6.8542482274351855,7653.087061093664,0.004247275648417533,0.03340966617505698,0.22248249501148362,2.125137218580488,1.2929581692181475,1.379574369872616,2.305810387284546,624.6728752727096,0.00019066695216170788,0.7274792064168778,0.05788436262175,-2978.7581019090258
51.11490050772579,6.80350877084879,7664.293938655835,0.004280185213326306,0.03328383807175629,0.22292862448690426,2.1257241779260676,1.2912364532184124,1.3798623075740666,2.3045602699347,618.6178392788778,0.00018944203278857492,0.7285692789365158,0.057954986742753574,-2978.7315038207194
51.130682416281736,6.788343805260212,7603.551850888583,0.004401655900787076,0.03344789715420386,0.2229486432833696,2.125919941539256,1.2964998465779907,1.380117896059822,2.298921180417064,612.7967608539424,0.00018493085018424105,0.7288281070307463,0.05745922815002281,-2980.3777265969034
51.147654009896016,6.77063965999368,7614.619157419432,0.004401682501652896,0.03331115118894229,0.2234237033865931,2.125910959221094,1.2985894521194572,1.3801802572535278,2.2992183111676843,613.7497723573697,0.00018446060719694784,0.729597046014747,0.05757202565691445,-2980.2444432583015
51.11795639315014,6.735130734841,7608.310741115579,0.00444094627704515,0.03321221899253591,0.22341966027147245,2.1264770219093565,1.2962871973173884,1.3803789493550342,2.2966653317854977,604.1465540909662,0.00018276977267804755,0.7304272470711475,0.05783522221272578,-2980.2585374529435
51.09455939220171,6.786790357359802,7563.444923209721,0.004453230351914171,0.033363932085666306,0.22290184515035427,2.1255820738250826,1.3021182500752495,1.3801572424104047,2.2964547271489444,612.5348198094736,0.00018257887046803738,0.7300255613423188,0.05748150629082452,-2981.532425101913
51.069937093295614,6.84652268657867,7572.439552660209,0.004372685431732547,0.03341298693059012,0.222445941280592,2.124879360437963,1.3013397829522582,1.3797628884288817,2.3001410016465846,623.9714351519594,0.00018481412302585128,0.7290621000719826,0.057527119223033885,-2980.9094108140084
51.09980832785917,6.804197072761866,7622.567760638971,0.004345189160618889,0.03316932703102516,0.22311570890281957,2.1254571971587692,1.297745632678772,1.3798744382518606,2.3008133848346546,616.5231125892705,0.00018512981033678936,0.7298326686679418,0.05821483207567468,-2979.845531533476
51.08492707705778,6.839965720900718,7588.167652285841,0.004373168604768495,0.03325259110117203,0.22308149908060249,2.1248602719649723,1.303552690352932,1.379858703054671,2.300467053101632,626.6897123821041,0.0001829797782030286,0.7299794514911345,0.05774324897017938,-2980.9282487141145
51.081439961847984,6.8349772634242925,7609.813926226451,0.004342066588702462,0.0332197899273664,0.2231330498753205,2.1250578226029178,1.3006214171096935,1.3799451046979962,2.3016052091083603,627.0113912252845,0.0001826959141796214,0.7297889786996575,0.05783060793395098,-2980.528624528861
51.076669580575484,6.83524941450375,7594.7618726577875,0.004367399345887257,0.03314241831047162,0.22317965851123053,2.1250379742310823,1.3026591336764193,1.3800282621409732,2.3003959356135004,626.9286260832539,0.00018100808818319704,0.7303607637263294,0.057860859165192,-2980.958972643264
51.079051669749056,6.843217723264786,7616.9410007453425,0.004317563359133654,0.033038845978373345,0.22321936725364225,2.124760052663484,1.3030286234485473,1.379819770947877,2.3030759292817677,631.8514525449303,0.00018357256669420806,0.7306685177644723,0.05802045088220378,-2980.3816085238177
51.072445664174765,6.8201980096149875,7633.889489866431,0.004306152084211684,0.0329453134822148,0.22337624839652115,2.1249918048857275,1.301088507726413,1.3798764043208878,2.3036376117945703,629.3925225398765,0.000184260358165573,0.7309994787165569,0.05813415077007945,-2980.1935310462222
51.07038373466264,6.813731083592945,7605.063616944397,0.004341955795208762,0.03298604152903647,0.2233061762705605,2.1249300072043473,1.3043040846652956,1.3798334737319995,2.3024411253520993,629.8188448852094,0.0001829607598223656,0.7312453992323039,0.057921739460894336,-2980.544432035707
51.06313129736063,6.795507608255271,7679.9259704111855,0.00425955259278425,0.03267318926117705,0.22416052357334898,2.125110734933867,1.2987065147709358,1.3799452523076852,2.3066621866703967,633.1718397696263,0.00018517718718523524,0.732031735587379,0.05843051467687245,-2980.7605230958284
51.08279338907552,6.856254562953108,7618.643670813595,0.004288946527994712,0.03309065276496332,0.22323802248873204,2.1250307545394502,1.300323617762335,1.3797674063356002,2.3030709897823787,630.4723258847223,0.0001821700371238714,0.7304157112416358,0.0581980491801298,-2980.4042947332123
51.06523491761211,6.771224990694492,7656.064092684312,0.004302843134979577,0.0327709045605702,0.22396550957081374,2.125744325784056,1.2981715857692104,1.3800587845342904,2.3028922328101746,621.2439769639501,0.0001824457671784595,0.732131781509786,0.058510762595456574,-2980.580871252284
51.085375969761756,6.777394893503011,7632.776154852733,0.00431464113665142,0.032875737320407494,0.22344317447951167,2.1254660190502053,1.3003039732195107,1.3797865923098915,2.30211533168232,619.1649492089663,0.00018337374250968595,0.7316363674674694,0.05850811202641247,-2980.2876854643278
51.0814031456568,6.744585146080844,7601.453375031331,0.004384928233431135,0.032877508632720195,0.2233567278381731,2.1259177751124723,1.3015279156989599,1.3800168656536949,2.298242154351625,610.5408194516991,0.00018060357141899336,0.7323061459583785,0.05845041552252032,-2980.7812206067083
51.088146987340316,6.8025935304272345,7587.901132286806,0.004384535516573774,0.033005077667016006,0.22316441182604638,2.125608892059936,1.301947364872987,1.3801170823051399,2.2984299131335906,615.8140268860296,0.00018022747203613293,0.7318459156391122,0.058220423043560524,-2980.9134703974596
51.08725160646859,6.806445076124465,7590.538467936438,0.004387893884009898,0.03302609966360085,0.22321249770495744,2.1256803802811115,1.3017642725683107,1.3801469007404021,2.298327299824912,616.0297245220767,0.00018078551013149,0.7318154648039175,0.05812133496213354,-2980.7995483127265
51.09383053700473,6.843220361172758,7603.447320878284,0.0043409338156913954,0.0330083250228125,0.22338563367947725,2.124855911377352,1.3054949470156416,1.3799731286198536,2.3022257222054963,630.8994978075733,0.00018310155155745988,0.7317821619007557,0.05787499232237172,-2980.540464648109
51.098295801480624,6.851849551820802,7589.00699848076,0.004370099786612309,0.03304722375132483,0.223377791133624,2.1247060822318327,1.3068265880493546,1.380064660695914,2.301157608130319,632.0354089406259,0.00018158938049930504,0.731656300158656,0.05772301502980945,-2981.0256578277786
51.12513688843457,6.776352744746021,7624.793565421713,0.004389728365363545,0.03270007417704006,0.22445190255149125,2.1253332751065495,1.3071669707417213,1.3803695757642194,2.301040897387889,626.4552570202654,0.00018054154119464324,0.7335674633731482,0.05804181747954009,-2981.000263673971
51.14772076543038,6.795439740256636,7591.4632798832645,0.004434686298961585,0.032861942116285424,0.22434016335376497,2.12540051603923,1.3100147743382733,1.380421165909873,2.2985595206699383,625.8372901722315,0.00017886668739265182,0.7334654716437343,0.05778082999435094,-2981.480248663126
51.0928876817095,6.787575513028539,7660.7172621520585,0.004297781682527999,0.032596777915800776,0.2242799752976504,2.1250871677666088,1.3037756293781662,1.3800929554169516,2.304739717538096,630.5915301436061,0.00018347905980498476,0.733292243992378,0.05833946438412848,-2980.9694339047096
51.183824492599086,6.80046072667,7688.263765524139,0.004261422009982276,0.03265957283007999,0.2242905785438669,2.1248779986082114,1.3055801576238286,1.3798073648158033,2.3080471819344033,636.2440770909038,0.00018776903061502236,0.7326061617441381,0.05832095292537226,-2980.0967850433294
51.20462142181773,6.78493969128418,7651.088067131352,0.0043212344182216285,0.03281761342510489,0.22406920859349846,2.125464852038119,1.3055487158501222,1.3799131500556259,2.3035481286277735,623.5800769448366,0.00018505264160830772,0.7326013048460953,0.05841219127204617,-2980.0200332619497
51.191901189439974,6.822539979998389,7648.02919739933,0.004282640416411676,0.032895784867525514,0.22358246410183558,2.124762688046097,1.3058327517989112,1.379622377087989,2.305895066761475,631.7516931161928,0.00018813153573837336,0.731375203552577,0.05822555510108858,-2979.676748373256
51.1716662145274,6.774046684406297,7676.505705788281,0.004291257243061438,0.03270818723908871,0.22433655681010897,2.1249730381808876,1.3065294459697163,1.3798556508572253,2.307408836666534,636.2374171957944,0.0001889283806982494,0.7329834815916296,0.057955252110795975,-2979.632760284596
51.158472546117025,6.811587704394501,7679.149037336865,0.0042394952294392664,0.032757851487075815,0.22407226633189942,2.1242422586318073,1.3076132736790567,1.3795755361563287,2.310030289407834,645.5022362890368,0.000191103419551103,0.7322401134336595,0.0578698071048519,-2979.4125252343174
51.13803766052031,6.82863463218127,7683.801622798672,0.004228037040181469,0.032807946616788715,0.22390317531357307,2.124255964811263,1.3052472264350117,1.379640818540573,2.3105508564797796,648.1160188314823,0.000191268216918929,0.7318114201358563,0.057774666872848775,-2979.3286729711667
51.14318597727414,6.832582369521582,7615.301155287837,0.0043408178092511395,0.03297130825514548,0.2238734958574871,2.1243511462084435,1.3120146248198514,1.3799144064455147,2.305542738440649,645.5530813903966,0.00018562138390875173,0.7324730831178712,0.057268873721384894,-2980.43562854005
51.136527760869576,6.8424231661409145,7630.547655550205,0.004294557139135168,0.032899366174865906,0.2237929799205909,2.124476894861486,1.3094769169122737,1.3797790981297802,2.3059429793500366,641.5500013254018,0.00018608027933947108,0.7325171054206642,0.05777523175958248,-2980.082828859643
51.14898722881343,6.803423806777797,7639.472369984203,0.004303362345021146,0.03288683242698283,0.2237821289331972,2.124849539800225,1.3070460080744375,1.3797791717050574,2.3052446859220384,632.5109527951672,0.00018708035589429635,0.732378579782204,0.057933776131170116,-2979.777992318578
51.1690627719243,6.80714897362321,7641.859691918386,0.004298540910157511,0.03289325288731372,0.22375609573818675,2.12472966312472,1.3076347147997636,1.3797177562051162,2.3057803674570065,633.7872015858144,0.00018808959980641093,0.7320593611193994,0.05788948719862373,-2979.6817796550613
51.21962609922783,6.766342001205441,7640.5967975919575,0.004347571816668255,0.03286012247542282,0.22392135244947695,2.125224457747095,1.3086785140702624,1.379860345878369,2.303813704687567,625.684866201078,0.0001877186337147827,0.7327418814176632,0.057994320393196276,-2979.756588108681
51.222346069034685,6.757173282291191,7633.9048684433465,0.004379685682236115,0.03277814484436878,0.22403368073369292,2.1254764400461292,1.309519779641101,1.3799969854484988,2.301832527659837,619.0011714095381,0.0001861692803745255,0.7336892352277194,0.05819335074968622,-2980.044615970195
51.224273764670095,6.716836072979312,7646.071103973288,0.004409471492100875,0.032692242040272816,0.22453122973573952,2.1258848330860314,1.3088497329054947,1.3802833372781387,2.3012291117095405,615.5886039053206,0.00018550372953448193,0.7345371901223229,0.05811563958017429,-2980.00393633747
51.218441272541305,6.751383424304866,7679.443906163552,0.004313234646018287,0.032586182124951596,0.2247631546360824,2.12491942474775,1.3106087709141805,1.3798842145512977,2.3069043008640184,630.8555994486227,0.00018983950860638823,0.7343586559016974,0.05808546360378827,-2979.549013895335
51.199143646989256,6.774358305720739,7663.006220848878,0.004303988374576924,0.03277471216180194,0.22453291957041324,2.124857747393415,1.309132783848208,1.379855474455212,2.3062631753030924,629.5126156974926,0.0001900088553974408,0.7338296679364196,0.057979329008850576,-2979.1479817768795
51.16773167063838,6.792942891588147,7641.141203706202,0.004319542373983857,0.03291022968922215,0.2240092636500742,2.1247844935728475,1.3065890540127647,1.379901460165148,2.3048737956619894,627.966317784462,0.00018884888082115804,0.7325724471913457,0.05784514845175654,-2979.3690625478457
51.14675034010237,6.809675909942211,7690.883882283642,0.004231023334682653,0.032686320934725434,0.22436064498652494,2.1241703546037334,1.3053242547740398,1.3797469861354736,2.3098918770536994,637.9397712008738,0.00019231736647566674,0.7329743499071006,0.058118652269649296,-2979.1804776264653
51.16084461193279,6.819015140701538,7646.097676994025,0.0042976886099928245,0.03283446483251366,0.22421872860713687,2.1241419946933777,1.3103432591431052,1.379825884686929,2.3070940607950146,636.8987936207349,0.00018958088788371255,0.7330167942256434,0.05773761335330863,-2979.4376649252263
51.1862328051933,6.843611410695992,7582.3776711900755,0.004380814705199013,0.0330828362187826,0.22390000014303257,2.124174451411138,1.3149069910654507,1.3799493775370149,2.3023178786838066,631.4953490912516,0.0001857614240024191,0.7328397732616623,0.05744785167353631,-2981.2740626314785
51.17979103901953,6.840571620599409,7582.08075815319,0.00437252467528869,0.03302086753026184,0.22419677450263154,2.1237534156734563,1.317262321323038,1.3798973141216617,2.3036733057781635,638.7345359709278,0.00018591204555739723,0.7331839364056587,0.057290789825862325,-2981.1993081439286
51.15551143706516,6.792117731117326,7691.0349524067315,0.0042136344788560424,0.032689179825741106,0.22465975234218497,2.123960326002499,1.308994190579849,1.3795831885907932,2.311227756712406,642.4680906814658,0.00019361733618080326,0.7333675211996754,0.0579561284095944,-2978.8712232496596
51.16526149590811,6.80351623999012,7659.172887929679,0.004253108994599873,0.03284014762560764,0.22442264539121043,2.1237574680301248,1.3114504988535878,1.3796298708369263,2.3100085446320175,645.7537156793765,0.00019161749457841527,0.7328992974255908,0.05757981574111593,-2979.086986503299
51.196305230428386,6.8672011088707166,7608.387236529557,0.0043032312494701245,0.033084429116271775,0.22407280743295482,2.123124189864374,1.3175302965036542,1.3795612623583273,2.307957083826871,650.9806770340294,0.00018921431799123086,0.7320454679794928,0.057140954648654985,-2980.5314523842676
51.16246142124983,6.8472322132048475,7638.190395783392,0.00425801555555768,0.03297231888174502,0.22405549288349483,2.1231642508453747,1.3134192331017216,1.379490365963839,2.309916181427843,650.9157086747944,0.00019123952384480315,0.7315992916863139,0.05731869494030035,-2979.465893507202
51.19172630944252,6.793344395445828,7671.511924776178,0.004257369276214464,0.03286332710496014,0.22460881609488603,2.123961875187905,1.3093999678905504,1.3796680530049863,2.309457233884369,640.6516164068614,0.00019143609681921637,0.7321244950707827,0.05769132788219018,-2979.045208693161
51.21731879549166,6.774389403535491,7631.644784805843,0.004338521411715747,0.03293112868150979,0.224685360404139,2.1241143147949826,1.3136540123887896,1.379833694115598,2.305947889968481,635.6934981713903,0.00018826637457229498,0.7325113603425423,0.05743250662625418,-2979.9289855838174
51.19937572933296,6.74833180409788,7639.475404839306,0.0043500676893925404,0.03278907542821637,0.22499948080066512,2.1240873823159463,1.313790893827968,1.3799360094340276,2.3058756665266804,634.8518889167434,0.00018756387502084467,0.732723953471052,0.05746679973950206,-2980.0020050477124
51.16174168077938,6.758589406394858,7652.8175102394325,0.004307423612078864,0.03271224423382833,0.22449673227910844,2.1241731285995766,1.3095686770886485,1.3798040738976836,2.306125731840943,630.1471492982804,0.00018806325169108164,0.7320206251737258,0.05795240237943514,-2980.0933830684353
51.11770303071586,6.790796025191717,7669.806324342165,0.0042371886413930596,0.03269540551814345,0.22404995600812652,2.1236207411574872,1.3070689084130545,1.379477878909836,2.309135602711592,637.4660667797425,0.00019108300926854924,0.7309866808440186,0.05804746104511349,-2980.129447741438
51.108179842986345,6.837859841009966,7647.945190745924,0.004236925480394976,0.032820839993356374,0.2239301168428074,2.1231529837586334,1.3104461048804907,1.3792917556894189,2.3088866124630627,644.5924401657529,0.00019048483268855023,0.7306119667139092,0.05791143033099468,-2979.845726035543
51.106056894385105,6.7491013240187705,7615.928247285142,0.004357697183551696,0.03278116199303047,0.22443812336655095,2.1241914156547597,1.312034360691852,1.3798462572746875,2.3034145683224816,629.5292719841513,0.0001859830952120711,0.7325381145604113,0.05779682070684719,-2980.3280438827796
51.05528551192763,6.679885937889569,7619.267711658349,0.0044211381468991446,0.03258926883992101,0.22502738722844606,2.1249367245740247,1.310914227965312,1.3803882402036771,2.3013579154051893,623.1860377288918,0.00018323248080181963,0.7343442274889227,0.057729405102533084,-2980.747234400687
51.05586682208734,6.647100530108748,7639.244825246564,0.0044059431360723355,0.03246721317041734,0.22531739990666314,2.1251189716011964,1.309870729287616,1.380438242797232,2.3024167878232644,622.3701236265812,0.00018332933902690898,0.7347638952898039,0.057884337728316256,-2980.9817828555506
51.13773688615029,6.754376540386659,7614.342630019704,0.004356946819627147,0.0327982372680781,0.22440989407149267,2.124117895232579,1.3148783793807453,1.379858988792846,2.30467787359289,633.8093515141397,0.00018646873659382428,0.7329058016819815,0.05768323955242037,-2980.3785810580375
51.19472077771332,6.8464027836553925,7620.44246388017,0.004274179910221451,0.03306859809499777,0.22381536671209185,2.12357618808619,1.3130644428263727,1.3794311188692552,2.3072643661471472,638.4958513761927,0.00018910208840614473,0.7307667372238457,0.05791195731860012,-2980.0716857345315
51.19256489567553,6.832539874499972,7618.183775912951,0.00428826619492046,0.03299386286341165,0.22393464507610356,2.1234853910478666,1.3153774705835235,1.3794590371546713,2.307396726762654,640.3134334376789,0.00018942088915345267,0.731488042460902,0.05777010203857584,-2980.1070160578515
51.216863573477376,6.857633918834189,7570.945864560292,0.004333388022081953,0.03322870207906183,0.22328701004154974,2.1235218068773376,1.3171887673137486,1.3794354632616719,2.3044493811586375,636.7431758271249,0.00018744149102189008,0.7307273178448729,0.05751937684329256,-2981.750600738477
51.24346076560509,6.838616681034523,7578.095255182243,0.00434676828011881,0.0332722282986672,0.2231926059696017,2.1242559486933956,1.311865049251319,1.3795978350239926,2.3020738470891944,623.1400384650336,0.00018635351365063033,0.7304060281366632,0.05791840236020512,-2981.536094977614
51.230260823371644,6.745331893396006,7593.187116278891,0.0043884884087681975,0.03308754764334928,0.22389937362554244,2.1250507328827926,1.3106736835647799,1.3799620680104034,2.3006199732313632,615.3012274632682,0.00018457101200653912,0.7318647100329243,0.057992012077322144,-2981.038418403568
51.21370642438548,6.805841669831526,7610.0658558986015,0.004300458678689565,0.03313206930386245,0.22349410998444547,2.1241479955021134,1.3107507713089115,1.3795242583237242,2.305072896344206,628.850793525821,0.00018801663996783765,0.7307060808867705,0.05794067765782088,-2980.2955033910866
51.253581981905505,6.7882693075698946,7587.444366227912,0.004363464277480683,0.03317379568473057,0.22389169951570953,2.1243254577081396,1.3149359035817714,1.379745248825735,2.3027436359543128,625.9057348671308,0.0001861250944227142,0.7315206162235669,0.057762190394416324,-2981.555298199445
51.19633197789146,6.845329826225814,7644.224191985475,0.004225133415548899,0.03302418837197527,0.22380414249911965,2.1234609014655152,1.310426837872566,1.3794157605589015,2.3090040617191647,639.4810994147826,0.00019036350371463463,0.7307003585258915,0.05812381637881084,-2979.485703417689
51.196380553629865,6.793086689255379,7687.2826812554995,0.004199950489849162,0.03274364410512345,0.22447199908319795,2.1238647979496443,1.3076940678359572,1.3795446894829486,2.310204308881187,634.334836214633,0.0001915398778542011,0.7317563058031042,0.058616084507033435,-2979.2920257770234
51.2313695795592,6.80662227363802,7647.5838444993005,0.004249046605198504,0.03289119579571527,0.22431520980236805,2.1236755241529006,1.3125095051996554,1.3795150355001402,2.3081394528404964,634.0374400116879,0.00019002244571574923,0.7316175090053499,0.05836391476789853,-2979.5532745101
51.16533122023241,6.780290345776049,7685.647206950562,0.004228218077268809,0.032695693233957025,0.2249505005029234,2.123846636328615,1.3089867024694635,1.3798786426152139,2.309786397853136,638.1434454747771,0.0001898196851204637,0.7325297697984126,0.05830972288041403,-2979.565152478366
51.14738255066714,6.820204775908476,7692.370649946428,0.004188445938566936,0.032785130894745655,0.224655230554043,2.123651992706893,1.3064962061215417,1.3797270933065064,2.3111685221281446,642.6489320717615,0.0001914541955811883,0.7315479469565301,0.058234527204522546,-2979.2648618757466
51.23579717126992,6.735584041746996,7656.755372277432,0.004326497529820555,0.03288778475529738,0.224917938656382,2.125291499920169,1.3069518859395586,1.3801937805114295,2.303720772621526,614.9439577581396,0.00018692745163607742,0.7327068405431911,0.05841301046897844,-2979.5385862892076
51.2399325896691,6.745291738859223,7668.685747153415,0.004299030998761959,0.03282342797929686,0.22496995341344714,2.125089738272918,1.3067234077575627,1.3800799933349372,2.304875992677272,615.9882899245598,0.00018748365993884205,0.7326448202711818,0.05863946983248375,-2979.4244995103954
51.22876740100198,6.735572299879539,7637.910782441704,0.004350819319644185,0.03287445496303135,0.22486919776133374,2.125036985793543,1.3110290270028002,1.3801101065975372,2.3032158805668033,616.7495689018999,0.0001867501855835156,0.7331116322510596,0.05825182398454123,-2979.931480474231
51.287003934004204,6.73595066617845,7620.520770349341,0.004384181532919945,0.0330205470444023,0.22507247723690874,2.1254824038369904,1.3126170279686158,1.380115486104721,2.3008330784216913,611.1441153828429,0.00018495883491868054,0.7331600450822495,0.05826415724672904,-2980.8893055451017
51.27160632593157,6.7446275890615475,7655.200276011988,0.004307785088102866,0.03295321029698185,0.22483110608040205,2.125199311860589,1.3084924148545256,1.3798808999633887,2.3044776163475134,614.8973149594254,0.00018802873906845452,0.7324811884211319,0.05849029106381052,-2979.4993132027416
51.26818360427228,6.8626560799839105,7647.539761839139,0.004217818545481964,0.033170615290777195,0.22380458326124728,2.124077233719123,1.306481362465416,1.3793319911436346,2.307728777283616,627.1383265243768,0.00019051238959475652,0.7295741457591908,0.058535698439099594,-2979.2966948037597
51.238587100249,6.881637970493127,7666.088909245685,0.004165166432016127,0.03311622488942821,0.22360929295488863,2.1238806068128895,1.3040636553834895,1.3791435316834595,2.30962713631172,629.4853301213326,0.00019274087021608772,0.7291788947990357,0.058728370077281,-2978.704050314578
51.25796996580475,6.849334777438379,7680.9069183811025,0.004176601526460377,0.032981073187469435,0.223953456860137,2.1242403914138954,1.3035635655446574,1.3792607798197565,2.3091492386586463,623.9365646533498,0.00019255436769784692,0.7299671434140461,0.05895883317206654,-2978.6885149308227
51.25324440603984,6.847709010281463,7670.635905913561,0.004207744236540151,0.03297518891657855,0.2240728283901314,2.1241532894278334,1.3064004331972678,1.379398200604093,2.30919821937031,628.7362245302063,0.00019290362574465593,0.7306421712261686,0.0585243514186646,-2978.7000815363963
51.23997585989575,6.83837579126094,7636.599451090142,0.004280330348387118,0.03296490221988539,0.2243838983892287,2.124006878868176,1.3107673629033578,1.379665382348982,2.3071005154836692,631.1074335578294,0.00018991530356612674,0.7310885456882245,0.0580817242914272,-2979.506623564934
51.23012238684681,6.873861811516139,7602.206935539543,0.0043063087106868176,0.03312416244929638,0.22396488973584835,2.1237676744066585,1.311153302364608,1.3796956931431663,2.3051020092253753,631.0125391759926,0.0001878652606489794,0.7301200532753452,0.0578808080538283,-2980.271437230375
51.20078693818912,6.867371688873153,7637.793791235181,0.004236578668199891,0.033001911952386165,0.22408019542566382,2.1235165697682907,1.307936698758129,1.3795014767325258,2.30839794705531,636.0682554973772,0.00019111748005239758,0.7297849974935794,0.05801201252548148,-2979.284500159489
51.23803906686139,6.845591051074745,7661.81828177246,0.004226395609468562,0.03293508069696748,0.22432031225416332,2.1237967963106126,1.3064025050067123,1.3795140142216002,2.3089333196318944,631.5004665943152,0.00019290995843007432,0.7299524132163532,0.05827513607445081,-2978.9096507312697
51.22737291896942,6.836829535910166,7675.280584052505,0.004194822838096788,0.03290995355127585,0.22416697607183617,2.1240411189653337,1.3016859848184668,1.3794672558609404,2.3091981787164304,626.3886173076725,0.00019221749331585229,0.7292955852968573,0.058691064586453026,-2979.118988647976
51.24530690654534,6.807011786834799,7669.411378253043,0.004224687839787032,0.03282037120431205,0.22442853568574161,2.1243809474565944,1.30228341358008,1.3795693809629666,2.307417578805361,620.1278537189228,0.00018996790633241486,0.7296927412124318,0.05893140669569153,-2979.6390426069574
51.243043494172994,6.770222683878988,7651.63225727985,0.004283212355404623,0.03287179403436509,0.22450553572519996,2.125218337556677,1.300261600203629,1.379826559778082,2.3032697188272824,607.8479224075356,0.00018669719689217972,0.7298691670649665,0.05899415804711229,-2979.8168394717773
51.23721713392385,6.7817558067311055,7643.472178477117,0.004276643851846646,0.032962538494784345,0.2242395562961246,2.1251902554123308,1.2999100572494449,1.3796978186786797,2.303086374481465,607.7128099560351,0.00018704874436031285,0.7293488814241249,0.059014069128065616,-2979.6238994367327
51.2651327930873,6.810053382520451,7592.016990518207,0.004341910838676743,0.03313651591854183,0.22414869685413116,2.124987625630265,1.3065827738767863,1.3797390554941007,2.300383378543993,610.9259452660681,0.00018482566089100773,0.7299620580899492,0.05858089517308458,-2980.508819069406
51.21618741427761,6.868435424327966,7613.110420530873,0.004226121728431019,0.0331620643550319,0.2234207496655727,2.1241433291949123,1.3037434453273797,1.379179020859709,2.305488000996477,623.125690635366,0.00018923366443378438,0.7284733568663165,0.058675215670433746,-2979.4762593466294
51.24964214562287,6.845320328277818,7616.351272300342,0.004258586035825562,0.033185769659105836,0.2238265744542205,2.1246816197899903,1.3036539868967099,1.3794251228738417,2.3040000645693737,617.440409897145,0.00018826366283146472,0.7290409065855401,0.05866727318833568,-2979.5706611908504
51.2408144645391,6.831513114127347,7570.999707961402,0.004331477529404825,0.03324666941812726,0.22392158516896532,2.1244009710555476,1.3093889155656022,1.379569980302843,2.301887949484573,621.7585783112357,0.00018463222009115914,0.7291423597649808,0.058127162532757806,-2981.0895196441943
51.19106370282787,6.790164625817937,7603.235750422551,0.0043040099221369485,0.03300860158086375,0.2243563300014216,2.12472774429975,1.3052524211723853,1.3796875469310168,2.302533973348132,618.1394836276245,0.00018377177408893553,0.7298577907256351,0.058550853970673215,-2980.343894907331
51.195623360707245,6.722261349004921,7607.238730456384,0.0043703071166944244,0.032871883632853184,0.22506521366103038,2.1253979840449935,1.305640932906814,1.380133881688418,2.300682810291686,611.1115566658838,0.00018268436388684756,0.7315646401663719,0.05840249524179136,-2980.3746417270736
51.189539862991545,6.696292956146539,7578.986616499311,0.00443295148236038,0.03290214616547238,0.2251352426274483,2.1255191044402233,1.308699535731062,1.380281219261609,2.2981683187330666,607.8181597285335,0.0001813092978786429,0.7322737069567489,0.05810573014309533,-2980.8743436330765
51.20688698459797,6.693286414906748,7584.717147409703,0.004418058245768779,0.03291783634903829,0.2250228222204598,2.1257564053440623,1.3058075172237036,1.3802471076268819,2.2976501906935414,602.1458483160109,0.00018083617147763323,0.7315227256347201,0.058452203518301576,-2980.7899963173886
51.21311287824815,6.658270874435129,7586.162400236997,0.00445350802607233,0.032848145800736625,0.2256136175254771,2.1257866861893278,1.309170959995296,1.3804189143507313,2.297929625101366,605.5663504088485,0.00018158737185256738,0.7327023988212364,0.05807461899802065,-2980.7347695793073
51.22919590840962,6.612155559958854,7611.1509619837125,0.00444887111631007,0.03271665403324112,0.22601953751666437,2.1262535144546577,1.307830102917905,1.3805214240433776,2.2985889924821112,600.7992759871216,0.000182294040276377,0.733715475463863,0.058271784193667464,-2980.3175672486336
51.17987985990979,6.6338123238536575,7662.9192128734385,0.004328248746106291,0.032548201550379824,0.22609941584912088,2.1255210200709755,1.3050676409707564,1.3802424192998712,2.3052941142074963,616.1454687963507,0.00018686339651564693,0.7330884428997894,0.0583806203063066,-2980.169973413995
51.15523607015179,6.6822375071151185,7630.142827749881,0.004318904696575951,0.03269565251025491,0.2256087085920654,2.12494826270893,1.3061486219832987,1.3800558431807368,2.3050606165124288,620.2767731617611,0.0001865296869166545,0.7317805027595583,0.05825064569641954,-2980.061096876595
51.1894216709048,6.7258257153365655,7630.267658986468,0.004284541899219766,0.03297600262347765,0.2248064316701944,2.125004466852037,1.3016020694209904,1.3798784255203005,2.3055047585917574,618.1330020913036,0.0001883748044285546,0.7298676282449176,0.05824135033064857,-2979.294860133042
51.186269681399686,6.638941065768186,7637.48026525536,0.004366410668793817,0.03282010279356569,0.22555430003450327,2.126464191977865,1.2986844048914645,1.380485217787121,2.300936990757224,599.8929953848383,0.0001849957787583183,0.732069019153323,0.058467111205713136,-2979.537429338776
51.17616460601889,6.735304174636244,7661.882394469954,0.004250689528415439,0.03295881695933986,0.2250184264102645,2.1252621136643954,1.2980003462262009,1.3799450935709734,2.3065658199206247,616.870911651976,0.00019015765649675297,0.7298789228110485,0.058398675146236964,-2978.869422482263
51.17000732006739,6.760260003024577,7665.069404425062,0.00422116560413643,0.033058045607300676,0.22464070538105096,2.125056119633753,1.2971654923528066,1.3797508993025593,2.3080233021873298,620.3617424042503,0.00019278619736611834,0.7292647735426196,0.05834149450704891,-2978.3103936191965
51.12887767581539,6.791795951749453,7663.041605235667,0.00418195555321693,0.03316181457737602,0.22424263884806317,2.1244950403624907,1.2968940640926332,1.3794887668224538,2.3104945263607726,629.2307076321442,0.00019563313304511306,0.7285235813183073,0.058070813618753506,-2977.83188410011
51.18490501858281,6.825019258156736,7612.703267919973,0.0042345482975300495,0.033441775850856746,0.2237818022947278,2.124472095698162,1.3005462332976718,1.3793951849700399,2.3072983641388207,624.9344653554584,0.00019344286554805805,0.7276297256877243,0.057869144770126585,-2978.6837082838547
51.133979191185006,6.792254276643323,7618.50787366612,0.004228527787940583,0.03337190358198578,0.22385385450802403,2.1246476749022674,1.2985470182456325,1.3794347800915077,2.306979689152201,621.8880568251852,0.0001928640137422362,0.7279459846793132,0.05800431565495364,-2978.4392249891953
51.160028183146224,6.749133657788047,7646.212603424681,0.0042261709659909795,0.033253611334448006,0.22434832576799849,2.1253561054519636,1.2951879154379091,1.3796195900271595,2.306489388103099,611.7871015129131,0.0001922752150103826,0.7286518703415968,0.05843081819245069,-2978.0896509631502
51.157259626270736,6.787819461287452,7666.590675148464,0.0041503173578676675,0.03334012221229645,0.2241324893408818,2.1248985569501793,1.2933701657051875,1.3793344722812708,2.309975025004854,620.3093938277582,0.0001949080211587291,0.7274613153155343,0.058466307815412476,-2977.6018085381925
51.151881131713864,6.759770846659567,7656.078024275745,0.004203865709889218,0.03329100418336019,0.22451411964087178,2.125368197167294,1.2933457862881705,1.3796639093271335,2.3071622353490167,613.7036616025429,0.00019154220234137792,0.7282634110768736,0.05849990671068026,-2978.066134474877
51.13026297214478,6.809864146496487,7672.5731250836025,0.00413150677887919,0.033375947996937085,0.22407835759505582,2.125010260587142,1.2894983907441568,1.3794013161174774,2.3098478244548537,619.2790361504497,0.00019420037559836546,0.7269566027729584,0.0585714855463021,-2977.5751034795694
51.134782978961624,6.8375630777417165,7638.345319459735,0.004165999195750262,0.03358125352206838,0.22373406358057213,2.1249693543666544,1.2903177297646278,1.3794546328730952,2.307802715397411,617.787741779338,0.0001922092433636566,0.7262419682637389,0.05835110212196673,-2978.0909377762487
51.155848417786814,6.837444693975961,7645.339975271505,0.004169688174557562,0.03350522003246577,0.22412441535169636,2.125101223542969,1.2908587952304829,1.3795816473221754,2.30766346078161,617.0601373769871,0.00019136538317269096,0.7268799636326639,0.05849706103166983,-2978.1002671533342
51.13517411174009,6.834472165223389,7672.84235012596,0.004122136738268335,0.033399466540445406,0.22412940351606817,2.1249849509475247,1.2885868959061089,1.3794655026285851,2.3099207872901237,620.3978784484594,0.00019328122888066565,0.7267947232698104,0.05867174141743177,-2977.6548713705556
51.13411805512786,6.8327969603139564,7629.990609171522,0.004205515874878385,0.033510325466788,0.22444706051744737,2.125094880671169,1.2936662974287945,1.379776280321649,2.3065830647327275,618.9420209802438,0.00018915409655441897,0.727685975296064,0.05823070652601677,-2978.691050355376
51.13072065304107,6.71731673191551,7651.865501634631,0.004278939997574604,0.0331989640915249,0.22540989342257378,2.126457966134287,1.2911789898343913,1.3803049317318035,2.3027302406714685,600.04088316639,0.00018610062902841282,0.730247420040062,0.05866637455166299,-2978.567886243951
51.1593997940567,6.71622519533252,7639.132255625292,0.004309067595394635,0.03320202286528976,0.22548863667874372,2.1265049673334047,1.293230259968146,1.3803587447658439,2.301268936409042,597.2237229141548,0.0001847120194043927,0.730397312331201,0.058733924154475425,-2978.9748088613155
51.146977095695064,6.7187634591497805,7625.878138787742,0.004310700674784301,0.03324293485457689,0.225247268845387,2.126439715738057,1.2931007437160802,1.3802686897193417,2.3009099138897695,596.5945036808575,0.00018481651191591675,0.730015479542906,0.05870647720853248,-2979.0536185193196
51.10415862975509,6.754256150211756,7645.845817156884,0.004245272179103695,0.03321461092950834,0.22486438605993103,2.1258506782397335,1.2905213449245254,1.3800501134354688,2.3041228500208586,604.7510486470471,0.00018726664670161878,0.7289699520961334,0.05871878270504938,-2978.5966894743356
51.14971377470084,6.752600316619688,7605.6669188552205,0.004326678766164174,0.033391981091607126,0.22471711262261196,2.125904008435055,1.2954252324529167,1.380232822389369,2.3009349134395407,603.5999475877929,0.00018496570751625672,0.7288968546582999,0.0581956897695739,-2979.633588577066
51.141190988814664,6.7840482498846875,7649.374344330467,0.004224265914651878,0.03333537927625012,0.2245346427585376,2.1254310359702746,1.2922954131099926,1.379896110840055,2.305647910942838,612.7436744910618,0.00018882711018059802,0.727812144723088,0.05839953570485381,-2978.5386696490978
51.09460101839496,6.734476175610599,7646.860074030557,0.004249694819034494,0.03319383914565995,0.2249377212788708,2.125920989814837,1.2906523150216207,1.3801112466559462,2.303498721086524,603.777273978547,0.0001865520603204919,0.7288078344074522,0.058693791108738236,-2978.8004430271612
51.1061146036785,6.671579760756924,7645.755334118579,0.004318512358483648,0.03310416586333152,0.22527759677999365,2.1265402853651736,1.2908252363920392,1.3804526418525938,2.301046383973488,596.2017620812549,0.00018557192028402072,0.7299702454941602,0.05857869649340755,-2978.90373927334
51.16165197563184,6.688788261066488,7639.262604473604,0.004346915562385039,0.03327594706266938,0.225486382680846,2.126758500706999,1.2913992977309499,1.3805796975314786,2.2998896664249227,593.052865931567,0.00018591763594071086,0.7299327615824508,0.05845715528319336,-2978.7703146122126
51.1281470362094,6.688602920822188,7644.041649634197,0.004317469477638655,0.03322457709291965,0.22517737947730573,2.126446284602582,1.2904146227822009,1.3803513217286736,2.300863166844496,594.2012307853412,0.00018680127235951038,0.7296339128035038,0.05868088253125418,-2978.569159656892
51.11412455120702,6.689463024858831,7636.212344030447,0.004315795282790805,0.033246145919241375,0.224975750155546,2.126257768819544,1.2912357080811394,1.3802802307204576,2.3011269809361172,596.7557118409173,0.00018709772554243676,0.7293850251783902,0.05857526459215313,-2978.636968927551
51.13949994214,6.650258681000974,7576.381018957709,0.004441749392508953,0.03332553340824101,0.22485982786578457,2.126685422550505,1.2960083371986248,1.3804893580678166,2.2945595435936728,583.6295674475202,0.0001825392136611559,0.729905560961617,0.058452524938237875,-2980.413466101184
51.199907514029576,6.689245373882642,7548.440013006601,0.004443540303492517,0.03353645049780882,0.22434396230925638,2.1264549717508583,1.2987221433698695,1.380174671158663,2.2933485520914267,582.134454273971,0.00018244135835192892,0.7287515410423485,0.05852869728661433,-2981.9990134056543
51.217080174380385,6.660915548653289,7540.486139749064,0.00448587060911872,0.033533663578295125,0.22445642039556685,2.1269217773540205,1.2988346808045965,1.3803176102999175,2.290949784857676,575.0249908486413,0.0001808827183553892,0.7292793213432179,0.05857531287802435,-2982.6749161932757
51.22630989510153,6.7083705523183355,7533.394348631657,0.00444181028809141,0.0337037038617877,0.22372323766370705,2.12666311423921,1.2968042070275725,1.379972068160397,2.291584258606866,575.7410753121013,0.00018154425154505324,0.7271786594026209,0.05875037075622149,-2982.9812587679967
51.22078887592721,6.613263982572786,7593.845726024693,0.00442746607317513,0.03336522698659692,0.22451560579260196,2.12735969350233,1.2934782669534477,1.3801670877190175,2.29372592173264,571.8124263827539,0.00018352937249322272,0.7288498894182223,0.059007315178880866,-2980.1676310591956
51.17804197686601,6.628558059156386,7627.621149723638,0.004339049427325348,0.03329575259051307,0.22436858651011038,2.1269996318360747,1.2899838345704704,1.3799364362610387,2.298000055474754,579.8683525854565,0.00018664207689694426,0.7282667429432358,0.059122779947088006,-2978.92076511773
51.14443770107741,6.737127429976503,7644.218098656051,0.004207881174028051,0.03342215893858608,0.22335616130217473,2.125594519831435,1.2880787143738806,1.3792982770187832,2.3047418336157213,599.406406451844,0.00019228336645780585,0.7258169967381877,0.05897648484342729,-2978.1199363951587
51.128825149291565,6.70890051960038,7621.204492725334,0.004267244296780695,0.033401809471086334,0.22364478581093,2.1257571405992888,1.2916759327145786,1.3795134231983814,2.3025940931267868,599.4973996621142,0.00018926600491890608,0.7267773462907582,0.05866456829382353,-2978.764941093315
51.09457273211548,6.755567699776684,7665.686836334407,0.004136813587524913,0.03333709048281772,0.22315000850080063,2.124812557367342,1.2880035485782257,1.3789859425996411,2.3091565135402616,613.1699025750479,0.00019528415689955544,0.7250891884467635,0.05884925302750979,-2978.0716824779715
51.13724453022829,6.79565517465317,7629.213777914522,0.004175201454497241,0.03363238436171543,0.22265933782320846,2.1250050637188513,1.2878565790109207,1.3790661432979323,2.3062669355333085,607.5905630165742,0.00019297771545474047,0.7241720711751742,0.05873293416801278,-2978.2351355258625
51.1656390180038,6.77590987827552,7650.292239136437,0.004162118111471598,0.03358166685539812,0.22261273152525707,2.12546768591316,1.2839528403734624,1.379072092044456,2.3058708786489666,599.27670142332,0.00019305098254626484,0.7239679463918743,0.059218121671866436,-2978.008359762537
51.16298618626221,6.769011250231991,7640.346029648027,0.004183828710964021,0.033549190411551535,0.22268179084020945,2.125309753657832,1.2863357481743098,1.3791205359401117,2.305628763665497,601.2985994947078,0.0001926667094852765,0.7244818106625354,0.05907263518072825,-2978.1642102328665
51.19168322842633,6.769618180954833,7614.440460820972,0.004239045710214647,0.03366644374572584,0.22276220208122158,2.1251912957760632,1.2905894836388105,1.3792399850150598,2.304295014163408,604.2932447036573,0.000191171638529976,0.7243831607670888,0.05859514083613046,-2978.9246479499893
51.21505048130827,6.7548655225416105,7619.582761394513,0.004264710208860435,0.03370201872968398,0.22304689270618225,2.1256132413274917,1.2901090257767158,1.3794440533034882,2.3030446768116466,598.8857384608499,0.00019079814770316182,0.724822209343415,0.05857342172586579,-2979.063253027203
51.207631138086846,6.684159424924459,7609.821065794068,0.004338831118042277,0.03345197541752425,0.22366055801272683,2.126137970198771,1.2927224089506961,1.3798831683082655,2.3001434600236816,592.3078409572581,0.00018680192833560007,0.7268687411674892,0.05864694212288185,-2979.5071310761596
51.18138732348447,6.606077975286517,7639.332663287959,0.004358072211480866,0.033137496813035586,0.22448976152514208,2.126635347532285,1.2923419595731804,1.380188035242278,2.300184389113867,590.9147979945805,0.00018514248433180484,0.7287299739175526,0.058727747438004255,-2979.3550357637087
51.21106036256451,6.64610903759521,7627.083661837962,0.004348490796011626,0.03329773773540381,0.22407413848629953,2.126575118862144,1.2913962587689756,1.3800983603196824,2.2995832718709837,588.0789776512715,0.00018466061016720082,0.727733986332004,0.058871052080118495,-2979.49144733701
51.23099306211323,6.619406870026165,7615.342893924297,0.004406408696667399,0.03332482959899899,0.224318457356665,2.1270982136328027,1.2911709567545433,1.3803669793330555,2.2964205536344,580.6731379852287,0.00018248414624412725,0.728037216489859,0.05885845333554933,-2979.942593405044
51.190798628923844,6.617724778161239,7621.07115545917,0.004384602706749498,0.033204836562805845,0.2243189022119689,2.126663370473584,1.2924955304949208,1.3802561680159626,2.298487994840155,588.3417561115962,0.00018363669856270916,0.7281793426329816,0.05872934137048348,-2979.7161200115283
51.23110514044052,6.68896091184785,7593.785695312454,0.004395798466823527,0.03353475990841542,0.2238391745803068,2.1260900180238576,1.2966179653540877,1.3801018006672834,2.299256056268005,598.3856876910312,0.00018529527170934966,0.7270951836702222,0.058015257712246596,-2980.5325676952616
51.247615562420954,6.638115836101324,7602.2035923397325,0.004444806243449145,0.03335458289502849,0.22461082491581624,2.1265770547958964,1.298552428826546,1.380468896318885,2.2981585663249247,595.4384600088603,0.0001836300204535819,0.7289721777407253,0.057974313481329455,-2980.513018130005
51.177512476351794,6.598730155964187,7648.1026334832295,0.004380576979627375,0.0330611662097848,0.2248585384589761,2.1266857563417996,1.293279070260895,1.3804889890320635,2.3011327264988575,596.5313474516443,0.00018548513728284703,0.7295736390330846,0.058328670834171155,-2979.2939834421813
51.13711885416019,6.545162608914108,7633.714946912607,0.0044354441851775775,0.03299244831243181,0.22512010625302112,2.127316613027814,1.290709862600901,1.3808721573371137,2.297980778638493,588.3233704400076,0.0001818341882804526,0.7305314784293744,0.05828375589900086,-2979.799052393748
51.14187097750619,6.521737591392647,7605.069445555141,0.0045118635974076785,0.033027883582699334,0.22520584552037934,2.127414717097783,1.2941223164166828,1.3810534720102514,2.2951204631939666,586.3973688427651,0.00018001338690807253,0.7309983872796791,0.05794785043818495,-2980.215162861467
51.17007588685911,6.5469869073823475,7616.402408054201,0.0044668606718537215,0.03310953518742529,0.2248707769931318,2.1273880101062863,1.2913490611965674,1.380842650731564,2.296305821264321,584.0524164922957,0.00018190871374549635,0.7299972505583706,0.058199441880497055,-2979.7803822727783
51.086868222618705,6.614460159790962,7623.367193902515,0.004365704264931322,0.033155609380192956,0.22415655911747565,2.1263870836421552,1.288901955456532,1.3804126486472836,2.3003026613895585,597.0433604286875,0.0001841263371890297,0.7284978084018591,0.058220303357413274,-2979.577561741524
51.115438695902014,6.633096632274064,7580.2572481450425,0.004425455805090557,0.033339733863903216,0.2238364654757813,2.1263877595403313,1.2926134930093844,1.3804128986609276,2.29700664823965,593.5743785235871,0.00018190635267985905,0.7281869175072949,0.05798941852973454,-2980.2460290172025
51.11095999816252,6.643118309926866,7550.737057363025,0.004469563089601835,0.033426217328034746,0.22383756185287706,2.1263717296082314,1.2950311263939254,1.3805560346509278,2.2945594913300082,593.5058022328392,0.00017874389464389402,0.7282935018613258,0.05775527308339373,-2981.3780419195223
51.06447899945012,6.664147304812417,7581.453302790926,0.004385112235523166,0.03333261237028394,0.224130038347063,2.1258796772570263,1.2942734955536976,1.3804232479230754,2.2988050102873716,603.962031580791,0.0001808317838029942,0.7287097774981846,0.05784672185201682,-2980.383644763876
51.04662405475419,6.670835980530704,7604.994268080453,0.004323014777624902,0.03325977005929972,0.22387041762564117,2.12574375563913,1.2906621301406809,1.3802437746651341,2.300757997772442,603.4668592832518,0.00018269492056938703,0.7282989320030054,0.05819348949364741,-2979.806979618026
51.03373923925631,6.6509145482852965,7594.8049510403935,0.004354268795437837,0.0332852469028239,0.223731991483951,2.1264273220710215,1.2874966461064958,1.3804617721569739,2.2975656961480286,591.7969658312979,0.00018024078685435733,0.7286516851030264,0.05843838623243102,-2980.057675897998
51.043734881375784,6.680505445695655,7555.651400520675,0.0043860072197831924,0.03349252044898004,0.2231844219320248,2.1261044597964354,1.2904653129627477,1.3803365116305477,2.296156848141707,593.9755509970728,0.00017946006060345546,0.7277034167520942,0.05809796628786913,-2980.8426952176023
51.05003777744432,6.675739679094001,7600.920651674867,0.004326966769344183,0.03336367903320837,0.22353902059731526,2.1258856777941375,1.2883630698696258,1.3803168480229864,2.3002515771437553,601.3095843315896,0.00018231740496085555,0.7278044565433617,0.05818914438559726,-2979.80116123126
51.0617660426964,6.6289863098575275,7590.176619741955,0.00438462966540886,0.03328048157575171,0.2240539722854067,2.126296081282718,1.290618481859978,1.3805572275342013,2.2978105343800586,594.9861145006658,0.00018049150277261073,0.7291321078677587,0.05817069664702245,-2980.123020859667
51.039032187399755,6.640148668961185,7622.544900100362,0.004298449535578906,0.03313092798342985,0.22396978776886053,2.125928624052595,1.289496418279917,1.380243694816203,2.3016616410509543,601.2124871392218,0.00018271967524891258,0.7290976454098903,0.05846222306192179,-2979.8183661676658
51.08996632869565,6.62951579021064,7593.835042770252,0.0043709406684680615,0.03318389202912845,0.22422767989715395,2.1263792254251346,1.292876225962372,1.3804460270206744,2.2976409472840764,592.7545921351626,0.00017938059769322478,0.7303419372534471,0.05848341338129849,-2980.304267307734
51.0873593258798,6.671323723519471,7582.107575331803,0.004349097184520549,0.03335766353623388,0.22365123193966166,2.126012117648048,1.2925212178593004,1.3802158174719588,2.298388045151925,597.5812833609706,0.00018001376140900296,0.7290408567141864,0.058280486318296756,-2980.4588459625893
51.11086879053141,6.705086886394085,7629.110506603283,0.004231308451066468,0.03329607079960517,0.22346198461449404,2.125436696552973,1.2890312961498014,1.3797393570083814,2.30370031430779,602.4989514268872,0.0001852101288498523,0.7278717031414591,0.058751711625390106,-2979.2673538422177
51.100727012070855,6.674242331733016,7635.538673434039,0.004237340789889905,0.03326781938701961,0.2233903669901275,2.125857611321177,1.2861287700093995,1.37978402174768,2.3027945030428105,596.0053355067545,0.00018551593469712477,0.7279809128278618,0.05896016480158949,-2979.1284969812073
51.12752633067656,6.685579218836523,7594.417945811454,0.004281126497175488,0.0335485203775102,0.22305266114744068,2.126176266807541,1.2872702507726206,1.3797997957511616,2.299065199696785,588.7718736100175,0.00018309815214644955,0.7272946995843429,0.05882364833576954,-2979.8199370771013
51.08854063196621,6.666818609354827,7594.434245088671,0.004286884342844302,0.03344266253191903,0.2231786968279084,2.1261558256054824,1.2877124697796856,1.3798766979054988,2.299284673941705,590.2530868022034,0.0001828329903339123,0.7279957320571049,0.05877763127954264,-2979.690991944076
51.08469215828459,6.6395452926486875,7638.798459812169,0.004249091964059415,0.03328447728409616,0.22359926385020146,2.12646889543888,1.2841913466215404,1.3799490060821935,2.3014920635761476,589.0517619532541,0.0001850647598169606,0.7285208048902905,0.059005403856619495,-2978.9448370388586
51.05781026062946,6.6168522405077965,7589.4217932316005,0.004343765650835916,0.033409672412661774,0.22363313745314672,2.1265295868006415,1.2880071637650665,1.3802352311579975,2.2979583295236825,589.5751506762323,0.00018172258519704132,0.728650077981015,0.058270553014239786,-2979.825472788632
51.04939209028152,6.578058171289236,7624.061808011223,0.004329427888295199,0.033180457371911276,0.2241321201742446,2.126652423375921,1.287270791755759,1.3803393510078175,2.29983013646682,590.6928708685869,0.0001831331424682214,0.7296622273674728,0.05838345195998506,-2979.390343354276
51.0477432981956,6.542907459799764,7644.690660436654,0.004327486216098874,0.03305871298033343,0.22454278717023152,2.1270114007903116,1.2856943749259973,1.3804685500059533,2.3000845779044177,588.0037311954907,0.00018322252104193158,0.7303928336870499,0.05852097660955288,-2979.4126291720722
51.07952077374315,6.544339263514175,7627.411296110133,0.004366502886810793,0.03307862371671255,0.22466450059239607,2.1271901591766733,1.2877254337160413,1.380621105288094,2.2978537106179737,584.2266143931903,0.0001808863192209069,0.7308723209075557,0.05857063065158047,-2979.6659503382534
51.08344715214331,6.597013986083532,7588.692384693412,0.0043907413976805336,0.033216539325076795,0.22425217418317836,2.12652323661667,1.2936206719198755,1.3805031106819263,2.2971923868554605,592.601130031053,0.00017958069675920387,0.7306140816227177,0.05818477980009299,-2980.3433947620765
51.07176504890719,6.553567820194932,7615.575845225789,0.004409472580922795,0.03302240410451899,0.22515455291413972,2.1269771739146672,1.2915567646548491,1.3808637247789575,2.296826918017544,590.0341400473437,0.000178081821120634,0.7315670482062545,0.05830502911012777,-2980.268404966352
51.06239458643279,6.565919080531469,7654.028088513553,0.004330768795154676,0.03289935612537728,0.2253132470947365,2.126555984625038,1.2907412023848033,1.3806176209648193,2.3010380548711247,597.7951171464518,0.00018142534424576677,0.7313888267410128,0.05848517637613462,-2980.012453645301
51.09076473447119,6.5756994086924365,7652.893289323196,0.004345222059148702,0.032964412913910175,0.2253766179905019,2.126609408497525,1.2911248783993294,1.3806861471924705,2.3008042744466355,597.6860790268363,0.00018202407950479224,0.7312034356989452,0.05836999359928696,-2979.6880557152826
51.09026360446695,6.60232620380922,7646.140959047329,0.004337110100828813,0.03298235023924141,0.22514872046685588,2.126573281296479,1.2902540652107715,1.380656068406594,2.3001859213905855,595.8695800450265,0.000181187159664022,0.7309049851961085,0.05855454167633081,-2979.8583840066603
51.0946871583093,6.6697727679450765,7627.828117998644,0.0043139580912045965,0.03314613384621343,0.22477495128268885,2.125876838937983,1.2926352555302032,1.380421655295154,2.3011263095751366,603.5120987570588,0.00018116990707084843,0.7298169729377159,0.058408490409004886,-2979.8649355072926
51.09522955381243,6.683845968480679,7659.579631770008,0.004229245933328305,0.033093243313012666,0.2245437233033552,2.1255895982022692,1.2896441242757297,1.3801845469368867,2.3052125838571205,610.5543489714839,0.00018374804834611052,0.7291947377582603,0.058588266416259444,-2979.623870020422
51.07191797362261,6.673442620104506,7650.840497822662,0.004239699140912845,0.033103214237620665,0.22438833781174783,2.1257214075853925,1.2892343215794757,1.3802080363637765,2.3043430028689853,608.2960447658353,0.000183320596554818,0.7293800210849986,0.05856237172098926,-2979.6438172320168
51.06385723441927,6.711779784647007,7661.792569705979,0.004159656562750521,0.033168710389086475,0.22373545093693703,2.124877978074353,1.2908752450169656,1.379645320674475,2.308655267050987,620.4399145438304,0.00018816568559489348,0.728604779959638,0.058485559905623374,-2978.991696068827
51.08822851808688,6.669166956274246,7670.122592453448,0.004183779468507836,0.03307217516153869,0.2241030196308748,2.1252331452963755,1.2913436765250546,1.3797804567332723,2.3079504517492415,615.092354284491,0.00018818815435853108,0.7296406027423644,0.05862737207662909,-2978.9368344849136
51.07511407852433,6.708442780717711,7677.0926236267915,0.0041232381358469045,0.03304427411537679,0.2239350843466273,2.124432889313124,1.2933126363898104,1.3794150758027284,2.311197744664476,626.7165206041872,0.00019052740973884275,0.7292619269947147,0.05867045908357781,-2978.886811105384
51.06695154435116,6.811020395943981,7658.5245834365605,0.004038730661011801,0.03325136811146567,0.22286454155409702,2.1230313585342135,1.2955696595080655,1.3787504173033418,2.3145448742560797,641.3051088383377,0.00019310348520333711,0.7269783118293277,0.05857409995377372,-2978.627089225277
51.07549858709773,6.800586173046494,7628.995873378584,0.004087686829555612,0.03330635607184401,0.22285757202797568,2.1231584564320647,1.2974797449401028,1.3789129062649395,2.3123797677926348,639.4343008013767,0.0001898888002963779,0.7268651251866824,0.058392214025633646,-2979.1221222842864
51.04321322356729,6.778729871244426,7651.092074082739,0.004073023789519133,0.03320101611617288,0.22319935472041433,2.123203688671739,1.295846479746448,1.3790255781034166,2.3138044595172644,642.112744854038,0.00019159351170074733,0.7273859722513524,0.0583178045194191,-2978.9372040430203
51.04556096147985,6.76601896006424,7646.164710462022,0.004083474260086331,0.03325525877737422,0.22315593522808286,2.123292979185056,1.2964411164133451,1.3790331311598911,2.3136861139633407,645.3891911331175,0.00019120110829958886,0.7269336381308071,0.05803638596449775,-2979.0018946362584
51.045332557168784,6.767554860715521,7623.152297232269,0.0041207245240814745,0.03330529830954619,0.22293359267659313,2.123212934115836,1.2972078659202557,1.3790973813464564,2.3119687685036467,641.3359803483246,0.00019000361363978604,0.7264767947904028,0.05797049535625621,-2979.234605965894
51.09891612458931,6.805075737947135,7571.188070308668,0.00417681693213931,0.033606309285063383,0.22252779888146412,2.123295543056988,1.2997887911162376,1.3790676172058536,2.3080273773770186,633.3502596396311,0.00018757954530221468,0.7254482227934671,0.05790801350586185,-2980.136300963946
51.119251086738906,6.762985487059581,7611.268146821943,0.004156314268422218,0.03343689782993308,0.2230823526871347,2.123806501988069,1.2968227885290569,1.3791922851967384,2.309104834575632,629.6562758790362,0.00018842420051312772,0.7261863238063478,0.05823208916471072,-2979.311604708096
51.11408045886927,6.727760457182299,7674.845962706262,0.004086810649672467,0.03313885511437048,0.22366027836956553,2.1239043936535706,1.2923278490849184,1.3791522276434662,2.312582659406581,629.9082780059083,0.00019130662468809853,0.7268718988443577,0.05875957048452128,-2979.156625945464
51.12864992552008,6.660090220289309,7674.512144529338,0.004178419808906976,0.03297539824292183,0.22459814665581782,2.1247750168032518,1.2932887978778398,1.3797502928284175,2.309028903506288,619.9431070311243,0.00018727595299587144,0.7286932012124194,0.058747350293471494,-2979.7374030323094
51.14334572938608,6.703024867357978,7651.852606567449,0.004177613167393296,0.0332148057498876,0.22396979935288444,2.124803607347557,1.2926671994346672,1.3795448004624622,2.307667797179806,616.5878576836607,0.000187532468958576,0.7275864560000888,0.05871005538397967,-2979.111278078428
51.16655736491812,6.693102592005957,7625.007768086081,0.004227682893554291,0.03329226111667877,0.22423614579442921,2.1249146608507994,1.2977589102389722,1.3795805340142544,2.306024541604312,618.2937766315972,0.000185989819165823,0.7282681094996197,0.058375921059018544,-2979.4224919790913
51.19194275027559,6.6797220798871635,7617.688825053343,0.004255067087286935,0.033289942331997814,0.2243084726249215,2.1251432760724414,1.298434313422318,1.379666193435507,2.3046217772659867,614.7163040515406,0.0001847404158397505,0.7283929824776054,0.05842694548963997,-2979.723138594509
51.11414647422608,6.718367304773459,7662.583120823703,0.00414908403290103,0.03310322405207409,0.22440479008370662,2.124391065483524,1.2956490416133293,1.3794988790683513,2.3101887690436116,632.111971845376,0.0001869038084219731,0.7280939990671903,0.05847016320073592,-2979.527327603774
51.11857716834707,6.77200058900004,7669.847321738032,0.004095577016759907,0.03324307479109408,0.22376863549374698,2.1242131899343453,1.292567014414025,1.3791835673663821,2.311139723843884,632.4428868520966,0.00018928218613358737,0.7269727895967061,0.058712710852744106,-2978.955454379134
51.14995953651382,6.754296128068603,7642.647097616252,0.004154486178947466,0.03331656094220767,0.2237881758716611,2.1246564938590984,1.294200121458346,1.3793162373343861,2.307784276605254,623.4076251984775,0.00018656517002861882,0.7272588223424178,0.058733524197781675,-2979.217676532255
51.16768795888964,6.801223502163634,7640.8493857255235,0.004119561079758231,0.033437595104113475,0.22341489413071502,2.1242673058075425,1.2937751463848963,1.3790956728924209,2.308759337445518,625.7800395924575,0.00018784245543371347,0.7262979206768748,0.058813576380046556,-2979.0538805768724
51.206019676801574,6.8736863301203535,7608.821460618671,0.004119439335296335,0.03372495405633726,0.2229238680484747,2.123887806655153,1.2963295135507922,1.3789395790171621,2.3083421175914225,630.6842171167456,0.0001866192465542276,0.7251332360530822,0.05855578650267967,-2980.1290786373806
51.202496422180474,6.864331043276117,7654.58278573039,0.004058341471860412,0.033610157573990246,0.22305305784688062,2.123845155953423,1.293765535510339,1.3787809151377568,2.3121204914963815,636.3441896324086,0.00019050795647059193,0.725037212845263,0.05859708099686003,-2978.7257333871066
51.232068408309075,6.87856041332682,7652.1422889141995,0.004053114781160647,0.03366213539354609,0.22283263901748832,2.1237367640222016,1.2942872143127895,1.378607927679099,2.3118429931177022,634.2835264859714,0.00019113541514363935,0.7246102267033807,0.05872619892910017,-2978.794749315895
51.22639721929066,6.8245313895598585,7680.8608117373315,0.0040587729414957975,0.0334649716192814,0.22338995101380152,2.1241397710736374,1.2928020542173453,1.3788046351181358,2.3124249459312733,631.7780345023299,0.00019152570043332227,0.7257878970346956,0.058857896388114984,-2978.3344157317974
51.24149365331744,6.837543805721463,7680.068084667309,0.004052738839955274,0.03347292397943531,0.22332081330646147,2.123853810518588,1.294409058787862,1.3787007939873308,2.3133437880155716,635.7748181101169,0.00019276993587949353,0.7255478186094547,0.05875268804579074,-2978.2570328616503
51.25335148460185,6.8260487948144934,7680.606341885123,0.00405554979679008,0.033441534124744016,0.2233549045920899,2.123892807376155,1.2959993922968973,1.3786069681974178,2.313384187039025,634.8390430347979,0.00019351912983799053,0.726105488565526,0.05883503878703088,-2978.1543716799206
51.28035819898693,6.8813420160543295,7649.367248835386,0.004071298009923952,0.03372618957148166,0.2231200289254736,2.123784671835241,1.2978477639346928,1.3786280737701844,2.312383876587253,638.8167244634172,0.00019204338460729952,0.7251457858871736,0.05843627657192836,-2979.1295691055566
51.28937871922797,6.831926052917261,7624.951881942077,0.0041664888650725365,0.03369929652581032,0.22350708044811085,2.124635432526089,1.2995298417105874,1.3790654195919738,2.307915627564988,627.4442257703538,0.00018857865723769313,0.7267832629173758,0.05828165472364472,-2980.261682641688
51.246460174250856,6.87446473023299,7599.241325306739,0.004166383349766043,0.03385809873164435,0.22317598045582132,2.1243646468684414,1.3003220575575405,1.3789980856593247,2.307394802836537,632.7619312204324,0.00018725724914990497,0.7261849662338863,0.057968891934115106,-2981.4774314710467
51.209081202656265,6.824051068092206,7623.914430798072,0.004154017473768105,0.03369290182631424,0.22332840429084366,2.12492026981068,1.296120338078965,1.3791687112761468,2.307671772703705,628.0718275949735,0.00018684769835900907,0.7269591512712835,0.058217563028803015,-2979.995094467523
51.218736306633836,6.845113697199398,7615.746456866801,0.004139482505385837,0.03375788433633668,0.2229853773110412,2.124310381466387,1.2983805654682192,1.3788544164783731,2.3089409613384766,636.3698834464323,0.00018819487110714527,0.7259306863283554,0.057962166823366246,-2980.202713773943
51.19537679678743,6.875981849649882,7619.508596732489,0.004096940027680308,0.033783914424461346,0.22268625514495982,2.1239798089031474,1.2972225202823249,1.3785930086805882,2.3101771894768914,639.3671491578201,0.00018933089765983655,0.7254606857445595,0.05813027523351348,-2979.85040056108
51.19537679678743,6.875981849649882,7619.508596732489,0.004096940027680308,0.033783914424461346,0.22268625514495982,2.1239798089031474,1.2972225202823249,1.3785930086805882,2.3101771894768914,639.3671491578201,0.00018933089765983655,0.7254606857445595,0.05813027523351348,-2979.85040056108
51.19537679678743,6.875981849649882,7619.508596732489,0.004096940027680308,0.033783914424461346,0.22268625514495982,2.1239798089031474,1.2972225202823249,1.3785930086805882,2.3101771894768914,639.3671491578201,0.00018933089765983655,0.7254606857445595,0.05813027523351348,-2979.85040056108
51.17419856937309,6.8426119915645,7637.004876841446,0.004090249451243517,0.0336247127126733,0.22288293983609087,2.124032891653984,1.2963240855222193,1.3786262819670987,2.3111331990539794,641.0272745954455,0.0001899314388683791,0.7260114810367064,0.05818122585320623,-2979.072635588761
51.121641852074326,6.802978986310833,7696.5664736941835,0.004005192820716185,0.03335147262249464,0.2229209302684017,2.1242034888201347,1.2887237357652859,1.378504215818692,2.314471486981106,639.9861431674973,0.00019363228681502746,0.7257873643650586,0.058717079078497596,-2978.3491219253333
51.14616029581191,6.811820600688165,7667.401221180187,0.004045612396510673,0.033509645507361845,0.22293480816850705,2.1242771812484973,1.29167229139976,1.3785640242919797,2.3128897195307605,640.1852061509055,0.00019234903902200595,0.7258224506089089,0.05845733943661079,-2978.188667745612
51.15264102985523,6.743984463983011,7662.846764426603,0.004114738518944284,0.03341189668446462,0.22343427392413184,2.1249809621438436,1.2922551928287995,1.3789251505113893,2.309961363002729,631.0161494896239,0.00018963733814312948,0.7271183431692572,0.05842912783631263,-2978.526810390771
51.16537487020624,6.742408953840258,7681.096060581366,0.00409776914793587,0.03339700403158639,0.2235011569500398,2.1247863149446085,1.2935730889265211,1.3788538564372275,2.3121680897277455,640.5206360921666,0.00019186881428330752,0.7271110165094351,0.05811855730877178,-2978.2251330126383
51.14400858622979,6.704403535968687,7685.840416024133,0.004118488327026585,0.03328854084572028,0.22367376250689106,2.1252843274122952,1.2913716430230213,1.3790624824245055,2.310800124300026,633.0083825799949,0.00019035599884117222,0.7278172885268104,0.058332014352823515,-2978.429419869857
51.11561108836763,6.672560792930323,7687.83140955325,0.004131491037739878,0.03327576493353907,0.2238277422079467,2.1255080344933908,1.291547543797354,1.3791766569444794,2.310969433375613,634.1602712188596,0.00019069335333428997,0.7286482528037906,0.05804596840715215,-2978.2347664271538
51.13800064522508,6.728804368554876,7636.837278595946,0.004157875228271025,0.03363648860759796,0.22318910870743228,2.1250463636487886,1.2947614971991364,1.3789889142137342,2.3096978298555175,638.4694889525018,0.0001897950065551757,0.7267452353502798,0.05748766507342707,-2978.9457016983215
51.12898828030015,6.675751658843577,7613.251235789192,0.004235052626902135,0.03352218335970178,0.22343578768205896,2.1253852233285557,1.2975846254831707,1.3792688318369024,2.306789123566511,632.638587044939,0.00018701214960072855,0.7278653757136785,0.057337119445137245,-2979.597650392562
51.11035718451506,6.640160721459509,7681.070933700986,0.0041491390100115,0.0332799297243117,0.22367142189941336,2.1255268685842,1.2903155040145233,1.3791231698894006,2.3104383158475326,631.2854752692147,0.00019089021958754973,0.7274292546952963,0.057952190387802076,-2978.5062632781014
51.08441039147744,6.66503514110622,7637.6686573866655,0.0041654353814443755,0.033459886623740095,0.22298416039455948,2.125051178161299,1.2946830633841464,1.3788726572756762,2.310105027715938,638.372616263626,0.00019126117313289143,0.7270129051629852,0.05745936543132419,-2978.5540754170847
51.0657900132984,6.673689607703487,7664.501316239543,0.0041116092197611915,0.03339725721249813,0.22271904728839415,2.1251099646817577,1.2901796727105148,1.3787490741226986,2.3117627277432105,637.3373323443103,0.00019302909452792092,0.7264611940253071,0.05780095360268196,-2978.2709503419933
51.06663842309775,6.665398837907226,7670.884429905302,0.00412545737401058,0.033282529551038116,0.22294747530469494,2.125283317043192,1.2896759824193667,1.3789001290641054,2.3112055135038645,635.9821764510455,0.0001914848687267224,0.7269777835188362,0.0579757575990821,-2978.706451112766
51.11652389701618,6.711467248000805,7601.829583612596,0.004197319309592558,0.03365397801325389,0.22241083350793805,2.124984792932351,1.296265639787653,1.3788476860530072,2.3078494668432707,636.0566963397715,0.0001887968284849976,0.7259664612495976,0.057457470830123425,-2979.600820240925
51.103813731604845,6.741551348725295,7607.425702074939,0.0041433126170085715,0.03366251052377782,0.2218140748439188,2.1245967988913743,1.293473897247965,1.3785842591884216,2.3094929544521245,638.864040493581,0.0001899661954697751,0.7249393675765182,0.05769588794762308,-2979.193620344702
51.062799269212746,6.770788302261543,7661.799408887107,0.0040273655938457,0.03348807638982455,0.2217525003527326,2.1241953158887372,1.2878983985350931,1.3783492149963394,2.314219466184344,645.8947908832481,0.00019307916662036608,0.724475478818965,0.058212345956328695,-2978.6351861039925
51.071462959577445,6.791938002811882,7676.000779012183,0.003986421326773114,0.033422813092831495,0.22187436594080046,2.1239264180068798,1.2877922393951622,1.3781737532591127,2.3153440098940057,648.3442300335779,0.00019295613839954276,0.7242751249592186,0.0585638942436865,-2978.9413289227255
51.078913868220155,6.797720069846665,7674.651058331587,0.00398152804830558,0.03347695006396766,0.22160506867182866,2.1240102558269176,1.285755328129569,1.3780141836969584,2.3144038944133527,641.9798442739785,0.00019235255451345882,0.7232750649297827,0.05879702435725369,-2979.1108795984082
51.12737423010541,6.783001884403156,7559.050886010336,0.0041498484005793165,0.03385081731443833,0.2211002779421493,2.1246967255042897,1.29368787932983,1.3782731911284243,2.3048033053165735,624.9385199917535,0.00018349776064552635,0.7235892502913354,0.05845928428375895,-2981.172580192289
51.09458947252407,6.7619085951085545,7595.087426836626,0.004096254824319103,0.03369024390018047,0.22130261441072455,2.124690575119632,1.290538210491937,1.3782482720952212,2.3079303060127376,629.4013258578264,0.00018540553236290466,0.7242480061872875,0.0585858364209145,-2979.9022884475544
51.065961521951536,6.740184798256397,7594.918437352388,0.0040907551214469234,0.03358396592296571,0.22105274997036925,2.1249672100129606,1.2874818837356399,1.3782516745189655,2.307015033887023,622.3590505017438,0.00018401982553735392,0.7245858321450366,0.05896855127979066,-2979.9637824057954
51.0777725964881,6.792201400497451,7598.151655964533,0.004043943908899339,0.033708087374313,0.22063606325773752,2.1244913563500742,1.287865057692654,1.3779181625239754,2.3088742136809968,629.5351283256248,0.0001856150815734034,0.7235365507332947,0.05890875189303502,-2979.8237643708535
51.056940481876445,6.758283512054987,7595.768766534377,0.004065337189649085,0.033654319616985534,0.22066855958083859,2.125091969076049,1.2848485416161843,1.3781072985876681,2.306463060657577,620.0154023982755,0.00018373084986606183,0.7238422915513447,0.05913785691885332,-2979.9927958427243
51.05538755327284,6.713800458449487,7644.510270075691,0.004037640962442273,0.03349923000613366,0.22104696751814729,2.125689249220139,1.2782049276871912,1.3783104724298323,2.3076934973321395,612.9396416171003,0.00018546854523454539,0.723992604992335,0.059477501825178754,-2979.841831687058
51.03757386732055,6.727045054245579,7663.72412571449,0.004000725879040163,0.03340719474854776,0.2211421879735429,2.1252983536543697,1.2777486204626163,1.3782645439320895,2.3101649201345205,619.814270644967,0.00018736236954565135,0.7239829809820226,0.059446289692713136,-2980.157194160773
51.0829485060582,6.758364175626419,7621.7633288249635,0.004054187991761509,0.03371951542802145,0.2209671063422369,2.12544221749833,1.2808799526563925,1.3783741943735301,2.3074272084140763,617.9039232288501,0.00018552512226348227,0.7234041369335398,0.05900511999445074,-2979.4236480542354
51.07780592451068,6.826648799254929,7560.148280513284,0.004090216702534809,0.03407036527361626,0.21993471471695872,2.1251041455461923,1.2831919166904928,1.3781958040551352,2.3041889286796176,617.1451054959907,0.0001837887361361055,0.7219024570404472,0.05871279148916274,-2980.6852178479794
51.08907224816534,6.811608126552013,7589.561851577482,0.0040287551218356685,0.03396948835863182,0.21994068966682892,2.1247894737299196,1.2837348151782404,1.377915428169685,2.30801265180034,625.074094543139,0.0001870185929970789,0.7220176890294857,0.058752983349141426,-2979.722002340967
51.087369427892575,6.780529305753344,7575.173015539445,0.004082163999989092,0.033875950363463865,0.22023539763075559,2.1249646572973524,1.2864800851243199,1.3781757411292492,2.306116763116287,624.1688524374014,0.00018425510898681423,0.7233444559570906,0.05862601127105147,-2980.293007697272
51.09555249219794,6.797592937632096,7555.223650328588,0.00408058346587183,0.033915481251224594,0.21975621374171914,2.124615135484695,1.2884305679570043,1.3779212175304798,2.3058998719708175,626.3639906787585,0.00018381274488143794,0.7226722899100007,0.05864307646861519,-2980.7755957968407
51.145463612384674,6.742192735029661,7575.123650163388,0.004107617443370131,0.03380979380080783,0.22041148258407064,2.125224647674818,1.2886205971922349,1.3781257857492475,2.304994971610075,620.601722249159,0.0001829521025578636,0.7236821845200077,0.05881895468094143,-2980.6376678941106
51.17460162276297,6.8376677384287845,7534.526459024961,0.004076205251562007,0.03412136276138562,0.21950761829131352,2.123835075731043,1.2950986523635601,1.3775176563103593,2.3074312906063845,638.6560322214453,0.00018517425811203148,0.7213438229926423,0.058219082043279274,-2982.1419796928144
51.144908176068284,6.821480291438409,7578.0844957483505,0.003997999327302851,0.033924611832752964,0.21946455941361617,2.1238661730316952,1.289992990196215,1.3773161940848577,2.3105013191692905,639.0979037264968,0.00018729947446300527,0.7209355867051687,0.058722547546542,-2980.23310280592
51.13398197557735,6.795906305905788,7557.28488906514,0.004034517543179794,0.033958105528028186,0.2194769366792928,2.1241671837223564,1.2913917720032113,1.3774152848970214,2.308353834705586,634.0470794237391,0.00018568201828561359,0.7214393956726518,0.058624769996733814,-2980.7834680725086
51.17822257793701,6.745422315548087,7592.097963965347,0.004040246866673501,0.033768607779800446,0.22016350636424623,2.1244511827231483,1.2922530302731872,1.3775559992416917,2.3095252540980233,631.281212458799,0.00018776413145024168,0.7228120122370643,0.05878841572115938,-2979.964442965011
51.23039463935146,6.824699193810783,7546.217167369356,0.004044690695839692,0.034223600688568716,0.21925278709762544,2.123760335587704,1.2954747090762035,1.377142772899758,2.3091523228913893,636.8913118792088,0.00018892227689804015,0.7200250495488297,0.05826887606322323,-2981.910096096083
51.2200887538619,6.8202467401424265,7551.88334089464,0.004040307993825094,0.0341551606548175,0.21938263937431718,2.123706299741108,1.2960713873697578,1.3771683602094638,2.309473301292849,638.590290719424,0.00018881094884415524,0.720475715848375,0.058279124335705784,-2981.610946900706
51.241778995076764,6.814572751219696,7563.5776761728885,0.004038130386250537,0.0340994129329476,0.2196145322539361,2.123877385230987,1.2961427952536257,1.3772446297114684,2.3095026253823354,636.9346697596484,0.0001889858747777479,0.7206451608354995,0.05834914016143322,-2981.2637248125448
51.23069221112132,6.690696459823869,7581.43742365831,0.0040957100098758985,0.03377724697690158,0.2203985059122808,2.12529871955528,1.2931541426969377,1.3777733720017724,2.3061074259866965,616.8398990948716,0.00018573065013816246,0.7233027176848328,0.058877646164194726,-2980.5133887116463
51.1516716892678,6.709038832464319,7604.636293589043,0.004008041207600044,0.03377628414624626,0.21977695832519456,2.1248803649835564,1.2875145628693887,1.3773662222165453,2.3091181397430485,622.3117824739412,0.00018861459718589284,0.7216460241220585,0.0590278480752358,-2979.6613882849997
51.12220371761261,6.626277368006633,7623.753999032529,0.004040229083552943,0.0335074010680129,0.22046313298631123,2.1254994822094577,1.285156385222284,1.3777808596796035,2.3077107380832462,614.3022274878907,0.0001865208795865519,0.7230755724660278,0.0592712413884298,-2980.0966709746
51.118728487212394,6.59366065203103,7619.921119858731,0.0040863194067173505,0.03341754268684178,0.22098762854506815,2.1257148288851018,1.2875376076499117,1.3780542302735317,2.30651944463105,614.941469567315,0.00018476130245790424,0.7241004226986225,0.05902945596201148,-2980.3857212031653
51.155394137258455,6.670408564738256,7660.984411973766,0.003969899836996888,0.03339397439837196,0.22103479293740919,2.1244829308463817,1.29027383225539,1.3774173010839452,2.313710648432931,636.972621778066,0.00019167192642786942,0.7236051794669549,0.05894570641115941,-2979.6116697285674
51.16562608777065,6.759571786119338,7690.494635975925,0.0038668240065877373,0.03352415817727411,0.22043163143222116,2.123322301608267,1.288857104069718,1.376785753391935,2.3187851637061065,653.6067573798423,0.00019778517782039574,0.7212413167399155,0.058871810989556586,-2979.1368191334163
51.18463955404015,6.739736349678225,7692.626696714538,0.003904835989317863,0.03342948279997169,0.22085645743611804,2.1235966518658946,1.2910374285233241,1.3771341581590333,2.3182560102671608,655.9025930100343,0.00019590444499611092,0.7221620197981192,0.05862123894733185,-2979.548784121548
51.20898996147808,6.700620735479859,7661.090761270271,0.003999808162880409,0.03345232012317099,0.22139661400765717,2.124252609614784,1.2943068950564243,1.3775326812357278,2.31360268475178,643.1500521124424,0.00019173843474353165,0.7233481970471729,0.05860411548980746,-2979.393865045575
51.25448256934024,6.718899633086853,7608.720757381085,0.004093580096659976,0.03370219745181843,0.22134266609546108,2.124640462544395,1.296492758715276,1.377923512722634,2.3087760570238336,634.8007430690762,0.0001870370616393703,0.7231140507083491,0.05832225195891266,-2980.1729449249815
51.219726392614945,6.763186911766837,7639.930986394834,0.0040036369815450125,0.03375319219670923,0.2207978492841867,2.1245566526549595,1.2898125213283036,1.3775865853542566,2.3115441078298975,638.3872902117307,0.00018948540067511817,0.7215035813966282,0.058588977801505356,-2979.455561388708
51.223896668304306,6.823966825179738,7659.423353288071,0.003926932456081801,0.03372772361714797,0.22084168197005982,2.123541983235657,1.2931994558492463,1.3772051441571913,2.316429493203972,655.8879254855267,0.00019316012533799693,0.7213661709123986,0.0585007647667133,-2979.006647898351
51.262503271535735,6.839936985553727,7631.384156811757,0.0039690243835762435,0.033872794785865426,0.2207097981717321,2.1235903349730263,1.2960436379696283,1.3772708002034173,2.314562951364869,654.2325208556447,0.00019177192799865774,0.7209175687851981,0.058232452466405925,-2979.5292998903806
51.243965587777765,6.828189709112856,7668.205821139714,0.003939082979556752,0.03362378551671348,0.2213180540468197,2.1236149407034706,1.2945735078949063,1.3773729583447585,2.3160997074329908,654.874676745416,0.0001928145671418377,0.7219849095606826,0.058606068552196716,-2979.0816261858013
51.27572953168095,6.848951061823911,7668.5371169065975,0.00392847609097157,0.033607039695807084,0.2214273229742744,2.1235107279774903,1.2953405747373097,1.3773486155470684,2.3162074719778136,655.4418624691222,0.00019246761018645178,0.7220707508808105,0.0587917527814778,-2979.1344433838976
51.25751144599539,6.883975335114101,7709.192800093171,0.003838461111665257,0.0334779090601962,0.22133117137235248,2.122964062887945,1.2927222084852192,1.3771112744052143,2.320488269833719,666.5264739967428,0.00019550305622132236,0.7217944392378599,0.05894386109973804,-2979.329785879111
51.28260649965726,6.8855232640124875,7711.241711607952,0.003830091891457902,0.03351972692701348,0.22118872718502394,2.1230204517772373,1.2920378888032618,1.377008423016584,2.3203075223747276,664.0358246489052,0.00019547112083917462,0.7212192749504118,0.05911504907083066,-2979.290434325218
51.28260649965726,6.8855232640124875,7711.241711607952,0.003830091891457902,0.03351972692701348,0.22118872718502394,2.1230204517772373,1.2920378888032618,1.377008423016584,2.3203075223747276,664.0358246489052,0.00019547112083917462,0.7212192749504118,0.05911504907083066,-2979.290434325218
51.28175671446974,6.886826808408237,7709.907545693633,0.003846152434518361,0.03348149954293387,0.2214702189315274,2.1232031662816047,1.2927526867046706,1.377211934865632,2.319487374329804,662.0059973785762,0.00019362148200050263,0.7220896274653285,0.05918378112676244,-2979.364149932356
51.273147355944104,6.876520883938593,7716.97706423645,0.003848384506169395,0.03339561233221486,0.22175964415046576,2.1233416192087184,1.2928897620945687,1.3773426013467056,2.3194129016064595,661.6438994341333,0.00019260337866861346,0.7227508433262508,0.05927267967182906,-2979.6815966773393
51.2962233349849,6.890741810682634,7705.66618253637,0.0038562101992553246,0.03351052883430675,0.22155430968724577,2.122946423965688,1.2953903165288605,1.3771769891902943,2.3199801953142813,667.3739694773839,0.00019415803065372315,0.7219599754071939,0.058933589894567456,-2979.2090602109215
51.26998292556402,6.843293304717786,7713.827425903144,0.003875884139419408,0.03336124422093929,0.22193652676584052,2.1230598698974346,1.2961691411814384,1.3773327418833634,2.3199168574129825,667.3816297060486,0.00019360277336966935,0.7230154085577064,0.05886598205188375,-2979.6191978968413
51.3281424910085,6.863113225055045,7616.256093019925,0.003998387876331735,0.03387402868842394,0.22108485919476148,2.123878968910021,1.2980027850683804,1.3774897870492262,2.3116152586569303,646.4655401411661,0.00018684287410653655,0.7217344323809582,0.05870782991986317,-2980.6323928943834
51.34218854225923,6.864616765838164,7646.883223673167,0.0039531943763712295,0.03377294923129157,0.22117388362988305,2.1239819254085726,1.2954936227078047,1.377329309989317,2.3131605159132054,644.0512150312229,0.00018895012111156827,0.7216904367179465,0.059114976022068985,-2979.738457940015
51.31911248578076,6.822013032378884,7666.433614267515,0.0039531538063425995,0.033551464818294276,0.22143939237028884,2.124148480051318,1.2945849077923963,1.3774123715206916,2.3132490021624417,641.9881607406495,0.0001882083448566167,0.722559737070396,0.05937086270286635,-2979.7614667026146
51.295935205712595,6.831728604047932,7697.830105816196,0.003899887792237287,0.03340798532067001,0.221415941175036,2.123694041291581,1.2937868845060996,1.3772511318024796,2.3169305686159207,652.5082411115162,0.0001917713753220797,0.7225729708565599,0.05934092804065336,-2979.72855504411
51.29792827289884,6.867939875762634,7701.107813103078,0.003875711723163075,0.03344042268463486,0.22123295540162755,2.1233605894994283,1.2940850403985706,1.3770767900919667,2.317939594617819,656.4274847420605,0.00019289519109467963,0.7220847084126173,0.05937096770498092,-2979.612394035473
51.301689045822265,6.855857838768937,7699.316286019915,0.003892458801867462,0.03338527276707106,0.2212779535301049,2.12356488633868,1.29514097974852,1.377128496230523,2.316888783221323,653.0237824256927,0.0001922385093889162,0.7230824190572218,0.059500263384590794,-2979.5791195266984
51.30225282852893,6.8844437553963225,7709.091166183322,0.0038470352951751525,0.03342693603061611,0.22088712434878083,2.1229061142583516,1.2954468001391217,1.376801699509536,2.319936965152612,662.9784951697669,0.0001960968171700428,0.7220885874397235,0.05934799237875975,-2979.275689782399
51.305616341334655,6.878429676442124,7715.224206065928,0.003840855714867335,0.03334718824042663,0.2210573393361969,2.1227634999213634,1.2973341867556036,1.3767510291294935,2.320700467662754,666.7379881033719,0.000196399048021497,0.7225107058300576,0.05930346768727389,-2979.5021283559713
51.374363549943325,6.828169716063513,7646.219013048181,0.0039957338979779745,0.033544100673022,0.22124933009168937,2.123838768487661,1.3015076986732959,1.3773848640070914,2.3131502350033974,647.9947493806487,0.0001887434666440248,0.7232763192563464,0.059021209411746905,-2980.0375871500582
51.32288949108658,6.867267832337394,7665.0125360008715,0.003945706873377972,0.03361422013152019,0.22089393880164349,2.1237257035819295,1.295533018513762,1.3773567065048589,2.3144012241072307,650.7797263966996,0.0001885678033749018,0.7217993281491548,0.059150223213092115,-2979.9270973114985
51.330169798254346,6.861951332149033,7643.970549829641,0.003977586255149585,0.03364101417295903,0.22091863646710114,2.1237371210642384,1.297725018930517,1.3773999821425753,2.312868095137853,648.6357482768364,0.0001874812651856309,0.7221761584785588,0.059053852717041055,-2980.173383235256
51.34448239605318,6.892267692428739,7657.4121482607625,0.0039335088208768635,0.03370909617413226,0.22070675752551494,2.1234820512869548,1.2963544382635366,1.3771266781548035,2.3145763157467307,652.5471821841662,0.00018972928951560376,0.7210881858786845,0.05910957779051778,-2979.810315062597
51.34448239605318,6.892267692428739,7657.4121482607625,0.0039335088208768635,0.03370909617413226,0.22070675752551494,2.1234820512869548,1.2963544382635366,1.3771266781548035,2.3145763157467307,652.5471821841662,0.00018972928951560376,0.7210881858786845,0.05910957779051778,-2979.810315062597
51.31659031575818,6.8636984067835165,7667.190497084378,0.0039276347129740185,0.03360734161536314,0.22067382425685855,2.1237280713435918,1.2941214445624623,1.3770879853916764,2.314252154264124,645.4930046941374,0.00019063609226029787,0.7213739975989735,0.05940521334575844,-2979.6291825261546
51.33149482996424,6.8103443335747045,7681.171362209476,0.00395671212519621,0.033478901308795966,0.22106251190477078,2.124448261038104,1.2919870738399117,1.377343454489076,2.312559725010225,635.7382803072145,0.00018927316101226163,0.722189126406339,0.05964330450191378,-2979.853009196843
51.35621456925985,6.862176956528771,7633.759005659795,0.003996037107144225,0.03372931068862575,0.22056162419234934,2.124413858371434,1.2944939824950992,1.3773307569096738,2.3092380147888,631.8169318272955,0.00018569011732698864,0.7215149159867412,0.05958908211045792,-2980.455856891461
51.339405658220976,6.799894704881403,7662.493376377908,0.00400595589139997,0.03346620314732478,0.22125154951573978,2.1251585322771263,1.2916247784318493,1.3776621564356044,2.307984519317129,623.3128065014812,0.00018360206858723726,0.7233026058515861,0.06005600695163101,-2980.457108114689
51.31996102415552,6.749855163266815,7669.037940530388,0.004032553742087746,0.03333115918664508,0.2217014729682879,2.1258607588608984,1.289481829450567,1.3779918842795686,2.3060113171854097,615.3526009002277,0.00018119199809265817,0.7244563281168617,0.06024918508181041,-2980.8365799772346
51.32477635373414,6.758912296602606,7647.373262347776,0.004069391023717853,0.03342868733977815,0.22172687288471932,2.125945576042233,1.2923161443620872,1.378210843057118,2.304787452642641,617.3004989614632,0.00017918256870687836,0.7249755816045781,0.05992020054081102,-2980.9697727219964
51.32665936873256,6.769731673015954,7665.526110007586,0.004053107052260261,0.03340360698358148,0.22196215006455663,2.1261475607133153,1.2896748468370225,1.3783344729836267,2.3047034129035397,614.9537045884969,0.00017852397408129624,0.7250248420898763,0.06017244095390522,-2980.924420353905
51.33359622597002,6.801686642824031,7651.788648806213,0.004026855867825323,0.033580052244725635,0.22137899229154234,2.126286929806245,1.2868244243369347,1.378135216276179,2.3032222432466707,609.6232142696044,0.0001765203068375999,0.7237785138499523,0.06056776577710797,-2981.2228533248976
51.30869923797869,6.89240174387573,7659.3866000239595,0.003935400097182285,0.03376588665861529,0.2206130013872185,2.125142950264305,1.2866223620269426,1.3776357681463711,2.3086163537419635,628.9456059332675,0.0001810878650104913,0.7217572683215845,0.0601537275059987,-2980.6380645296863
51.28845968958344,6.886725121660554,7672.472926871064,0.003910030083018912,0.0336206368395943,0.2207143492142519,2.1249084200164776,1.287521313001109,1.3775681667113129,2.310326094645357,633.4646082549576,0.00018197818323649307,0.7224819166873956,0.06022979362547323,-2980.549149932609
51.31676854069179,6.87332967258185,7639.979761305125,0.003993586195899154,0.03371434704839741,0.2209505681261441,2.1249856696292357,1.2929171712754566,1.3778475000774164,2.3077144443630035,632.74189184339,0.00018044705920604876,0.7231636850469414,0.059720768914924886,-2981.061163869792
51.28132931579578,6.868275345411181,7681.979933386255,0.003945110500610295,0.03349501839676739,0.22119575088006702,2.1248859474426425,1.289122288080912,1.3779422828258492,2.3103883799855573,634.9376513411403,0.0001823955011433603,0.7234227076845406,0.060001928465837025,-2980.565665371792
51.30600334916225,6.882028587509414,7693.536546539504,0.003921246054280502,0.03349487366579951,0.22131191866324085,2.1247137372991465,1.2901329255695795,1.3778299727015058,2.3118694088631053,639.6133844892493,0.00018329651616300974,0.7233776622963799,0.060021815872935584,-2980.4099038939253
51.350045508548334,6.893442506383792,7654.181458734833,0.003961448205246829,0.03367179463478078,0.22094086808947866,2.1250463337719925,1.2927309454269864,1.3777223267119743,2.3083131737586635,630.6879953622514,0.00018093104973537267,0.7232531005888194,0.06013100388202294,-2980.87727804908
51.34012007453916,6.889372484259624,7665.300234165416,0.003952471814166572,0.03367554450436307,0.22095318787825546,2.125358915143903,1.2895990519704852,1.3777739446072126,2.3077659570267466,625.5574285217459,0.00018073551926227574,0.7232035792511334,0.060358829631839195,-2980.6766529853885
51.33369530960333,6.895387407647981,7669.914968220628,0.003936512752347699,0.03369412366813686,0.2209117353355626,2.125260996462563,1.2888397002147092,1.3776550063868158,2.3085894971212766,627.6177858093513,0.00018173644279173638,0.7227471326083237,0.06029642456947337,-2980.480326440064
51.312248126907214,6.893521233960325,7674.361068470718,0.0039272574630524444,0.03362434771132537,0.22091072273719425,2.1251378470478164,1.2886424472549578,1.3776216878947167,2.309147679697748,629.3358809941841,0.00018178799489324403,0.7229339503209715,0.06034779358002464,-2980.475933666804
51.31104208853052,6.855077100146556,7673.061829093129,0.003962697513256106,0.03354270864459017,0.22129024535979414,2.125489251991615,1.2887556134901281,1.3778495765933378,2.307568424476931,622.6862383450956,0.00018063191662752925,0.7236660923802242,0.06047200963766552,-2980.597743058539
51.32005924532733,6.867539232133932,7665.30401880209,0.003968157615058903,0.03357107426509977,0.22133761052333212,2.1258130238271105,1.2878893431973624,1.3779160965079107,2.305740848330423,617.3439237657439,0.00017865656223212795,0.7238702501788498,0.06071543603265011,-2980.828088804648
51.30508822531947,6.855371283352017,7664.5299714916255,0.00398466041812542,0.03351580596643375,0.22158689562276032,2.1259015343219394,1.2877178191905871,1.3780950590299328,2.3052257397108304,616.2335178617591,0.0001778334277524296,0.7243600257678443,0.060715530354129306,-2980.910656003851
51.24063773418567,6.811816974064552,7664.528705659977,0.003977483579355828,0.03331660480941588,0.2214251371570861,2.125723885464221,1.2875186804292094,1.377978816084788,2.305545393208031,614.8304967289406,0.0001774779920208628,0.7248496225143565,0.06088799442425676,-2981.431992844576
51.29377275027208,6.86379966334983,7645.990767947973,0.0039556277892047985,0.03351740043137404,0.22076517963874073,2.12525535141603,1.2887686166977024,1.3775560643683016,2.305907974243498,616.344763775324,0.00017862727257111132,0.7231667613750346,0.060883730713564864,-2981.194066891396
51.308906569261794,6.863602137970698,7620.836334755471,0.0039892556864597915,0.033588399742840586,0.22084156006769776,2.1252095295412023,1.2932158375857288,1.377564763414417,2.3043543979645342,616.7721588627583,0.00017693918374496882,0.7235257219857746,0.06069692257867223,-2981.6753172748768
51.25872374851799,6.842815099350165,7677.563228758379,0.003917258822343325,0.03329559408193167,0.22139349366553362,2.1252044615445462,1.2892355840957652,1.3776282719167021,2.3080365464737658,620.4282938609088,0.0001785720915177374,0.7244167464232942,0.061061674250993646,-2981.50062274502
51.304193952841715,6.889203747581085,7600.570862662758,0.004006684813527911,0.03368101254403742,0.22074048108469818,2.1251229509675564,1.2942102264638566,1.3777112138879906,2.303208672760631,617.2362340432569,0.00017535293861678018,0.7236105474417498,0.060587675425222226,-2982.2550667988485
51.304131783912894,6.868607891603464,7601.560404623973,0.004025494500644892,0.033603395763205035,0.2208559305955044,2.1254266229410534,1.293205633380059,1.3778721723810003,2.3017554151470447,610.0732684776374,0.00017405716749693595,0.7242337818792098,0.06086285976505087,-2982.295046780477
51.287555768010705,6.7927592407556645,7635.8956560864535,0.004040285936836907,0.03327852574587746,0.22174144652610125,2.1262143426327422,1.2896335043757663,1.3783274541922115,2.300962711005007,600.805255046359,0.00017222503305900668,0.7260390569047525,0.06133519872965698,-2982.1002622622686
51.267516821677674,6.841564598197536,7624.312725441811,0.004024927564893145,0.033325250925459474,0.22155351761134487,2.125688876128997,1.2912585581748581,1.3781330849499538,2.3010796636870987,605.31363876748,0.00017214848850116292,0.7256623877194717,0.06133527121090803,-2982.2051386919666
51.289435084584674,6.8216971956671415,7586.277518522889,0.004101150845739839,0.033455167612954646,0.22123866548076618,2.126005585869233,1.2922271049127925,1.3782392878821264,2.2969814414089713,597.6237025432858,0.0001697417371009704,0.7251461893407589,0.06116567045739354,-2982.9175985293996
51.31163755871357,6.80482930649703,7570.999594400711,0.004155270559084956,0.03349380797430393,0.2215491060858772,2.1263729762016927,1.2942202030785868,1.3784737681569128,2.2945945259017035,593.9132840415105,0.0001681851820403828,0.7257279527252649,0.06098043470071603,-2983.5182865916995
51.33487578849113,6.79550475473388,7548.475904821586,0.004182386918740992,0.03360724368555685,0.2213541828323015,2.1265981899419124,1.2947386491507866,1.3784892698352136,2.2923255181550006,588.5625162199133,0.00016647146894906034,0.7253385052014124,0.060970881335958134,-2984.471379368219
51.372760565187896,6.77910229064123,7546.392504834881,0.0042042970176078,0.03352623205971919,0.22159712702510717,2.126752095947592,1.2965440406894126,1.378494562803644,2.2913166788557,584.0875227847114,0.00016651162916268565,0.7258937849135475,0.061103630744931685,-2984.4843081002177
51.336142736952894,6.8103629225337805,7559.110664723503,0.004154365752180622,0.03349535240148183,0.2214769881468303,2.126156102596126,1.2961828009784817,1.3783314203361021,2.294714783204248,594.0546177201069,0.00016824756984439666,0.7254781750105163,0.060957349718760545,-2983.735399048429
51.35124058582542,6.7948182834762605,7556.333313426669,0.004196381173563013,0.03352934442628875,0.22154075897605624,2.1266584189668354,1.294538566470651,1.3785767263892827,2.292071058034725,585.8547776194638,0.00016706056576010496,0.7253255785051267,0.06099659554597131,-2984.038169385496
51.38939964662663,6.718155970518399,7597.742485331118,0.004189738556649912,0.033343144493998875,0.22200458525715605,2.1276123123938895,1.2899409193791982,1.3786617419232536,2.2917296645968084,574.0870722360664,0.00016781687757273523,0.7260630440875836,0.06153634553433069,-2983.0050891206024
51.34365948710376,6.673890880118627,7627.940783028378,0.0041610558433007455,0.0330579311920265,0.22228959684053282,2.1277889665520524,1.2868428495354887,1.3787155752872502,2.2932239015164684,571.6721478726731,0.00016821570463844684,0.7267958844253563,0.06196087747358516,-2983.083133591558
51.364522889064055,6.661403683301941,7593.567709300363,0.0042143655703362854,0.03315826977004983,0.22212273272228547,2.128085038691424,1.288845699679459,1.378777861807483,2.289513957544985,563.2637653962736,0.0001661377995062055,0.7270228404172394,0.06194298463392186,-2983.259285204854
51.39427157275209,6.660041202686745,7543.901414476773,0.0042970623461676075,0.0334625375452694,0.22166083317995938,2.128533957283559,1.2891230242100045,1.378865992236928,2.283241274062637,550.4941488017993,0.00016379106216500434,0.7262907136698167,0.06185389092475575,-2984.455942803561
51.402619524886916,6.656663635399692,7541.3297159663,0.00430577349219987,0.033452441380252156,0.22167243271996317,2.128461123550709,1.2897145556867171,1.3788666832891225,2.2830936671185507,549.9280028580561,0.00016394750484436188,0.7261521581048078,0.061870355000741076,-2984.491238614964
51.397951776354475,6.643396352204615,7585.6180598225965,0.004254043862455165,0.03335143611354474,0.2217628808845635,2.1287348682686797,1.2836033577041446,1.3788501678931293,2.285542090082841,547.8300821945735,0.00016554979364964866,0.725716793357521,0.06222872851471962,-2983.2682937671716
51.34586367801199,6.61112331858547,7585.319398235479,0.004260913733828512,0.03329846771086208,0.22164922527334593,2.128761761664709,1.282209427481245,1.3789131076381098,2.285512462826971,547.0803065923036,0.00016556670936787967,0.7259561325671932,0.06215166845056361,-2983.2053582735007
51.35125582744236,6.725212272011145,7571.315591722754,0.004176233017022874,0.03361885782432995,0.22050278641065,2.127522634059986,1.283373463779308,1.3782565920659204,2.290472571197717,563.2942519402338,0.00016940660423588218,0.7235403967038037,0.06180288189192538,-2982.946816048054
51.35477201546144,6.749925394975271,7539.587748536502,0.004213164603378195,0.03374172677552234,0.22027661030132756,2.127196357438044,1.2869999960955045,1.378257909021996,2.2897457274602955,568.073843892042,0.00016877102658786997,0.7231354638340681,0.061378946395755765,-2983.906374849519
51.372409451615546,6.774540964188539,7515.112911956295,0.004229840536334776,0.0337647203451844,0.22002701844670533,2.126951860843052,1.290129275655933,1.3782386154030464,2.2887712473494175,571.27312017144,0.00016764907824204448,0.723083585323692,0.06124521461020436,-2984.7471647928282
51.3279863501367,6.698478385397259,7609.00314421939,0.004146119347815646,0.03322870011066789,0.2208635176563106,2.1271111118700716,1.2859475580960769,1.3783576045826949,2.295958988313278,579.2421786448838,0.00017200035569830879,0.7252109577823129,0.06146920108611549,-2982.552492757012
51.26824793986104,6.703486025683382,7593.501266206693,0.004130495619467959,0.03322240309004219,0.22067587721053386,2.12644602987557,1.2890463810436676,1.378231882369548,2.298436631645124,592.1048235391942,0.00017222364248342036,0.7250448949757899,0.060960984068783405,-2982.78543549805
51.27726393331935,6.699734986916219,7566.124174225501,0.004168574944657031,0.03331814722724659,0.22044087416263003,2.1267301757349637,1.289017346275468,1.3782673776471244,2.2947098573033484,579.914765039624,0.0001708596460165617,0.7250975326643398,0.06122433723018763,-2982.822009529514
51.19997582090859,6.724095607760599,7588.437941931648,0.004127112626169269,0.033183726941782454,0.22065621073665306,2.1260782602213144,1.287628026678032,1.3783112096155659,2.298044349169362,592.3021089115836,0.00017134991783663894,0.7244209194438699,0.06102179263455063,-2983.328626376668
51.208939671837626,6.765925713265226,7616.389314396192,0.0040488545464006705,0.03309300570702548,0.2206451556548849,2.125492154801287,1.2864577694058323,1.3779525478810302,2.3014711473483622,596.1397340515615,0.00017342935261257557,0.7237536413976979,0.061478086571290724,-2983.7956373259267
51.18964347816194,6.787317225427785,7657.631542059724,0.003969859384628442,0.03299938813760596,0.22067295219174474,2.125041913337811,1.2839617450273566,1.3776816473885365,2.305809194693947,604.8161783214466,0.00017680967524772568,0.7233226067527373,0.061580376919147174,-2984.6709509455736
51.18972616953681,6.833814648523827,7638.0186694472995,0.0039423775108223405,0.03317295626053051,0.22011034377825114,2.1244682384260196,1.2862217130496165,1.3772311290129124,2.306679851578042,611.0802214433032,0.0001783746172212329,0.7223450091235507,0.06143775898374764,-2983.4036015597785
51.19152532509284,6.862344883743933,7614.594299257415,0.00393894979327746,0.033324868464327514,0.21961023830168344,2.1241506070964933,1.287596999988901,1.3770524770453951,2.3062859188450195,613.0909798873411,0.00017772803488467213,0.7214475683831602,0.06135974473912858,-2982.89182380968
51.19127432114007,6.874928646728158,7624.3726141332845,0.003912786034518736,0.03334077789096567,0.21957540154786692,2.1238619507241197,1.2875393446150674,1.3769034546882457,2.307822637755738,617.6286875486089,0.0001789957924089333,0.7210446680112895,0.06131710764795793,-2982.80905322408
51.21440426963628,6.870484709522771,7592.533970933022,0.003976909713014285,0.03339809945107687,0.2196530048215532,2.1241473394826977,1.289743006811678,1.377108034124475,2.304036168295296,609.8025250023395,0.00017596279044888177,0.7213298182234844,0.061268811778221285,-2982.782228709122
51.189958836483264,6.863798555935823,7589.667763681882,0.003983475055489509,0.03337713255467759,0.2197058301853558,2.124186761363719,1.2893272186214682,1.3772403195246303,2.3037755778203675,610.105858433767,0.00017535211626248685,0.7216213458527542,0.06119191527615608,-2982.9142124263585
51.18217223051373,6.862396605246911,7613.744716648807,0.003943257624998224,0.03331417775854343,0.21963695216633644,2.123996336214188,1.2880766478437904,1.3771292160888682,2.3065124353851942,615.4299981816281,0.00017776426399981765,0.7214497512523319,0.061160235554285534,-2983.0245073364113
51.20046010579441,6.860618898571957,7601.59793334272,0.003955132684895227,0.033314110426656184,0.2194649510285306,2.123878140135388,1.2898016171854407,1.3770223206672074,2.3058666862306043,613.3404835646897,0.00017786923963399444,0.7213283196175434,0.061224888085573206,-2982.993012262521
51.22545080537939,6.8137644882765045,7597.682123819286,0.004022924018452775,0.03324455661326039,0.220082014742729,2.1245994092611946,1.2912336791461225,1.3774046389942507,2.3024674955737185,602.9971715788405,0.00017550702871349234,0.7227529890825106,0.06127453170917409,-2982.9853290720353
51.226217726503364,6.833370151459938,7616.517858258303,0.0039769639788222325,0.03321207565228266,0.22022099763045466,2.1242770402978466,1.2921267180947273,1.3772358139823604,2.3052057945739133,609.452450663865,0.0001773026575285914,0.72313313297218,0.061352836383502,-2982.6935393774775
51.232467184631844,6.784121457813747,7632.839220558777,0.00401135530890903,0.033026332829575546,0.22116613434158483,2.124597534193787,1.2946246883513182,1.3775896471199551,2.3053409488239818,609.6753495095076,0.00017737162336536216,0.7253712436728976,0.061212575310000614,-2982.665383948405
51.27882062405638,6.7624337701398325,7580.316773259905,0.004139267407341233,0.03316811670576672,0.2215128796070892,2.1253908456246196,1.2988786304168554,1.3780286509476456,2.2982752211631725,596.3756903589631,0.00017253090844394648,0.726456916722293,0.06104475365650671,-2982.7133529656176
51.268909383231794,6.743047401243636,7577.093488427326,0.004191252228890268,0.03318502421803755,0.22202794631223946,2.125770979463848,1.298563804509213,1.3785507904239762,2.2966193151561365,595.8760633602762,0.00017026403329097953,0.7271330783590063,0.06069384245611938,-2982.98596470262
51.23046776039611,6.7925302044961775,7650.1222949047005,0.004034874646317898,0.032896440608969034,0.22193378187664048,2.124765060727534,1.2958020070567984,1.377975113786733,2.304935642721886,610.3779889029867,0.00017652036707501388,0.727114167429458,0.0612551271951217,-2982.709035946451
51.236626896990686,6.876056037571459,7615.503572098457,0.004017797785891738,0.033181546373325724,0.22124030546456483,2.1239538871596384,1.299412211483751,1.377612447997259,2.305491369035807,619.997676741402,0.00017701008458050708,0.7257116289873915,0.06085713765889412,-2982.037157803954
51.231537733961744,6.844725503738466,7633.408374837195,0.004024174957891994,0.033047649539059025,0.22172426312996757,2.124442426475564,1.2974291491255903,1.3778747383134569,2.304953969658964,616.0717482756927,0.00017575118634283358,0.7266587362730268,0.06108821946286196,-2982.289843526958
51.25364100023282,6.814055784976183,7656.76651053527,0.004044549929793321,0.03296390059930242,0.22231092111533993,2.1248540047618394,1.2966063132503858,1.3781596748774492,2.304943154415961,612.339667689522,0.00017666377169369224,0.7273946650744234,0.061062418588249685,-2982.120559265971
51.25971003176822,6.828242498890514,7651.358384219605,0.004053232425031416,0.033042364510636045,0.22243359897442036,2.124629279857519,1.2976831807436224,1.3780989676349238,2.304802253099435,613.9273263629497,0.00017730253093837717,0.7270533187371816,0.06092440814911683,-2981.744714690323
51.27605076229493,6.87096123877641,7631.907684915897,0.0040582228474715975,0.03317303318492737,0.22226813404568765,2.124347385113148,1.299848222664536,1.3779896871067745,2.3037360023184856,615.0216647149662,0.0001761665842986902,0.7264007749051508,0.060881311262843574,-2981.8544112626
51.248275671377144,6.87856175939071,7668.761569815408,0.003987019855630986,0.03306740255386751,0.22228167140365507,2.1238927307795104,1.2974831662435546,1.3777983690492779,2.308287183332165,625.0092603566615,0.00017974055541381383,0.7259940507095083,0.060897911907510587,-2981.6225852643374
51.248275671377144,6.87856175939071,7668.761569815408,0.003987019855630986,0.03306740255386751,0.22228167140365507,2.1238927307795104,1.2974831662435546,1.3777983690492779,2.308287183332165,625.0092603566615,0.00017974055541381383,0.7259940507095083,0.060897911907510587,-2981.6225852643374
51.255557413153106,6.821228294430195,7655.545706710301,0.0040528922563737415,0.03304722197255556,0.2225728245233289,2.124603624582403,1.2977342774337493,1.3780988552197426,2.305037570092087,614.4013840204718,0.00017767648615407025,0.7269382692215902,0.06087142259804762,-2981.666997802175
51.33636441535397,6.872329267005263,7588.921339232629,0.004120176998085315,0.033430325043529975,0.22208010958909025,2.1242827113720084,1.3052561771605935,1.3778894781253817,2.3017725805626945,614.8648916150872,0.00017591693393692639,0.7259555393321443,0.060465315554816476,-2982.79834536065
51.339517980703896,6.861491487096281,7611.121644420102,0.0040961141018364825,0.033382620014593425,0.22224260991562514,2.124339330566672,1.3033277087214186,1.3778752332637252,2.303220791778276,616.2139764160021,0.00017690243348716632,0.7257718779085804,0.0605150609495002,-2982.1320946917135
51.309912591323226,6.837792719066751,7661.5322386741755,0.004029923746173732,0.03301436316115911,0.2224240766908227,2.12380514327047,1.3037314833866962,1.3776496204108633,2.3085173308342752,626.6959561198098,0.0001806297576412483,0.7267467676416778,0.06071974559972208,-2981.4708009099922
51.32066686947029,6.8106853373331155,7599.877122399545,0.004134418284739284,0.033178725879067596,0.2220779269560109,2.1245172926872096,1.3049462079418908,1.3779156681738565,2.301501427519867,610.8036259131312,0.00017536707107065167,0.7269069956658643,0.060692832899052127,-2982.3910958012975
51.29654815311128,6.789766182724161,7585.76369039617,0.004149907220052728,0.03323800138447638,0.22182628266269633,2.1249118006614283,1.3026466721385372,1.3779011245318784,2.2991107556556134,603.1217078537569,0.0001736005455913051,0.7267371782870932,0.06081902065686154,-2982.6841423075557
51.32367631215283,6.789671560608124,7564.837514796482,0.004181148575471578,0.03330326279564609,0.2216320414618028,2.1251056381529096,1.3038814996699672,1.3779082597999883,2.296585230653786,596.1259788683778,0.00017156525075336026,0.7267737227862842,0.06092659426740431,-2983.485879081091
51.25034449585165,6.739639308559461,7582.674215751333,0.004202228426903668,0.033062078732682576,0.22200896339282397,2.1253075622914346,1.302163781183082,1.3782187896147766,2.2967340478262814,596.7581180678542,0.0001712459559023846,0.727898328962037,0.060802249973521606,-2983.009575936186
51.21098220830781,6.725606454958498,7607.129662819344,0.004163972735118978,0.03293901718764458,0.22189364556234734,2.125297661087825,1.2994148618054908,1.3780945532051088,2.298234234718499,596.4820400257784,0.0001726891697757466,0.7277208683186603,0.06103625099874297,-2982.9047551561584
51.21433286376046,6.758039831648645,7615.629541760446,0.004115489102750584,0.032977042468716064,0.22143923688438208,2.1250372761334306,1.2974316091590707,1.3778177386827224,2.299624547621171,596.5027817002405,0.00017369491406454268,0.7267513677930123,0.061314850370006356,-2982.877044513297
51.3003487493234,6.720307162513297,7562.671126857731,0.00426341274092138,0.03317732203916177,0.22161430499363088,2.1261387207508173,1.2997025674593652,1.3783502403392585,2.2911574418160043,576.5920519898517,0.00016908367957172045,0.7273870950280221,0.061182908751378606,-2983.5648683128475
51.32545820521668,6.7042320704800105,7602.543061428503,0.004225333647429246,0.03299112458395509,0.2218958415524281,2.126211136629553,1.2974481538741678,1.378269722981228,2.2930453927560093,574.4265886892215,0.00017079700730600615,0.7274151832885964,0.06157876323421354,-2983.040063704728
51.33405594936359,6.70548132239297,7601.912942589268,0.0042287732738425735,0.03300762306555106,0.22201290532331666,2.1261121370256246,1.2992992309958833,1.3782097136684932,2.2932475434890254,576.569958430286,0.00017119236606508615,0.7275765571901996,0.06150906519950013,-2982.966594133379
51.3213428027204,6.742708654261261,7595.39586028204,0.004203792168704188,0.033080237293642505,0.2217269147586571,2.1255272114690418,1.3006639072088158,1.3780853060463563,2.295184571587737,585.8805411681476,0.00017191547566302486,0.7267773488956003,0.06122781772428947,-2982.995461152334
51.27599585594644,6.738539013470895,7605.062404084965,0.004184186057114815,0.03300644550532697,0.22174905897993774,2.1256008849435766,1.2986236858820144,1.3780526200271013,2.2952414596556645,584.6128363805109,0.0001716063123582792,0.7269930195539422,0.06141788868630863,-2983.0275725081938
51.21778906856347,6.767574350361759,7644.788658091318,0.004082523119002749,0.03286591527068499,0.22162604689628318,2.12475119215772,1.297191350774863,1.377643475346477,2.301117343914406,598.7488854959616,0.00017587727438356907,0.7264274602342243,0.06144650231895984,-2983.182551096964
51.20264148320216,6.767722006713836,7627.409984429533,0.004089485580284997,0.032872479834911844,0.22155735041280816,2.1245653643438023,1.2983666537723102,1.3775897119695146,2.3006703943841726,598.7581650988451,0.00017571693870355388,0.7265531702353258,0.061460214334197114,-2983.0993106422925
51.25908491484113,6.746380516249875,7602.889048493257,0.004152693705813275,0.032926159513725746,0.22151882151568084,2.124920300971031,1.2995048947193348,1.3777522219596876,2.2975439340259722,590.5230849789115,0.0001737810385082854,0.7264120343544478,0.06148586773188338,-2983.115668963835
51.26745918176333,6.76670126191884,7588.92387116359,0.0041715563621305815,0.03305461026018202,0.22161255341707284,2.1249931018872674,1.3002993853962164,1.377901007148358,2.297257631481119,595.0583607395051,0.00017280891463223528,0.7262379004775464,0.06109832412598398,-2982.960628078051
51.28674611271683,6.790165607177535,7617.585488745832,0.004112029791708154,0.032945038140854005,0.22154324863670471,2.1247009416121845,1.2989151134551702,1.3776066903219912,2.299834627443479,595.5697348660372,0.00017529019369771651,0.7260126719446083,0.06155735327608255,-2982.8625023678287
51.29576209059839,6.873407613637244,7599.106141112519,0.004060906956962292,0.03310128718722771,0.22109497413691256,2.123324909697053,1.3059491828385612,1.376976510338516,2.3036868194832936,615.317470227716,0.00017841041364333304,0.7250234578006983,0.061104354065225776,-2982.365078200584
51.31365971402688,6.874304815414796,7606.24067561071,0.00404937147833432,0.033042261341881804,0.22110866580157496,2.122957030919741,1.3081513688888653,1.3768158368221988,2.3051110320154415,619.5379509909784,0.00018012774139834515,0.7248210532974005,0.06105933821369788,-2982.3390836444905
51.327635745481324,6.86775889355879,7570.908784894022,0.004100505635837183,0.033175345605836265,0.22096808993201703,2.1233626955563336,1.309666872889689,1.3769507414763236,2.301403842173912,611.9269349984586,0.00017736781749250695,0.724982179958563,0.06098399667020313,-2982.7904615619186
51.31431204958177,6.866421014597982,7595.298650673547,0.004056252774699065,0.03315855624211177,0.22076084643928864,2.123276235835049,1.3065935588058548,1.376801066965644,2.3035628198217966,613.4577789035865,0.00017948372355129882,0.7242820329481601,0.06110317183950403,-2982.3059958130984
51.306148962937215,6.825583870746517,7630.943692820879,0.004051500540859178,0.032956190197597574,0.22116260922409256,2.1241032081151374,1.2995288771416798,1.3771792734410955,2.302671059250113,601.4779043218707,0.0001773359976381205,0.7249926025127731,0.06173692124872159,-2982.8794592315357
51.3143769799845,6.863312863321163,7662.188720224328,0.003994433248942848,0.03292588895441611,0.2212742194513014,2.1237852202521217,1.2980256393432579,1.3771006457766735,2.3059533798529843,609.7103635605248,0.00017954223896162632,0.7246671969555096,0.061741333295709605,-2982.9252665794656
51.32996069228706,6.855432956574113,7645.960031095165,0.004034119731353211,0.032936061324278086,0.22154132254015454,2.1236634186690804,1.3016014987682318,1.3772023933156166,2.30489253218067,610.3468127425998,0.00017864908126211291,0.7250838228302825,0.061564598928488645,-2982.6928455310385
51.361598941312494,6.8982756444676845,7604.622540958589,0.004062202125505988,0.033190898532304024,0.22113511180223427,2.123391966879821,1.3060738749557181,1.3770476033467747,2.303384705220546,612.5344437051806,0.00017774210819460797,0.7244005827300168,0.06121548158932518,-2982.436191029612
51.33786542254501,6.835898657333374,7617.221673802804,0.004096903251305948,0.033031871915278344,0.22141135882519256,2.124052282670701,1.3026573474254144,1.3774614303204866,2.301769619254419,602.6099604527751,0.00017630176302828614,0.725175757885713,0.06144667088182356,-2982.664823297833
51.292777367625234,6.825815456035432,7596.521325478294,0.004134605845553578,0.03307342779635821,0.22144126933165176,2.124165675436657,1.3027671371371101,1.377739085811585,2.300220244559814,605.0100467247348,0.00017337804099122817,0.7250332845266625,0.06108129483154718,-2983.185790807145
51.30185574415734,6.771460587963325,7641.693719954647,0.004104106512515574,0.03290346851710541,0.2216531592112539,2.125026520018714,1.295234261601929,1.3777670150671462,2.299792644507721,590.2419501115744,0.00017399042846066807,0.7248637287509675,0.06181529551183328,-2983.7045974691778
51.3107816642395,6.810455319388424,7555.504272542657,0.004214754898839756,0.03321618295037095,0.22103402590262985,2.124879418880501,1.3009934334476738,1.3779802204386982,2.293695323778478,588.0647654117481,0.00016932404518131861,0.7243334397721276,0.06118766319973903,-2983.9412777388484
51.23893645676089,6.813516511504261,7590.358496969531,0.004152756276924397,0.033077109040479655,0.2212686864701363,2.124565412262018,1.2988792927727846,1.3779901481598889,2.2981243905348814,599.9260197079806,0.00017163411236556872,0.7247279470688059,0.06101636631865007,-2983.55592535498
51.20898374248429,6.746451503300765,7622.798601902678,0.004164458319326489,0.03284936308666647,0.2218706057588287,2.125305145332632,1.2942577853864767,1.3783448076092253,2.2973964837122995,590.7950430132807,0.00017105067826158411,0.7259645370399057,0.061338682827855096,-2984.2725135209143
51.223882944409304,6.8165135815331475,7591.010715546934,0.004142459233223503,0.03311212551950236,0.221173215615141,2.124587226688866,1.2980549651937765,1.3778967473900692,2.297996567435997,596.2069746709806,0.0001723613736855238,0.7245117663220053,0.06119045052092773,-2983.31889811754
51.20933089497218,6.818314353602055,7569.406563979631,0.00418570218905202,0.033209117981322867,0.22104470528965872,2.124743496704586,1.2972965501077143,1.3781255418183727,2.295700366349797,594.6990682332176,0.00017047513356772576,0.7241186838733853,0.06094740390988343,-2983.5521400961125
51.223425683173566,6.878107345794113,7539.261957586521,0.004191320409988853,0.03340191795803044,0.2205331289211996,2.1245137194603876,1.3000116558803336,1.377998658785152,2.2946781580985576,596.3858562490086,0.0001701262939870911,0.7240974856057735,0.06080077778619911,-2983.8807414422286
51.205899586670824,6.838997107510153,7574.002927663232,0.00417502329486024,0.03325173856514381,0.22096341806455447,2.124879529073679,1.296344574636481,1.3781388389900864,2.295556243439857,592.0097321753722,0.00017142292423639197,0.7246016566201359,0.06103014127531209,-2983.1737071207585
51.19804413511571,6.763494218616806,7570.596575480455,0.004225420802813505,0.033145004887196246,0.2212113513084537,2.1257318185471537,1.2941960394166483,1.3784193226762773,2.292266943974579,579.0882825981736,0.00016963054702866042,0.7253424278588899,0.06123631789967126,-2983.445312417326
51.21053330126914,6.761815323327166,7573.43053824044,0.004246848419413325,0.03316779275411461,0.22135867542221835,2.1258426045932506,1.294941616160793,1.3785197803910654,2.2918359176578758,579.8559985484592,0.00016938905200056855,0.7255322059002403,0.06107048716543418,-2983.427819345319
51.19734513149686,6.726656716400026,7591.023183767248,0.004265157496487154,0.03301785306664971,0.22203763381422045,2.126015614869361,1.2952189777711682,1.37875805161693,2.2920731851547593,579.8281207085482,0.00016969905312620668,0.726421319811336,0.06100450242886699,-2983.4117685834367
51.21860678431028,6.819768561673886,7591.116794554477,0.00419491410239166,0.0332645761061777,0.22119190327003493,2.125286459437095,1.2947211590825907,1.3783175130047742,2.2952480437805813,589.2046519727185,0.0001726691834132883,0.724310279939689,0.06087699012985549,-2982.855562630195
51.18323799846636,6.846770784180716,7583.5265847042565,0.0041813711683606454,0.0333047564421079,0.22118535356126184,2.1248474322770723,1.2962407557306168,1.378249489250951,2.296677619462428,597.2993053443541,0.00017345937944818115,0.7243806672810092,0.06061878999137881,-2982.7225622553387
51.176568082746186,6.830389706938547,7615.445141896518,0.004159765364192479,0.033143775154643285,0.22174562765937092,2.1250631247686345,1.2929879925228294,1.3785014656496233,2.2978316239077925,594.9655310289592,0.0001740967387604487,0.7248430762452504,0.06083294194226259,-2982.6445736847904
51.144318622200814,6.824985732085519,7604.22249924003,0.004182187268248283,0.033103427120445,0.22163120676282563,2.125225233289394,1.2922371273811089,1.3786819451846852,2.2962486542584815,591.9703836114361,0.00017254357995500147,0.7253235272477844,0.06084856081919371,-2982.9874002819774
51.135801717922554,6.770408938211556,7584.104259575615,0.004246618561677458,0.033030639779873264,0.22199289895410887,2.1255918961983564,1.295728100334704,1.3789165115347832,2.293275694820421,585.1923412891523,0.0001707659300857287,0.7271702036803184,0.06080270725629426,-2983.0758621567775
51.07990048394152,6.850099234000453,7590.038189086174,0.00413421597922354,0.03315903849471573,0.22089818054687965,2.1242945551105894,1.2950912902471592,1.3782083083678085,2.2993716605201184,604.3940954751641,0.00017534094428088773,0.7246058862153704,0.060560601337969214,-2982.7573854624607
51.09844452058722,6.790978035253843,7571.378207837082,0.004201828284046734,0.033138395286999564,0.22118605102241168,2.1253937468367416,1.2940617767243676,1.3785237301251203,2.293811307365635,586.1898146321472,0.00017123229568215742,0.7256228400325971,0.06090866855684918,-2983.1660460728162
51.0941851335909,6.759568883147871,7588.241965580421,0.004170131105476695,0.0331349721906871,0.22101291431102568,2.1257579177648314,1.290237863502887,1.3783547593929177,2.294729301248882,582.2548155555421,0.0001727608511787403,0.7253633208511993,0.061106293610607806,-2982.887689208124
51.09070023528943,6.828396979435347,7560.364438558889,0.00414682396125357,0.03338845228375471,0.2203886093085318,2.125039310126139,1.29134379046327,1.3781210977652802,2.2958608617300316,591.8033517152124,0.00017345258378186193,0.7236446612507117,0.06071746842710389,-2982.667934057148
51.071539752872866,6.815708351429066,7547.236415938155,0.004176923716497157,0.03340404641676306,0.22064114417411917,2.1252440909191006,1.292319006963381,1.3783531647616503,2.2942877277041953,591.1731066330264,0.00017143185244920375,0.724336233612983,0.060522923910017956,-2982.9646088580093
51.04941534371804,6.785579008268421,7562.864132776781,0.004166191313198545,0.03325603547274814,0.2207533784637137,2.1251759260634007,1.2923232031077592,1.3784051325736066,2.2956373170147613,593.4339011314637,0.00017210701424409916,0.725066392519256,0.06051330373689609,-2982.917716593506
51.053695189818555,6.801356817957114,7573.621563895898,0.00412811394194302,0.03329035295583465,0.22055654775394584,2.1249386259081913,1.2921768558886462,1.3781973518533834,2.2978009101449866,597.9312077569896,0.00017424860315947644,0.7246649127009,0.0604906779398341,-2982.546664890372
51.07729778777496,6.856139042905333,7537.977865776618,0.0041399001863157035,0.03360593458785718,0.2199797133962485,2.1245756263855347,1.2951002380177936,1.3780430904840482,2.2974489830993154,604.505879495708,0.00017506121328278248,0.7236356377037918,0.059906659324340875,-2982.7133523080747
51.05038454598879,6.822025907734961,7567.872467783536,0.004132793643854289,0.03341506723972134,0.2205692188256605,2.1247185998160982,1.2936320436818467,1.3782543338241477,2.2987450149801782,605.6082497538971,0.00017538213502882059,0.7243469951920682,0.059944534674974514,-2982.267244685811
51.0532885432667,6.737646288317027,7566.3316056796175,0.004209024701368159,0.03329279605510051,0.22105022033714705,2.1257252537277695,1.2919327759430663,1.378738701607507,2.294923157742929,592.3550280852758,0.00017273720970745866,0.7257815597099752,0.0600508974932158,-2982.5537424552413
51.065070753096734,6.794805569194001,7530.898760133184,0.0042169409287683614,0.033497548605364746,0.22071411046307113,2.1249728024188554,1.295652771177413,1.3786039626184627,2.294786707228419,599.5580127613805,0.00017183963463993063,0.7243941598158051,0.05973575640682625,-2983.1892547632165
51.09202080657231,6.853079725787982,7530.2695043725325,0.004188239386416201,0.033606914260312155,0.22037189749788905,2.1243595875371275,1.297970118642095,1.3783686135955189,2.297507279420837,611.5141962506406,0.00017366025176192488,0.7236725958470768,0.05945483863564348,-2983.250128163506
51.070825563251574,6.8017152721015925,7542.538025561806,0.004198153730564551,0.03340326752371732,0.22075078377766252,2.124567035537482,1.2996511915092603,1.3784238313143844,2.297964146207616,611.8578650223344,0.00017395694936331893,0.7252075789198272,0.05946925325615787,-2982.892824802058
51.055600978484506,6.766556053635433,7609.3510296704935,0.004100816404778444,0.03314528781317771,0.22098050454050452,2.1245178856344014,1.2954124496071473,1.3781385912033188,2.3031903322135987,614.1545144169911,0.00017854793090187705,0.7251818024772942,0.05997410705753728,-2982.213650340517
51.083048289403365,6.7199617747209395,7571.694838473271,0.004212049398146339,0.033152302686918385,0.22143192604872602,2.125576586563617,1.29668734587113,1.37861127374881,2.2958653339768875,594.8056564288088,0.00017276062194725305,0.7265561257086415,0.060179563246080245,-2982.757789897399
51.06220683296154,6.7293797203252055,7648.389776726799,0.004094910344273822,0.032992178711712686,0.22169661616683414,2.125285680842387,1.291888127236371,1.3783336425838937,2.303170966889591,606.311044825798,0.00017881510256573472,0.7262324244057066,0.06034119881157083,-2982.4308702885564
51.08388261281179,6.765126411304756,7648.569004867977,0.0040584311931594706,0.03313480739303005,0.2217594418104193,2.1247664108535047,1.294836897176861,1.3780448192914805,2.3053802404928048,614.8251109323904,0.0001808289948270243,0.725702070726858,0.06009733821422551,-2981.4852612155473
51.09257698726741,6.817699877955775,7615.535539159264,0.004052890610195117,0.033375545286955514,0.2212250554475281,2.124388584057273,1.298222441805661,1.377665506993135,2.3049863508888846,619.4156291016495,0.00018117882212535154,0.7250727378548527,0.05994724766821842,-2981.09967035985
51.08989203563031,6.823583082791778,7635.337628603325,0.004008239862830703,0.03332356706871556,0.22095153191578926,2.1240637350731575,1.2989109196515827,1.3773673467112828,2.3080545302711513,626.3341172288613,0.00018483050476446203,0.7251856127222205,0.05992887567165464,-2980.561046329997
51.09680143661869,6.852186647720913,7624.643989591731,0.004010259122828553,0.033435468918745444,0.2206870853563181,2.1240288398949296,1.2984603885957067,1.3773413749167154,2.307687988166003,628.415075688757,0.00018462225079039145,0.7243536251724249,0.05977514154004314,-2980.633065099996
51.08409616803853,6.823410318389808,7647.017139786035,0.00399011531860973,0.03328771987534757,0.22084028750145532,2.1239823107173734,1.2978954944751937,1.3772784221581282,2.30940927563109,628.5484040366282,0.00018666432425740761,0.7248243223862004,0.059958176540473994,-2980.391694974019
51.07890083174142,6.816061486675679,7643.8497239821845,0.003991968778818288,0.033327867614027194,0.22080788470551133,2.1242637180934105,1.2963947956994328,1.3773420914636847,2.3086568832594354,625.1522296441555,0.00018618768383082623,0.7247761775062719,0.0599780407832433,-2980.33032804063
51.07583243360952,6.850734487065466,7641.995526320001,0.003969275176281806,0.03334637644364399,0.22045504660814613,2.12378269924252,1.2963679890654323,1.377188595757738,2.309657497982067,628.9748235367628,0.00018658816600438478,0.7238038110282298,0.059991349846552855,-2980.545546797248
51.12098757326337,6.86005898220008,7630.049506833823,0.003985754612431327,0.03338281945595886,0.22049289125928198,2.1234605616349698,1.3007148300352815,1.3771212512019995,2.3097767546068195,633.7226911953387,0.00018710558105906135,0.7237555791327402,0.05979493361772348,-2980.5224620529375
51.13516852368775,6.85902881771138,7617.233721913647,0.004006249523694487,0.03339063284461286,0.22058978585814568,2.123513986842492,1.30289866530931,1.377183061980432,2.308752296454392,631.8797442820382,0.00018625893076168367,0.7244664429230608,0.05982040822169763,-2980.65483838235
51.12822748334049,6.8312112032904295,7615.094106409073,0.004032386103031787,0.03332525599650152,0.22079271099052689,2.1236664322480223,1.302967641133435,1.3773473834224745,2.307688485390413,628.7030565024614,0.00018505346142161684,0.7249373514416335,0.05984313845261817,-2980.8371543205285
51.11964885942537,6.798155083081671,7610.835683736445,0.004047656983501986,0.033237620058761935,0.22082325707354672,2.1236945823827407,1.3033042882050059,1.3773632903432222,2.306691846874647,625.2136374159095,0.0001842699584973382,0.7247327987375225,0.059885233930465936,-2981.186166305254
51.09384618085126,6.7472187935299175,7673.528305835096,0.0039949345564560465,0.03295552297889603,0.22143164407398472,2.1241031767583447,1.2977988684083601,1.3775532732267197,2.309942736708037,625.5518060393173,0.00018666232787089405,0.72593612374713,0.06018772933471595,-2981.6157992125036
51.04090979442563,6.7316781365179175,7673.938162217166,0.003987314319421552,0.03285155876856662,0.22134591060282682,2.124108001590116,1.296582360404732,1.3775244062250074,2.3095452638650116,623.77466538687,0.0001859770307287628,0.7262666466471144,0.06035478677992057,-2982.5227134479937
51.038704144456226,6.756130307256964,7645.0382251700385,0.004017895161243039,0.03301391381974712,0.22101725794451554,2.1239362240734305,1.2982274276851997,1.3775898352420244,2.3081238939584727,624.6529136776434,0.00018499114194948837,0.7258923255316282,0.06004212009944501,-2981.637491561443
51.04039596615925,6.791893443986652,7617.0001571287285,0.004025981624789431,0.0332424794253432,0.22066622508309008,2.123699370801321,1.2994632201177847,1.377469135873206,2.3070404198103525,626.8457920097396,0.00018350732420498465,0.7249758073387607,0.059851073388407124,-2981.1909181892865
51.05472713650864,6.817536843312588,7630.167555297,0.003974680724700898,0.033264543508036426,0.22048631530060497,2.1235804525877944,1.2977825603991557,1.3772229700875134,2.308486324500915,628.3274663535999,0.00018409169935953155,0.7243534970172045,0.06016149618979838,-2981.141439501474
51.10568078587002,6.843989105819084,7598.133758013636,0.004007066887415476,0.033525293496357036,0.22022420514671548,2.123586769794652,1.3008995011594056,1.377092530828717,2.30682754834612,627.2769223203985,0.00018353586103115837,0.7236960508206092,0.05985387524271845,-2981.1713112541406
51.08265738147671,6.859087376715529,7603.284377780995,0.0039767138156930155,0.033498808484645516,0.2198813050316271,2.123122214316029,1.3011706771323248,1.3768275277966846,2.3089059244728256,634.4614084882853,0.00018561922453859677,0.7233894850644486,0.059766206810786926,-2980.8771278587064
51.08039130518535,6.799874556510332,7592.15842117232,0.004047884399256714,0.033418767531394125,0.2203088312051272,2.123888202842476,1.3015933981105943,1.3772789685574747,2.3054782546283272,625.0561831434634,0.00018237425789661068,0.7247013793354558,0.05969133728861042,-2981.3479911831437
51.0597610516498,6.7978674317021905,7620.856292504792,0.004009798524474952,0.03325208609592331,0.2205008195159601,2.123715668516387,1.3001872162865444,1.377206319474264,2.307517754264664,627.497638277152,0.00018442726635819134,0.7252824324400463,0.0599374239386124,-2980.9588506355867
51.09312881898073,6.776831087261826,7608.806293750671,0.004055225616357232,0.03319425921629445,0.2208631374965259,2.124113615227131,1.3019766655764968,1.377345915127262,2.304226119482431,616.8045473053488,0.0001816319623737278,0.726030362551779,0.06022464557239263,-2981.3922106101577
51.09960128033899,6.756645460128254,7650.137480778744,0.0040155373600240536,0.03305037226543763,0.2214153981129394,2.1241377040032705,1.3016778742758937,1.3772933079188654,2.3069067582123095,620.3759756951054,0.00018390614125481582,0.7264739566923853,0.0603131605659062,-2981.196397217635
51.102576720855325,6.780045080198633,7667.39724899957,0.003960561595454821,0.033087330015354126,0.22125610538609775,2.1238413334393353,1.3000338049716216,1.3769465543284314,2.3094801510742493,624.9915691165648,0.00018674405154955244,0.7258140937343219,0.06039316552807956,-2980.7920588389493
51.14735928689127,6.7740098130499184,7643.034752300424,0.003995461538212733,0.03326058355914543,0.22112320108418165,2.12411208692862,1.3030092481048514,1.3768318308491225,2.307396825571237,619.1479819587191,0.00018647452017196142,0.7258576198408588,0.060330331965465674,-2980.3615533251973
51.08037360988115,6.722337823709154,7670.669712195122,0.003988124252194575,0.03300344184455203,0.22189453524042715,2.124086934104298,1.3021128335647143,1.37716547810721,2.309734968423133,629.6830318222469,0.00018562493977449155,0.726984956277673,0.06002865224617672,-2980.9509827727106
51.103593128923016,6.741939654422016,7679.123165536524,0.0039732639570862595,0.033032685915014404,0.2219998533256779,2.1240273899942292,1.301257932891069,1.3771108529886558,2.3102783535974023,630.1010090500695,0.00018626813986086165,0.7264024193971675,0.060110354760335126,-2980.845639406475
51.05875322912701,6.734639181839526,7688.721897885138,0.003966232924370891,0.032842201048506825,0.2222589870781122,2.123659125534746,1.3026287309051388,1.3772000988216273,2.3114422318768097,637.5508772400738,0.00018624447666695305,0.7271693917371428,0.06003613734982353,-2981.833872257568
51.07566796451469,6.6895013607472436,7690.445647913728,0.004020571476034179,0.03279414181601789,0.22270832607187452,2.1238971299362595,1.304091438644809,1.3774780028436355,2.3104271724617798,634.6211378053795,0.00018598833031054172,0.7278874644222106,0.05980437951067296,-2981.700638074229
51.05020842891902,6.713818340007023,7665.601801194584,0.004034943103952438,0.03294787110857257,0.2223223270087529,2.1236881334663043,1.3048153968786087,1.3774981403380342,2.309756869227468,638.357768551094,0.00018532528233617123,0.727477512443384,0.059433339204447815,-2981.1745884430625
51.096301552824784,6.728154778492531,7655.561557365717,0.004049194739011423,0.03302241149205205,0.22226151088519386,2.1235728239520792,1.3067828941952655,1.377439989821238,2.309292936224705,638.1741520199815,0.00018527233542225185,0.7269856221215434,0.05936560335729986,-2981.000923614137
51.07876340612148,6.785722226653078,7692.459806603842,0.003934871353623666,0.03305367559297423,0.22184812124753633,2.1227162725006634,1.304982843736679,1.3769300194308198,2.314842980664862,655.1865887176226,0.00019002147343027135,0.7257204428863425,0.05936977151813065,-2980.696231290568
51.05882544359541,6.750675586775348,7661.137264099562,0.0039847182519531415,0.03311995650511445,0.22153016569175685,2.1230182962050668,1.3049258822764025,1.3770103158949496,2.3120396009186104,649.0732406255822,0.00018723811283488556,0.7254591001420614,0.05926412870741284,-2980.9343200357866
51.04755504042912,6.700103726294085,7648.690515438882,0.00404503841432935,0.03303650178449264,0.22186317840709815,2.1235056125591214,1.3056936404270136,1.3773260505920484,2.3094476021203856,640.699866585978,0.00018563136676087393,0.7267576220392007,0.05924024640058347,-2981.064881799194
51.039655749988164,6.638583279326568,7674.938761154401,0.004061862246945005,0.032837065344229706,0.22244630518425929,2.1240298658631107,1.304157407740366,1.3775751026594327,2.309316633332303,635.2297305115927,0.00018613033198213412,0.7278301672200884,0.05934793996226435,-2981.551829602588
51.033304001941325,6.5986726558579925,7671.170789334568,0.0040954757291737295,0.0328122389270148,0.22259043239998338,2.1244134463808364,1.3046758284902014,1.3777496818304513,2.3082265341018124,631.2687116241854,0.0001855312951163382,0.7283744278429227,0.0591822031187163,-2981.5490617638334
51.098538959731854,6.6074523483656336,7652.324239218215,0.004138299506182336,0.03295665488856133,0.22273730607307746,2.1246995391269117,1.3077082970571932,1.377799105456198,2.306072483389146,627.9753040467765,0.00018455753168939627,0.7283858469726986,0.05900427240048364,-2980.925887528589
51.0882321751439,6.7090687000126366,7661.415398426401,0.004033322933512804,0.03321940283479441,0.22165937958543097,2.123860925075661,1.3030129296775754,1.3773691545436981,2.309876126645066,637.3591728616393,0.00018861350436144352,0.7257263237696331,0.05902247335329403,-2980.1749446788763
51.089614542462854,6.750906027456004,7645.8906151430165,0.004022206817932196,0.03341506634086364,0.22135586673520768,2.1235941828552813,1.3031191110723401,1.377225637212305,2.3101242108759514,641.4872304791006,0.00018867553703811436,0.7246351001210943,0.0588082667837336,-2980.0763627025844
51.10068811114715,6.820387767562664,7573.796768660937,0.004073715463175261,0.0337638860991784,0.2206477590234033,2.123047744923608,1.3086753070111707,1.3771088578104027,2.3069311971487823,644.2701080861315,0.00018593188390059493,0.723622180702408,0.05832883971619516,-2982.160646515684
51.0723530643531,6.85466111224876,7554.741211694017,0.0040626999029444825,0.03390809713979716,0.22000627891413632,2.1231074004126897,1.3068021065545197,1.3770297107707645,2.3053428767042403,640.6019306639608,0.000183631904508478,0.7228687899186532,0.0585157891865565,-2983.1772102423015
51.0678194474443,6.827287042096348,7610.630119079789,0.003994260370191391,0.033650549784622355,0.22015136802185425,2.123165252350129,1.301963823928078,1.376875129769981,2.30854574608507,639.4449387156842,0.00018640131263856493,0.7230032238093816,0.059126483177286034,-2980.8587926692767
51.07017802247084,6.80087473146499,7642.437278203422,0.003983695772710087,0.03356222957259396,0.2204071034767216,2.1234347063073695,1.2988596716024858,1.3770275203638884,2.3101910705889255,639.6539062325454,0.00018870741645677727,0.7230988662540884,0.05909081201222897,-2980.093011912127
51.05173502903711,6.811028316178007,7632.139427717627,0.00396954593386054,0.033628743132273764,0.21996285704710108,2.123164744569247,1.2998879624426083,1.3767874982811419,2.310881162160796,643.6921919456788,0.00018954443481260393,0.7226957589343608,0.05895338629487921,-2980.1284921251354
51.05177832356506,6.832490649065022,7639.1353350685185,0.00394686618937752,0.033697284291638326,0.21990617329126114,2.122796728136371,1.301134903924833,1.3766186519030978,2.3129098433476076,653.3397352710789,0.0001916321808713232,0.7221290755147924,0.05860512076891831,-2979.904568794081
51.08141362137848,6.8332165439871915,7621.715519967854,0.003983144333630903,0.03372431333778368,0.21995741845466227,2.1229167441548977,1.303882820118151,1.3766402016822363,2.3113916620429658,649.0381323020644,0.00019088195883263653,0.7227196548785382,0.058600859066018404,-2980.3513096528254
51.105504785623054,6.8425768913160425,7672.175538714484,0.003910705225563515,0.03359908552706768,0.22009936707639663,2.1226900942788047,1.3019175683980826,1.376397882733047,2.315394881905698,656.5755456921474,0.00019444589338751619,0.7226376440507579,0.05878242733878178,-2979.3351209812504
51.07612718846828,6.844582438445389,7688.624435040343,0.003878885009506849,0.03352303113217707,0.22016984484317148,2.1225093082291395,1.300511782336804,1.376358027621598,2.3168056903752543,660.1777598439159,0.00019506855916042557,0.7226766986717288,0.05886354764655327,-2979.2604648277866
51.06473334574774,6.854442024073787,7702.1638162052695,0.003855691586584855,0.033501359320587676,0.2200022617875653,2.1223521079602174,1.2990187128065962,1.376273380626754,2.317942453631903,662.526006614553,0.00019670896334177219,0.722239224960063,0.05888762282643413,-2979.1882246146997
51.06473334574774,6.854442024073787,7702.1638162052695,0.003855691586584855,0.033501359320587676,0.2200022617875653,2.1223521079602174,1.2990187128065962,1.376273380626754,2.317942453631903,662.526006614553,0.00019670896334177219,0.722239224960063,0.05888762282643413,-2979.1882246146997
51.14757198755304,6.857018677504019,7650.2448341161435,0.003939323659018549,0.03377992031961022,0.21975955437108832,2.1229262598025413,1.302209700591483,1.3764359687411805,2.313561348920186,650.6219015855116,0.00019435544365006257,0.7221780225527765,0.05869022386211428,-2979.654447290613
51.16995781131793,6.859043470245712,7636.047901622715,0.00395327026585532,0.03387796873252353,0.21966332331851732,2.123081189332648,1.3034883373142336,1.3763663786590379,2.3124958683424124,647.5779720510335,0.0001938978427880912,0.7221150997277299,0.058711613163836864,-2980.2573112590853
51.141707663150584,6.84213796187046,7629.289306079179,0.00396324557435264,0.03379873127614235,0.21952483564710168,2.123210752833187,1.3028369060557783,1.3763370646085615,2.311266717830592,642.285187075085,0.00019295014994609807,0.7223844259380242,0.05892680774919849,-2980.1735859669616
51.110674741449074,6.781931449553525,7671.345649991843,0.003947394803302527,0.03352326471897697,0.22015521631887866,2.1235251547738736,1.3004108223195536,1.3765488095791996,2.313110010677563,642.105224533829,0.00019451228694427204,0.7236638042488636,0.05904875281040141,-2979.138977729278
51.10149000107381,6.848656722755969,7690.9868043231,0.0038592378523380232,0.033560328222890436,0.219669521987799,2.122799395960188,1.298390204996643,1.3761504802526952,2.3168953498260736,653.9631107548529,0.0001976696530313753,0.7222813955319505,0.05913367137629837,-2978.8124859664194
51.13190972775833,6.859585862316308,7699.656388661991,0.003861710668764868,0.03366243712021406,0.21974395387432938,2.123165831715576,1.295512373792779,1.3762625567070912,2.316129610302599,648.3829638879212,0.00019690309211526966,0.7215981622766062,0.05922138857612385,-2978.707618217003
51.163568030939786,6.8595230570999846,7684.3984379766025,0.003906343438995076,0.033732667610572475,0.22001328497369957,2.123520158533972,1.2972606511266105,1.3764999437011616,2.313833793106838,642.4383100923498,0.00019483992202692875,0.722344093671254,0.05921101388368452,-2978.9679038924405
51.17938896333266,6.866324248885789,7682.880130688816,0.003908269424237196,0.033775744835425475,0.21999650742894894,2.1236145362576613,1.2971032764336459,1.3765576252621967,2.313456711158394,641.4847092775182,0.0001936353190483188,0.7221015628828493,0.05921283646810281,-2979.2232352303035
51.18878971031686,6.799270716976785,7684.744225766022,0.003972152285752519,0.03358655202179839,0.22056233126821387,2.124436488394701,1.2968979307126163,1.3769597056035952,2.3101071704715794,627.5719415213699,0.00019075029477473804,0.7237675167266786,0.05956794787952354,-2979.4357191616255
51.165767635786636,6.858223768849989,7673.826750906956,0.003943495515687017,0.03374333483551882,0.22006222512155058,2.123739289929636,1.2988461772108622,1.3767101616644057,2.312065476773653,639.6038098876691,0.00019283341734066452,0.7228340362345337,0.059171132850169325,-2979.4950541658322
51.150385114485225,6.8000476204506946,7672.716658464389,0.003990235155599608,0.03367261822035204,0.2206377297618004,2.124347544335154,1.2986268460004666,1.3771191502887221,2.3103812763812206,634.3479567891867,0.0001909197265797389,0.7240564426783692,0.05901718600979285,-2979.5974138935035
51.16819069150854,6.7886271562442,7667.128962412834,0.0040083967090006984,0.03367974065045106,0.22050522239771053,2.1248196752416857,1.2965514316503657,1.37721182829564,2.3080421586573623,623.7822249051377,0.0001887826232743534,0.7239637140728422,0.05935185008497954,-2979.904258258496
51.17455794063563,6.702488409008026,7651.330389191909,0.0041155094255361365,0.033507501520412014,0.2215058264417198,2.125386845521228,1.3010684138698614,1.3778274911477468,2.304380218678334,618.2724094011642,0.000184201988076295,0.7259856060299247,0.05904756820018564,-2980.8016271400597
51.15795120654343,6.710539616642265,7671.423843834403,0.004058847367601924,0.03346127408656987,0.22145587540336648,2.1250546866122297,1.3004736498983482,1.3777002798887383,2.307752660125158,626.7754431699368,0.0001866651891242373,0.7259188516296372,0.05895832912270543,-2980.1070539530247
51.20538759472999,6.678306509841317,7672.423415696771,0.0041034154287881135,0.03350617388086756,0.2219378604661619,2.1256901977166542,1.3008679130745882,1.3779476579816408,2.3056388184785486,616.5179392995665,0.00018625412132656152,0.7267548466285647,0.05901871371813941,-2980.2787987907286
51.22136575467724,6.6866898359440405,7651.62050860287,0.00413665620778971,0.03354211553701308,0.22205917749413753,2.125631400866907,1.303764619708078,1.3780037350839944,2.3039371479240573,615.9859560066586,0.00018434144886542815,0.7271776608369582,0.05897541794877195,-2981.225411453665
51.20396146045982,6.673563713452001,7655.5349508436975,0.004146115274413307,0.0334005022063815,0.22239936078946163,2.125661591116324,1.305062539225167,1.3781467824352922,2.3038078916805933,617.494030179579,0.0001834007268813456,0.7282989033616373,0.059037828924824856,-2981.053665715994
51.151149646269516,6.650671721497794,7657.458430875391,0.004143903029231479,0.03328737694199346,0.22227458712477044,2.125490396513727,1.3035141459015096,1.3781466401322304,2.3039677762201505,617.8880226209214,0.00018297574944337532,0.728157625704046,0.059139784951462854,-2980.7306967365726
51.10627103008244,6.516244914171587,7641.587425661382,0.004287747419651085,0.033063359729392575,0.22319758105041126,2.1271772522499375,1.301079634907874,1.379100747942942,2.295799217799745,594.3290797594647,0.0001759440143827239,0.7306268521038024,0.059290926521128065,-2981.601882085044
51.130150621189784,6.566869479768762,7619.446173012397,0.004294900299289104,0.03321697515029711,0.22320209475445452,2.1266821887460425,1.3058877548266374,1.3790137125654314,2.2959779601745733,602.5237307408421,0.00017520791340195263,0.7303387553953968,0.05897765903550734,-2982.498814806384
51.11726380941022,6.616861039913495,7596.830727615979,0.004292909682345908,0.03333325276793858,0.22275183407937768,2.1264338224927446,1.3051981250342828,1.3789319136586302,2.2944394318855936,601.8059113491022,0.00017340335729718173,0.7291866530671828,0.05906248444828974,-2983.247958992221
51.07109589262887,6.532664684948049,7656.9030105903075,0.004279322381986094,0.032914969406060084,0.22380290802109012,2.1265871656320945,1.3044216089316942,1.3792567871751118,2.298025842053773,605.6454890695009,0.00017615796217909858,0.731263918474468,0.058992499218627203,-2981.6586149379405
51.09219386590321,6.583200445258186,7666.815759267432,0.004206723526909609,0.033011839359520734,0.22344157759548477,2.12583639527245,1.3055778546459436,1.3788009521904319,2.3020001796704257,616.2133022362142,0.00017959157158157363,0.7298743716913796,0.05891966909453594,-2981.190469526203
51.10809762387391,6.597116441740322,7667.050977665864,0.004192516342508984,0.03300384482215855,0.22338645658624648,2.1255055311453335,1.3070203702314318,1.3785773715159317,2.3025744360678075,616.8441420593889,0.00018076172385378113,0.729323235435223,0.05905449271214299,-2981.149016193853
51.14926355314961,6.543194041377511,7650.8019210430375,0.0042922140536137176,0.03287485105738884,0.22442512567310688,2.1260782713131223,1.3115140478588532,1.3791121805273954,2.298827588969921,610.0565508714911,0.00017716917146570212,0.7313865617734425,0.058937863360068184,-2981.8333959354613
51.15305801664449,6.568973011277453,7635.228834443447,0.004286940408225849,0.03304496476893621,0.22389233459781155,2.1259773556411776,1.3097324398759556,1.3790055154967522,2.2978868484718014,606.463698098277,0.0001768137662979658,0.7299544528645997,0.05900840427034957,-2982.063015011377
51.16197554860939,6.708349693766152,7608.812263972082,0.004208769908880647,0.033426558763162306,0.22261354509367562,2.1242116569258753,1.3151483492776008,1.3781972062874968,2.3030074724754304,631.4458392660598,0.0001817895894782582,0.7272992269811717,0.058302323869123214,-2982.8125121257135
51.125262331468704,6.749430361510871,7622.382620707653,0.004142427214449669,0.03347280679562895,0.22232743537680344,2.1234824087338273,1.3143361847131247,1.3779716846894625,2.3067721690475533,644.524129867645,0.00018410422333925945,0.7264538583214388,0.05810404103706401,-2982.096763471559
51.09246700858551,6.730477121379188,7647.866442146684,0.004116428847097752,0.03326906442217283,0.22298553650107913,2.1233532670558937,1.3149532304055997,1.3781611881600453,2.309193014971849,652.5592239217211,0.0001840078453890956,0.7277962600963603,0.05805103053505477,-2981.344291612181
51.060247168684725,6.696340394415735,7670.869057652259,0.004107038251746106,0.03303299039141015,0.22313963810395349,2.1236843906351113,1.3114630642253093,1.3782567701033597,2.3089495865087835,647.6775196364196,0.00018293972012727128,0.7285454704623195,0.058520668391874996,-2981.150755736612
51.05410639065158,6.723892997012946,7660.32791155302,0.004105782449579516,0.033195855635040836,0.22285631827310273,2.123333939409793,1.3120482508352018,1.37810285716189,2.3095392993611403,652.7959028672753,0.00018439667557405845,0.7275477391771252,0.05815033080326367,-2980.97923785184
51.040571129785924,6.695802049236388,7643.844441016308,0.004147448415329548,0.03317225407787573,0.22271646198683337,2.1234890834525024,1.3131515050784772,1.3782219152620576,2.308095239596223,650.2412429811657,0.0001835727669880994,0.728079117546981,0.05797254818343671,-2981.2516834826183
51.05839111076711,6.6802094134212275,7647.858770321783,0.004163093762505076,0.033153602133916306,0.2230333452706691,2.1237965449907468,1.3131329009782151,1.3783619776260907,2.30714242268592,646.3663381399457,0.00018298094805575306,0.7286307857679808,0.05807389473688022,-2981.261746852858
51.123582481764345,6.759865660080234,7683.994541932769,0.004060282223663857,0.033264074769780175,0.22258351709959998,2.122922648116872,1.3127297866517722,1.3777177556521738,2.312210068440558,656.8961113705319,0.00018944893825138424,0.7268885761655012,0.05830477377091674,-2980.2000052006233
51.139850191579306,6.817565939477564,7664.397204775878,0.004036849694884565,0.0334522571510725,0.22204860602318766,2.1225657350631764,1.3135692024470513,1.3773576062664044,2.312259592736204,659.3635492143308,0.00019007992602864003,0.7259412107756225,0.058288053969451796,-2980.5590312224103
51.153958682384044,6.760636740103113,7695.37535900166,0.004026562547228795,0.03327255911131714,0.22231682507215877,2.122802146692746,1.311539218857815,1.3774436134978185,2.3136228114162467,658.3741253653263,0.0001915909899639349,0.7263099506058284,0.05844202746310911,-2979.8032080249727
51.1939436544229,6.815061970459826,7710.264212996559,0.00397296292804618,0.03332786643469348,0.22195551848832035,2.122290866245158,1.3112671993788898,1.3770375065221123,2.315913011437324,663.4872689208404,0.00019487883556101377,0.7251817208635639,0.05865499505858583,-2979.3534301030504
51.242995052199184,6.821337119007115,7663.544415308898,0.004033898412180994,0.03365223686869726,0.22161783754464273,2.122576571440476,1.314088225273626,1.3771099106773943,2.31277704431366,657.3840045355164,0.000192638856221438,0.7245499729689928,0.05831097877668185,-2980.9948884822925
51.203043177363796,6.831015608291146,7722.309545140228,0.00393258947086622,0.033502233954507694,0.22162940849907076,2.1222604215963266,1.3086768380979708,1.376892743503026,2.317763488281628,666.4050196018013,0.00019745051668302232,0.7240001571163664,0.0584809393663661,-2978.8576149291885
51.2171123071484,6.8271850617314485,7725.624008281428,0.003928444637647159,0.03351412575633044,0.22169607510974543,2.1222308040842615,1.309412170451215,1.376863914519094,2.3185041107124813,669.1021724063747,0.0001980781336212166,0.7240826167693073,0.05837866815278714,-2978.781997798741
51.21859167139921,6.845908977355158,7721.918112775236,0.003910790523983171,0.03362225896545102,0.2213118192330401,2.1222481616033555,1.3079930217251854,1.376666265266416,2.318676948588938,669.4018605219807,0.00019830391314354056,0.723277827553432,0.05835853575381708,-2978.8164253211776
51.193121629170165,6.867763783108288,7705.872910362297,0.003910409388012203,0.03372061118037797,0.22111444568815375,2.1219526999362293,1.3087500690338365,1.3765982172422837,2.3185212823329957,673.1175473002143,0.00019767104584101893,0.7226771766991887,0.05816338630768917,-2979.2127784080753
51.18170830555844,6.866662712486448,7708.94903947108,0.003909189772967567,0.03371257484439244,0.2211591885344985,2.1220481819402153,1.307455286635589,1.3767449780248653,2.318583740603152,673.395750329453,0.00019714377701176897,0.7225761149812462,0.0581256040703326,-2979.1391875661616
51.178749875077116,6.837336604996995,7732.919385610821,0.0038935524817164816,0.03359478370080943,0.22145443974287024,2.1221355594722047,1.3069640583529205,1.3767464410735342,2.320021232305736,674.7951275052772,0.00019949764140455355,0.723326153606999,0.058191890169256834,-2978.448038984013
51.178749875077116,6.837336604996995,7732.919385610821,0.0038935524817164816,0.03359478370080943,0.22145443974287024,2.1221355594722047,1.3069640583529205,1.3767464410735342,2.320021232305736,674.7951275052772,0.00019949764140455355,0.723326153606999,0.058191890169256834,-2978.448038984013
51.139900020751924,6.828456696506265,7733.284414200054,0.0038949659772912226,0.033561791203102806,0.22142945558061797,2.122000648855649,1.3067182970764946,1.37678190955338,2.32050502583349,678.9098364265058,0.00019989701879079757,0.7232817861545664,0.05798206355258199,-2978.399009880665
51.139900020751924,6.828456696506265,7733.284414200054,0.0038949659772912226,0.033561791203102806,0.22142945558061797,2.122000648855649,1.3067182970764946,1.37678190955338,2.32050502583349,678.9098364265058,0.00019989701879079757,0.7232817861545664,0.05798206355258199,-2978.399009880665
51.163291607410926,6.870844329639606,7670.05252751053,0.003957800757936381,0.03389567296616161,0.22083795408383156,2.1218302133189413,1.3109157920537313,1.3768111783817574,2.3175327460934536,678.1886460296247,0.00019707117103220817,0.7223267236899742,0.057486451366050975,-2980.2908758699855
51.12523744851505,6.850866721470915,7708.967170307109,0.003899689689045265,0.0337246130838167,0.22088037552922501,2.1216320358428624,1.3079994107050372,1.3766611215026192,2.3204166324641298,682.1940738187304,0.00020053245592223989,0.7223795151917047,0.05771554310508868,-2978.6644049687893
51.1263750864467,6.793426030415397,7731.596539240074,0.00391671113012233,0.033539171772449916,0.22143967927866132,2.1223521036762287,1.306021801046715,1.3769777752017283,2.3197342176119093,673.9501361858315,0.00020000977265231728,0.7236933567637451,0.057925909496489125,-2978.3142978523883
51.11185308873603,6.828697464780031,7733.656877411169,0.0038810955942446363,0.03354619040790019,0.2211021475515363,2.121965608789573,1.3057186071310483,1.3767727395602698,2.3209417812179005,678.9811220258604,0.0002011422068267451,0.7232487202640508,0.057978541665134074,-2978.2361389981493
51.115565642209674,6.756079742490119,7709.092589493247,0.00399482230049636,0.03361861499047075,0.22177908593309056,2.12338796894767,1.304606257619243,1.3775202586752542,2.3157048433862464,661.5466566965873,0.0001962850858487883,0.724538148705009,0.05770868624279328,-2978.783776369792
51.148842153335465,6.738651541245964,7681.649960504697,0.004076678469950765,0.033770831604994896,0.22191904057720904,2.1240235283109947,1.304216919332948,1.3779392590426127,2.3120335897181494,652.5594137074394,0.00019339279271077606,0.7242208411106785,0.05744995046588729,-2979.8007469845684
51.160190110916474,6.739000229071635,7681.8658426686,0.004083116322634752,0.03377984103133339,0.2222465241818772,2.1238883918634537,1.3068931920741598,1.378092015174141,2.313273555570847,663.3144195480954,0.00019245333883206373,0.7246462853632712,0.056974067772202874,-2980.2124828094834
51.13428645571917,6.741616326815212,7701.656739228152,0.004051471644426029,0.03370674312735035,0.22245582256899313,2.1237747313469146,1.3053814748298203,1.3780439251896253,2.3148103171539476,665.1394764751224,0.0001943625075393268,0.7250707401689267,0.057152462433029246,-2979.3089583874535
51.12497126192296,6.7443188369322975,7717.266268090298,0.004006403591310883,0.03370488826597783,0.22221445270324455,2.123694074840564,1.3015233874102186,1.3779378862837297,2.3162121469438857,664.4364486151596,0.00019630859835841237,0.7241073428627844,0.05734099741858696,-2978.535728072956
51.11303658412739,6.783277696884792,7703.401093608722,0.0039976951403919705,0.03379128739362379,0.22190553770763063,2.123323289358644,1.3027028816715172,1.377835901790374,2.3165200089130815,669.0794612415295,0.00019665486728793737,0.7238023751622898,0.0571907209036831,-2978.8075241734296
51.085811065119444,6.772925142874961,7734.561774662396,0.0039234238277204405,0.03371990620891916,0.22161295627269614,2.122878006280745,1.3010311529905487,1.3775273810285598,2.320758041337041,681.2667179326985,0.00020056532005758735,0.7231166719573391,0.057063672209818075,-2977.893573938838
51.08756892813065,6.818560329338183,7731.5794490396265,0.0038699478357626512,0.033899727544848116,0.22080039702836535,2.1223617874442318,1.299807522555802,1.3770360428046118,2.3223300739378017,683.4350280330622,0.00020435077790830592,0.7215829730425644,0.0571445911218259,-2977.498021743915
51.10846914804353,6.85529650835468,7739.8086465607485,0.003831395180290984,0.034006973080312045,0.22044963663047823,2.1218948025400026,1.3000813635950064,1.376721706635709,2.324256597334009,690.4266327050802,0.00020728168632403493,0.7205580540562336,0.05702150255773074,-2977.24230947652
51.138582185792515,6.799663772394467,7724.616657413017,0.00389576165699023,0.03402047704548417,0.220618002937074,2.1227597251125587,1.3005313173489466,1.376977074891796,2.321160581387591,676.4486082737369,0.0002050320202653132,0.7215887969395474,0.05708259963833215,-2977.7726767630897
51.10223684125025,6.850073123166585,7726.278609063002,0.0038429719002400706,0.034068242406640595,0.22020487072192368,2.1220116172797745,1.301037860024573,1.3766997937627852,2.323569332818635,691.2766219751181,0.00020604237642708373,0.7206149539078996,0.05684434003708207,-2977.698505524217
51.07431617584369,6.850885480828236,7734.972583940224,0.003823845676275212,0.03402237653320171,0.22004530361591032,2.1217986386174292,1.2990657846053366,1.3765931908309668,2.3242053980967237,691.6826025308071,0.00020731251938548853,0.7201028813972323,0.057012347496935,-2977.2764391271753
51.08015694439133,6.79441062885661,7673.178150991315,0.003951710917900077,0.034207120994794026,0.22012368702891125,2.1226618693470654,1.3027825995258495,1.3770868749199032,2.318647759186864,677.4697145483308,0.00020214828224681135,0.7212835980239919,0.05661129483945548,-2979.5923641346994
51.13143021792104,6.767456660546717,7699.56548513792,0.0039543206537118805,0.034154447003847704,0.22036499020270894,2.1232270629285344,1.3008922287343623,1.3771630125064223,2.3188545868992567,671.2179252664275,0.00020440553741471527,0.72175943530504,0.05681813952540808,-2978.730484607787
51.04219640537447,6.769133236458792,7710.958352095758,0.003922784151830041,0.034007950679880376,0.22019338895392943,2.1229608648711666,1.2972090523439364,1.3771117545123186,2.319510756461561,672.4163578965097,0.00020444130150927103,0.7215856592558447,0.057050597658015505,-2977.6308849954894
51.05615637192639,6.759111797519687,7717.654195407586,0.003919541213655709,0.03395140827201163,0.22029250163974526,2.122888768754862,1.2977896500929813,1.3770847181733377,2.319874366518909,672.4597319713898,0.000204706089786156,0.7218114336957764,0.057155020808927565,-2977.5103132140985
51.07232895234926,6.805723429908667,7729.412386719347,0.003853529739136949,0.034148782750630574,0.2195609278157197,2.122600184941088,1.2945615730266373,1.3766845756056245,2.3220057763210864,676.1937635791079,0.00020858122943777276,0.7201217529806773,0.05716131556258383,-2977.033801796838
51.07673978975342,6.8146994167727755,7728.275491016604,0.0038532187225268663,0.034158060074357816,0.21959560229986963,2.12243833222782,1.2953907053238718,1.376686935248268,2.322443292272149,679.2762581269071,0.00020916064297512105,0.719984227342891,0.05704032043242541,-2977.028128991895
51.05966998000177,6.784667730012345,7731.295866286969,0.003878413704566291,0.034057640383122756,0.21999706217570206,2.1226703987829305,1.2958380846946584,1.3769919733690328,2.3219897580206554,677.6302143761725,0.00020839179588495038,0.7210692692566945,0.05697696122887678,-2976.9183193682097
51.08200395652957,6.799034171152705,7716.060094461547,0.0038956644849062784,0.034177024600343726,0.21985717782848144,2.1225485077192694,1.2965604698577917,1.3769419254778525,2.320933819241816,675.0253265095732,0.0002083030478223057,0.7202430872376088,0.05690687803971699,-2977.399295806116
51.06496852554224,6.823652152461612,7735.151280477261,0.0038383912515467643,0.03415870336407399,0.2195354281077808,2.122189740100278,1.2943480571251267,1.3766608351057477,2.323119592049659,680.7974324973113,0.00021085521953574584,0.7194270311211075,0.057059175022584174,-2976.669548200523
51.04370892581258,6.827186999492291,7724.289893620453,0.003843139504677232,0.03411771972307289,0.21963554021502396,2.122032976016186,1.2955910573082419,1.3767189236106765,2.322735777406919,683.8280896075014,0.0002084112019595414,0.7194937558760616,0.05706312582959525,-2977.0903135703884
51.06072501311141,6.840725551260274,7729.157635291755,0.0038383879482939104,0.034151877853906124,0.21962632895252757,2.121942189379742,1.296396804148102,1.3766150290624242,2.3232375758304875,686.6751953720823,0.00020982733404728457,0.7192848475550622,0.057004949413804004,-2976.9900235608884
51.06848612662322,6.8530848641621525,7738.8078184418355,0.003815400495427905,0.034153555615282716,0.21965927906000635,2.1218017503493565,1.2957472913858634,1.3765397921510973,2.324136260204599,688.856212070008,0.0002104066030565194,0.7190826210141539,0.057101081721703674,-2976.807593269695
51.06848612662322,6.8530848641621525,7738.8078184418355,0.003815400495427905,0.034153555615282716,0.21965927906000635,2.1218017503493565,1.2957472913858634,1.3765397921510973,2.324136260204599,688.856212070008,0.0002104066030565194,0.7190826210141539,0.057101081721703674,-2976.807593269695
51.06022839992659,6.81081199640861,7736.194535290655,0.003860086425657829,0.03403047274612559,0.22001615539064243,2.122267779600434,1.2955207957980264,1.376894827302416,2.322305027853852,681.6923260554937,0.0002078912700487534,0.7200115132381039,0.057160235617122156,-2976.988690857373
51.04700912676515,6.794419084780216,7702.058117292843,0.00391133751115912,0.03405056720597251,0.21994949801589495,2.122361875935481,1.2984424854885064,1.3770012945937622,2.3200371107420565,677.4093663597612,0.00020528788560198908,0.7204685660043548,0.0570100360919333,-2977.7718707807476
51.06732700172146,6.825989990009287,7705.238292489732,0.00388251415109958,0.03419928681547889,0.21957676762178133,2.1223510922505873,1.2956679364474395,1.3768374884007784,2.320138380587264,675.4292823135105,0.00020574843733917156,0.719169579080827,0.05719503155964234,-2977.834111204028
51.046262279805816,6.8309794289053904,7705.840896686146,0.0038752254649567306,0.03415870554052303,0.21953348920305113,2.1219989928312106,1.2971921605866117,1.3767725890548843,2.3212703714220773,681.7292140984033,0.0002070858648145969,0.7195110279589071,0.05699558548397445,-2977.6278270497514
51.046262279805816,6.8309794289053904,7705.840896686146,0.0038752254649567306,0.03415870554052303,0.21953348920305113,2.1219989928312106,1.2971921605866117,1.3767725890548843,2.3212703714220773,681.7292140984033,0.0002070858648145969,0.7195110279589071,0.05699558548397445,-2977.6278270497514
51.046262279805816,6.8309794289053904,7705.840896686146,0.0038752254649567306,0.03415870554052303,0.21953348920305113,2.1219989928312106,1.2971921605866117,1.3767725890548843,2.3212703714220773,681.7292140984033,0.0002070858648145969,0.7195110279589071,0.05699558548397445,-2977.6278270497514
51.04223772143545,6.792026319716982,7715.3926055970005,0.0038953685362470318,0.03399995172223946,0.2199196894054094,2.1224368813450063,1.2964728127244758,1.376950782015712,2.3203234151380014,675.8670198413429,0.00020542718212755744,0.7205643078096307,0.05720185888979848,-2977.464195164308
51.0655759139928,6.8013470399838205,7702.53717359216,0.0039013322918826187,0.03411392012092777,0.21967699121110676,2.1222549849269656,1.298835264098928,1.3768069343998706,2.320494843111038,678.2449550731919,0.00020655983026236695,0.7201808911388189,0.05699662158841342,-2977.807627266662
51.053925329892294,6.816613063945418,7691.607494840394,0.003896727386227151,0.03415086970614636,0.21936256896202816,2.1222540939516303,1.297059057430243,1.376786491687595,2.319605864253859,672.7735716271776,0.00020549307115935562,0.7195916772476547,0.057243725517226327,-2977.990143290229
51.05201910476991,6.765728747569781,7710.213872465873,0.0039250082507826965,0.03399525894557714,0.22018197724240324,2.12270661363558,1.297137588159959,1.3771963344907943,2.319325815038104,671.3137869881189,0.0002044593055738613,0.721163388467832,0.0571493784641064,-2977.642340930108
51.061805008357844,6.8021522844928946,7682.328047434051,0.0039516038386596805,0.034131446063881646,0.22001616133550772,2.1224348085206866,1.2994841880900105,1.377258257478767,2.318295604991783,674.1746529730872,0.0002029260928882281,0.7207871867945123,0.05691250586232183,-2978.6549504165514
51.06280564637291,6.831662087420902,7695.4174329436,0.003921662154228969,0.03410135017627194,0.21986153665366326,2.122080642452729,1.3004109549876104,1.3771268937996108,2.3201262589643687,679.534092989369,0.00020548640755596554,0.7209057131663166,0.0569581097976309,-2978.1904443014278
51.04254761737922,6.811739428774786,7726.030807849719,0.003891848327646129,0.033965184932810505,0.2199914913008927,2.1221439048376958,1.296524948946149,1.3771094851186112,2.3213173292024134,677.4744070843501,0.00020665953458259506,0.7209560560169042,0.05728336396522433,-2977.203581017279
51.06583689084418,6.757951813536927,7707.171905745262,0.0039531246282186105,0.033848960484427364,0.22016212812723152,2.1226831354069224,1.2990629999356686,1.3772272561264502,2.318268242327667,664.582611322527,0.0002037530986852499,0.7221306964510023,0.057548858676897255,-2977.7643944008555
51.07143743120676,6.7548760905779375,7708.01029845982,0.003961579532462683,0.03390978230727308,0.22004424101705847,2.123193630372233,1.2958792768953629,1.3773108153356106,2.3167115650700696,655.1951132493343,0.00020304737673711666,0.7218598644277013,0.05774424738545545,-2977.7544045409754
51.050840187165136,6.7829145916376845,7701.869142744983,0.003929389263959064,0.03390758373255225,0.21972296542996533,2.1224257540286446,1.2979285911814102,1.3769935334228722,2.3187679343717496,666.5604795969571,0.0002048670793824254,0.7213309018258189,0.05756092411181158,-2977.658602520773
51.057212411590086,6.80019280952564,7724.300919305002,0.003867754969105121,0.033866688196664704,0.21946871315623037,2.1220728904572974,1.2965001353688033,1.3766005058616488,2.3212774826395686,671.0395383053989,0.0002079363214828072,0.7208127745096332,0.05782987152986771,-2977.0664798953912
51.046897653978185,6.823629145653111,7712.552462614678,0.00386244190258868,0.034001799945512695,0.21905344384594808,2.1218897330069786,1.2962120415836795,1.3764965035285617,2.3213029496414146,674.1402332812354,0.00020834339469664152,0.7200601976612586,0.057621449181723246,-2977.1819020449097
51.084211161544985,6.804884116875911,7712.890475263584,0.003876555675007532,0.03409980203120089,0.21928756491840043,2.122245873312206,1.2969350398982997,1.3764720515084639,2.3210577001478083,671.56926010768,0.00020905943104224074,0.7201560006166707,0.05749444364258767,-2977.2602946306474
51.04453028159209,6.76137300225113,7728.852585834988,0.0038802624311781424,0.033889172926973854,0.21965490940082066,2.1224111259351295,1.29667178924824,1.3766580125768852,2.321274321252851,670.8879126250083,0.00020836953470237507,0.721334302697558,0.057557609452102025,-2976.9079287028762
51.04472887225659,6.775260711947002,7728.756066724127,0.0038729472946700326,0.03395869108047179,0.21949119355501853,2.122340966175556,1.2961859627327312,1.3766105111960592,2.321669227018986,672.8564711125382,0.00020908814628042957,0.7209382340091969,0.0574321971533934,-2976.8522020251444
51.065023942166604,6.813841907804026,7724.812320110763,0.00386286308152875,0.033947868624066,0.21959986757463104,2.1217738759778566,1.3003984973767673,1.3765689698396049,2.3228662538563256,684.4008775169175,0.00020838894812014335,0.7211642526686978,0.05723327758182282,-2977.245445561469
51.05544993772993,6.802330243897718,7738.376713479342,0.0038553048300860723,0.03385824802007016,0.2199369663552508,2.121938005513769,1.2993645557599687,1.3766399168974157,2.3229770601780224,684.2786077874754,0.00020752007844949825,0.7217315769048309,0.05736351525469256,-2977.0989837012908
51.09908688656208,6.7938852992970595,7725.725092335784,0.0038909702395577388,0.033891300281949636,0.2202996293075421,2.1220508075087663,1.3028822897706487,1.3766875640887837,2.3216342506343595,681.0046143543459,0.0002065508644985033,0.7222944277781114,0.057338113247123464,-2977.5444491050152
51.09908688656208,6.7938852992970595,7725.725092335784,0.0038909702395577388,0.033891300281949636,0.2202996293075421,2.1220508075087663,1.3028822897706487,1.3766875640887837,2.3216342506343595,681.0046143543459,0.0002065508644985033,0.7222944277781114,0.057338113247123464,-2977.5444491050152
51.11577582706549,6.855226207378273,7729.317712209047,0.003857546239454196,0.033947121176551194,0.22022472263864118,2.121227600640302,1.3052696085431428,1.3764447955100452,2.323707233684444,694.121887056722,0.00020801548983358882,0.7214009443352604,0.05716575829264169,-2977.6236087916054
51.07469181004335,6.824579021458039,7728.549243100846,0.0038637539126545493,0.03385397366656374,0.220098017224349,2.121380349967561,1.303537280253181,1.3764520626852714,2.3230080224141547,689.0444618914609,0.00020723634453354768,0.7215137677823551,0.057322034727147926,-2977.466028179345
51.07896786160597,6.748196677976413,7718.913092615798,0.003928188810775673,0.03368224916147128,0.22042258860698263,2.122223530108588,1.3041288706471887,1.3767044352317663,2.3196893238245853,673.5542376219706,0.00020450312685216354,0.7230645540975813,0.057648722184717525,-2977.7349178942977
51.09260073042094,6.7317549959317375,7712.194812473534,0.003948671938287134,0.03368066181075924,0.22049542401216926,2.1226410654808543,1.3046158403869361,1.3767625071195078,2.317858147914754,665.3439865621059,0.0002024676313207674,0.7235494494082557,0.057915229746460774,-2978.0970992517823
51.06304934190308,6.720011044251127,7691.81780111312,0.003983584366698263,0.03373995902827748,0.2204116392429354,2.123012293555939,1.304149037080609,1.3770283507338164,2.3160584580794934,664.3093846075731,0.0001990482662099799,0.7237451960666662,0.057665374083089506,-2978.786353765742
51.067853255640706,6.7375835724894415,7701.294979715796,0.003962729892899127,0.033732682893045506,0.22029416391217244,2.1226282768441402,1.3049910869808294,1.3769011371165134,2.3181528984462063,674.1518141560429,0.00020105929031703578,0.7236060071635807,0.05748168006815378,-2978.4746818403164
51.04277084850358,6.7412867170211825,7718.79143181073,0.0039360878357433135,0.03364080297878472,0.2204633077286866,2.1221449429741606,1.3056890863903725,1.3767852760141814,2.3202719359025448,685.0252520709414,0.00020246214755940376,0.7232522730263825,0.05728614812274622,-2978.1584056896413
51.043952669199854,6.739907927472153,7739.5693660724955,0.003897767643144775,0.03361192155465721,0.22029028513451454,2.121964041431148,1.3040601801431952,1.376537758670791,2.3223370952069744,689.1079993306483,0.00020504644467540697,0.7226433436439833,0.057336946073176284,-2977.7766818253554
51.05153440180223,6.707972616565307,7710.889917294926,0.003962964084583111,0.033644957968086885,0.2204525155065119,2.122482794961146,1.306055589159158,1.3768247414428294,2.319567726249198,681.8941816878697,0.00020169746048955575,0.7235032970272735,0.057166216571725686,-2978.3088954115333
51.07158195421907,6.719100901176077,7720.5769012002165,0.003945342626496216,0.0336218904457659,0.22051715217259704,2.1224265142285117,1.3055267330508646,1.376768980129278,2.3201489107520006,682.5328813829153,0.0002022361636490223,0.7233670960718694,0.0573121409577617,-2978.1597217920626
51.047049457368914,6.789528012113038,7750.138447468464,0.0038346054880096414,0.03366533112949184,0.22003044313755737,2.121108088628657,1.30576852180288,1.3761243258672708,2.325876338623656,705.677546024268,0.00020885453343573148,0.7218376889765071,0.05703901888553827,-2970.713324781274
51.04092804710966,6.797716320470329,7760.829249517135,0.0038049465521745834,0.033620590294567876,0.2199069778270181,2.120772606943166,1.3057124160414442,1.3759602610024395,2.3272987686525157,710.9377795042354,0.00021053469937965135,0.7215874536711958,0.057057199903221154,-2969.9103480453364
51.04092804710966,6.797716320470329,7760.829249517135,0.0038049465521745834,0.033620590294567876,0.2199069778270181,2.120772606943166,1.3057124160414442,1.3759602610024395,2.3272987686525157,710.9377795042354,0.00021053469937965135,0.7215874536711958,0.057057199903221154,-2969.9103480453364
51.06549959337586,6.854767842708458,7766.264104373518,0.0037567067069532965,0.033781316937002516,0.2195818624025867,2.1201087477313445,1.3075409323185663,1.3755056700977728,2.329523876997725,721.4614707596137,0.00021443784209798417,0.7207073630456492,0.056868845825554966,-2970.4019667474768
51.075716587822164,6.839253043707547,7774.629329991574,0.0037565920868823303,0.03372991965534111,0.21975045280467756,2.120320377633381,1.3067625424374332,1.3755828415631413,2.32946321850571,718.9713693157553,0.00021452187009308982,0.7209859450182388,0.05694553920435769,-2969.888226670404
51.075716587822164,6.839253043707547,7774.629329991574,0.0037565920868823303,0.03372991965534111,0.21975045280467756,2.120320377633381,1.3067625424374332,1.3755828415631413,2.32946321850571,718.9713693157553,0.00021452187009308982,0.7209859450182388,0.05694553920435769,-2969.888226670404
51.09564618718303,6.824176948306167,7751.530256471886,0.003815581408305798,0.033790795940679914,0.21983155554427206,2.1207978268212293,1.3078178033464578,1.3759288244959205,2.327100731100573,712.5398054468941,0.0002113119508895048,0.7213304992952626,0.056795898547536194,-2971.5283733627866
51.0870018347366,6.847630065186301,7762.314650109012,0.003774934612890179,0.03382085566558136,0.2197129825317383,2.120500278806929,1.3071229685454298,1.3756738541162172,2.3286909924988164,717.4022011989031,0.00021404041964556212,0.7206974776539407,0.056809892058038006,-2970.795512535063
51.1063951544926,6.831353146579733,7764.137613056457,0.0037939148791417787,0.03375873372308233,0.21998930520118568,2.120678184865459,1.3080195586172305,1.375842358362912,2.3280711821923346,713.9948235058953,0.00021283036814675354,0.7211365545151127,0.056886670906739725,-2970.857598044769
51.1063951544926,6.831353146579733,7764.137613056457,0.0037939148791417787,0.03375873372308233,0.21998930520118568,2.120678184865459,1.3080195586172305,1.375842358362912,2.3280711821923346,713.9948235058953,0.00021283036814675354,0.7211365545151127,0.056886670906739725,-2970.857598044769
51.12138129448773,6.82255895747689,7768.908803216564,0.0037935001942878467,0.033732125383358694,0.22013054887149208,2.1206930297446505,1.3086181915177215,1.375881571905587,2.3285954275826364,716.239830485263,0.00021309612798858378,0.7212017715294877,0.05680784952769761,-2970.6458440552865
51.119202306146704,6.806399244417829,7764.271948126509,0.0038104466972615878,0.033677866986659116,0.2202108378516709,2.12093166077007,1.3083320452746179,1.3760148364138964,2.327526033669108,710.682314713292,0.0002113073477188873,0.7216646809768114,0.05698489277840261,-2970.7124083037274
51.10597470944711,6.797946057382958,7767.56315549662,0.0038133753873534305,0.03363133639064805,0.22022611788054133,2.1209857249107804,1.3076683398949167,1.3761246515272512,2.327665798499713,711.5675036058041,0.00021087349162404585,0.721861239058598,0.05692910500789474,-2970.296511557781
51.10398938345188,6.821252285699003,7767.965691892519,0.003799625483104175,0.03364848357636006,0.2201203736976746,2.1208290226878654,1.3070745042331526,1.3760639124578598,2.3279405500067236,712.1733829872237,0.00021104747786355554,0.7214563281692803,0.057012941492530195,-2970.1840669009302
51.12843173871981,6.7932253814510695,7759.782832955418,0.003835918434731529,0.033667274586406615,0.22024901893510784,2.1212769377721816,1.307631345596418,1.376239764832466,2.326352188295248,705.038363039178,0.00020962451596406252,0.7218891647061384,0.05701547734237264,-2970.9786355666174
51.11764092193367,6.811727634488097,7767.373399574948,0.0037930554830965125,0.03356723299747082,0.2201657120081736,2.1208141101030322,1.3082904483524063,1.375928140193131,2.32779900725983,711.9585684110997,0.00020952606999520362,0.7215264118539629,0.057223468451016724,-2970.113092635255
51.12891390751692,6.75980351411696,7752.4309418614885,0.0038649173825940214,0.03344750603721609,0.22061038121881338,2.1213631006047455,1.310204120381362,1.3763448515965993,2.325182213984557,703.3921514807416,0.00020604776170524426,0.7228000628187556,0.05720383132508365,-2970.7034569600914
51.11728254215044,6.748003872034754,7756.936619847707,0.003875236177017697,0.03342703836520803,0.2207003726503004,2.1213596296430426,1.3100499198508144,1.37642141526846,2.32501324827638,702.1961424803239,0.0002067503162925024,0.7228320576351331,0.05715923660772841,-2970.4580314924287
51.11728254215044,6.748003872034754,7756.936619847707,0.003875236177017697,0.03342703836520803,0.2207003726503004,2.1213596296430426,1.3100499198508144,1.37642141526846,2.32501324827638,702.1961424803239,0.0002067503162925024,0.7228320576351331,0.05715923660772841,-2970.4580314924287
51.11728254215044,6.748003872034754,7756.936619847707,0.003875236177017697,0.03342703836520803,0.2207003726503004,2.1213596296430426,1.3100499198508144,1.37642141526846,2.32501324827638,702.1961424803239,0.0002067503162925024,0.7228320576351331,0.05715923660772841,-2970.4580314924287
51.11728254215044,6.748003872034754,7756.936619847707,0.003875236177017697,0.03342703836520803,0.2207003726503004,2.1213596296430426,1.3100499198508144,1.37642141526846,2.32501324827638,702.1961424803239,0.0002067503162925024,0.7228320576351331,0.05715923660772841,-2970.4580314924287
51.11058418296311,6.729242918853309,7752.9919389525985,0.003894841341218382,0.033357712466481365,0.22094211097117814,2.12110373558105,1.312951075248826,1.3765074730715952,2.3254695581718403,706.8701621567354,0.00020725085319331892,0.7233855605128978,0.056881159728797905,-2970.4674203309955
51.1113782473806,6.790164723009166,7775.190936025201,0.0038090828858805066,0.03344293667086896,0.2202947966243792,2.120406665510478,1.310454621722223,1.376038280580917,2.3288312889475753,718.0802593568012,0.00021246444711795328,0.721856732571132,0.056920483066637065,-2969.277713367413
51.1113782473806,6.790164723009166,7775.190936025201,0.0038090828858805066,0.03344293667086896,0.2202947966243792,2.120406665510478,1.310454621722223,1.376038280580917,2.3288312889475753,718.0802593568012,0.00021246444711795328,0.721856732571132,0.056920483066637065,-2969.277713367413
51.101475892247485,6.795331710271437,7757.122152662794,0.0038026711890800664,0.03351359197889168,0.22000878445393313,2.1199962510887724,1.3120865696413215,1.3758239292152863,2.329207390918602,721.0233912819107,0.00021363785561885143,0.7214184753127167,0.05676079405867669,-2969.666322494742
51.086886444377214,6.815988331187654,7776.301689248772,0.003755846150905256,0.03347204929992391,0.21997717483119533,2.119722086636736,1.310183711250522,1.3756602808136869,2.3308087202701033,723.8167343991429,0.0002160890098369124,0.7212169639142141,0.056981685371674286,-2968.639343393221
51.06571474663062,6.785218931073327,7759.831518850255,0.003787038981940576,0.03345239673193152,0.2198446530521003,2.1200668203171373,1.309427532039102,1.3757704535110848,2.3290689179137436,715.9690987942715,0.0002139627208260938,0.7215424357160619,0.057139223201239105,-2968.979392556795
51.06571474663062,6.785218931073327,7759.831518850255,0.003787038981940576,0.03345239673193152,0.2198446530521003,2.1200668203171373,1.309427532039102,1.3757704535110848,2.3290689179137436,715.9690987942715,0.0002139627208260938,0.7215424357160619,0.057139223201239105,-2968.979392556795
51.06559632909482,6.824820955900865,7751.14532224534,0.0037660527513585693,0.03358032197064285,0.21935883578561957,2.119694786673147,1.309355031521174,1.3755020891428225,2.3294794590710364,718.6873985702522,0.00021538932092841245,0.7205692451122474,0.057106614237599516,-2969.314973666083
51.066616285062324,6.791639652366559,7764.012233497412,0.0037756957717265754,0.03350452135380479,0.2196162006095428,2.1199043644486917,1.3088778009202866,1.3756570260433827,2.3295974448387495,716.7804562282182,0.000216021920371796,0.7211581213415231,0.05708254058756862,-2968.7910363176534
51.04859237587412,6.781355929498581,7761.913498878,0.0037791109989269126,0.033461578644112755,0.21966781109643166,2.1201034577789795,1.3087092494142363,1.3758287630223283,2.3292341175886198,715.3989604230186,0.00021472377089985377,0.7216929047915287,0.05707604071119142,-2968.80553061759
51.051969670418586,6.763819788861394,7758.97016148639,0.0037976959158509036,0.0334560576906547,0.21976303674123457,2.1202983085060363,1.3086980794965046,1.3759147036049155,2.3286519061863094,713.0023332432958,0.00021433761548875492,0.7218483063377346,0.05700088698258314,-2968.8796353554953
51.071692260374085,6.727726893604444,7753.25753585022,0.003834936195922973,0.033434952526302776,0.2200341813339302,2.120701903132219,1.309423211348634,1.376151054538525,2.3274307779617027,707.5023854787066,0.00021321829731729282,0.7222767805002086,0.05694677997446248,-2969.189718057031
51.10817795482974,6.712873986180245,7751.288967297123,0.0038669903959731365,0.03343308024120281,0.22034284836521498,2.1207249921253046,1.313018315320269,1.3762747799755906,2.3273134775099176,709.9871602649022,0.00021417723011068573,0.7229576567067908,0.0566296087602491,-2969.715979325565
51.113802210329155,6.685271489127761,7764.601014645943,0.003866686979308426,0.03332970538711405,0.22067924903274036,2.1210351259773095,1.3126928050192301,1.37635041348209,2.327355687922772,708.5615139820517,0.00021392559752116287,0.7237157187026835,0.05675000524568348,-2969.161158785463
51.113802210329155,6.685271489127761,7764.601014645943,0.003866686979308426,0.03332970538711405,0.22067924903274036,2.1210351259773095,1.3126928050192301,1.37635041348209,2.327355687922772,708.5615139820517,0.00021392559752116287,0.7237157187026835,0.05675000524568348,-2969.161158785463
51.12879595113492,6.680843573520235,7752.817111473958,0.0038830460642530155,0.03334056132800669,0.22086586413537326,2.1212721338472935,1.3138783494490263,1.3763407488233443,2.325962530432692,703.2299824927255,0.0002119953123067939,0.7243475006861586,0.0569515426148106,-2969.9597357467774
51.09158583916593,6.68296857467174,7754.570641812352,0.0038736584643268143,0.033379115739610804,0.22075810268341745,2.1213764371433346,1.310355920156665,1.376448395171997,2.3257665081190155,701.4383630436927,0.0002111208634194285,0.7238760806783736,0.05696237320106062,-2969.6130737804365
51.07530242655338,6.722980996330939,7766.333319336813,0.003819350039880635,0.0333326415556015,0.22049114365022043,2.1207335165381838,1.3098633079912574,1.376126191411375,2.32772859957716,709.4846818870725,0.00021235724207440725,0.7232836679616592,0.05712835450611365,-2968.8831360854188
51.09961586945712,6.706034753585865,7759.686535475243,0.0038513007889174945,0.033373186961347466,0.22065604039480727,2.1211366317465172,1.3100821739594097,1.376245299680392,2.3261156512815093,702.3714022749807,0.00021073247194328059,0.723494676038149,0.057209158758244685,-2969.5372836068605
51.09961586945712,6.706034753585865,7759.686535475243,0.0038513007889174945,0.033373186961347466,0.22065604039480727,2.1211366317465172,1.3100821739594097,1.376245299680392,2.3261156512815093,702.3714022749807,0.00021073247194328059,0.723494676038149,0.057209158758244685,-2969.5372836068605
51.09961586945712,6.706034753585865,7759.686535475243,0.0038513007889174945,0.033373186961347466,0.22065604039480727,2.1211366317465172,1.3100821739594097,1.376245299680392,2.3261156512815093,702.3714022749807,0.00021073247194328059,0.723494676038149,0.057209158758244685,-2969.5372836068605
51.101894471636385,6.6953183113006,7752.994211696896,0.0038704156977932926,0.033351287345019846,0.220805992350124,2.121416832619918,1.3098477674113809,1.37638772067938,2.32480055859663,697.1647739394948,0.00020845846750565345,0.7239565017726461,0.0573527359565656,-2969.9093926311166
51.10659193709465,6.739106522198387,7758.024210363259,0.0038253893740536338,0.03346229644446512,0.22037980203270083,2.121085247753023,1.3084299623350677,1.376081817276451,2.3260726453369696,702.5943631402056,0.00021012376407604177,0.7228290318596207,0.057383946895243475,-2969.787058916291
51.08326634050168,6.850668930992093,7769.082460473495,0.003695072439428107,0.03367842738850339,0.21912521312124622,2.119620035191347,1.3063391972685305,1.3752027533995412,2.3307826828711358,723.5838154593541,0.000216029041029126,0.7198678492890144,0.057294725874753386,-2968.975337018953
51.074409851253236,6.821111972549769,7767.970371075548,0.003729315352062725,0.033543036002432455,0.21946781197421658,2.1196168369732713,1.309204726949973,1.375412506306032,2.330375124631792,726.2560453634646,0.00021498889274249784,0.7207877275545945,0.057038692961512455,-2968.945678203836
51.0739886852169,6.798744765687456,7759.804490522529,0.003745569443307388,0.03353587830495175,0.21931696472900336,2.1197444783011274,1.3099491640459355,1.3753783855445108,2.3297977600770334,724.3486830001186,0.00021435730184167062,0.7211040525588807,0.057040193980941956,-2969.248189726266
51.07269232562756,6.767523620327722,7763.207411058182,0.0037696374833590227,0.03343268761356062,0.21976654426011313,2.1201849761421245,1.3087594107150722,1.3757223379538746,2.3289866453672206,719.222881178356,0.00021257085847110443,0.7217247322335878,0.05708897718558979,-2968.933634478002
51.05684419161494,6.841338779351865,7764.4290862459075,0.0036995558179936795,0.033632405062995356,0.21880810677679277,2.1189489674361845,1.3086214431791532,1.3750911184763965,2.3323855185148945,735.8836109607031,0.00021888965213826605,0.7194739917761223,0.05668526178888747,-2968.4876542194397
51.060405100822344,6.831584787838036,7753.98501450844,0.0037229493829769723,0.03361851006598868,0.21884908935779263,2.118990441823058,1.310990622701385,1.3751500625443893,2.3319486779306975,736.5499340888364,0.00021860742486990854,0.7201386266074754,0.05651500766351301,-2968.9162973140874
51.115589689047525,6.798121890994281,7760.760379149449,0.0037467183996673795,0.03350198812100664,0.21921718863200615,2.1195838981519146,1.3115211710388364,1.3753152065889864,2.3306075878119437,727.1185948216236,0.00021639795019627372,0.7211411026020077,0.05686362373044297,-2968.9818347729424
51.12739924488723,6.781678038728227,7782.579068622512,0.0037317221020807005,0.03339495188711109,0.21937701837370702,2.119690993721872,1.3100442767127496,1.3753366565933105,2.33137940851936,725.864433516964,0.00021707755751865527,0.721231856819724,0.05708761771241559,-2968.2318602451132
51.09112388308206,6.797409892227542,7765.996227214369,0.0037429111384017937,0.03345487277842865,0.21907820630736272,2.119489444542548,1.309946522332543,1.3753832801152925,2.3309244468618306,726.6589696199902,0.00021626469948892265,0.7207345542494359,0.05692513659314708,-2968.584842429253
51.06854826699727,6.8418510054390715,7751.618705479519,0.0037081140566416204,0.03358142996467209,0.21857021357701337,2.1188090216773956,1.3110937877390194,1.3750238175974658,2.3322235626793115,736.3720033040111,0.00021780080751329097,0.7197066498901372,0.05672244288750871,-2968.8851538044114
51.06858112925626,6.822529690231402,7788.010300925032,0.00368053217464501,0.033401145954219516,0.21903282968620996,2.1187102401483457,1.3104851147277645,1.375041634525368,2.3342414480689575,741.7120611171193,0.00022070158182530025,0.720423196101543,0.0567572667239968,-2967.6855108083078
51.06858112925626,6.822529690231402,7788.010300925032,0.00368053217464501,0.033401145954219516,0.21903282968620996,2.1187102401483457,1.3104851147277645,1.375041634525368,2.3342414480689575,741.7120611171193,0.00022070158182530025,0.720423196101543,0.0567572667239968,-2967.6855108083078
51.04829600950518,6.831302400880855,7780.237527149877,0.0036826563801102916,0.03341939730085,0.21875381413537595,2.1185501876684207,1.3101520908970063,1.3750056184628954,2.334188437803573,743.0324646982119,0.00022055490827286233,0.720054496852554,0.05668279694492397,-2967.775578739248
51.0476584600448,6.80914213348451,7790.244583934154,0.0036993300435442513,0.0333349080421631,0.21914872356130036,2.1189376417257795,1.3089672247706665,1.375286179978898,2.3335893642455323,738.0530343138164,0.00021939414567334175,0.7206835468454077,0.056815430400491314,-2967.6591949768563
51.0542316759672,6.791382971881138,7768.557843383657,0.003741915078017703,0.03339351217594706,0.21936537213218787,2.1192730560800888,1.3096734430310095,1.3755363383047352,2.33206543951545,733.5537962657027,0.00021765754063533962,0.7209492726539573,0.05661843745693548,-2968.06322698169
51.07683350141025,6.840570274563881,7786.4651312929145,0.0036765204550066994,0.03350391285340809,0.21908139588988038,2.1187818526201365,1.3093439159387716,1.3750178775025255,2.3341289121899864,740.0094836280504,0.00022101966584286897,0.7200340459806848,0.0568009045614384,-2967.731549524624
51.09619476887503,6.835807684526003,7754.073824559986,0.0037367377016477147,0.033631650482822364,0.2189594017863011,2.118926363230859,1.3124690744899912,1.3752425992786512,2.33227934639355,738.3912740842045,0.00021900983683703938,0.7201959532655051,0.0564010477154913,-2969.1964702591736
51.0885062408488,6.803971953497719,7764.01275347549,0.003741321600918732,0.03354799163535792,0.219158546176967,2.1192516778065644,1.3119496323953994,1.375372477818546,2.3323851320232647,737.4808920601342,0.0002188558605527882,0.7209843680502204,0.05642359276123374,-2968.7562627849093
51.04753393331977,6.750797760716573,7787.105944826613,0.0037511510813115936,0.033348546260625576,0.21956054873009814,2.119756530037867,1.307900400472212,1.3757046660633714,2.332023136359603,731.806502325929,0.00021765920956853262,0.7216381301579793,0.056605864416330906,-2967.7451982510906
51.04753393331977,6.750797760716573,7787.105944826613,0.0037511510813115936,0.033348546260625576,0.21956054873009814,2.119756530037867,1.307900400472212,1.3757046660633714,2.332023136359603,731.806502325929,0.00021765920956853262,0.7216381301579793,0.056605864416330906,-2967.7451982510906
51.083024944181346,6.743090924198128,7779.734276766754,0.003795493930223296,0.03335415608924165,0.21996571676063884,2.120128437295432,1.3092831339636168,1.3759941385816754,2.330356108979825,725.2947529996787,0.00021562339715418163,0.72230772055952,0.05662225225081689,-2968.242763442873
51.066062039291,6.764104698730694,7758.875435644999,0.003807634401902237,0.03340516562832463,0.2197047850897622,2.119939785972835,1.3102690709884524,1.3759963063574085,2.329518702580083,726.0611599934182,0.0002139451736389901,0.7221669408035633,0.05654151027470722,-2968.872562289714
51.05837254204001,6.807970136144736,7776.336407515524,0.0037439305919000723,0.033388230272054994,0.21963645552470398,2.1192011588152324,1.310836764454828,1.3755825008684588,2.332153058831996,736.7026310381021,0.00021739926199803992,0.7214249575263304,0.05657990201374244,-2968.1661358536726
51.04762445589979,6.84126438726647,7761.641424262263,0.0037421780302101487,0.03338426381572538,0.21949013263702974,2.118658533601701,1.3126471831436604,1.3754751438076935,2.332101195767711,740.8472510441885,0.00021701181550570807,0.7209189535670952,0.05655920137750013,-2968.4504855196974
51.053988566626735,6.802264757077406,7784.901335179924,0.0037318029824320283,0.0332559517617291,0.2197447315163872,2.118973224579424,1.311126457532009,1.3755239294895705,2.332569144254186,737.248659493497,0.00021755838785382075,0.7213183781741664,0.056781806394551285,-2967.938567228835
51.04704180909366,6.825015716072908,7792.00482982382,0.003700845723630498,0.03324372165807955,0.2196295337769404,2.1187323964816027,1.3100290602979934,1.3753774288102387,2.33342753942311,740.3055575464872,0.00021841316413446634,0.7207568622763276,0.05687974164671938,-2967.786490215483
51.062086102423834,6.82380447650235,7752.060963823442,0.0037610592373952187,0.03333628037423385,0.21969109181781693,2.11890079746467,1.314474599021192,1.3755794110231854,2.330942918450366,736.2944733704282,0.00021480990360795481,0.7216008440926417,0.056681301196620806,-2968.9048237621987
51.04272103931191,6.829677390015043,7767.174012301552,0.003732718447117614,0.03328898378541693,0.21966187415187308,2.1186337212236808,1.3140127368927341,1.3754712216599603,2.3323256697126267,742.3656011535088,0.00021622660080772624,0.7214887735946287,0.05665061677993094,-2968.4567246234164
51.04272103931191,6.829677390015043,7767.174012301552,0.003732718447117614,0.03328898378541693,0.21966187415187308,2.1186337212236808,1.3140127368927341,1.3754712216599603,2.3323256697126267,742.3656011535088,0.00021622660080772624,0.7214887735946287,0.05665061677993094,-2968.4567246234164
51.05689637861879,6.842983954857459,7785.863968878597,0.00370594345819091,0.03324948814932471,0.21970528767565312,2.1186161252790248,1.312466434475124,1.3752953672652861,2.3328899368397336,739.3260463524946,0.00021795287001548955,0.7213214642825003,0.05702216089808642,-2967.9762654286696
51.07361700550633,6.8405736417755385,7767.045535822395,0.0037407412385345464,0.033265547343669516,0.21974739412441713,2.1186090241439164,1.3148022529203929,1.3753253472132938,2.331531778331782,735.6275527302341,0.00021663558888142012,0.7215323491447029,0.057072468042369394,-2968.4853648603844
51.094708433446904,6.849654359798201,7754.149034271291,0.003753424118306147,0.03333879150963207,0.21950566243820283,2.1188666340666487,1.3136536743026308,1.375272325060295,2.330130658170099,726.8803099930597,0.0002158971814228866,0.7211814817301252,0.0573167266642477,-2968.7800663636704
51.06840659093817,6.847321516965451,7781.133028733919,0.0037063232682436795,0.03318461911703289,0.21952711157116825,2.118551401474609,1.3120694919780738,1.3751503773612859,2.3322512124636763,731.8198435574371,0.0002179658774126178,0.721336314118326,0.05751499974213841,-2967.9533193635116
51.10982784139439,6.816104564425125,7773.371045571665,0.003754502193581794,0.03316290129204387,0.2197839320304508,2.1192983453784295,1.312059803416814,1.3753250350994746,2.3295147939163927,716.1239032410742,0.00021588609239610692,0.7220259065198563,0.057912734664646685,-2968.2113109686343
51.18407865188709,6.874444536127886,7762.920362289378,0.0037385352839289935,0.03333246394676967,0.2195389175478224,2.1184760070465756,1.3182785132292931,1.3748699615491478,2.3308663967683447,726.5254042065341,0.00021925734711948018,0.7213383835024854,0.05762599728716881,-2968.956890975999
51.151704095272585,6.845822334156729,7788.49600806503,0.003724752331812962,0.033103061304244306,0.2199842579858628,2.1185262412720407,1.3181733291390043,1.3750889525462413,2.33201895603725,731.0893170213915,0.00021896411297641236,0.7227016113899771,0.057681233928563405,-2968.167013206773
51.1645938482391,6.80397336052345,7779.3632784216625,0.0037734772373597494,0.03305720345797864,0.22038050869529383,2.119007608616708,1.318936242644861,1.3753620071833312,2.3301544504070284,721.8842977849699,0.00021688967058460415,0.7235144493652838,0.057741277158946794,-2968.4901787390936
51.1645938482391,6.80397336052345,7779.3632784216625,0.0037734772373597494,0.03305720345797864,0.22038050869529383,2.119007608616708,1.318936242644861,1.3753620071833312,2.3301544504070284,721.8842977849699,0.00021688967058460415,0.7235144493652838,0.057741277158946794,-2968.4901787390936
51.16433663403946,6.83877572111783,7775.559266877975,0.0037482938288921227,0.03316796372273004,0.21998203798104898,2.1186312016084843,1.318843729301927,1.3751031971198768,2.330899315456218,724.3712925609975,0.0002189203801192864,0.722694815742203,0.057750627128931004,-2968.496941678435
51.128223354745316,6.861738818443989,7779.325671791979,0.0037000574786148423,0.03312176258872311,0.21959732630457957,2.1180013574248715,1.3187355238119305,1.3747966369973965,2.332652123433933,733.9866924529138,0.00021920580307942546,0.7222512380936287,0.05780344109871983,-2968.282479100611
51.111413861253894,6.848933983718766,7779.883222068986,0.0037047128958718947,0.03306302570220837,0.2195867250226478,2.1181193579817337,1.3181184303282922,1.374870765671889,2.3323246262133632,731.8223475723032,0.00021846819674583643,0.7226584697033931,0.05790075787016193,-2968.2487576796843
51.16833303817698,6.835666238525619,7752.467192886931,0.003757332276891862,0.0332137816472197,0.21950125701689285,2.1185259814653916,1.320862922260125,1.3749812325134032,2.3302829999450525,724.5558050502189,0.0002170995137932277,0.7225397350220855,0.057726174817129265,-2969.3426557195376
51.174183011505235,6.810654319707346,7758.440623935375,0.00378555087379737,0.033125989680954725,0.21991832702479622,2.11887300880158,1.3200130457359043,1.37523996557049,2.3290789599074087,716.8494940618411,0.00021571775619237053,0.7230467882771724,0.057945744927651636,-2969.181577063891
51.174183011505235,6.810654319707346,7758.440623935375,0.00378555087379737,0.033125989680954725,0.21991832702479622,2.11887300880158,1.3200130457359043,1.37523996557049,2.3290789599074087,716.8494940618411,0.00021571775619237053,0.7230467882771724,0.057945744927651636,-2969.181577063891
51.16784259500605,6.783152343974674,7766.831805391355,0.0037981359019602793,0.033113688709540956,0.220071691766648,2.119132511325602,1.3184847739550187,1.3754171171631282,2.3291192001794547,715.9077661586404,0.00021602996778957262,0.7229358360154953,0.057804633616283546,-2968.8584611581755
51.15139027789843,6.80065911226076,7778.7642761540355,0.003758817763071308,0.033155645235739946,0.21978701562902497,2.1189743070440588,1.3164346443526866,1.3752434150541433,2.330482097323214,720.7027651230604,0.00021807690592278914,0.722374757285603,0.05777723527350258,-2968.349451149777
51.143685055624864,6.825680839482512,7760.225892706827,0.0037612573737083083,0.03328207833067729,0.219564449322244,2.1187367379083053,1.3181753301448023,1.3751527657846059,2.3303321873414564,724.8691878401264,0.00021757101104160384,0.7220756591552094,0.05754811353713921,-2969.0918659905055
51.08666975902281,6.783153081443608,7769.297537928251,0.0037715819200076534,0.033213231951829555,0.2197875835487252,2.1190840900122634,1.316332246486978,1.375454117029248,2.330377684174625,722.6690214396255,0.00021849114189753302,0.7226970553457892,0.05732012413981059,-2968.4000995561046
51.06583358069346,6.787729406096176,7765.93775001263,0.0037614833921725227,0.03320960428404752,0.2196700584279649,2.1187457974944346,1.31697324361832,1.3753139521539692,2.3310585911777513,726.91558932031,0.00021924742451043353,0.7224724632305842,0.057241626329818725,-2968.330038217985
51.05850015934698,6.7634735300503515,7755.105135403715,0.003799680452384672,0.033178087336820795,0.2199376245649284,2.1192155396227506,1.3171366718655304,1.3755403990405095,2.3292193991378776,719.8101998117138,0.00021654869193415066,0.7231262476855225,0.057293692527978245,-2968.7363660865603
51.07947682911154,6.724964319851246,7767.024440647587,0.0038168840028101657,0.033061487590010076,0.22035796643335206,2.1193344044936504,1.3186199771657972,1.3756120369029956,2.3294319673299406,720.6866033970474,0.000216541861444209,0.7234803138097538,0.05719447141737624,-2968.540214067897
51.06737960162644,6.750818879113211,7777.232108773891,0.0037801854414225883,0.033010252335801175,0.22021530660618516,2.1189997302825176,1.3169834617458802,1.3754962500750727,2.3306509269915257,724.7436966502072,0.0002172007621645016,0.7230378636556036,0.05734218702038386,-2968.2211963600307
51.072956846064116,6.7247533747624075,7776.258569736281,0.0038033733799580126,0.033001152959897764,0.22053961727592838,2.1193919679568243,1.3163915197488076,1.3757607479201048,2.329741255046387,720.3636264626119,0.00021530223352742757,0.7235335664735687,0.05733877870013975,-2968.3652627848064
51.062316716060515,6.721389971648282,7767.595846331376,0.003818343362192665,0.03293706308537634,0.2207096644135222,2.1191522127308633,1.319104195347754,1.375695408406433,2.329238106676186,720.8304926662388,0.00021502783359241443,0.7238597794265923,0.05730406137307826,-2968.579973200276
51.077602085986776,6.716534233299896,7766.5274791418215,0.0038268217924628902,0.03295820526637998,0.22062688068584996,2.119242845711393,1.3194601984111523,1.3756612524665166,2.328880531600051,718.5353825937202,0.00021587898361583442,0.7240396665565633,0.05732094471680354,-2968.5231927611007
51.08762070273359,6.71190155732106,7769.992051494088,0.003830114486763859,0.032948787561583884,0.22087498019790516,2.1194680297043753,1.3180930311415109,1.375786813143092,2.3283090872543184,714.3754884670278,0.00021472870629166116,0.7238494210348553,0.05745492275872845,-2968.5232984685804
51.08762070273359,6.71190155732106,7769.992051494088,0.003830114486763859,0.032948787561583884,0.22087498019790516,2.1194680297043753,1.3180930311415109,1.375786813143092,2.3283090872543184,714.3754884670278,0.00021472870629166116,0.7238494210348553,0.05745492275872845,-2968.5232984685804
51.102394310065534,6.7500314208068595,7777.314246297268,0.0037963621505905857,0.033008954347683535,0.22079002891991123,2.11889294585308,1.318873175058375,1.3755694409340231,2.3300951908765093,723.8913851012898,0.00021618602739840044,0.7229647334869491,0.05734853818900736,-2968.4541557992407
51.1069807255536,6.785006467170497,7773.923757806115,0.0037791480930647846,0.03309651181525723,0.22059912443413426,2.118641338437315,1.3188340991528922,1.3754549829782827,2.3305305913982757,727.1057748213074,0.000217014224767188,0.7225043014020838,0.05731765363409832,-2968.472763056595
51.11746001061322,6.7799715152821705,7761.3980656664735,0.003786958956987429,0.03318365428555908,0.22049829578016933,2.1187791381225067,1.3185456203111159,1.3753459098743446,2.329352059223087,720.8726573447532,0.00021562045851699057,0.7218699817938212,0.05746881221142414,-2968.9102936657437
51.15513481236575,6.705854158365433,7757.2252841353875,0.003860871097246171,0.033144776362087285,0.22112161843081024,2.119838468624047,1.3181240480605285,1.3758110455238444,2.32620599962517,705.1210577436933,0.00021187914955419704,0.7228217884407084,0.05756125488871806,-2969.458820186114
51.16219427736675,6.664896514980413,7756.648916610758,0.0039042339168887195,0.03309139045971324,0.22151401529680775,2.120252316921973,1.318665000940816,1.376106610561119,2.325043704412601,699.6349524046556,0.0002111828610767985,0.7234839709290296,0.05743781042024371,-2969.524131892713
51.145432764781816,6.702394003083434,7760.993819351403,0.003854737786006271,0.033081911695833834,0.22131985059350914,2.119524465538825,1.3205365637685968,1.3757449850460097,2.327422540291537,712.5886550367088,0.00021302361698184299,0.7230588919870087,0.057330742271361076,-2969.2798328429512
51.109516439770616,6.72480301806166,7778.780197564105,0.003797266337704711,0.0330658052992953,0.22112283164837923,2.119080275130788,1.3195404036530864,1.3755198712813104,2.330122949779734,723.7204054031583,0.00021668264321528547,0.7226905641498652,0.057199508115794925,-2968.4421355895734
51.0966861780791,6.7496248097658125,7752.04005290975,0.0038237013763594476,0.03316124562274169,0.22095753487946704,2.118953183219185,1.3212931928347813,1.3755964818121291,2.328625938684234,721.922726208149,0.00021464400835764024,0.7227857157946652,0.057087447921150475,-2969.327210054152
51.075769177576646,6.632335433522773,7756.961628013784,0.0038997930248229544,0.03280594654972299,0.22222896988579777,2.120009966549813,1.322857747582589,1.3762249881501156,2.326239652175418,709.6527226442574,0.00021045002045316514,0.7257686100270412,0.05724948598190991,-2969.21884297231
51.082653278733304,6.623871409014175,7754.157533975465,0.003895231647701228,0.03283375141767742,0.22228561196289043,2.1200059285331267,1.3242858467261602,1.376155110312204,2.3266299692547374,712.4392173113432,0.00021083612360160223,0.72604941758447,0.05715142029704839,-2969.331216646768
51.093836528425726,6.590501857231484,7760.348182886179,0.003917886008293643,0.03264505749481018,0.22283620433618898,2.120263506148275,1.3255457697424773,1.3763891222549232,2.3258885256066635,708.7552323472274,0.0002086299265046272,0.7270350394542322,0.05733466252628323,-2969.4539780776354
51.083380523924276,6.586066279574272,7762.585001943808,0.003920647425165323,0.03259123912595757,0.22292711291475592,2.1202375308621493,1.3258109285086057,1.3764101830342592,2.325753989561105,708.2692348741066,0.000208193093238615,0.7274736464722462,0.057408863027127104,-2969.4820936080864
51.083380523924276,6.586066279574272,7762.585001943808,0.003920647425165323,0.03259123912595757,0.22292711291475592,2.1202375308621493,1.3258109285086057,1.3764101830342592,2.325753989561105,708.2692348741066,0.000208193093238615,0.7274736464722462,0.057408863027127104,-2969.4820936080864
51.12900355511921,6.570707123718403,7754.304949852891,0.0039620960850899915,0.032572087343738725,0.2234940302660892,2.1206921912036076,1.3287569019061918,1.3766781967024766,2.324172973180375,704.1309069457267,0.00020500336996542856,0.7286435342588508,0.057430719445009715,-2970.163360089026
51.09441358994261,6.554984981568751,7762.714130141758,0.003948620400821846,0.032505327941034924,0.22333617551731505,2.1205868114851607,1.3274900991437724,1.3766305021925793,2.325135126716706,708.0137002570591,0.00020613797113785783,0.7285198785538968,0.057307669342221146,-2969.7974676750946
51.09441358994261,6.554984981568751,7762.714130141758,0.003948620400821846,0.032505327941034924,0.22333617551731505,2.1205868114851607,1.3274900991437724,1.3766305021925793,2.325135126716706,708.0137002570591,0.00020613797113785783,0.7285198785538968,0.057307669342221146,-2969.7974676750946
51.0949772170034,6.6163281455538545,7770.037250614176,0.003884248098591229,0.03260019883181839,0.22283144004860728,2.1197087509882344,1.32804412132325,1.376141870623952,2.3280879557178515,721.5271943700803,0.00021008388720738795,0.7272022241298326,0.05714929151017002,-2969.393550971216
51.07219812288066,6.629648785671225,7765.926657407085,0.00386577366645414,0.0326075751774464,0.22266289311828452,2.1191912506244392,1.3283238488485378,1.3760455211030371,2.3293047167297436,728.8444398815788,0.00021084306148382842,0.7268751891504837,0.057052325132364835,-2969.3667695292734
51.15759939053186,6.65577479669782,7760.5478799961065,0.0038653380978142583,0.03268675362632889,0.22275509754334813,2.119086051258483,1.3317009174562728,1.3758690143654464,2.329069264760716,728.1905011342332,0.00021078346194228383,0.7269583149731306,0.05725042339695033,-2969.7578306101045
51.15299404396309,6.6491824389351954,7760.98580220011,0.0038677261273037298,0.032684596904818335,0.22277072013354035,2.119250936477874,1.3314162067169462,1.3759446652615006,2.329066704184455,729.0000608737357,0.00021049701443943844,0.7269729702147244,0.05720141128848639,-2969.756483633912
51.16586046777434,6.613485686309204,7754.272837399189,0.003924076187061795,0.03258634404705683,0.223390552148796,2.1198607617397864,1.3321924872812678,1.3763488629223946,2.3267792266561367,719.338755658339,0.00020715201840636332,0.7282731886635342,0.057323921977836007,-2970.1857111049317
51.18227849938765,6.653422549553024,7770.745082901138,0.003884117645981571,0.03268288010269503,0.22318536692035437,2.1193350402046187,1.3324791036388206,1.3761839204552762,2.3296919383442924,734.0630242155282,0.00021043794618839917,0.7273339996219127,0.056922658644314415,-2969.8149006994668
51.117506532879645,6.637428014177484,7781.301553951172,0.0038533651424886347,0.032554372514252014,0.22329648449921002,2.1192169434776087,1.3297385500170065,1.3761187946214934,2.330217479635312,733.787458389849,0.0002098811789133879,0.7271724951461679,0.05722359428367197,-2969.4738079799467
51.11359702688423,6.706926194569949,7793.915094008697,0.0037772953511981395,0.03270235526192164,0.22261706147835364,2.1181854183258126,1.3302168585334975,1.3755706433926922,2.3338043925433087,751.9454160201755,0.00021538791911862476,0.7257062493223538,0.056857058131398,-2968.887616347248
51.05878030088017,6.7042607204169045,7816.998658225491,0.0037305046389344656,0.03258309997634753,0.22254620422668814,2.1177274954010823,1.3290192609777125,1.3753524873338856,2.3358489103443816,760.1622410603234,0.0002178446136488041,0.7256937211984904,0.05687110228634403,-2968.733809841045
51.10325188259935,6.658968104494921,7779.592070589552,0.0038239205070515945,0.03267613210309846,0.22277609071718968,2.118333633196645,1.3339999240099596,1.3755985487942461,2.3324302889411053,749.1488594580863,0.00021406803837382263,0.7266400581018838,0.05666612818673585,-2969.3677640442615
51.07698332387886,6.661129130848327,7805.5640927996865,0.003790997010086396,0.032632510577931755,0.22290346807498557,2.118247002543822,1.3318340758091738,1.3756129011881448,2.333889676962669,755.2348628600329,0.00021547352131309216,0.726486971008374,0.056586714314969026,-2968.921160865218
51.10011249716153,6.664621147412568,7780.62056628631,0.0038373396057524815,0.032768848680121435,0.222736231675504,2.118599650904509,1.3324025859268622,1.3757942766961602,2.3316659615715265,746.6255344324547,0.0002130632826229786,0.7263590820403023,0.056543212882247146,-2969.512131753638
51.117877080563126,6.650685483635794,7767.024056556418,0.0038722320214307597,0.03284149362661352,0.2225524471489159,2.1191959309292994,1.3302468722546628,1.3759141415401226,2.329325254292468,732.2135928844617,0.00021231283908173092,0.7261826291682464,0.056725844726363016,-2969.7000442081453
51.106139404354295,6.697171866143712,7780.266789331042,0.0038142200809839224,0.032925473454894216,0.22202636293035394,2.1188030387288235,1.3275241381897622,1.3755849544752485,2.330828900018274,736.9331596005551,0.00021481421965964417,0.7248538726162053,0.056863980191399224,-2969.139180431572
51.091006936795544,6.707811137208449,7797.9120002980235,0.003781477992358174,0.03283949091771602,0.22210156277629975,2.118521332512363,1.326975164467151,1.3754688555141907,2.3322899387048777,741.6667222359753,0.00021690205872362947,0.7249859122329445,0.05698838903952137,-2968.5532819505606
51.099443422427825,6.719435277613435,7798.222353365989,0.0037702624183367905,0.03294795880280183,0.22184748030379853,2.118371855477295,1.328087082567327,1.3753514321422724,2.3332462653764505,747.3431266668381,0.00021901710123897435,0.724731487995228,0.056690886921404046,-2968.542011494301
51.0842386065353,6.72607705668678,7802.868945331515,0.0037521353142298997,0.0329602498459331,0.22166646553517177,2.1182414924846023,1.3266952414388513,1.375225201085799,2.333810730055405,748.7910021758879,0.00021987851920738128,0.7242203796516525,0.05674570271301811,-2968.2875645707386
51.0842386065353,6.72607705668678,7802.868945331515,0.0037521353142298997,0.0329602498459331,0.22166646553517177,2.1182414924846023,1.3266952414388513,1.375225201085799,2.333810730055405,748.7910021758879,0.00021987851920738128,0.7242203796516525,0.05674570271301811,-2968.2875645707386
51.06291548902196,6.841083161344418,7752.938188183825,0.003718458055947596,0.03332483167190798,0.22055200290836954,2.1169003567746785,1.3301665988015055,1.3745843620602398,2.334884697191705,765.216822152768,0.00022169549012360956,0.7216917513880535,0.05615174661167416,-2969.6883491959547
51.06436550878162,6.82866230480413,7769.294690594837,0.0037037876179378346,0.03328384743329502,0.22069326323410837,2.1168586465998436,1.3292422705074203,1.3745172514700263,2.3357119646201445,766.4382298108656,0.000223413990072953,0.721533767961184,0.05619445897771614,-2968.981705691709
51.09710449515342,6.858221658235461,7782.421563168093,0.0036585258473748033,0.03324973413826473,0.22039799770358162,2.1161729478212714,1.3316479870257418,1.3740905772804761,2.3380567204232543,779.2520747739422,0.0002260987079593926,0.7209112136185991,0.056057830194055726,-2968.630968149437
51.05458903039446,6.805683392640802,7816.311714799262,0.003644106257640767,0.033021696814923535,0.22068689428662322,2.11693158584046,1.325488406568867,1.3743851207574693,2.3381809141671224,772.2438981081472,0.0002249753344302956,0.7212364484109742,0.05644236012289878,-2967.859311339502
51.06848636760079,6.838643752484483,7803.279501820376,0.003635092572423092,0.033118045327888375,0.22035223592051806,2.116595694886864,1.3261265731740859,1.3741733684535702,2.3383293782291927,774.5111864664578,0.00022570723644934528,0.7202402670385931,0.0564211824293359,-2967.9189635495836
51.08615367653593,6.85960459325576,7773.321209041451,0.003667617961890043,0.03317180363419159,0.22009772073830666,2.115709073678306,1.332727232534652,1.3741201418252387,2.338728581289195,787.3924482983954,0.00022658687075354897,0.7200602170682834,0.05580065235235417,-2968.565556941858
51.108207083721446,6.841893498027115,7761.160756615987,0.0037214127313594763,0.033191845263087,0.22066363451025722,2.115997710917906,1.3345178015943633,1.3745175658140212,2.3372761624597365,785.1112663138365,0.00022345672719412008,0.7207887254627299,0.05557384988227805,-2969.2551644652067
51.09741194299577,6.777674648716289,7781.743532011897,0.003710937500639397,0.03308140135249735,0.22085810420460947,2.116741564967258,1.3301183090549002,1.37448195841796,2.3367439916966886,772.1707535505566,0.00022358999437837177,0.7213831588277514,0.05609257962927163,-2968.4478966321753
51.047760926666584,6.787219134341189,7841.14843956365,0.0036179995085614514,0.0328006799859986,0.221268485698996,2.1163309230418736,1.3263153376947536,1.3743402669123639,2.340369499818507,783.44697570518,0.00022751326154876487,0.7219253391390154,0.05643224591163143,-2968.04137825834
51.06572601498482,6.81236918988078,7809.386264044628,0.0036505592568101533,0.03295117379221904,0.22119583166152534,2.1162708005640405,1.3279301988755903,1.3744422646222945,2.3389673911560376,781.4143405855808,0.00022508342874631544,0.7214842842572236,0.05625220707772857,-2968.024709341153
51.06045856255634,6.794745911638177,7820.910374195497,0.00365031816808467,0.032876630886166075,0.22141416236224476,2.116490384750313,1.3266948818972573,1.3746463896919383,2.3393447689704057,781.6295525619001,0.00022521925225273164,0.7220544229013781,0.056224122303426896,-2967.9941582488786
51.079313814368064,6.82791464323261,7816.422860070643,0.0036260217339030053,0.03299150775914284,0.22132281540824342,2.1161113878521665,1.3297227335880197,1.3743774434570502,2.3403670706981394,790.5007939190484,0.00022690752776140753,0.7220911016633685,0.056006531052898066,-2967.725438898108
51.08438359704054,6.798820650483314,7838.371935608477,0.0036125638993142473,0.03286939615628538,0.22127626518232069,2.1164253864799676,1.326451411159884,1.374208451423067,2.3403844040195834,782.869898550796,0.0002277791251505213,0.7218915103715545,0.05648712527662538,-2967.680475326704
51.09043771583666,6.845867305777205,7797.492323218519,0.003627003526283506,0.033137204782436244,0.2206020292010871,2.1160781443253858,1.3287035153885816,1.3740571876340981,2.3392932119133487,783.6823663446734,0.00022576209734065603,0.7207284740409721,0.056271670176846485,-2968.035604398192
51.078705199092205,6.821820140379938,7795.169882238539,0.0036415737421947765,0.03311294427922651,0.22056455885092466,2.1163191170171194,1.3280739612360248,1.374125708689061,2.338789686065036,780.1803121104076,0.00022502301634046482,0.720757104389613,0.05626864573991093,-2968.0902669384686
51.078705199092205,6.821820140379938,7795.169882238539,0.0036415737421947765,0.03311294427922651,0.22056455885092466,2.1163191170171194,1.3280739612360248,1.374125708689061,2.338789686065036,780.1803121104076,0.00022502301634046482,0.720757104389613,0.05626864573991093,-2968.0902669384686
51.04083140764362,6.7982116626297575,7798.457388286433,0.0036592739663575025,0.03295297680546142,0.22077631880569842,2.1162953463249785,1.3275482204424633,1.3743784780213901,2.338423037097245,780.2835314246341,0.00022319997604926866,0.7210734237891835,0.05628169979195089,-2968.4275501882707
51.050739418687414,6.849720380198331,7799.533915230737,0.0036187499965840884,0.033085692016557214,0.22043744517258154,2.1156646866823703,1.327592662807897,1.3741207285806087,2.3401889513614176,792.7000951056913,0.00022484790899215945,0.7198120910357749,0.05603010410134896,-2968.3096982626157
51.058750099208005,6.792128959080149,7806.083464635802,0.0036579435465568483,0.032957264895478997,0.22093626333573604,2.1163919777928415,1.3264215150182905,1.3744668515452627,2.338883893371758,782.2881531678852,0.00022383657650888232,0.7209191728242255,0.056197373361431616,-2968.2871919709582
51.07979269192704,6.821892496672511,7824.528953307685,0.0036251229497362724,0.032966831714938416,0.2212169193460256,2.1162249301000746,1.3251377915989653,1.3744535489007998,2.340089690507906,787.9456154058009,0.00022409587141515474,0.7205424098719696,0.056190503278971383,-2968.25021356168
51.069630906669815,6.842165710933024,7806.518619635108,0.0036294446590522137,0.033026359187247535,0.2211479085381124,2.1158478957800533,1.3282506232962545,1.374459921446046,2.340309001843088,794.8626482996158,0.00022408681917769835,0.7206983834387364,0.055884624009024234,-2968.2837828816264
51.070535891933694,6.839906201074999,7815.4399554929,0.00362752736867449,0.033020045290801686,0.22135193506750647,2.115891477757959,1.327753733862506,1.3745346426783551,2.340673454729031,796.4529354547212,0.00022488910846256855,0.7208012260590544,0.05579298506666887,-2968.1131704537706
51.14115549405991,6.832327761412806,7805.319742709504,0.003681234807385048,0.033024387855996505,0.22179224734804018,2.116234411429177,1.330894668244479,1.3749043272642922,2.339259066194094,791.9676993829515,0.00022273495352589264,0.7217664520150759,0.05578657832993135,-2968.3946087476593
51.11284509370939,6.7738896169200835,7811.667939870419,0.003694241040298926,0.03279895505545598,0.2220548018537298,2.116739914917291,1.329923051982054,1.3750621533299288,2.3380906715208196,781.2416839602525,0.00021875148051790424,0.7231043262085997,0.05627772170617452,-2968.87472692488
51.08540362584871,6.823889821840165,7806.421837749013,0.003652374946053036,0.03282779472253085,0.22159028541737072,2.116080462086881,1.3297297892648419,1.3747704903147877,2.339327139586647,789.6976199235675,0.0002192756079833211,0.7221300972622331,0.05625322612403072,-2969.0936451676
51.0843893789694,6.757539192913985,7818.608008813009,0.003678372425382427,0.03261030367080398,0.2220331272570087,2.116903967958906,1.3268075230167584,1.3750848936919942,2.337618479177113,773.0927991392707,0.0002167740590264385,0.7232430227020962,0.056843198925876706,-2969.7216214671134
51.07529844295609,6.670941021389986,7773.724125639985,0.0038072387893651046,0.032537862477587144,0.2224936566228084,2.118003340685073,1.3300417879866124,1.3757756523662679,2.3329004876323816,756.1344674984011,0.00020973911345279075,0.7255136965182939,0.05668724747034797,-2970.1680209275323
51.09547309510129,6.611979683438996,7804.333353463333,0.0038026649253597123,0.032346058629944656,0.22283217713134384,2.1183981365248985,1.3286826016806152,1.375832990742186,2.3337107183195887,752.3424148928573,0.0002114839313594265,0.7264175598075995,0.05695628145106761,-2970.386591531675
51.06090959199547,6.715118195210252,7804.998308204018,0.003692555986085514,0.03244293708215469,0.22194501804626166,2.1170102857867654,1.328112901317621,1.374986436413373,2.336658260271414,764.1413964501351,0.00021578689455014022,0.7247069341787633,0.05737237889554092,-2970.1204357423667
51.15896640544009,6.71406150479574,7758.052906580246,0.003799655144902354,0.03270864967661276,0.22227082187188577,2.117964609174877,1.331495290190544,1.375583113019262,2.332568654966509,750.5819570003206,0.0002097620947431554,0.7251977864578998,0.05700449846466758,-2969.9877590800297
51.17397043458675,6.792753877171325,7764.114513823918,0.003724607986342897,0.03296697795678988,0.22146577961303568,2.1173623629957294,1.3296885627886057,1.3749879339289168,2.3345661009484453,760.401647906967,0.00021255302119768695,0.7231132854848812,0.05700983854787495,-2969.768768113901
51.135805647453346,6.7938463745885755,7760.82058953563,0.003729970874241541,0.03298102964587484,0.22120678523723433,2.117326293386169,1.32869480493002,1.3749894024782834,2.334241053239368,761.1390382698572,0.00021277063567250211,0.7229590341770132,0.056893798673007444,-2969.7054381779662
51.19416933132415,6.751929652410922,7765.0491601680305,0.0037578219620005206,0.0328947804595352,0.22154033186712158,2.1181111189842206,1.3285847420338528,1.375133745235107,2.332493690092895,748.3622736934838,0.00021044417751269644,0.7238622120754868,0.057372605004596046,-2969.8970183634824
51.161705080324595,6.757475879855768,7800.5042645707435,0.0036817946963939923,0.03283226361131923,0.22100975957822339,2.117976404335243,1.3228895517439534,1.3746928328749668,2.334657859688037,748.1150960017002,0.00021434365461538344,0.7227886111365702,0.05782650926634651,-2969.00353708882
51.18029872721364,6.7229963335031115,7782.682756892072,0.0037346104816037002,0.03287353371372137,0.2214238850806173,2.118466091364337,1.3254202393341192,1.374933586126669,2.3328417343307333,741.3484105070909,0.00021274361173001906,0.7235144389792337,0.05762221873609645,-2969.2194128809156
51.19437816459626,6.70215102098312,7766.272134475987,0.0037995032305010892,0.032889936430482575,0.22203660401151956,2.119227512072632,1.3262274434616979,1.3754766053503884,2.32963324464669,728.2757380898558,0.00020855009293064972,0.7246808356991542,0.057619599789964185,-2969.901008708062
51.16500592684947,6.690066224217933,7790.89651968478,0.0037592420124409704,0.03279439377061643,0.2220038819142304,2.118930919855329,1.324306505628372,1.3753286192759409,2.3317835466653007,734.2344583939221,0.00021121905531457,0.7243386883923727,0.05764632023290783,-2969.1890890145396
51.17232358114837,6.758736698858208,7777.760770419374,0.0037297928330723203,0.032995856164008956,0.22139973929407272,2.118402278591931,1.3244605781122152,1.3750201870447967,2.3323233831622483,739.3507897261337,0.00021204634058515686,0.7228717251693961,0.05754044999106169,-2969.372537245857
51.155652388485564,6.7599882065488615,7792.097546638257,0.003699904386467404,0.03293448324208562,0.2213489848886419,2.1181395064196358,1.3235724885407072,1.374913719818156,2.333741206437998,744.7507504657331,0.00021335584016188335,0.7225175871462292,0.057548687849329726,-2969.0694506394793
51.08268309839999,6.762431252398699,7786.427735961782,0.003693248545299071,0.03298310526895088,0.22103594202431492,2.1182562996553727,1.3201235642349243,1.3750034617203826,2.3330992736094105,744.417083311921,0.0002116457784408036,0.721806445508395,0.05751016984031217,-2969.1991075039577
51.05266987785152,6.746450838615161,7770.736523463531,0.0037072098226031804,0.032848789877216324,0.22096281518744443,2.117911753007405,1.3229972019376706,1.3750660778133308,2.3330978313404556,749.3361306237839,0.00020973218766614664,0.722314678860566,0.05737432165055582,-2969.8689270668838
51.10055967626923,6.642291682521922,7780.959983461906,0.003779836105529495,0.03262063868355948,0.2218262216389535,2.119257368048645,1.3228053876956438,1.3756229765110453,2.3307270356308374,730.4500155546107,0.00020784421948564252,0.7245191167979607,0.05764002599510622,-2970.007655737989
51.05745565765312,6.67249249962104,7780.518873826373,0.00375612626003867,0.03256237373968475,0.22185592972626403,2.1184973065380452,1.3246008462370655,1.375438154925528,2.3326160831606657,743.8419902433134,0.00020939426056155742,0.7242143882145526,0.057420946086368614,-2970.2917781837095
51.10930795084856,6.682754138306024,7757.527065836527,0.0037964731134545737,0.03266727243402085,0.22182188904017366,2.118770452929048,1.3254641474597526,1.3754537256687924,2.330199018051516,733.1730001621738,0.00020746701685490544,0.7236853418049669,0.05760856273165099,-2970.2141305673917
51.09715887330485,6.6755598890278485,7751.4028520030715,0.003793041305264614,0.03273596058427455,0.2215711903081573,2.1186371586339092,1.3262306664088932,1.375193099623309,2.330380973813361,735.3943301098776,0.00020850759647613585,0.7228903512220455,0.057395643645112356,-2970.171387626706
51.074110877277704,6.7578203643052355,7766.086516191648,0.0036903571045146274,0.03282453309460478,0.22074778683879726,2.117246966942595,1.325929873576689,1.3745063546047742,2.334743589551989,758.5231834191292,0.00021323362420786317,0.7206142135134467,0.05717681162955089,-2970.0592755721586
51.06984808458315,6.75130793456313,7797.992756695933,0.003629687832348649,0.03281044409293124,0.22089035717186067,2.1171473200494404,1.3238552959357557,1.3742411649690713,2.337269012796874,768.1123374078787,0.0002172251845867965,0.7199938565019026,0.05716005584841716,-2969.8065314198643
51.06547813381262,6.797336094474527,7812.167859385478,0.003579631031463045,0.032841189985702374,0.22076259470936133,2.1164974618155754,1.3237172969422824,1.3739363474375348,2.3392174643177936,779.1881585800376,0.00021972295985754072,0.7192292938122684,0.05709997463796612,-2969.7712725601064
51.13383196077386,6.687854247129355,7766.606436734647,0.003747763108108493,0.03281515884305895,0.22151367111811332,2.118278451158442,1.3269086736896427,1.374875899954589,2.332803071024668,751.6693466657556,0.00021244254916019754,0.721577750275828,0.05703228931307812,-2969.7838269000545
51.16886941186088,6.643514453406517,7777.5108692176,0.003763770532183957,0.03270070967663316,0.22200150193460458,2.1187853824452665,1.3270211527157862,1.3750498320214886,2.3323837596293555,747.4850495548717,0.0002112602906452167,0.7226975328173613,0.057168118644484005,-2969.895034119523
51.1477649896529,6.653251269662174,7752.914660046191,0.003786407251654512,0.03267548397740406,0.2216854286585418,2.118474542856796,1.3301775927074289,1.3750305587128633,2.3316127975582086,750.24084225071,0.00020985460273840838,0.7232471454206446,0.05697892470358163,-2970.310385155089
51.120525546162405,6.669887595824175,7802.76680209509,0.00371747330907965,0.03256982016684995,0.22200293669382068,2.118224941512967,1.3265080473930602,1.374957569583805,2.3346792408561363,758.3779456182103,0.00021372341707799378,0.7232826802539708,0.05708530171499706,-2970.1280740886095
51.1060791783239,6.764733859634589,7817.052505386175,0.0036283313807363667,0.03270007409484586,0.22141120836540426,2.1168323987568494,1.3269279214613505,1.3742063294790952,2.3383446187088572,781.4861968051141,0.00021865185328199315,0.7215413739167111,0.0568565512363551,-2969.761631260258
51.09102869798084,6.846724298282243,7811.200130859112,0.0035967718852107883,0.03288965334466328,0.22079048667832377,2.116936889365149,1.3210437879878274,1.3741467983386655,2.3377525904375434,776.6723984124717,0.00021752531218173675,0.7201795536504564,0.05721067407116755,-2969.3309974383533
51.06052751062376,6.812432455343867,7816.471182989324,0.0036018842084957563,0.03278226826986156,0.22076200387232606,2.116994754749736,1.320443503855428,1.3741172068267338,2.337800575066798,775.7236600524241,0.00021817186724777598,0.7206035290979256,0.05724750802520124,-2969.7324902799874
51.05514626238492,6.841282200360947,7846.180370351227,0.0035317004756608146,0.03273958889661662,0.22071545860152075,2.1161350514395068,1.3219757278175752,1.3736981314648458,2.3412426614490593,794.0085881084653,0.00022277404878881746,0.720349518240588,0.057035497061230025,-2969.948129320661
51.05514626238492,6.841282200360947,7846.180370351227,0.0035317004756608146,0.03273958889661662,0.22071545860152075,2.1161350514395068,1.3219757278175752,1.3736981314648458,2.3412426614490593,794.0085881084653,0.00022277404878881746,0.720349518240588,0.057035497061230025,-2969.948129320661
51.08084296424512,6.848390687379521,7810.093138780894,0.0035946390279663317,0.03287631230844389,0.22065938540921867,2.116330123345825,1.324414584911946,1.3739932751138522,2.3390416938516374,788.4028244805435,0.00021928084871127392,0.7203637564197585,0.05677283724799758,-2969.3544168826716
51.10740324267228,6.746046216588944,7777.9933829500005,0.0037367106601861803,0.032765526718538204,0.2215897769511735,2.1173804607456335,1.3303649656502372,1.3748495646457335,2.335049134054315,777.2012899361267,0.00021364517515032433,0.7228797903770927,0.05633683058195473,-2969.806031774233
51.04528424124207,6.7571560246970215,7789.202407011444,0.003715298534023673,0.03261195924617135,0.2217689540747453,2.1169961917979574,1.330619208143139,1.3748625736135192,2.336413730713084,786.1739260083538,0.00021460252529264246,0.7233591759312082,0.05622536141479255,-2970.2445799855122
51.061229746120546,6.724086198835533,7764.838407949953,0.00378930151357366,0.03266082423072365,0.22188399770090633,2.117919727791124,1.3299824855153997,1.3752017377680108,2.332969367232628,767.4303700854283,0.00021190923699215697,0.7240031805863906,0.05634054138163934,-2969.9965792831144
51.06128498363744,6.727770968358339,7790.656865467568,0.003764983749808978,0.03262465416318254,0.22186324644411579,2.118014948573671,1.3261731487762547,1.3752060063053446,2.3338592104788374,764.843590913733,0.00021395178067670867,0.7234566352668328,0.05658755168393983,-2969.8523515199563
51.100002289472584,6.790014082611318,7784.920688521013,0.0037519490625218827,0.03285194469688446,0.22165047336404423,2.1180189410027923,1.324862113164063,1.3750692957087614,2.3332024299818386,759.7416395975338,0.0002139910832277329,0.722031656232487,0.05679596038992492,-2969.2903706778893
51.12350486281811,6.82341629523814,7776.216911573429,0.0037426839781123855,0.03300245672503446,0.2213679136013842,2.118173903237726,1.3222016260626226,1.3749073859954035,2.3320157128128036,748.4374019313713,0.00021413384022715676,0.7209189975816225,0.05723587312378072,-2969.0371645544533
51.12255596021538,6.865435090586963,7767.8691904591105,0.003723940202366814,0.03302132225682294,0.22118052937823027,2.1181238199546124,1.3186109346067716,1.375014861468877,2.3311512897836906,741.2072900449057,0.00021145128698922934,0.720108815057745,0.05774102104311381,-2969.2966913983505
51.10702293583893,6.85835225125162,7773.484563932907,0.00369201671937608,0.033003828234149914,0.22090966483679164,2.1179265975247654,1.318520469286296,1.3747300759669738,2.3322445358187105,743.4858035141426,0.0002131931133922404,0.7196528815883667,0.057808136343455614,-2969.2071864538516
51.11805026184922,6.862550363296183,7767.651678310631,0.0037001617364329615,0.03313850678217847,0.22069905918344843,2.1183048795044552,1.3155966841379727,1.3747405295887087,2.331075273511309,735.9848828324992,0.00021241605651793114,0.7187649083246876,0.05789926675348501,-2969.0853257979256
51.13991370540995,6.8439878112687715,7795.270866537644,0.0036745974715662196,0.033001950326903534,0.22101431089200188,2.1182949273537055,1.316048325254029,1.3747026359604555,2.332651028124654,739.1281568459038,0.00021398412387245777,0.7194041743534348,0.05804386322906441,-2968.971754608494
51.155844602537165,6.82624724132981,7767.2149689290045,0.0037219847465700027,0.03305637601955625,0.22100018799768895,2.11862868606557,1.3190379912367025,1.3747469659271832,2.330437439907395,732.105793032169,0.0002118684128422544,0.7200597544430719,0.05805615581543604,-2969.2160819979094
51.13105788787108,6.771540407906766,7764.712164619572,0.003769688333713136,0.03309037584805506,0.2213250353607454,2.1202825874269466,1.3123995821699759,1.3754108670756682,2.3267444902239363,711.5980462642789,0.00020678072580306784,0.7205898747431451,0.05829683312573372,-2969.348104839864
51.10160645553274,6.77057078473614,7768.772435914219,0.00375439548946972,0.0330555509858571,0.22126270153370947,2.1199050037667826,1.314016415564585,1.3751665622383733,2.328095421992791,719.0698025936673,0.00020936157516877817,0.7205655508636325,0.05806365467763476,-2969.106288294508
51.10160645553274,6.77057078473614,7768.772435914219,0.00375439548946972,0.0330555509858571,0.22126270153370947,2.1199050037667826,1.314016415564585,1.3751665622383733,2.328095421992791,719.0698025936673,0.00020936157516877817,0.7205655508636325,0.05806365467763476,-2969.106288294508
51.11095152242292,6.751695275864378,7761.329568914931,0.003791070859617369,0.032971868017025306,0.2214084488728835,2.1202151786852808,1.3147775511109896,1.3754095006769966,2.3266999759394356,715.5007525670865,0.0002067254194240873,0.7214488996360775,0.05817095934140052,-2969.4920850115195
51.130743674402,6.837791681277437,7750.684340435375,0.0037464711595907585,0.03328797473337873,0.22082638308792457,2.1192072208521524,1.3169195273639094,1.3749687411463003,2.329004767261503,733.0698989854593,0.00020947049764268217,0.7192456333150774,0.05762381254173905,-2969.675911757105
51.16172766395918,6.782313266086902,7758.870971186983,0.003793266711633969,0.033124271623082395,0.2215513823479331,2.119998146890459,1.31632417955535,1.3753876007448413,2.327270770315759,723.3153519285506,0.0002062490677229125,0.7204533222683456,0.05781139606158626,-2969.763552115605
51.14708948614454,6.82445701257091,7792.6949713337035,0.0037080490504224108,0.03304854699865931,0.2210154118921086,2.119024966032698,1.3155554908674456,1.3749808955105225,2.331738439332665,740.0672346046725,0.00021141906498881236,0.7195070959122919,0.057731998714649006,-2969.2013500073417
51.12193532586336,6.84460332327286,7796.964224514855,0.003672483023812492,0.032956006886128694,0.22107960235012244,2.1182380765228777,1.3194965020104488,1.374740830148546,2.3339843341063995,754.5921429408075,0.00021290472088093153,0.7199012669455267,0.057547508997549374,-2969.402832474368
51.12013393095542,6.803079333437729,7796.0321860883905,0.003707416416614739,0.03293749852534034,0.22114502210248382,2.119160289527472,1.3161147670580136,1.3750318175967178,2.3318590398885797,738.1605288933949,0.00021172872958788837,0.7207482678786797,0.057852136300379366,-2969.1582438121304
51.12013393095542,6.803079333437729,7796.0321860883905,0.003707416416614739,0.03293749852534034,0.22114502210248382,2.119160289527472,1.3161147670580136,1.3750318175967178,2.3318590398885797,738.1605288933949,0.00021172872958788837,0.7207482678786797,0.057852136300379366,-2969.1582438121304
51.11976237023721,6.830110375323912,7793.758213407284,0.00368685905257826,0.03301803615240264,0.22083348548736706,2.118778492735538,1.316264232900529,1.3748297655644919,2.3326002579866856,742.6736540439877,0.00021303196654648464,0.7199029064743814,0.05777962989141647,-2969.033835697656
51.11278492916574,6.85264244151422,7802.807890382701,0.003649745374525023,0.03301799573189786,0.2208072910668514,2.1186512507863675,1.31556047215891,1.3746564347518793,2.333582210122362,745.8221218641111,0.00021399388414714243,0.7197164246976638,0.0578659358404518,-2968.929159146323
51.15251833158955,6.823731207436747,7791.278768844486,0.003694575658614403,0.03305447279457852,0.22091665147405215,2.11921350952449,1.3167800717478162,1.3748431313911547,2.3317304033803867,736.2182335677014,0.00021250857844934054,0.7203225565401158,0.05790980234840685,-2968.930318507465
51.15251833158955,6.823731207436747,7791.278768844486,0.003694575658614403,0.03305447279457852,0.22091665147405215,2.11921350952449,1.3167800717478162,1.3748431313911547,2.3317304033803867,736.2182335677014,0.00021250857844934054,0.7203225565401158,0.05790980234840685,-2968.930318507465
51.15294464611719,6.856181326634111,7794.222658228794,0.003672387600342034,0.03316341430913365,0.22060532013676148,2.1191163510097724,1.315008540569057,1.3747020844505013,2.332121221980275,736.7321135833942,0.00021386081998138126,0.7195038976957511,0.057924000614610456,-2968.6767619099937
51.14055820265993,6.828764986450338,7785.7526566086,0.003708711712575216,0.033097439162191135,0.22096401500448876,2.119709304509585,1.3141298788910367,1.3750846007581363,2.3301134663911123,727.9488420673207,0.00021027577063532904,0.7204457322747251,0.05807451171457426,-2969.003898731984
51.17370103792751,6.784516172339011,7756.222566830104,0.0037786027143660228,0.03316918402241591,0.22093575072002514,2.1205096375204473,1.3146189957114487,1.375366670069567,2.326758715139918,714.1459839837362,0.00020663999395474902,0.7205984449991077,0.05806053343766734,-2969.697773058254
51.17370103792751,6.784516172339011,7756.222566830104,0.0037786027143660228,0.03316918402241591,0.22093575072002514,2.1205096375204473,1.3146189957114487,1.375366670069567,2.326758715139918,714.1459839837362,0.00020663999395474902,0.7205984449991077,0.05806053343766734,-2969.697773058254
51.1455196352725,6.83556056946961,7766.33928718834,0.003712463201665859,0.03320054759984996,0.2205438401499414,2.119506412997465,1.3155916265118528,1.3748468616998104,2.330111332743,731.414058491136,0.00021028466391002955,0.7196708472597709,0.05787395964620039,-2969.2824863614446
51.10602314861635,6.791093791345876,7785.2924166519015,0.003719106371401518,0.03298825954149483,0.22089095078036586,2.119555131536404,1.314547293720192,1.3751092281958488,2.3309402500893945,733.3646754017268,0.00021062594040567733,0.7207602264145074,0.057881509022843614,-2969.1418241563306
51.092464513395555,6.77311088255049,7756.578129868247,0.0037651651554921487,0.0330429021390946,0.2208641713784515,2.119888548051322,1.3147973308972012,1.3752669611980972,2.3284217085586465,723.3195124788183,0.00020803026331318503,0.7210328808673799,0.05789146197328294,-2969.416371356559
51.101417234567165,6.770905257167247,7771.573493311019,0.0037576840886232327,0.0329301159469313,0.2211619532123088,2.1197853213450886,1.3159426890811563,1.375140037566997,2.328837732290898,724.4582947248491,0.0002084270501417603,0.7214892613896259,0.05806864275334862,-2969.4176660714197
51.15279755309723,6.771125535063064,7755.156226430856,0.0037859389998571714,0.0331103118772372,0.22089808292515886,2.120182812702704,1.3157908895169932,1.3750517532238304,2.326737176422125,712.9825142860302,0.00020871915773300822,0.7208686549578018,0.05822480802450305,-2969.431370304304
51.11488798335593,6.815567356373148,7752.301407954443,0.0037448632597999487,0.033145725432267445,0.22067099045408245,2.1194631547727414,1.3167064727262259,1.3748420420100975,2.3286276260867274,724.6940860125474,0.00020935041469866502,0.7204026366903801,0.058059441497561155,-2969.4626942711534
51.111325449218995,6.857500514880442,7762.3587991807335,0.0036832192376838346,0.03316227256920313,0.2203712939090877,2.1188017463980615,1.316281189466913,1.3743623220245098,2.331047633606001,734.0931032279253,0.00021184633955050812,0.7192978673885826,0.05813418579490601,-2969.1336478161334
51.071079160594635,6.83849284246558,7777.397437984968,0.0036545008681077864,0.03297348142460954,0.22025209427784498,2.118563406413224,1.3133543808507315,1.3741087281162274,2.3316228555358673,730.8932362362704,0.0002121824152898421,0.718790325699429,0.05861428786330111,-2969.4429897373425
51.05461591401897,6.851272114229218,7784.019782563373,0.0036250976426378994,0.03297995352419046,0.2201459057158705,2.1184029578924366,1.311587275172881,1.373841559686607,2.3319302238143025,729.5137212222694,0.00021354766743013218,0.7181447430663013,0.05881184393288125,-2969.4096905519004
51.05401415174518,6.833477756155968,7760.082099992411,0.0036753908468885733,0.03297698243507487,0.22042555196689706,2.1187727555941835,1.3133403745392944,1.3741273848112547,2.3295079664579896,722.2808376744781,0.00020997193035237252,0.7189147098048311,0.058798277527797975,-2969.596827060979
51.07398883971257,6.846209684150601,7750.204936374221,0.003675312638735766,0.0330331914694258,0.22024475234320712,2.1187874900445913,1.3131259066710774,1.374012900840558,2.3288367444682088,718.0152086531001,0.0002095987510615292,0.7183871574631017,0.058997885285376354,-2969.5694566053867
51.07398883971257,6.846209684150601,7750.204936374221,0.003675312638735766,0.0330331914694258,0.22024475234320712,2.1187874900445913,1.3131259066710774,1.374012900840558,2.3288367444682088,718.0152086531001,0.0002095987510615292,0.7183871574631017,0.058997885285376354,-2969.5694566053867
51.07398883971257,6.846209684150601,7750.204936374221,0.003675312638735766,0.0330331914694258,0.22024475234320712,2.1187874900445913,1.3131259066710774,1.374012900840558,2.3288367444682088,718.0152086531001,0.0002095987510615292,0.7183871574631017,0.058997885285376354,-2969.5694566053867
51.072065454711066,6.824415467715042,7755.555920252338,0.003678395688013771,0.03291527990134007,0.220456623436328,2.1185824075395043,1.3155393426297453,1.3739883078578043,2.329518438221343,722.6186409649285,0.00020993330789433387,0.7188588576565238,0.058874482950987204,-2969.8882586144027
51.058256191468644,6.798204023856368,7754.706954351699,0.0037038736731141433,0.03281777906962991,0.22068402377975324,2.118624768155059,1.3166103102976106,1.3741667018464925,2.329194585408879,722.643262867902,0.0002092277561942591,0.719529444635679,0.05876424515388581,-2970.210604500598
51.081595154378476,6.778643661489024,7767.101433120748,0.003698834372797008,0.032770740136140036,0.2208485291731359,2.118934862844407,1.3152678610350192,1.3741557665030941,2.3291179800901,716.2372835537407,0.00020965972427403214,0.7199102218871295,0.05905975254697576,-2970.108160810281
51.05356009952671,6.835239366392678,7784.606447593365,0.003626958415208277,0.03283145183681427,0.22034058540613569,2.1181321953861585,1.3134110372766485,1.3737350612978159,2.332199855914022,727.9072484993984,0.00021369007806320206,0.7188349684829276,0.059039289987664945,-2969.882080785493
51.05356009952671,6.835239366392678,7784.606447593365,0.003626958415208277,0.03283145183681427,0.22034058540613569,2.1181321953861585,1.3134110372766485,1.3737350612978159,2.332199855914022,727.9072484993984,0.00021369007806320206,0.7188349684829276,0.059039289987664945,-2969.882080785493
51.0559795957034,6.823315322156422,7764.304228595638,0.0036726711295718387,0.03285253276641836,0.22058597786392378,2.118105258876053,1.3178442547562919,1.3739717338663757,2.3313317706067247,731.2347493413425,0.00021275199147510968,0.719720780978383,0.05858436835996118,-2969.6226409533883
51.0559795957034,6.823315322156422,7764.304228595638,0.0036726711295718387,0.03285253276641836,0.22058597786392378,2.118105258876053,1.3178442547562919,1.3739717338663757,2.3313317706067247,731.2347493413425,0.00021275199147510968,0.719720780978383,0.05858436835996118,-2969.6226409533883
51.05537646681675,6.847940852425673,7783.601357640027,0.0036190089583381484,0.03281991812442574,0.22036427310340698,2.117685923364512,1.3160060378527527,1.3736248805211004,2.3330479413170337,733.9476208717102,0.00021601633475947635,0.7188446453042979,0.05889534943907667,-2969.681347386124
51.06228263277446,6.812363615761797,7755.306540618227,0.003685711592586122,0.03285044789363007,0.22063540613327937,2.1182696806395755,1.3181558020769928,1.3740278837843365,2.3304516088163467,726.1801202317811,0.00021205068030571772,0.719729432666135,0.058740034106374135,-2969.6513724389733
51.04735145891662,6.798876704600406,7762.280804060193,0.0036913435996916493,0.03274025138587554,0.22084077460126383,2.118495896752137,1.316037408778247,1.3742247687222073,2.329927483844699,722.216393790669,0.00021125787941461628,0.7198812010264053,0.05894929587876463,-2970.1495721878678
51.04313540885717,6.796076634770106,7767.7429530270365,0.0036927055965160754,0.032678243172281185,0.22105335714937174,2.118566225453587,1.3149524493507834,1.3743867352828083,2.329816002397192,721.1940959703808,0.000209853914652911,0.7198828674176107,0.05907502588513154,-2970.6949975389357
51.04313540885717,6.796076634770106,7767.7429530270365,0.0036927055965160754,0.032678243172281185,0.22105335714937174,2.118566225453587,1.3149524493507834,1.3743867352828083,2.329816002397192,721.1940959703808,0.000209853914652911,0.7198828674176107,0.05907502588513154,-2970.6949975389357
51.07924918316105,6.844146807399177,7752.691777737029,0.0036764075637298003,0.03289078498995322,0.22072848256700636,2.118041977518468,1.3167945892188513,1.3739790910745677,2.330290206751637,726.1694981557589,0.00021144046767172464,0.71837126285225,0.05887375376385844,-2969.8964344179767
51.07924918316105,6.844146807399177,7752.691777737029,0.0036764075637298003,0.03289078498995322,0.22072848256700636,2.118041977518468,1.3167945892188513,1.3739790910745677,2.330290206751637,726.1694981557589,0.00021144046767172464,0.71837126285225,0.05887375376385844,-2969.8964344179767
51.07924918316105,6.844146807399177,7752.691777737029,0.0036764075637298003,0.03289078498995322,0.22072848256700636,2.118041977518468,1.3167945892188513,1.3739790910745677,2.330290206751637,726.1694981557589,0.00021144046767172464,0.71837126285225,0.05887375376385844,-2969.8964344179767
51.07924918316105,6.844146807399177,7752.691777737029,0.0036764075637298003,0.03289078498995322,0.22072848256700636,2.118041977518468,1.3167945892188513,1.3739790910745677,2.330290206751637,726.1694981557589,0.00021144046767172464,0.71837126285225,0.05887375376385844,-2969.8964344179767
51.06709509386107,6.7664908706689495,7762.8678299087915,0.0037350781825057256,0.032703027899379365,0.22148810276924105,2.11912373334045,1.3147659868007802,1.374639742065082,2.3282906292400742,713.9349711633757,0.00020963773467467595,0.7203080265020292,0.05894789598167001,-2970.191692634653
51.04614683389707,6.7503948202153055,7753.114022756863,0.0037643132193831276,0.03271311463541685,0.2217063479537013,2.1193209843356904,1.3154055611279092,1.374904536978705,2.3275326237623437,714.4792386479232,0.0002079074797025051,0.7207824237120313,0.05865678748522852,-2970.2224688175584
51.041730764875346,6.795620883624764,7754.988874700324,0.003731064399060613,0.03281542103287631,0.22132126386125506,2.1187740300363824,1.3153078337414086,1.3746361680685513,2.3290872609463382,721.2561311047235,0.0002104008251902653,0.7198122096519343,0.058545492635364335,-2969.823429061769
51.04173385285676,6.790943706619029,7760.9930057411675,0.0037294876973365853,0.03280287854712681,0.22114055267327387,2.1193650282342427,1.310258424288062,1.374711551539221,2.3276292260730624,707.6963603977025,0.00020927087168170894,0.7196024036953919,0.05904589627792494,-2969.9640548499756
51.04752240836071,6.822040392691623,7763.04837466215,0.0036916769110214684,0.03289353935030283,0.22067484556096667,2.1187420735401625,1.3112245171733616,1.3742675035346106,2.3294576663185245,715.5221622863843,0.00021273083967736183,0.7184633894349575,0.058945519970898176,-2969.5575044478464
51.07371702192216,6.858384964858065,7773.760370294125,0.00365006329159198,0.032932358553269425,0.22060930378313517,2.118364312489267,1.3119381729502395,1.3740419738838594,2.3314474310595914,725.1707802142887,0.00021436596720454906,0.7180162335114992,0.058901681545750685,-2969.390430349182
51.07371702192216,6.858384964858065,7773.760370294125,0.00365006329159198,0.032932358553269425,0.22060930378313517,2.118364312489267,1.3119381729502395,1.3740419738838594,2.3314474310595914,725.1707802142887,0.00021436596720454906,0.7180162335114992,0.058901681545750685,-2969.390430349182
51.08828582816031,6.809913134516908,7772.051817956967,0.003702490455612928,0.032775883246767265,0.22129432766948326,2.118865796537917,1.314422687859743,1.3743597872853415,2.32948899072068,717.8580404111633,0.00021179788088813197,0.7197804026465865,0.05900622164356671,-2969.71373436175
51.0684209842419,6.809407581679402,7752.819722508371,0.0037291288976408045,0.032829888974377525,0.22122210393628547,2.1189631527683055,1.3150513217662296,1.3744675420819141,2.328216907276567,716.873886518808,0.00020974088854475143,0.7197637251553334,0.05885122891737821,-2969.7663963374625
51.04956784020831,6.780806448176808,7772.799247056198,0.0037183242059437398,0.03274067296978451,0.22150110902480127,2.1187768263355977,1.316545430699358,1.3744763225674834,2.3300934052897757,724.5701543586374,0.00021303668234073833,0.7204728101886292,0.058518367463190564,-2969.615969505539
51.082420988122074,6.767999004656296,7772.618657583438,0.0037251544279757495,0.03272466687261785,0.22160833638578625,2.1187659447242515,1.3181267748456063,1.3744139084888838,2.329867828653084,723.2911307263445,0.00021289266463093225,0.7205660458229725,0.05859526222136337,-2969.622466545639
51.11717415336324,6.781654004555719,7750.274861409061,0.0037544130590595093,0.03281518317619468,0.22140166044142418,2.1192296690020664,1.316219585704999,1.3744460503343074,2.3269818649112395,707.9296993177339,0.00021020136305862806,0.719958841584168,0.05905429408900759,-2969.5706417479987
51.12891333274522,6.7489240323291675,7766.539043221723,0.0037571760841033242,0.03268070240298544,0.22193772586136087,2.119285964609331,1.3174326959540434,1.3745543588754612,2.327460063180596,709.6717200603794,0.00021043611954131786,0.7208949972439245,0.05906987422842249,-2969.7705525248
51.15530499007975,6.7556722232851385,7769.356687864319,0.0037552181985253297,0.03273778002706309,0.22200527177326265,2.119274683777434,1.3180724245077275,1.3745483830388232,2.3278422972047923,712.1859359542923,0.00021082785175557579,0.7206807239806464,0.05893881547842561,-2969.5398766617736
51.148595576048976,6.7961722864755565,7756.554584312182,0.0037451196680590338,0.032806758153276154,0.22185210351767493,2.118855753513296,1.3195551140879123,1.3744434410631066,2.3281629828230574,718.2150681990171,0.00021031261732623274,0.7202634495468656,0.05881263173034601,-2969.5968008284467
51.15134575589452,6.827875938052724,7769.348097169876,0.0037008677076530868,0.03280524026064236,0.2216958511844019,2.1183171077828513,1.3195127331156922,1.3741397069624401,2.3301203935822588,725.006530944143,0.00021287966034919996,0.719696888745192,0.05891421718527287,-2969.436390020688
51.178304635649134,6.861175600356926,7753.9355828873295,0.003692490073251198,0.032897814279215454,0.22140595087224135,2.117970038766866,1.3220855860426821,1.3738931146314444,2.3304896990970745,729.4389653245561,0.00021277628129366913,0.7192496389993654,0.058849769314849955,-2969.4302661936113
51.180641718009085,6.779390028411321,7773.030739936852,0.0037251612074084214,0.03270750928602645,0.22186462672809495,2.118550260012671,1.321218009031304,1.3742488782189552,2.3302576639892028,724.9278340535109,0.00021348969271012348,0.7203954264412576,0.05881691954831939,-2969.558255811216
51.19302271153013,6.762727134816643,7759.626880605287,0.0037611074208874656,0.03269017721152872,0.22210380952348652,2.1184370353475543,1.3257303406172625,1.3742819326058084,2.3295731951658496,726.0458039577628,0.0002134680549462108,0.7212283300884179,0.05855896005900541,-2969.504290917437
51.20007088469054,6.699343442202849,7768.8090732121755,0.003793044299112595,0.03258932593430208,0.22287976576635643,2.118677653111105,1.3283530746058427,1.3745766331278655,2.3299724851156456,729.7617796147573,0.00021444828552149447,0.7223941541905092,0.05813138765690987,-2969.429916970202
51.22345764768204,6.74466209963461,7766.267555216899,0.003771774043051732,0.032779214498674665,0.22241622842388278,2.118246555359334,1.3293192328472507,1.374247002726424,2.3309909362439027,735.2890909232722,0.00021804340020788155,0.7214505842471332,0.05796555566332906,-2968.805313904326
51.22622959396375,6.7224776754076565,7788.223923164855,0.0037482628319818814,0.0327205877684282,0.22248618270772472,2.1183766012892775,1.3263398033392826,1.3740966873282683,2.3316045522254973,731.3894429924339,0.0002200032135956363,0.7211223378132365,0.05832085756789183,-2968.460685978935
51.24939923398428,6.6952965928165575,7770.951808849264,0.0038069386928275255,0.03276780653938318,0.2227868231835875,2.118867688245734,1.327892846012135,1.3744647237951513,2.329594180415799,726.1405550114761,0.0002168125118945011,0.7217149879186234,0.058129938819345375,-2968.7629733224135
51.26549879258261,6.670551510058701,7767.023215943248,0.0038361644970062686,0.03277674749394593,0.22271818163298948,2.1192527324299704,1.3270466184874858,1.3745942175732857,2.3282937964843597,718.7254679020398,0.00021617863184193812,0.7218239251747365,0.058171879609465495,-2968.7954671812336
51.26549879258261,6.670551510058701,7767.023215943248,0.0038361644970062686,0.03277674749394593,0.22271818163298948,2.1192527324299704,1.3270466184874858,1.3745942175732857,2.3282937964843597,718.7254679020398,0.00021617863184193812,0.7218239251747365,0.058171879609465495,-2968.7954671812336
51.23504614836079,6.717615923441091,7761.2280597592235,0.0037874680334941857,0.0328793669208527,0.22210589279558662,2.1183297932551923,1.3277567145974478,1.3741799938467552,2.3304849294864356,732.128801379915,0.00021894469857668722,0.7205606638586656,0.05791265794869958,-2968.6603005962947
51.23057649547741,6.695767608185879,7754.636352909263,0.00380220427733898,0.032981094042866636,0.22202275049459258,2.1186681980977387,1.3256459570302632,1.3743222434297921,2.3299701440214298,730.3198847918483,0.00021847122451716409,0.7197294169220803,0.05759715254382889,-2968.655045258813
51.22430677820415,6.667484798432081,7792.320237920242,0.00378509485594809,0.03273650846393767,0.22261997471216516,2.1188211917838355,1.3243424082062678,1.3745831872627772,2.331511010154376,734.5317155653245,0.00021862999548420036,0.7208414424522528,0.05774789658721348,-2968.6756937797422
51.21183264558565,6.7156277455058415,7796.217168564763,0.0037401184709579143,0.03284549739379399,0.2221554106056393,2.1184258237908633,1.321925796399944,1.3743821443373867,2.3327879031721785,739.001464976915,0.00022039143242799406,0.7196441044692272,0.05777753628394241,-2968.407139114423
51.23657253555579,6.718153347543161,7787.352230867937,0.003747222022226435,0.03288366493380041,0.22181117316734536,2.1184583287803553,1.321097757811178,1.3742185762801795,2.3319021845390644,731.6675813204819,0.00022049972468419354,0.7188427158547167,0.0580206191411121,-2968.4197112688366
51.238548019129155,6.6631796457328605,7769.67759936589,0.0037965931803723603,0.032854628895085225,0.22163388125044298,2.1192605956426602,1.3196818753705015,1.3744261257282826,2.329023922612536,714.7700573325319,0.00021798656311845202,0.7194244657496345,0.058291217140022285,-2968.5882390844276
51.1829212266302,6.736706457814478,7756.688578175132,0.0037486743524030738,0.032986430331255756,0.22097650851378728,2.1179564669101825,1.3203353910845448,1.3740827256506893,2.331215707328333,732.0656697380225,0.0002198208343103458,0.7176497606391343,0.057872815820520375,-2968.680891149612
51.18248707287905,6.787403102897713,7805.04615056011,0.003634811097947178,0.03286583080452094,0.2206483810052463,2.116631834714357,1.3197171340920548,1.3733966175644,2.336594131426096,752.5471272256335,0.00022733057083932685,0.7165004295856247,0.05797078252612264,-2968.9741793522217
51.22014583260048,6.838234416599384,7778.305082589889,0.0036357357069989153,0.03303575280108435,0.22024749968894794,2.116157055412903,1.3225247840650742,1.3731174955277945,2.336150598252327,755.2582548465797,0.00022675559368969878,0.7153065058071049,0.05780384107562537,-2968.6039876941563
51.256097519880754,6.824292057485298,7781.022370562192,0.003615111925958829,0.033104997427130814,0.22024724295294873,2.116289350955002,1.3228898647657927,1.372958761831966,2.3367113179201473,755.7279988780149,0.00022653375076914326,0.714955711194669,0.05787341534321193,-2968.438196010278
51.24915016535733,6.840171967530438,7788.202995120058,0.003594798302800955,0.03314233672314065,0.22013132440394373,2.1161760521404025,1.322752024483453,1.37277625885668,2.337636012553526,758.2621708628187,0.0002291074365021894,0.7150900809509984,0.05782772538500855,-2967.961061569142
51.250239248076554,6.868733009511942,7766.798184152459,0.003597520448694424,0.03325740823430786,0.22015467369476283,2.1157476790591385,1.326891155150245,1.3726426784769905,2.337905615526351,766.2284101877572,0.00022972406102140185,0.715345113190616,0.05745049082165232,-2967.867974700774
51.16446763476807,6.846163496730718,7813.400110470271,0.0035066251190771667,0.03303180716445283,0.22036050815495004,2.1151461528913638,1.3248089204063902,1.3722393250185054,2.3416769067602425,782.0185098818454,0.0002343350344305375,0.7153168017143386,0.05746015215516865,-2968.0811583259733
51.20578425630943,6.809334741532009,7777.5031754533675,0.003592779383863172,0.033181380380489775,0.22077588644940133,2.1157559545762723,1.3293771075243472,1.3727080024016332,2.3392446308498656,776.9787790578083,0.00023065928348975682,0.7163677330583131,0.05696591535511454,-2967.7533378288526
51.19965207501079,6.794091229987632,7756.301146196449,0.0036172803702790596,0.033256326585983396,0.22045409516171832,2.1157079059043014,1.3315396274770661,1.37262763698866,2.338713982321109,780.2458456694791,0.00022989399159728692,0.7162876837121306,0.05663391015384877,-2968.097994963617
51.19000349001888,6.779400986152904,7764.311766142784,0.0036026215212261936,0.03320921405965412,0.22063138227533316,2.11507956231438,1.3361907470626142,1.372380387281949,2.3406702897712286,795.6762721545011,0.00023324900303252715,0.716613244241087,0.05613593632356271,-2967.9845261785313
51.18927300222508,6.800844918053816,7818.314290734068,0.0035205437763252577,0.03305352029358465,0.22080675873580655,2.1149093265816923,1.3316411264662291,1.372255952624419,2.3432679605557367,800.1325788866476,0.00023586580280909536,0.716717849227793,0.05664562923816625,-2967.5792345696145
51.21025542572443,6.715821408103984,7816.861322627988,0.0035913002024312345,0.03289879745465273,0.22133189224099184,2.115994763420467,1.3309056463681745,1.3728023465691612,2.3409567339849113,783.0441557058434,0.00023277624050658846,0.7183854459804099,0.05682749955374814,-2967.8245226096706
51.19969411322424,6.760093954614824,7844.820978750102,0.0035276834424975844,0.032829181678831976,0.22125356660346884,2.114946025611067,1.331697224434466,1.3723938810081289,2.3440735701487334,800.756603498002,0.0002373762688639909,0.717519023528686,0.05670046808755233,-2968.247312134834
51.21785986442182,6.7061593159133395,7794.353183432979,0.0036489867994831523,0.03298343115672939,0.22150481346433595,2.1166620360528783,1.3294827390562554,1.3731654477152602,2.3379644678392593,768.3516768432945,0.0002276781194011462,0.718093343700538,0.057004866758766176,-2968.0446098941657
51.27085787580293,6.650692792127387,7802.5244140779,0.0036900168050910684,0.032944850854771696,0.2219598247459149,2.1174984861618853,1.3290033766380778,1.3735063520296595,2.336643121125209,755.7333671436211,0.0002269793084696806,0.7190615094034167,0.05716654360519985,-2967.832297828962
51.291048262288044,6.640585011727584,7797.168268438161,0.003724124342929949,0.03297707229176771,0.22211477027107704,2.1181125979799944,1.3270626326202022,1.3737722902036171,2.334746754367396,744.2537183153389,0.00022509004423696514,0.7192763678511979,0.05736330638795235,-2967.809855538825
51.25252742297164,6.625225587121342,7795.978829688977,0.003715384813813257,0.032917485647367274,0.22203730507230765,2.1182648842477922,1.3262452333713202,1.3738079584298393,2.334690584346894,742.0159246210197,0.00022452148151514098,0.7198311325275384,0.05744842008558965,-2967.8455739224455
51.24769823756874,6.688404954029956,7808.613319650696,0.003642472233128678,0.032968719217283365,0.2215732478249882,2.1174481143953283,1.3257145075377015,1.373323817754481,2.337271236016057,754.1724449799149,0.00022751958882509968,0.7185695610517028,0.05748789262059987,-2967.6865579774267
51.30807296294284,6.730327117268999,7778.352161946855,0.0036832620574850264,0.03318147444023198,0.22141391365972565,2.117532863987799,1.327881148498577,1.37344211088844,2.335726287723868,752.6456243748272,0.00022561228529102418,0.7181514152703912,0.05727647556502675,-2968.0401793877836
51.26461937213261,6.798897517727003,7798.30530294966,0.0036014642034003473,0.0333624367007032,0.22055645595591894,2.1167288618274296,1.3237914066472865,1.3730356969115638,2.338981416673996,767.2420579168424,0.0002320872875486181,0.7163147881628512,0.056934354803043326,-2967.0846736703356
51.26746918727396,6.818300152659916,7790.326875156627,0.0035846729587121905,0.033440000707306426,0.2201649993652491,2.1165769397239713,1.3228443269345336,1.3727942033186253,2.339026226794351,767.1211816971856,0.000232364291466388,0.7156674619760934,0.05705503653722719,-2967.1257633770106
51.2846662424961,6.808720880195917,7819.936917476176,0.003553261460984142,0.033259930856865384,0.22064091078900747,2.116481479197456,1.3215368012069257,1.3727979187566088,2.340330372136008,768.0622767044167,0.00023266815222286336,0.7161767236314712,0.05747154293737629,-2966.843330448462
51.258608869949356,6.818365640424165,7809.260811547577,0.0035670724398967598,0.03321153088501062,0.22053054867556077,2.1165645835073112,1.3195721864688434,1.3728670674294712,2.338587443450359,759.2887489730347,0.00022897065228225195,0.7158643125732352,0.05790761989891726,-2967.3623132900802
51.2536709071546,6.863863071454951,7769.9647730433235,0.0035875419409705936,0.03337482031979695,0.21991841790307207,2.1162010924336254,1.3220335776688816,1.3726485111003226,2.337558714040215,761.5894407046806,0.0002276511332701711,0.7150028662420561,0.05763990710857967,-2967.7924236007207
51.21229235664319,6.808002906576519,7779.38935568647,0.003626707212209451,0.03312347235014218,0.22064099672378445,2.1167979061269078,1.320830199448175,1.3732790505517252,2.336355547165473,754.4989578116433,0.00022451255053742983,0.7167997655966689,0.05773519460379074,-2968.0471063780624
51.23822875017821,6.853233530326243,7809.621534628544,0.0035688980828186573,0.03321564432126582,0.22053625636921523,2.11598584104263,1.3217740066825974,1.3728401209261851,2.3398182750236645,772.1831480370565,0.00023156820976593097,0.7158150782462889,0.05730392942537554,-2967.2532953367586
51.21397417666026,6.789198216275622,7824.905498200196,0.0035937234983398738,0.03305394319272656,0.22091451464536413,2.116281234806175,1.3213274934402643,1.3732081877624984,2.3400267271324795,774.3705374620896,0.0002310374416046903,0.7164526314616858,0.0570919738631589,-2967.748896088639
51.250935165874424,6.757317393321305,7805.351524229913,0.003642263797536881,0.03299513861135467,0.22154627402648594,2.115915331055839,1.3309340589589895,1.3732813216521733,2.340235747771602,785.1266606014988,0.00023041968304165797,0.718193126978474,0.056547049185044086,-2967.8140020323913
51.25073853716929,6.718923162810551,7816.3254023598165,0.003653928914278398,0.03293652132395164,0.22179980590181717,2.11609309373605,1.332043584423233,1.3733721413272988,2.3406506931002187,787.4132635507283,0.0002320973884403925,0.7189947707424972,0.05628395580373014,-2967.617777407519
51.259039101620104,6.7011150053438335,7788.753121266083,0.003703994500928387,0.032982301744874896,0.22191572779812396,2.116884861688063,1.3316998591331024,1.3736337206521936,2.3382497121015238,774.0029720441679,0.00022708795731244864,0.7197176921399624,0.05644389182825385,-2967.9547527621994
51.2821221632471,6.672912315809086,7826.350010141672,0.003681500319116068,0.03289387278864539,0.22245069515621135,2.1173119905866997,1.3298985649882897,1.3738372782908634,2.339756472973943,776.1034133241565,0.00022935915033528363,0.7203730247969276,0.056377290037328456,-2967.482433314897
51.27831022344106,6.6504426064756075,7843.622873049736,0.0036851648930810847,0.03280358246644608,0.22288492252010816,2.117152006001846,1.333462964929236,1.3740213266043262,2.3412603627328243,788.7257267238772,0.00023061978361984937,0.7215668666040302,0.055873866359105406,-2967.519705290872
51.284991533771944,6.652050345840443,7838.71273884537,0.0036683760347518144,0.032824296453123514,0.22242479764646142,2.116629850682484,1.3364048084280347,1.3735008956671528,2.3421295609332216,794.257085172048,0.00023356773150392252,0.7211149374967668,0.05581724999536757,-2967.4181268782772
51.30806603540685,6.685264178818919,7857.938378815032,0.0036245976241714075,0.03276504923108467,0.22246487599769346,2.1159890396385292,1.3376680869804867,1.3732343860851417,2.344236732103467,805.3367275491495,0.00023643938160450252,0.7207435231650603,0.05580855365497863,-2967.470133772761
51.30688449259375,6.744362119514847,7810.519190084437,0.003646277431763401,0.033081315154785136,0.22166462395716077,2.1155848202322574,1.3387074100825642,1.3730155972612361,2.343004779053792,805.4948634831209,0.0002354370592034985,0.7189229148515991,0.05549222290428661,-2967.531418278599
51.233874828209814,6.735465784171897,7857.364591478477,0.003591724606608169,0.03286552161590109,0.2221569992398807,2.1159294136636717,1.3329118269255216,1.3733368693571688,2.3441763636331276,809.3634638190453,0.00023385427784493115,0.7197252119662237,0.05581847904149602,-2967.6950114084807
51.22129598241898,6.755403494108698,7856.769496788085,0.003551606463678453,0.0329467521990034,0.2217544497459868,2.1153701015246975,1.3335926339951092,1.3729066038144224,2.345690010091312,817.8293811441528,0.00023780383772063621,0.7188208195154192,0.05565336014568732,-2967.31341601553
51.276116148736165,6.852557559908789,7838.6936527921935,0.003512409621872145,0.033242282819346214,0.2207285776881948,2.114396780763948,1.3354769575787593,1.3722718856309042,2.3466189331253773,828.2602051974712,0.000240100797846659,0.7164520022419516,0.05556668125682422,-2967.041013761596
51.244857389581036,6.872379296001011,7850.021099972761,0.0034828041943136753,0.03320767390273592,0.2207140591248815,2.113963703824676,1.3337597333445428,1.3721144879643328,2.3474937648299976,832.0236393294017,0.00024102223492821325,0.7159294506154728,0.055738483011025304,-2967.008737358954
51.27380473698133,6.825039068236823,7827.887908916681,0.003544402032915157,0.0332898397038936,0.2211845691802971,2.114142382854493,1.3385026711718815,1.3724627040666688,2.3469062531257254,835.0055375293754,0.00023989021640533778,0.7166104603889063,0.05500206824729811,-2967.2335884854606
51.289806962958586,6.879088102678015,7845.323768289329,0.003470262045896889,0.03332123924573492,0.22100722941949283,2.1128564454785366,1.3422301072112766,1.3717689019762616,2.349783976449534,853.5671736856485,0.0002464620989620167,0.7157169227849665,0.05488459546791507,-2966.8221295541116
51.289806962958586,6.879088102678015,7845.323768289329,0.003470262045896889,0.03332123924573492,0.22100722941949283,2.1128564454785366,1.3422301072112766,1.3717689019762616,2.349783976449534,853.5671736856485,0.0002464620989620167,0.7157169227849665,0.05488459546791507,-2966.8221295541116
51.26066718377585,6.843328905035932,7849.344672440888,0.0034769533131430094,0.03330073920386575,0.22092601519175067,2.1137203471539383,1.338485799873863,1.3720249478452136,2.349103476418179,847.3297386085485,0.00024458451952663786,0.7162106928373992,0.054928688421753594,-2966.698510623827
51.32378090963044,6.883004075834972,7869.043925802302,0.00345051028413545,0.03331788682583374,0.22123600635956753,2.1125042806234378,1.3448502170856353,1.3715657044306149,2.3513062908281404,865.6742809359978,0.0002501581342243584,0.7159089130104946,0.05458885002753911,-2966.525714648328
51.30868237559072,6.832838145848616,7900.361779311643,0.0034283596514644303,0.03325622125017216,0.22107566112387067,2.1124690125853935,1.3429067201639266,1.3714804292031966,2.352782796795951,870.1896333053654,0.00025590597488264164,0.7160976936369431,0.05437113593139142,-2965.768606848225
51.383728087040446,6.821664830312606,7813.550561071868,0.0035526520254597982,0.033577632470374076,0.22054382768285466,2.1130546024956223,1.3473909214210211,1.3718042442754412,2.3484121352768277,852.0778108674403,0.0002470413254972886,0.7154536700109171,0.05405163732520032,-2968.1984191121214
51.35020552642044,6.807898678961518,7806.808500379195,0.0035587537416363283,0.03345459726750145,0.2207376780243967,2.1127964426900823,1.3506473249762028,1.3717680252709221,2.348499808459283,855.5791039042887,0.00024629055193940485,0.7166562367420357,0.053994027695810166,-2968.314460659345
51.30728474258427,6.746759721996462,7891.270832404456,0.003484948063655002,0.0330257976115765,0.22133868932412978,2.113548544176375,1.3406239702663492,1.3719510347186565,2.35014210225941,844.9659145095086,0.00024927961639678093,0.7178050118169002,0.055048368236267436,-2966.4542370713534
51.368416531350185,6.703491391466958,7815.147230636323,0.0036325326708605207,0.03309473120322599,0.22170307075537138,2.114836584654274,1.3459545409591938,1.3726032320727093,2.344385597676519,817.5668395263021,0.00023784242846277534,0.7193214212379208,0.055244827246024406,-2967.9299347372726
51.34911435325103,6.58461109115451,7862.896476480129,0.003646692170318112,0.03266331875800404,0.22245185568095743,2.115820156721788,1.3418291757019993,1.373032569226653,2.344471823662494,805.8593740798199,0.0002391308636158442,0.7212607235193013,0.05576771594191168,-2967.5081863632445
51.36087921693729,6.570835015899011,7833.083548986939,0.0037073354675186657,0.03274473375147889,0.2225088739865654,2.11633729583193,1.3428490654556888,1.373342171433694,2.3420178890150742,795.7863031011537,0.00023478869475037143,0.7216103030432671,0.05572213260409015,-2967.6983985438724
51.37972540288836,6.696330119610952,7847.1290516166955,0.003593426204879296,0.03301251618522473,0.22153830707346456,2.1149659607326967,1.3410345679306355,1.3723964386954683,2.34508121891034,811.3077946070597,0.00024119157126003708,0.7183141975901153,0.05579319386815676,-2967.064610528242
51.373395627634586,6.649944570052629,7850.075818139318,0.0036360096180561114,0.032910699259189755,0.22188186905236618,2.1157742059285334,1.3386769113006274,1.3728117066105179,2.3435160656075134,799.2684988714462,0.0002395837993230169,0.7193420387668211,0.05596529145494046,-2966.991584304274
51.32897796334971,6.6024994953602025,7849.364193895022,0.003654704345041868,0.03275977214342907,0.2220927659506428,2.1159336866707106,1.3384980137428621,1.3730196870339508,2.3431702629989335,797.91799219461,0.0002380488116778271,0.7202242217965501,0.055953049725851425,-2967.4102370509104
51.345589568556136,6.495112417367128,7817.843303806909,0.003785881001323161,0.03262610293782596,0.22278108523403195,2.1175562526288934,1.3377951678139526,1.3740483983037657,2.3381355589306168,770.2811922504635,0.00022781959088100088,0.7225319350427732,0.05620088135199117,-2968.25693132091
51.33354710967966,6.617959988500349,7841.186885678527,0.00365754605106224,0.032612590836068656,0.2220524426759222,2.114830941112084,1.344177446424494,1.372944689764854,2.3445182286024435,813.3078775747933,0.0002377857465121097,0.7208727897489587,0.05567678852038149,-2968.271719555558
51.349225513643304,6.608271755357663,7805.16769132503,0.003713888659959843,0.03289590420069446,0.22179228347830424,2.11517154379959,1.346144289766566,1.3729890675022967,2.34278781086573,809.1736816662633,0.00023761953873266826,0.7205063592987239,0.055060533964337605,-2967.8290346255685
51.36550695072192,6.69613635190705,7835.164175649672,0.003613719715095861,0.03299906060833066,0.22136766703783395,2.1140712232522914,1.3455833878208772,1.3722926942822744,2.3462123888984534,829.3409105203192,0.00024403921689769518,0.7189420714280707,0.05501425378179925,-2967.123500203353
51.32394179185249,6.71705873685427,7880.307526824238,0.0035308343916638624,0.03296785206125183,0.22131410519486733,2.1134374414406643,1.3446333713902945,1.3719257230883577,2.3497830727116664,848.9150074052098,0.00025176933444632545,0.718639115988369,0.054703893600778854,-2966.3321765176306
51.24974750334205,6.741913820118249,7837.155793462119,0.003542360975252873,0.03306170214366718,0.2206478302011302,2.1127470548405225,1.3463525001705205,1.3718173337750628,2.3489547071221306,853.174530890996,0.0002482088296462817,0.718303147213213,0.05441567855079121,-2966.9467217539595
51.340264503943175,6.669821742750397,7775.4040808549,0.003700366676110525,0.03317630808018579,0.22104577190226418,2.114037321339765,1.351986965040129,1.3724949514694427,2.3437772148436204,826.2463576546211,0.00023990921334538968,0.7197306904072039,0.054444022966224755,-2968.9783283334777
51.32115515874153,6.685934567885521,7814.094380374055,0.003628244018782401,0.032967298914441265,0.22121875844196148,2.1136238094990905,1.3497062252624499,1.3722370300776712,2.345709099871006,834.0379655840891,0.0002416095519809017,0.719202181870029,0.054839851733120094,-2967.853899304525
51.31570410716553,6.706254270142086,7846.549891477796,0.0035733214822665994,0.032765662899467245,0.22150423710544767,2.1119009425976154,1.3549284848524916,1.3718469692453001,2.3497663099103434,865.7300385472015,0.00024649190851729714,0.7194022306242366,0.05445167916822029,-2968.072229793019
51.40293710771621,6.714322931044869,7770.039417130688,0.003682291213808544,0.03317097112519827,0.221308099664586,2.1123641155903514,1.3614464634076309,1.372062857313742,2.346085500729989,854.7117840594362,0.00023955439402235378,0.719320351058617,0.05401011778512386,-2970.3495130432884
51.26125576817594,6.87159636540871,7853.026836195455,0.0034362121685385994,0.033103246499907646,0.2201318460738234,2.1094789829935214,1.3556794124240321,1.370679426072544,2.3540666333259077,907.2565850908366,0.00025261408907261844,0.7158984835204967,0.053781750214544684,-2967.8436247565446
51.2269970072748,6.858248890220413,7894.730482567449,0.0033961005121033775,0.032928043301748415,0.2206639263578788,2.109607717278415,1.352835569109799,1.370879583890472,2.3553980335474387,912.7801955479175,0.0002530094053049131,0.7161380921576184,0.053838804550230164,-2968.491544581559
51.2269970072748,6.858248890220413,7894.730482567449,0.0033961005121033775,0.032928043301748415,0.2206639263578788,2.109607717278415,1.352835569109799,1.370879583890472,2.3553980335474387,912.7801955479175,0.0002530094053049131,0.7161380921576184,0.053838804550230164,-2968.491544581559
51.172704901076,6.726239335113991,7828.696180504443,0.00357810473308114,0.03277108354963957,0.22125668128117248,2.1113998746906075,1.3551981831571787,1.3721455634623303,2.349982904154359,884.9802846593974,0.000240128126333972,0.718987553046047,0.05363405412599625,-2969.4412361023187
51.19647188750622,6.809396007622141,7840.4835682180965,0.003489413375782006,0.03291213121219017,0.22022288567033127,2.109624111721649,1.3577231043146085,1.37101269642825,2.353137077708448,908.3851240625102,0.0002494796950487961,0.7164518731780927,0.05342973375793447,-2968.9832823790734
51.24559098572592,6.822108697960026,7852.736141472191,0.0034536117393373527,0.032997975118881716,0.2200818539970026,2.109497712812657,1.3573519431584578,1.3705481031710223,2.3540148626879995,909.8133865617287,0.000253010706733574,0.7154309119504866,0.05357175824175268,-2968.453214050647
51.23772829868505,6.850842170273982,7914.327755320228,0.0033325170078904766,0.03285337877634918,0.2198660019609073,2.108725463223207,1.351982077611452,1.3698445738060698,2.357381390532952,919.6728460971432,0.0002616343106726293,0.7139815964083228,0.054081318046555665,-2969.525076819418
51.25559140657707,6.8506931420556185,7900.0173034666095,0.0033517944214295167,0.03293286244246979,0.21989946546442865,2.108812335642863,1.353857471783403,1.370003677241023,2.3571825334535386,924.3565294486938,0.00025888780526027075,0.7142009403705787,0.05376542211020795,-2969.0191915965866
51.29945243047143,6.836893532911731,7782.828875068648,0.003541608343210132,0.03326474545421529,0.2199155266140814,2.109674657778387,1.3629551146551404,1.3709752508499395,2.351743610176767,906.9797906844589,0.00024546116437313765,0.7158164018972843,0.05305469442631335,-2969.5369533700073
51.30135953243956,6.835982225136327,7830.21540661327,0.0034792058615153005,0.033118108056177126,0.21997040583393596,2.1096806863771347,1.3584729560905466,1.3707087339162003,2.353145241956312,905.1678354339799,0.00024898062595640096,0.7155292781074446,0.05366937775915281,-2968.5433568596677
51.27296282285526,6.865268392889078,7824.4237863910275,0.003450991123626615,0.03307313125121035,0.21989330147513084,2.108972900962458,1.3610063537575607,1.3703783691529199,2.353887722034104,914.7301576233641,0.00024980259079873424,0.7158388328097094,0.05364765519942937,-2968.712844152631
51.29328703993505,6.876176823995536,7841.365519065039,0.003412883504786785,0.033106658945595405,0.2199921674935964,2.108351501019314,1.3620853519048666,1.3699916058080601,2.355373210057853,924.4978940272457,0.0002539347815575471,0.715322752856053,0.05348348718419345,-2968.3549988907203
51.260432152808974,6.876675614837975,7819.315403914083,0.003436138813349675,0.03322098139653403,0.21970901150157165,2.1086114552473587,1.3592992486697748,1.3702040036514158,2.354284938804783,918.8895759235548,0.0002513307087496924,0.7145086667401137,0.053342259096148995,-2968.4811779323036
51.214937144673385,6.855967998275055,7819.356683141243,0.0034380056005350996,0.03318619873755465,0.2193240831430007,2.108520631338955,1.3587072177702255,1.370203910486021,2.354732970105826,922.2458146803351,0.00025330093003990303,0.714978437248803,0.05303098658511382,-2968.3295031026587
51.24137277121066,6.745820552195838,7848.592182272322,0.0034892113419969077,0.03284481769942739,0.2204541769207653,2.1096592257757103,1.3590287398049214,1.370869895526943,2.353794169331956,909.9624049184373,0.00025074063499182865,0.7175168026029781,0.05341432397824559,-2968.8084968478074
51.22259954851006,6.7459721488718785,7824.091372839859,0.003527541804772324,0.03273016270839815,0.22058130543361185,2.1097802966928407,1.3605419094765367,1.3711763581592127,2.3523824552278354,901.1266898384947,0.0002464320896202784,0.7186212540377213,0.05367432567483055,-2969.407467783696
51.24653816000223,6.707367998474574,7772.42628453435,0.003611972876228901,0.03287914872586701,0.2202446914358776,2.1106018750027467,1.362238484276262,1.3714246049546288,2.34933956117452,883.3213018009858,0.0002413364957244171,0.718925947293382,0.05368409805009488,-2969.523714590758
51.289313026264665,6.644159228356656,7766.320026194095,0.0036751768287949012,0.03273969712406261,0.22056227358685687,2.111822248157975,1.360270911144085,1.3718456936219583,2.3462589617852343,857.5572515939189,0.0002356578154965589,0.7196270730687063,0.05436257727148361,-2969.991207226464
51.316348470824686,6.668937700876381,7758.84182718551,0.003679765274970685,0.032854686952317476,0.22034326896165418,2.1123049173990665,1.3584625955107277,1.3718259915254258,2.3450208184813186,847.0193218523395,0.00023423501628410938,0.7195530251557983,0.054719389300455425,-2969.944298728983
51.37934294187288,6.653195248702307,7765.929093322494,0.003724081062191248,0.03296469454555399,0.2209469104758976,2.1129647372986335,1.3581972093619625,1.37220103037281,2.344220561311305,839.7044205070281,0.0002349679167420643,0.720181706165888,0.05455062190679559,-2969.9459407065383
51.36478687536343,6.594291927570897,7800.952557432594,0.003708688477765022,0.03285432752681608,0.22159913066623632,2.1133715046208623,1.3553187500729584,1.3723542319622801,2.3453989118548275,842.7877068228536,0.00023638717919269726,0.7201405720364994,0.054474958723110534,-2969.0220804516166
51.365313446243405,6.652353111406676,7830.798759999947,0.0036414764056557107,0.0329212046663499,0.22155899633329051,2.112568494073452,1.3527771397388528,1.3721228396417486,2.3480858996945537,856.5875195625302,0.0002432048416223433,0.7186710589410734,0.05423780672231282,-2968.0611796282024
51.338673028674606,6.647302119158695,7823.382083402021,0.0036637226804466893,0.032867250035037876,0.2217059638672294,2.1126654606281896,1.3530059158899737,1.3723334878317748,2.347398187440032,852.4075883103775,0.00024025413165666834,0.7192992956378667,0.054326394506322484,-2968.404938931966
51.333692994310084,6.693923606104146,7780.667254775233,0.0036812186400056123,0.03312231455882626,0.22088797146475428,2.1125213452015186,1.352119430173754,1.3721236346758632,2.345720257091667,847.2548326824916,0.00023826879667608155,0.7180714650690694,0.054246231529352325,-2968.932116255203
51.350203076481925,6.814500385993558,7834.121250015562,0.0035069451560859983,0.03328895899699588,0.2198224179795446,2.1109016827903586,1.3486988790343029,1.3709222032314567,2.350896982656969,872.4473401324054,0.0002499788804995475,0.7151512321237351,0.05436636476098776,-2967.383118887605
51.42373174979442,6.721739040969659,7828.233899413051,0.003613324164938769,0.03309345287391111,0.22137734599662362,2.1131280599319697,1.348632504914047,1.3720924701265065,2.3473606484468976,846.596560325294,0.0002411565545917635,0.7183785551539499,0.05482313347951095,-2967.8925750566113
51.37520419642747,6.697428647081523,7816.968856120981,0.0036327758991909777,0.03302643160886219,0.22110596491773687,2.113365753207548,1.3460840383856576,1.3722012198141016,2.346138216854057,837.7359551861649,0.00023855650095208435,0.7182941783989555,0.055058468600940436,-2968.046719504496
51.37257988401963,6.718987995016526,7787.324149824039,0.003648467618779923,0.033179440036061277,0.220722312137772,2.1133484754323093,1.3464508524529801,1.3721688520048734,2.344900026636431,834.7294803950471,0.0002353527315110425,0.7174294728070791,0.05501007243352316,-2968.7760939045284
51.39447830143295,6.67592032250225,7877.307371433112,0.003550911508248702,0.03287320481250685,0.22171417189576273,2.113125770084351,1.344760511246678,1.3719420452380984,2.349488196778744,854.4403704075928,0.00024223649417898436,0.7180895581002227,0.055051578902662435,-2967.883376545789
51.40802805717543,6.7012131494712115,7911.807224474913,0.003480868230618466,0.032854098173552365,0.2214583657693673,2.1125904423578743,1.3429779270871036,1.3713646624980682,2.351514231963548,861.2825176605947,0.00024810014834910764,0.7169624509459548,0.05528216389971889,-2967.778602000671
51.397132270056865,6.704141786951482,7906.210031648921,0.003504895120478842,0.03279513846107508,0.2216365074226119,2.112865138718184,1.3426397484923196,1.3717401158667728,2.3505364071219272,858.080463640737,0.00024370025155089436,0.7177382056227842,0.05538812125943491,-2968.267482066323
51.39000755980312,6.684738316952625,7910.536791035974,0.0035105255120009373,0.032794742076735946,0.22180622906095943,2.1131794057615454,1.3421705222413547,1.37185375803725,2.350413290903308,856.5769249286775,0.0002436985854428843,0.7179920617807658,0.05532394817396381,-2968.133661838798
51.461693906586554,6.650807172439144,7858.594208432172,0.00361579660167707,0.03303984014052239,0.22195603250809248,2.1141273990497016,1.3464846242843578,1.372187196401836,2.346875207073219,839.2526409682807,0.00023947544785634376,0.7189649258024324,0.05509596383515665,-2967.6624224979378
51.44997628229624,6.684415851047419,7916.213514192568,0.0035238018130360487,0.03294686996558583,0.22199565730497506,2.113004381843009,1.3451353354807207,1.3717653789221491,2.350912654415122,860.221977262701,0.00024796147502062786,0.7177267998283251,0.05499525137193444,-2966.9410718823046
51.47078924696788,6.787652106003307,7915.906990023584,0.0034534326702444357,0.03324823037089588,0.22124636460741243,2.112083098083694,1.3438836412357174,1.3711316285197133,2.3522708720949748,869.8295151674547,0.00025114391559618736,0.7151807113184283,0.05498739190514231,-2966.4563572968373
51.49160429896084,6.789947784439633,7855.959519887228,0.0035294275763449725,0.033492337150848886,0.22071784588134355,2.1124907139873224,1.3468880632063032,1.371329135903002,2.3495239909308117,858.9057789269738,0.0002469017968510535,0.7147939158111116,0.05468979737348503,-2967.7916653358816
51.46654545007689,6.784553311624798,7919.308046260898,0.00342062536532866,0.033111496655619334,0.2209238032551051,2.111645380337527,1.3446497646710847,1.370687594812782,2.3527223126799326,870.0389819657194,0.00025255279293417174,0.7148774973935915,0.055381207253119034,-2966.787192582567
51.46725208479312,6.783950557268287,7932.104370183999,0.0033966437446953136,0.03315885456691584,0.22068096261691425,2.1111618803220633,1.345765845911186,1.370317443684495,2.3540852349755523,881.4200040520453,0.0002572030981209979,0.7139106394793538,0.05501880379697569,-2966.569307379827
51.476850372189894,6.8228379507045105,7907.91068206242,0.0034059496870459316,0.03342397549903268,0.22020372343319125,2.111425073428382,1.3432663738995338,1.3702496801863138,2.3528183253159125,870.4060079745288,0.0002556179126271267,0.7125149343472716,0.05519959970338028,-2966.243818620948
51.48014472954661,6.81882481977112,7916.1892460820045,0.0034044937901056846,0.03333263799588844,0.22047933125680125,2.1112486538618622,1.3439977770427614,1.3702297023475714,2.353318065813757,873.5676409210694,0.0002564562627861538,0.7127802060040189,0.05521589104787292,-2966.237502064872
51.513895336123184,6.806144219354156,7898.741387096028,0.003446098319594348,0.03343141105278242,0.22043314104066072,2.1111729720993404,1.348189817808736,1.3702066688956616,2.3529885833214057,878.1714183703348,0.00025730282423744094,0.713021291524244,0.05471246422038417,-2966.4205546946473
51.47503338268393,6.784489844588755,7908.344862129317,0.003422767074259218,0.0333516141202041,0.22064686329928687,2.110957331979159,1.3502361586636824,1.3699849209400696,2.353913818673064,885.3617232799119,0.0002595000185587588,0.7137512741457454,0.05463396960996497,-2966.193133542728
51.50552069631118,6.804495783566935,7938.676321579605,0.0033830385893653015,0.03340881435617546,0.22075393768955098,2.111261588359277,1.3472140800834498,1.3698558547376123,2.354839696981612,886.5829398499732,0.000262622844416698,0.7133609964100568,0.054760553866152084,-2965.50476026486
51.49004135873885,6.912605404682132,7950.519811716735,0.003290387304285211,0.033598028022489436,0.21990118425099534,2.10881215186941,1.3529211802018208,1.3686267968117543,2.3587570078417173,926.3813521379964,0.00027349437595812937,0.7115543215218575,0.05397939835252642,-2965.1875782345933
51.531185866351734,6.918482390935967,7957.647349310775,0.0032850497077148697,0.03364261378667458,0.21997226389975366,2.109171348152768,1.3521071870367494,1.3686641773937418,2.3586187413163375,921.8694593812559,0.0002732717868335738,0.7115244380886264,0.05413647225044907,-2965.14444760215
51.5426631496204,6.912503856532183,7938.71361385107,0.0033154165848224724,0.0336962966084473,0.2200007667373063,2.1090908602823015,1.354350070986941,1.3687410029217806,2.358096016021613,922.6126045054324,0.0002716694693647894,0.7112599932262242,0.05383224366160793,-2965.753234875124
51.551438097390616,6.913721476859333,7873.855115174316,0.0033952751956777545,0.033849272052397926,0.2196180017843958,2.110067166632342,1.3544990656244673,1.369059766230277,2.3542149008147213,896.8509146248628,0.0002618233494949172,0.711731187319988,0.054283724853432795,-2968.302182727015
51.48568623410822,6.897400652468214,7951.147299095206,0.0032885565443170916,0.03350878959192597,0.21979279233144103,2.1094603866131267,1.348969535199366,1.3687054143038861,2.3578996064716247,911.551470916394,0.00026994612966286895,0.7119434672826709,0.05463784939468425,-2965.148523389333
51.51664664427653,6.8273402324067405,7905.976970418165,0.0033913395940052596,0.03351092791394682,0.22019507994185028,2.110430679729606,1.353035974180278,1.3693333430576549,2.354985062614969,891.7115660101231,0.0002626332020664891,0.7140462151577844,0.05468563378323375,-2966.4285056202716
51.46525595874757,6.863448274260385,7890.646484480516,0.003372146183035075,0.03360972950364093,0.21957827830443044,2.108994891484284,1.3556790032437476,1.3688697083756178,2.3563919801033006,912.0086739843302,0.0002674342170799117,0.7123904103133666,0.05394783397294154,-2966.4507508286542
51.51305349088177,6.837574798529214,7935.693902783854,0.003402706187005757,0.0333856697035813,0.2207894739367982,2.110893140345841,1.348136029986891,1.3701188070662602,2.3547068191429297,887.6530903578663,0.00026082980957103723,0.7140347771235738,0.05485431223999034,-2965.771651189775
51.51305349088177,6.837574798529214,7935.693902783854,0.003402706187005757,0.0333856697035813,0.2207894739367982,2.110893140345841,1.348136029986891,1.3701188070662602,2.3547068191429297,887.6530903578663,0.00026082980957103723,0.7140347771235738,0.05485431223999034,-2965.771651189775
51.46974230362926,6.831876990415822,7904.368555754172,0.0034411872256871695,0.033480362862082134,0.22058633405850744,2.1111416956338,1.348043278633213,1.370354902782323,2.353207705680224,882.7692007590775,0.00025768474695088493,0.713963801613374,0.05457696214018244,-2966.3319399691404
51.41851087438924,6.658008076362005,7893.229144408203,0.0035742190628987912,0.03311713318191335,0.22206298183545584,2.1129099369067794,1.3511304360994858,1.371823118749357,2.350264458605234,865.4024100487858,0.0002498452809229968,0.7183966653145225,0.054240435654977874,-2966.841151779758
51.429429659249124,6.661456138770308,7866.059435498972,0.003586702832408346,0.033307564090544084,0.2214754049573159,2.1133449580333874,1.3483566048061493,1.3717192252026407,2.3488684768548973,854.1588532540181,0.000247521712393069,0.7166807912187731,0.05440874748525879,-2967.3144331422986
51.3622302659666,6.604676458957492,7880.4724015639795,0.0035901110053742883,0.033124728173833905,0.22174578945703136,2.113430698373658,1.3486112215636425,1.3718577202984896,2.349454567537588,860.1260613767286,0.0002478158402596177,0.717777657349529,0.05412305404960038,-2966.964404429654
51.31529067468774,6.572224906384491,7896.848593048726,0.003539890342306476,0.03304091946025486,0.22173330477801614,2.112954731261825,1.3503976934242936,1.3715169039483235,2.351255517525252,869.8544185440804,0.0002521491450708802,0.7179809267876637,0.05397278442675177,-2966.644031287019
51.312245446988314,6.66406380266627,7907.474582490551,0.0034360739829436076,0.03316418560958464,0.22131486589434976,2.1107527632971794,1.3555882797637582,1.370513308470465,2.3554843205713043,906.0152743832532,0.00026226880405790903,0.7166077174414579,0.05332892924845067,-2966.1112783373787
51.30419779634812,6.7287065623318085,7985.946526967866,0.003258625427547466,0.033081684249447546,0.22068480644231736,2.109058166478363,1.3521173262644313,1.3692087880156807,2.3607873729875966,937.5280111370056,0.0002766300705305311,0.714439165453692,0.0534381241337667,-2966.0004209812973
51.37441867424272,6.711251057899592,7972.809158132858,0.0033010411877351024,0.03323380544985337,0.22090245167971206,2.109634410115823,1.3523133663741136,1.3694423448847162,2.3594920954965173,926.6855746576769,0.000273820902769499,0.7142358364719539,0.05352317022398091,-2965.1644601816133
51.38257335422951,6.76676672271055,7956.534220348061,0.003256659787683011,0.033523979511219694,0.21982939153314687,2.1091006704162396,1.3491924141681948,1.3688758103382792,2.3597761594054782,926.6421515855378,0.00027464937534539736,0.7111911731741066,0.05359491697054781,-2964.9843435934918
51.368436164757256,6.784108232959561,7960.021540723596,0.003238450869184242,0.03343009180785143,0.220314847861037,2.1079687404979515,1.3569455032248945,1.3686569879850663,2.3613078809644312,952.4109485590864,0.0002749435661672507,0.7119305158250664,0.05295313415504027,-2965.6408214850953
51.34039557398426,6.681081609272184,7970.516203242144,0.0032978152047861836,0.033231919619172115,0.22091981705815278,2.109059742090831,1.3563255729295414,1.3692232048342259,2.3602370344698205,936.6087875460026,0.00027366668800740484,0.714127464180889,0.05301982973994448,-2965.60215812215
51.3184787262586,6.697759498455401,7960.621307670694,0.0032828171512974706,0.03318447736631818,0.22061890582665922,2.10866058474191,1.3578908706022474,1.3689476267755842,2.360588739658871,941.651671042459,0.00027285198530106107,0.7140867158044758,0.05297902229253498,-2966.1300642572587
51.2625818416736,6.653838601069104,7956.703367219861,0.0033095652701739396,0.033118408309441086,0.2209742461425132,2.1091040715188663,1.359051952760697,1.3692907817508977,2.3601936465215214,945.5442435999526,0.0002695911344875534,0.7152175967757639,0.052531948468082734,-2966.5740355042353
51.289420816817106,6.650835262270366,7942.100418464552,0.003346990730819141,0.03314872117507066,0.22136088452410446,2.109095187757164,1.364124032160224,1.3695491911521525,2.3599709218186655,950.9475274643045,0.0002685219880436021,0.7163591061222322,0.052092711703800226,-2966.45237086044
51.36096063716381,6.654389734652767,7955.7867569669115,0.0033414815946009413,0.03311296009267204,0.22150472016178424,2.10950926730702,1.3627916324220257,1.3695569262298295,2.359878068734637,939.3685723199686,0.0002705666781146046,0.716680068221747,0.05261523979128035,-2965.9546368794026
51.35453404916336,6.639703817294773,7945.653516232151,0.003362866135618429,0.03310041744856371,0.2215804011093669,2.109924793052495,1.3618385385218743,1.36980292704196,2.358896922593665,931.4207639636497,0.0002668039599739075,0.7166613543153467,0.0528134311266694,-2966.2715936411223
51.39120349378999,6.579118460756337,7921.346458989765,0.0034577972575136223,0.033080944447293995,0.22226615729016344,2.111403494298843,1.362521681672217,1.3705477374116732,2.3559905220602895,907.3524675172098,0.0002607292954043428,0.718881064394041,0.052980899553739386,-2966.4748441723377
51.48194931159873,6.696699162214433,7928.316045204516,0.003370142940509362,0.03333567181957338,0.22149645084824368,2.1097271839406995,1.3686538158316188,1.3693126320694498,2.3588642870626435,933.2256638615346,0.0002687821274862715,0.7169095779202235,0.05275148820132932,-2966.787046643659
51.424898602632425,6.771272967450717,7973.886131101789,0.0032484103973121578,0.033304017258552726,0.22041662945664736,2.108919133963579,1.3595273010948632,1.3684220007198942,2.3610710241172526,938.0711897759498,0.0002764467330701187,0.7145144985604388,0.053527749346626644,-2965.1197665079094
51.53409310401598,6.798867856793596,7920.795138888922,0.0032803632176244017,0.03376803274976771,0.21987785974484902,2.1085921926952986,1.3674995411258226,1.367796367598215,2.3604549937081916,941.5040852540492,0.00027731955415369265,0.7132745509919627,0.052934569168640144,-2967.4519873861323
51.48179930760067,6.790216096461666,7995.85203680413,0.0031988249496414886,0.03339244562733209,0.22019765209443506,2.107961912375826,1.3628341683213314,1.3674149050022222,2.3629459017305363,954.5670389117419,0.00028453413222765,0.7129930879726627,0.05328729338787577,-2964.697549404619
51.42659309170151,6.8080846112299795,8007.517061865234,0.0031502279013635266,0.033205471285123994,0.2200319443902086,2.1071440537489097,1.3629543159805504,1.3672345864844984,2.3642412044439416,968.1087801429296,0.00028468958329420517,0.7132059925702393,0.05336793022057945,-2957.8057289464327
51.39042738486492,6.786300180339264,8022.241398974826,0.0031408618152580707,0.03311542103213818,0.22009372412134656,2.1074828833827794,1.3592646136319815,1.3674278118367171,2.364241299106265,965.1548730959196,0.0002834940026307617,0.7132312132978377,0.05354154035948813,-2957.382692923078
51.43731083418869,6.801679953848954,8033.853915285867,0.0031284248907510652,0.033111522638686205,0.22028565747838566,2.10685370640663,1.3638271194200797,1.367243360378697,2.365453770426163,978.7998421269219,0.0002872914247208371,0.7134242770167126,0.053160864262494126,-2957.431646201041
51.39622953924796,6.818684916925118,8004.610817925556,0.0031236601071086612,0.03322253635191015,0.2195379001328841,2.106080853766877,1.3645185372281254,1.3668139857013086,2.36564224339505,987.2156831628996,0.00028678507843348184,0.7120164955038013,0.05288356355690468,-2957.9029236217207
51.43400650914565,6.849899830622775,8029.945880407996,0.0030863265696396214,0.03325787800912975,0.2197110603019895,2.1066283291678416,1.360772261808138,1.366777821121309,2.3657461368143435,978.1233651836985,0.0002865888019460844,0.7119782292378737,0.05354831499931964,-2957.4413874182237
51.438787076670145,6.8782337878568995,8035.345716925599,0.003051686266856779,0.03330409396808842,0.21929009866150717,2.106313675555283,1.3588065416611579,1.3663424370084678,2.366111187612786,978.0310419693031,0.00028852704534428715,0.710764722650491,0.053839152061644,-2957.1764529554343
51.45952346135445,6.854321270718163,8020.751160440989,0.0031012168158714762,0.03336287907937351,0.2194867435219612,2.1067828760131517,1.3605342224806842,1.3667508575918805,2.365104354710051,973.2842992165333,0.00028558963916080446,0.7110971449211556,0.053552677186158026,-2957.791415562972
51.48666704008679,6.872710745962316,8028.034279314118,0.0030777254255668013,0.0333797028109062,0.21942991806377943,2.1065278572615167,1.360049755442349,1.3663920476730325,2.3656040233886655,976.9508199782587,0.0002866284241632029,0.7102317850489891,0.05372715203492911,-2957.6410751288818
51.47870958574214,6.857725646131012,8026.111728886609,0.0030869687338395337,0.03339913733437837,0.21931021969932663,2.106704294691781,1.3597095533379773,1.3663897035669068,2.3655056078512304,975.4896413934915,0.00028802253594408894,0.7104693505161566,0.053665424211202205,-2957.511369138963
51.47870958574214,6.857725646131012,8026.111728886609,0.0030869687338395337,0.03339913733437837,0.21931021969932663,2.106704294691781,1.3597095533379773,1.3663897035669068,2.3655056078512304,975.4896413934915,0.00028802253594408894,0.7104693505161566,0.053665424211202205,-2957.511369138963
51.46188325959487,6.812914996635545,8036.66721963348,0.0030955705669543933,0.03321126925967839,0.21975897604447275,2.1064997470958207,1.362538556326331,1.3665258904854358,2.366016543308595,983.2787642799894,0.0002882564615737786,0.7114943935910857,0.05342119610170085,-2957.450658391181
51.44033994284062,6.7599814258613975,8019.802156248585,0.0031313399234025588,0.03315924629317893,0.21981759550234148,2.106739850466527,1.363101189843749,1.3667992008020255,2.365392840030593,979.1410032943686,0.0002856668881485483,0.7116640395160482,0.053300901701367115,-2957.7771845727443
51.451538225655554,6.807932377234742,8014.003770416597,0.003105744649935997,0.03325439708761354,0.219353776368876,2.1066570841844587,1.3602544006988462,1.366513025525194,2.3650392842872314,972.8053738893241,0.00028268985329073254,0.710400577274506,0.053831950309662605,-2957.987417096514
51.50842619748525,6.8289567952653165,8003.300264081796,0.003130074636010861,0.03333721252161984,0.21924787870211795,2.107210275878809,1.358439878669813,1.3666883091139217,2.363863465011078,958.2481098212769,0.0002787004310541551,0.70968421099694,0.05422589796879716,-2958.3890214318158
51.495329653468545,6.786455615318609,8004.311942024784,0.0031452429216919956,0.0331931583783583,0.21939040308319244,2.1076705261646254,1.3578310743604525,1.3668561622089692,2.3633621268314506,952.6100116621135,0.00027627828569125687,0.7106462376343912,0.05445616016039774,-2958.3616165346575
51.495329653468545,6.786455615318609,8004.311942024784,0.0031452429216919956,0.0331931583783583,0.21939040308319244,2.1076705261646254,1.3578310743604525,1.3668561622089692,2.3633621268314506,952.6100116621135,0.00027627828569125687,0.7106462376343912,0.05445616016039774,-2958.3616165346575
51.495329653468545,6.786455615318609,8004.311942024784,0.0031452429216919956,0.0331931583783583,0.21939040308319244,2.1076705261646254,1.3578310743604525,1.3668561622089692,2.3633621268314506,952.6100116621135,0.00027627828569125687,0.7106462376343912,0.05445616016039774,-2958.3616165346575
51.46399440075112,6.814361116304664,8026.86140128707,0.0030878545043454735,0.03320909043088253,0.21900475514058682,2.1067857540572734,1.3572458543604493,1.3663266353469945,2.365158709244544,969.3308208032672,0.0002821647812499788,0.7096693271392022,0.05419075769108599,-2957.913808785732
51.512731920036146,6.814177822318065,8016.390377922823,0.0031018692725222514,0.03328152959475435,0.21885390099141205,2.1066178555214083,1.3599310955851833,1.3661201312146174,2.365023037490735,966.5762981265642,0.00028331247143294783,0.7094568620830621,0.054164175224800895,-2958.0515059494137
51.512731920036146,6.814177822318065,8016.390377922823,0.0031018692725222514,0.03328152959475435,0.21885390099141205,2.1066178555214083,1.3599310955851833,1.3661201312146174,2.365023037490735,966.5762981265642,0.00028331247143294783,0.7094568620830621,0.054164175224800895,-2958.0515059494137
51.53000083607446,6.912187426592769,8048.220029573047,0.0029940736915297413,0.033420746300907,0.2183632644796047,2.1043979486907887,1.3632943734723213,1.3649684974005387,2.368699098754065,1008.9841358865152,0.0002963184642832835,0.7071042177846636,0.05330493764742008,-2957.4566142111757
51.53000083607446,6.912187426592769,8048.220029573047,0.0029940736915297413,0.033420746300907,0.2183632644796047,2.1043979486907887,1.3632943734723213,1.3649684974005387,2.368699098754065,1008.9841358865152,0.0002963184642832835,0.7071042177846636,0.05330493764742008,-2957.4566142111757
51.53000083607446,6.912187426592769,8048.220029573047,0.0029940736915297413,0.033420746300907,0.2183632644796047,2.1043979486907887,1.3632943734723213,1.3649684974005387,2.368699098754065,1008.9841358865152,0.0002963184642832835,0.7071042177846636,0.05330493764742008,-2957.4566142111757
51.60679854456828,6.822060632344787,8010.571809119526,0.003109886377909219,0.03344809925509298,0.21904947417601547,2.106613233988327,1.3650739629312074,1.3660507849556947,2.3656009603475043,978.9506969006995,0.0002861297709333999,0.7093996658322856,0.05345706079628409,-2958.6909096480185
51.593353589133294,6.851994985547165,8010.569776552811,0.003090957867374404,0.0335591740746664,0.21866950938281002,2.106555950639467,1.362166522201982,1.365899708982897,2.365596774897212,977.6792745780191,0.00028650724679748336,0.7083049138694767,0.053537728779280744,-2958.592289161201
51.595732190623394,6.802468753529293,8035.614721197315,0.0030788135193523026,0.03337339421835035,0.21890678925315962,2.106489541669506,1.3633394236601477,1.365716570801907,2.3665298314566914,980.4203295473906,0.000291607485805333,0.7093115485426724,0.0535856390117437,-2957.601393922008
51.595732190623394,6.802468753529293,8035.614721197315,0.0030788135193523026,0.03337339421835035,0.21890678925315962,2.106489541669506,1.3633394236601477,1.365716570801907,2.3665298314566914,980.4203295473906,0.000291607485805333,0.7093115485426724,0.0535856390117437,-2957.601393922008
51.62181347846102,6.793409029195185,8008.179366298618,0.0031238731618339487,0.033407250667659816,0.21915630636340994,2.1066140083955034,1.3680214696850865,1.3658857283150607,2.36535575715535,972.1931737371415,0.0002884524627516782,0.7103712815255541,0.05356100385432912,-2958.8830305289034
51.62181347846102,6.793409029195185,8008.179366298618,0.0031238731618339487,0.033407250667659816,0.21915630636340994,2.1066140083955034,1.3680214696850865,1.3658857283150607,2.36535575715535,972.1931737371415,0.0002884524627516782,0.7103712815255541,0.05356100385432912,-2958.8830305289034
51.62513170631032,6.811703164028078,8027.230053858844,0.0030995854848361423,0.0333183818166722,0.21940778128355573,2.1066225050571497,1.3668547966069693,1.3658947232348693,2.365628751379103,971.2561267876813,0.000288155445222597,0.7106927531294173,0.05396851602343096,-2958.3498221384093
51.62513170631032,6.811703164028078,8027.230053858844,0.0030995854848361423,0.0333183818166722,0.21940778128355573,2.1066225050571497,1.3668547966069693,1.3658947232348693,2.365628751379103,971.2561267876813,0.000288155445222597,0.7106927531294173,0.05396851602343096,-2958.3498221384093
51.58553438985081,6.897970088654656,8037.373415522823,0.00301087164335578,0.0332904336748756,0.2187688475756746,2.10489614936501,1.3689248605248923,1.364942224433657,2.3676971590449805,996.324788523483,0.0002931391566228772,0.709877304340944,0.05390542468759507,-2957.982348204419
51.58004721335597,6.881110237347851,8048.654941111108,0.0030102213479814665,0.033260678215855766,0.21880126966179814,2.1051315447691725,1.3676141173877512,1.3650182350234679,2.3677982660344927,995.4537053128371,0.0002943102257361123,0.7100196426576815,0.05392550111897098,-2957.6379985150293
51.61796493218121,6.897277573546528,8012.363323759422,0.0030492625072636504,0.03344832693173772,0.21856153816125584,2.1052368492298443,1.3697287638014237,1.3650553045211617,2.36662747412805,987.8894909490849,0.00029036766493227724,0.7096665797740507,0.05391184520365426,-2959.0785453024623
51.548870504464794,6.907397057169451,8048.565098802437,0.00297570496479578,0.033421448024709,0.2179308508353618,2.1047238214886823,1.362164045361484,1.3645663729398496,2.3680901616463848,994.2576409658437,0.00029598722524478604,0.7076319175248991,0.05415754610916512,-2957.291046563355
51.56920386845184,6.932765757567417,8052.393314309438,0.0029543289966999725,0.03347914617473923,0.21776775688842787,2.1042501281814268,1.3641846855786262,1.3642111609782597,2.368827644704448,1003.6949125984906,0.0002992669157722067,0.7071826090673566,0.05399129408288314,-2957.2810867456874
51.56920386845184,6.932765757567417,8052.393314309438,0.0029543289966999725,0.03347914617473923,0.21776775688842787,2.1042501281814268,1.3641846855786262,1.3642111609782597,2.368827644704448,1003.6949125984906,0.0002992669157722067,0.7071826090673566,0.05399129408288314,-2957.2810867456874
51.578918004004876,6.922806970221586,8047.305963254654,0.0029623918616646394,0.03340830885769535,0.21819954407554762,2.1039985925358113,1.3677929890345637,1.364222806061702,2.36894638417633,1006.8930821068909,0.0002995524375100862,0.708162202235319,0.0539137980415205,-2957.480492840475
51.595097111926506,6.919131483167266,8050.202923638047,0.002979335982131654,0.03336780241494867,0.21852398880855686,2.104663450202938,1.36590743708128,1.3645770514649669,2.3682122555394503,996.6258136654686,0.0002962504527543769,0.7087845862522404,0.05424424810477544,-2957.4634687355133
51.595097111926506,6.919131483167266,8050.202923638047,0.002979335982131654,0.03336780241494867,0.21852398880855686,2.104663450202938,1.36590743708128,1.3645770514649669,2.3682122555394503,996.6258136654686,0.0002962504527543769,0.7087845862522404,0.05424424810477544,-2957.4634687355133
51.57972032278737,6.90395962762533,8033.840784562786,0.002999329458615468,0.03333819399337515,0.218459506419297,2.1043170303350944,1.3696194836133857,1.3646790990625808,2.3684000241649503,1005.3242626472396,0.00029616504202080446,0.7098750693954098,0.05375533768932194,-2957.9072648382135
51.58964699737221,6.82270604288729,8053.260578010929,0.0030259936459278605,0.03315414561134444,0.21898675474719737,2.1052039274770387,1.368288681873949,1.3651235595328983,2.3680052449454747,995.5046076503359,0.0002953602492427546,0.7110840040361072,0.05388187328691713,-2957.445316478377
51.64136966920305,6.881305842936467,8015.258642564484,0.0030349220649113534,0.033490853639552495,0.2185479609153591,2.10504352852523,1.371337528381471,1.364778905997683,2.367435719983159,996.8710627244808,0.00029331775323490454,0.7097453922856748,0.053702554382256504,-2959.1771291200507
51.62827305814359,6.885210366376658,8046.34519936823,0.002991815936023603,0.033430000859845425,0.2185882264924131,2.1046468115683608,1.3699319857479835,1.3645192468635232,2.368717991599162,1005.748910075467,0.0002990459239548829,0.7093981863880862,0.05366344038636843,-2957.8328904495593
51.628984072836424,6.841660265994225,8051.496818828044,0.0029966917270050552,0.03342507246485409,0.21882902962855602,2.1050905271506135,1.3707808100209657,1.3645086840166618,2.3687308757014396,1002.4774307455093,0.00030163923892075143,0.7102132685485454,0.05353558611684857,-2957.6401968071227
51.63368431695919,6.88132257906102,8046.916460960355,0.0029774056791138544,0.03351388899303185,0.21872893347640834,2.104338962318126,1.3740770097238042,1.3640432781209122,2.3694810266690167,1014.5862634592662,0.0003048806227878096,0.7100054627195669,0.05323849973109646,-2958.181034895733
51.61944105535425,6.874932799932161,8071.937520050453,0.002954445852527436,0.033410842463301296,0.21895634227210717,2.1040833669120707,1.3721263459936632,1.3640537020826136,2.3701234130703215,1017.8657735826462,0.00030761145569828017,0.7097574464086631,0.053343300322149734,-2957.004722512284
51.62954480911798,6.88069552162958,8065.57604701716,0.002947453392974465,0.0334819972727102,0.2186893367025776,2.1037304785601147,1.3736766240968343,1.363793087106755,2.370486830805663,1025.8570464648037,0.00030804572970833543,0.7090351324716194,0.05306809485402921,-2957.395516999475
51.623350722153845,6.751518829065507,8048.9682104882395,0.0030412286802710786,0.03320714887543962,0.21982690384583176,2.104742558446191,1.378895388399356,1.3645937351420372,2.3690561689030227,1014.4009498412489,0.00030133763255827794,0.7120870037902864,0.05290609816460727,-2958.0573779392034
51.60433035837853,6.76986488291999,8076.2280881347815,0.002994060020573891,0.033148152918356606,0.21969678937960693,2.1044282232764546,1.376034116115013,1.3643416358686835,2.370048094766883,1020.4906120657644,0.0003045277728910876,0.7115454009364376,0.053067522720012514,-2957.1857820620176
51.60704604051941,6.687728601405247,8064.207715488727,0.0030548504163522743,0.03306023800172642,0.22011027594885824,2.1054664477914544,1.3759667173440577,1.3649967607393056,2.368808284475574,1006.6189905007648,0.00029960738097573313,0.7126532457005474,0.05304665540762746,-2957.483536470188
51.61314713111352,6.657120532097856,8041.516899691307,0.003099329420020248,0.033065392351010824,0.22032346195725785,2.1059696069823852,1.3787454488085005,1.3652969085455058,2.367826869392043,1001.0344148784786,0.0002954910029313328,0.7136769608444933,0.052902008342713705,-2958.2714044721292
51.64578565434617,6.672694379678074,8047.6238613120895,0.003094163104029963,0.03305299363932118,0.22055801258359553,2.1061726685725923,1.379553536601277,1.3652971953980089,2.367809945810117,1001.7252938137784,0.00029533891604407336,0.714276308571845,0.052951291379837125,-2958.33062229585
51.65280090398202,6.645135442956786,8057.990372469173,0.0031010418447783472,0.03293394828477769,0.2207385348730327,2.1061377039637974,1.3807229980010205,1.3653252267888172,2.3679845745930344,1002.9869955108608,0.0002967426046827427,0.71486610934365,0.05297136655557064,-2958.0381957440404
51.583739058532295,6.776939080089694,8092.347979817374,0.002966173863225183,0.03298331766103412,0.22009492350722087,2.1034232694801753,1.3815512951276039,1.3640814764972715,2.3714122664244024,1045.653400064605,0.00030850658123021625,0.7121019776289345,0.05254347969088032,-2957.3937612687705
51.568791961202095,6.718319127214691,8081.740904014064,0.002999812904759095,0.03296622032914737,0.22014373369037904,2.103676518521083,1.3830511680582016,1.3643313312188954,2.3711304501040837,1045.2854517516002,0.0003083061540045516,0.7125832189280923,0.052211755033398456,-2957.5173760958273
51.57922942005545,6.671776571063894,8090.957073466205,0.003020564998343586,0.03286351358091838,0.22054202304291745,2.1040835311706436,1.383052601088862,1.364511356112634,2.3709700787503207,1040.1491942788052,0.0003089067725419297,0.713203977679552,0.05222317001017878,-2957.4235211376363
51.6011423876116,6.69726993540651,8067.819636430724,0.003042133630399696,0.03303024312637258,0.22040501265980209,2.1040240426845953,1.38621895040039,1.3646593830453362,2.370741883217714,1044.0168830454056,0.0003082379637649062,0.7132737110199954,0.051744355038550835,-2957.7805672768536
51.60271709166736,6.810989410884535,8110.392693161854,0.002924117811891743,0.03311653335140665,0.21911147660603297,2.1024081193806796,1.3817800908433742,1.3633397123950648,2.372822299912788,1058.351461994339,0.00032089505444553204,0.7106383362688538,0.052318571519276394,-2956.528645439523
51.65011706089183,6.868232437389292,8057.491094859772,0.002974986253021224,0.03351749823664277,0.2182147799776839,2.1025206120065274,1.3828957905534,1.3635036037785953,2.3716001870912824,1053.7089984927004,0.00031671781183113313,0.7090736064040761,0.05187464922529962,-2958.160076397313
51.695462309441105,6.794468976460529,8050.6710221307,0.0030235810602928063,0.03349115929971958,0.21862184888730668,2.103254341787769,1.38619425360242,1.3637956747679945,2.370933053400663,1050.0526634537928,0.00031400948477712336,0.7098132318338216,0.051620642933082495,-2959.033635906148
51.649901702118974,6.766700625970731,8102.457247674441,0.00297516396708587,0.03316113352302686,0.2191200177745641,2.1035092997747302,1.3817827178642155,1.3638094831351446,2.3717344970145344,1048.199396027293,0.00031684048557541265,0.7106580998806146,0.05222379318330002,-2956.8478675887413
51.67115675751248,6.79664674350251,8074.356984853076,0.002998976107890648,0.03326784673171291,0.2187848768241555,2.103368801386499,1.383383789454424,1.3637793578380975,2.3710538363971922,1043.827792831624,0.0003150529147957509,0.7101061027445472,0.052248895813286296,-2957.497218949839
51.64354121556999,6.830621064406198,8125.243915757398,0.0029083080638189324,0.032985955141201735,0.2187629409888814,2.101340127331941,1.3863440882176852,1.3628130560158835,2.3738701763401693,1078.4408357076022,0.00032707594233871554,0.7100202935687348,0.05193304137453088,-2957.0214706547954
51.66126333062672,6.887334899748588,8139.059495069245,0.0028635571181530968,0.03312265824253484,0.21827614830239384,2.100956663482626,1.3848959608361882,1.3622935648117258,2.374561453327631,1085.8673433229646,0.00033189431626004984,0.7085769094049839,0.0519335829583296,-2956.5479485758506
51.72149360037561,6.945254247316104,8098.239804016978,0.0028911599039993406,0.03339505789050427,0.21792381584491585,2.101269649517237,1.385536940086524,1.362395732700886,2.3733891346042038,1074.6299088986923,0.0003255545852091693,0.7080027528369829,0.052107151881611274,-2957.097905785723
51.71659736627417,6.946933759081091,8090.3024349086845,0.0029003113556621413,0.033485873998412116,0.21774924733926374,2.1018800644902687,1.3829820436036881,1.362571640150957,2.3727471545653107,1066.6515843486543,0.0003228616921289822,0.7078078065350654,0.052227219711492585,-2957.259725637012
51.728993690719896,6.869483820547831,8096.835128415118,0.00294976573095917,0.03332388531589644,0.21854732420505152,2.1032165009514205,1.3819465569095504,1.3635152915676336,2.3716712189714824,1050.1395723832964,0.0003176722147890253,0.7099563489514777,0.052480043163697754,-2957.1520710247355
51.725316860819255,6.945525500969659,8110.584534590743,0.0028797549201155094,0.03346740853419582,0.21806933644504584,2.1020024157472736,1.3823340600977287,1.3627639170581776,2.3733085169661576,1069.9807224569913,0.0003257836684635269,0.7086859194157471,0.052212076140981674,-2956.744967513857
51.72047308147002,6.92065475607269,8106.430337694482,0.002911732802506526,0.03344410011118649,0.21828024850176628,2.1028080326505463,1.3789594169640413,1.3633721176034643,2.372432483145569,1057.9894097016165,0.00032076955521354077,0.7089030079997173,0.052396677627152624,-2956.7084357387157
51.71033303913059,6.9439732540526045,8129.559139598199,0.00286744317202243,0.033460548168648636,0.21809964452928018,2.102083307438184,1.3798189736323867,1.3627872316925802,2.373843316039679,1075.53456907259,0.00032820685691701575,0.7083142742160924,0.0520833755635247,-2956.093574517241
51.69952129075784,6.944800788185226,8129.431808090271,0.0028586154273554324,0.03352129577715281,0.2178190934860275,2.101952394182618,1.3780628889147035,1.3626993788552024,2.3739651563231554,1074.6256616851613,0.00032992256939850807,0.707516527536921,0.05206624144855413,-2955.874943381449
51.69952129075784,6.944800788185226,8129.431808090271,0.0028586154273554324,0.03352129577715281,0.2178190934860275,2.101952394182618,1.3780628889147035,1.3626993788552024,2.3739651563231554,1074.6256616851613,0.00032992256939850807,0.707516527536921,0.05206624144855413,-2955.874943381449
51.69952129075784,6.944800788185226,8129.431808090271,0.0028586154273554324,0.03352129577715281,0.2178190934860275,2.101952394182618,1.3780628889147035,1.3626993788552024,2.3739651563231554,1074.6256616851613,0.00032992256939850807,0.707516527536921,0.05206624144855413,-2955.874943381449
51.668936683105024,6.943040201562745,8131.00631343912,0.002851598228508059,0.0334893700628257,0.21769473612653362,2.101500793376438,1.3811335739332997,1.3625491276651756,2.3746357760401393,1089.6857102634256,0.00033238772545873027,0.7079774726289043,0.051515989188064666,-2955.985571700634
51.68136652280579,6.883511751487401,8121.656726859263,0.002886849857522793,0.03347442872789481,0.21764270151284063,2.102621240171297,1.3800896460679875,1.3627015797262518,2.3736366800777735,1072.9488944153181,0.0003294288777342438,0.7084796323064463,0.05180093973074482,-2956.0861921477344
51.62949052586144,6.906470460153368,8142.06916439463,0.0028346243580134396,0.03338003560233115,0.21766492477096494,2.1019061016622276,1.3785561818555325,1.3623866207405793,2.374706412968205,1085.8984079575416,0.0003331302560226718,0.7081138126518739,0.05176008124316766,-2955.571443845456
51.62949052586144,6.906470460153368,8142.06916439463,0.0028346243580134396,0.03338003560233115,0.21766492477096494,2.1019061016622276,1.3785561818555325,1.3623866207405793,2.374706412968205,1085.8984079575416,0.0003331302560226718,0.7081138126518739,0.05176008124316766,-2955.571443845456
51.70043359890279,6.8435681898919825,8075.573813290542,0.0029691622971918822,0.033457296487478,0.2183787768845014,2.1034464392134007,1.384499628604537,1.3635321008124537,2.3718723352149222,1060.497016189152,0.000319116182149689,0.7101821102178401,0.051609478782658764,-2957.828390363854
51.674533137956296,6.825161910792488,8117.46669299615,0.0029423669110981423,0.03319692844923006,0.2191960437478487,2.103070583189826,1.3836487819570815,1.3637044610478752,2.3728530800875207,1069.3122837713377,0.0003207284745539381,0.7109120226082359,0.051667677212630186,-2956.692612339099
51.684534509537364,6.871680293907453,8116.335621169057,0.0029266249239980474,0.03328052550249312,0.2190999695367678,2.102863553948553,1.3832741999414004,1.3635529343793165,2.373018509230577,1070.6438349184377,0.00032085322593096373,0.7103605362776568,0.051739696016971246,-2956.747687154836
51.65739262831546,6.934598873976125,8129.551572870052,0.0028626578177957033,0.03335063169794832,0.21848115951770034,2.101716932914516,1.3826212165161884,1.3627964565247839,2.374370065253015,1086.9537921460533,0.0003280650928396043,0.7087961757394017,0.05160399554149017,-2956.265665484247
51.69421001287121,6.895777262390041,8109.841848881988,0.0029142816515127343,0.033364312807118594,0.2186781410662814,2.1024151387807106,1.3835103656548515,1.3631709771192764,2.3734656186174674,1075.751640629225,0.0003248430030003581,0.7094798335434653,0.05163857135054721,-2956.6227035157194
51.68642844907848,6.925876371534688,8118.826046513799,0.002897723839019291,0.03335528917029083,0.21846287278631554,2.1028701969676096,1.3787445033844796,1.3631461806633662,2.373089017603852,1062.8851194796844,0.00032407186140817086,0.7091307184366211,0.05233327283547118,-2956.1081271597523
51.61513190400662,6.926099582665426,8122.973490269749,0.0028705859435719967,0.033396653076711136,0.21796046505365912,2.102541711044182,1.3756894069917835,1.3629321431716797,2.3737178285779805,1070.8775012404687,0.00032640066719174116,0.7081188060472636,0.05204700778559862,-2955.7844026228727
51.623810284596814,6.898519150988022,8130.240574942103,0.0028796460060692753,0.0333420699106159,0.21799900287897644,2.102642284712405,1.3766881172437908,1.3629840306823136,2.3738337105861493,1072.8653939763678,0.00032671476845306076,0.7084292433393525,0.051909390344709504,-2955.867756761707
51.623810284596814,6.898519150988022,8130.240574942103,0.0028796460060692753,0.0333420699106159,0.21799900287897644,2.102642284712405,1.3766881172437908,1.3629840306823136,2.3738337105861493,1072.8653939763678,0.00032671476845306076,0.7084292433393525,0.051909390344709504,-2955.867756761707
51.639926645791185,6.852771973483971,8102.622637055647,0.0029690968158527504,0.03320751311020108,0.21889965680808612,2.1035794047947602,1.379663503237642,1.364037999113925,2.371983852105285,1053.6263297087073,0.00031760560923186433,0.7108756619984195,0.05215405231718435,-2956.5868313224387
51.6250472214227,6.825479973807102,8103.097854159184,0.002967618780976263,0.033120051594819955,0.21878396525444826,2.1034444645197388,1.379164111716929,1.363888518505795,2.3721524965859935,1054.28976887424,0.0003177275626167351,0.7104743464423312,0.052164375800534714,-2956.6526090983175
51.62186550370738,6.830439614475932,8111.79067056137,0.0029323942463994443,0.03314047220059323,0.21853256497579732,2.102348611478325,1.3827201800975542,1.363234221609028,2.3734857182286238,1075.1447454071772,0.00032438412323773,0.709907891717198,0.05163714407112581,-2956.623223740417
51.55349166981417,6.771803179771425,8102.299385093898,0.002923736771717205,0.03311468029276295,0.2182489419738251,2.1021482434099257,1.3843394622056855,1.3628669151072756,2.374000597463606,1086.694781672688,0.0003269707295795493,0.7098082925442899,0.05096956232166883,-2956.867701333153
51.51948864586143,6.794247584742315,8120.674481253807,0.002894088697879646,0.03306253972344393,0.2183421244403804,2.1024445485935965,1.381546292856204,1.3627829970254965,2.3741344983600094,1080.105673663183,0.0003289682535639968,0.7106175458838994,0.0513338187072998,-2956.387050952323
51.51253693976066,6.772145522339191,8109.365471370511,0.0029176530325535585,0.03307021899246305,0.21825532048658805,2.1029604599734517,1.3807999230087271,1.3629806378900164,2.3734981434563505,1072.2380301890364,0.0003262760177461273,0.7110374331636973,0.051373115781800566,-2956.361239365606
51.431449995211594,6.877978146708937,8134.454010273501,0.0028142812740316174,0.033112624279078934,0.21743258200904314,2.101365928143057,1.3767207010471916,1.362125117644505,2.3753611652158124,1093.427971732886,0.0003332971276554353,0.7085329048539456,0.051370749970735576,-2956.8777473283258
51.3745308323339,6.843793995444784,8072.074179188198,0.0028984868386836477,0.033199984323311144,0.21724612843905652,2.1019876063182688,1.3770986937025063,1.362893315715699,2.373418247288563,1072.830368586484,0.0003237584525533409,0.7093759424038083,0.051274144216721024,-2956.71482295778
51.45836873249433,6.786591013750925,8052.746406698669,0.0029754477099757136,0.033398721965510074,0.21759149147738718,2.1040338052355105,1.3749633814955537,1.363913208916535,2.371490843530248,1047.432137108439,0.0003156817686330394,0.709856830570171,0.05129267701007186,-2956.6512766313667
51.40192183481044,6.710170720221679,8077.632799312577,0.0029890365757930673,0.033070529634817485,0.21812107239821235,2.10434424353824,1.3749481396010288,1.3641640252820322,2.371704588622829,1049.3399834863767,0.00031555116653110804,0.7108663078926796,0.051227820693536555,-2957.0217585228115
51.365087206747404,6.817946455074832,8039.194334762199,0.0029640189860938903,0.03335383783444784,0.2170657248768792,2.1027099433036396,1.3792314585292769,1.363551141833768,2.3723990345431334,1069.372114517615,0.00031715990025886183,0.7092813188692145,0.05058877298289241,-2957.2642067860215
51.39880956879291,6.723922828202472,8019.365550603305,0.003056957214698412,0.03320247770704241,0.2177437158615335,2.1045029441834053,1.378878805838377,1.3646360620020503,2.370226224956064,1041.9382143182693,0.00030737035103168474,0.7112887017143055,0.05094307387469662,-2957.772522425842
51.44426573377584,6.7323112091894615,8023.374873658147,0.003047987394023883,0.033244258353859066,0.2178459404835576,2.104367266927648,1.3802445087397963,1.3644266140450543,2.370526982300163,1045.0193399757409,0.00030970748031029874,0.7112711350465187,0.05099891119011586,-2957.6708914078654
51.46048098984498,6.744498879078435,8096.051885287433,0.002963680154963623,0.0331420636990375,0.21792282752775932,2.1042365213245984,1.3747571332442288,1.3638206842092147,2.3721751792132864,1048.5509662319955,0.00032030245972707527,0.7103164306463075,0.05155670878531348,-2956.355182512625
51.46970431280177,6.892157558436175,8098.951261232023,0.0028563344819099645,0.03344575765716997,0.21639055806277702,2.1021490904341773,1.3743241685076666,1.3623458434835112,2.3741113246354026,1074.7239048195665,0.0003297898226054246,0.7069622682126724,0.0514178751310833,-2955.9357718577976
51.476750505006606,6.869790673857256,8121.961433780689,0.0028580616089639763,0.03340075157437359,0.21701065499813585,2.102559973811104,1.3724414160651208,1.3630089534298961,2.374546000783246,1076.039103659266,0.00033109985951539723,0.7075798977841399,0.0511794442598054,-2955.6428579810677
51.46867582750754,6.839458164271171,8104.516715527585,0.002898930907762258,0.0333561714836449,0.21739615373143076,2.1032590017243935,1.3741661781250247,1.3636727815247947,2.3739215514941807,1072.194141646752,0.0003259398598199999,0.7093341086180197,0.050922803490858023,-2955.874016437405
51.508840995117055,6.836208470986538,8129.201451100776,0.0028914530574756844,0.03329768704814118,0.2179166476805772,2.103626959502713,1.3727591880295356,1.363892210289586,2.374198613198474,1073.1389725660142,0.00032582273010727116,0.7096315905534367,0.051067969145944685,-2955.7490779485315
51.554304446171884,6.844275799716254,8095.297219204142,0.002935136963172209,0.03345392669832798,0.21769058761718732,2.104507963040281,1.3725617672079176,1.3641527930679613,2.372746843811062,1055.1905287060174,0.0003196937065140559,0.7095144703309338,0.05136433581307718,-2956.0065990326166
51.540412313456216,6.900548579426335,8110.086027436255,0.0028846863893613275,0.03354521326743356,0.21741136497987218,2.103232815040921,1.3745192740565289,1.3635672842003428,2.374340453980004,1081.6448439180979,0.0003265775350996173,0.7081580875117434,0.05075205333753618,-2955.8429292206793
51.540412313456216,6.900548579426335,8110.086027436255,0.0028846863893613275,0.03354521326743356,0.21741136497987218,2.103232815040921,1.3745192740565289,1.3635672842003428,2.374340453980004,1081.6448439180979,0.0003265775350996173,0.7081580875117434,0.05075205333753618,-2955.8429292206793
51.59446877764106,6.885620848219027,8056.715782379138,0.0029647164346760235,0.033699147570220814,0.21754720895813115,2.1039356554482147,1.3782083643810668,1.3640038534337844,2.372469757448015,1065.3541268937286,0.000318596197309743,0.7083471171213702,0.05067393770938691,-2957.5959697221024
51.58038273010619,6.744601783445553,8096.7647745871345,0.003014554614925161,0.03328801927670749,0.21881576879861037,2.105350865716815,1.3759916207961471,1.3650430424713633,2.3719968438741903,1053.0558240436442,0.00031770552377543464,0.7109469427240906,0.050792116754174894,-2956.238523526791
51.61332741906908,6.7655043732445215,8056.909842470194,0.0030657240677231484,0.033523034357916676,0.21884190798284975,2.105461971646842,1.3804195330841296,1.3653445693673743,2.371050977620323,1054.897987585934,0.0003134263917376717,0.7111084765632044,0.050229127160372415,-2957.888088048999
51.660330635340216,6.800938187889848,8073.931347762768,0.003008983103679173,0.033472811594363175,0.21907488219527263,2.1034998936022262,1.3908253193401587,1.3643234832996023,2.373300277528151,1091.0830095047704,0.00032275638762880297,0.7112045714136784,0.04954419239908918,-2958.172795458006
51.5649174832879,6.862143152228196,8133.879025051254,0.0028959464218216223,0.03335549118711273,0.2188121982491143,2.1027148310847528,1.3827929529681198,1.3638593633355875,2.375355623692225,1104.4533860204597,0.0003324534246454615,0.7104255246829813,0.04980980137638537,-2955.8134618192357
51.47537074147583,6.870698525628871,8166.952117956176,0.0028334607496215943,0.03313076286619445,0.21900125300821727,2.101236031712622,1.3843898543814304,1.3634615670550054,2.377162132966232,1135.2485742106683,0.00033866256203500533,0.7105369593749149,0.04930607150375553,-2956.6183533159915
51.50704734885525,6.889218546479661,8169.977373066107,0.002814018809584206,0.03332446586736655,0.2188148914208158,2.1006109367767154,1.3872197891675015,1.362924159984113,2.377927607785577,1149.3906735318737,0.00034625057679162416,0.7097432389041978,0.048681355865055204,-2955.7217824176355
51.52838508499495,6.906664513582175,8152.144780842611,0.0028404160595990524,0.03328061073326886,0.2190397344221759,2.1010188824938725,1.3882570825186702,1.3632161248004835,2.377234053886644,1138.7637986083596,0.0003423302581978956,0.7107363984657858,0.04906097634224974,-2955.7576732679445
51.53661372289754,6.917385566303125,8166.870441733101,0.002831569564606584,0.03318922738212553,0.21898821312879607,2.1009162674106725,1.3875163159193387,1.363024912809934,2.377481305598211,1137.3274995655468,0.0003472369133958285,0.7105968575841287,0.0492286273761217,-2955.612788811783
51.52617405470535,6.921491841679234,8147.022881833509,0.0028632646331833767,0.033263286052836565,0.21901960839551676,2.1008112128615224,1.390269236302824,1.3633049022253774,2.3772249338790914,1143.9192589972179,0.000343832838502159,0.710829138163551,0.04864154765740472,-2955.922932038328
51.53276741632619,6.857581905147715,8119.228884901859,0.002957241977160909,0.03329955739792256,0.21957514929817434,2.102848473263976,1.3870946690548325,1.364652756334783,2.375179331452136,1115.2146976621543,0.00033220990227996345,0.7122624984471171,0.04875931519631246,-2956.0839918415218
51.51396041545318,6.743287891438754,8138.266503522341,0.0029882589556804026,0.03316294202057757,0.2199997691852961,2.1040706511619076,1.3839531776886709,1.3652903960764793,2.3747738996281864,1104.3845874916599,0.0003302223826197923,0.7132743377619553,0.048738932327905764,-2955.8677807388044
51.52307847430164,6.760311328536048,8149.147653889717,0.002975360103981654,0.03317142642744257,0.22026946936857938,2.104266046729566,1.3831710156140704,1.3654333950840223,2.3748924802358378,1104.895002719678,0.00033003427773093216,0.713601885916134,0.048801375025987505,-2955.678196694313
51.566902430924415,6.800401583105199,8143.734929523017,0.0029352820485332724,0.03331047454409713,0.21984991644966353,2.103090115202159,1.3868204574465732,1.3643917434269262,2.3757075540996,1117.6407723979778,0.00033461336812898686,0.7120595563884008,0.04870062116569478,-2955.7814136808133
51.63811491007495,6.784703515618496,8159.667876478359,0.0029333391931694493,0.033243935097784706,0.21999830980082438,2.1032963491923775,1.3882306429627143,1.364356004764589,2.3758350930844854,1116.4756291024214,0.0003360300139893144,0.7127697057176543,0.048915962734600166,-2955.672893700108
51.698680346250086,6.70171121630635,8129.064424204331,0.003013792466484265,0.033272077314031326,0.22013931410798587,2.105152945534061,1.386414377273066,1.3649095335678416,2.3738516943819032,1082.9227833528696,0.0003286357133560108,0.713891649765872,0.049474566770468915,-2956.023419011439
51.68118361217256,6.6637518214666756,8125.831682503862,0.0030402105688367696,0.033183831557648154,0.22029102784663354,2.105475981018614,1.3868601519570931,1.3651971627630344,2.3735119185005464,1077.8174958014927,0.00032745033114188314,0.7148788676881421,0.049441559564549084,-2956.010446456902
51.65409534461851,6.595736377102707,8121.383251948127,0.0030724558834084852,0.03307414014439122,0.22019244999656068,2.1059713981833434,1.3866514174085267,1.365527611612754,2.3730774197862052,1076.059554317038,0.00032359548900836183,0.7152492007234804,0.04929208906399639,-2956.2550537517895
51.65371216749948,6.623692806885895,8098.297437885279,0.0030550125158594,0.033161355959381744,0.21983721657306962,2.1051471585673176,1.392238472853983,1.3648931063051613,2.373397188494014,1090.7467029392667,0.00032189221324132217,0.7150425713551238,0.04900345195260773,-2957.3338329106678
51.65563008299436,6.5783235183494675,8138.360162992195,0.0030084487263157132,0.03293625630750032,0.2198891171395196,2.1047696986670412,1.3932530373412295,1.364399673366923,2.3747280389284624,1102.4068261703853,0.00032880754537634323,0.7154507207188026,0.04905841942734254,-2956.6606833829837
51.63172150619876,6.645536745007547,8149.203369778392,0.0029322754006544287,0.0330788079859523,0.21919134822998462,2.1033305098343815,1.3933743651087505,1.3634650042676215,2.3762141047800878,1125.450887754654,0.0003370236196679466,0.7132738271408716,0.04873139355255328,-2956.3910373102212
51.62626167397291,6.657759112961628,8187.12026314464,0.002868193442923795,0.03306902200966362,0.21894108925338046,2.102895986334336,1.391259112065628,1.3627796494213393,2.37734447561568,1133.4942790600908,0.00034650673854447553,0.7124705683851053,0.048791590099384316,-2955.807942565769
51.60974113942639,6.654941489916258,8164.143830414778,0.002882586704346583,0.03312635471740982,0.21851798449547677,2.1024770244240703,1.393031711907745,1.362626399841893,2.3771761310165385,1134.8756147526965,0.000346834072444143,0.7121559224059081,0.04856129023871805,-2955.89401974318
51.63377359166378,6.754682814867216,8132.318525852468,0.0028594201587928323,0.03341511923887538,0.21748082496153565,2.1017608244634696,1.3932238084553794,1.361897547870838,2.376959594976765,1134.0713230082615,0.00034587652367494705,0.7100883374640174,0.04891667763382934,-2956.046043309524
51.61165462993101,6.786935018909418,8173.196946667501,0.0027648158875971966,0.03346529840396119,0.21683515840098136,2.100078913135855,1.3938266146822293,1.3603883112888873,2.3791133399255227,1164.1909859091643,0.00036247327288461766,0.7085426380757903,0.048463756593383395,-2955.094180027305
51.729754942646295,6.8317630071199,8226.286150259974,0.0026600489358617743,0.03352346170130784,0.21664290779445608,2.098833326768047,1.395117961550267,1.3586952768013734,2.3809140903517605,1180.5343951963603,0.0003773140208689197,0.706926241239088,0.048821700064424406,-2954.2465741572582
51.73772866686039,6.853338655898757,8250.340742924387,0.0026154449611519768,0.03344265564374735,0.21662023577873332,2.098086599384548,1.3960940080940296,1.3582798443622857,2.3818145383235274,1196.885543143581,0.0003812733759636902,0.7068565681561295,0.048651241009709745,-2948.033553955983
51.73772866686039,6.853338655898757,8250.340742924387,0.0026154449611519768,0.03344265564374735,0.21662023577873332,2.098086599384548,1.3960940080940296,1.3582798443622857,2.3818145383235274,1196.885543143581,0.0003812733759636902,0.7068565681561295,0.048651241009709745,-2948.033553955983
51.73772866686039,6.853338655898757,8250.340742924387,0.0026154449611519768,0.03344265564374735,0.21662023577873332,2.098086599384548,1.3960940080940296,1.3582798443622857,2.3818145383235274,1196.885543143581,0.0003812733759636902,0.7068565681561295,0.048651241009709745,-2948.033553955983
51.73772866686039,6.853338655898757,8250.340742924387,0.0026154449611519768,0.03344265564374735,0.21662023577873332,2.098086599384548,1.3960940080940296,1.3582798443622857,2.3818145383235274,1196.885543143581,0.0003812733759636902,0.7068565681561295,0.048651241009709745,-2948.033553955983
51.73772866686039,6.853338655898757,8250.340742924387,0.0026154449611519768,0.03344265564374735,0.21662023577873332,2.098086599384548,1.3960940080940296,1.3582798443622857,2.3818145383235274,1196.885543143581,0.0003812733759636902,0.7068565681561295,0.048651241009709745,-2948.033553955983
51.73772866686039,6.853338655898757,8250.340742924387,0.0026154449611519768,0.03344265564374735,0.21662023577873332,2.098086599384548,1.3960940080940296,1.3582798443622857,2.3818145383235274,1196.885543143581,0.0003812733759636902,0.7068565681561295,0.048651241009709745,-2948.033553955983
51.73772866686039,6.853338655898757,8250.340742924387,0.0026154449611519768,0.03344265564374735,0.21662023577873332,2.098086599384548,1.3960940080940296,1.3582798443622857,2.3818145383235274,1196.885543143581,0.0003812733759636902,0.7068565681561295,0.048651241009709745,-2948.033553955983
51.73772866686039,6.853338655898757,8250.340742924387,0.0026154449611519768,0.03344265564374735,0.21662023577873332,2.098086599384548,1.3960940080940296,1.3582798443622857,2.3818145383235274,1196.885543143581,0.0003812733759636902,0.7068565681561295,0.048651241009709745,-2948.033553955983
51.64983915254811,6.919751475559394,8253.083968108229,0.002551648943779441,0.03364163264636877,0.2159541045576815,2.096890465038536,1.3950387413036804,1.357609950073766,2.382752749260745,1221.1236445544607,0.0003869794924305382,0.70551804617046,0.04796322838509194,-2947.864418300927
51.64983915254811,6.919751475559394,8253.083968108229,0.002551648943779441,0.03364163264636877,0.2159541045576815,2.096890465038536,1.3950387413036804,1.357609950073766,2.382752749260745,1221.1236445544607,0.0003869794924305382,0.70551804617046,0.04796322838509194,-2947.864418300927
51.63397810503281,6.865173551938199,8269.994216796493,0.002573145198382937,0.03342360231472519,0.21680506608664687,2.0975847091291273,1.3955250351311228,1.358357813507974,2.3827169650279743,1219.362121277571,0.00038579131270074395,0.7075012620892396,0.04787150539486441,-2947.682730773753
51.671475216035,6.944054910923398,8284.088926782922,0.002521569835463897,0.03363848055168765,0.2158772505348223,2.0966276075095185,1.3954698029722215,1.3572249103502934,2.383527566241691,1233.4301185158774,0.0003965474889907125,0.705616247092263,0.04774226880453994,-2947.1848339862618
51.70278320765734,6.942476361935853,8277.98717952293,0.002535831716460144,0.03366935155993647,0.21578730891141956,2.09679107905845,1.3965438860405448,1.3572751009415511,2.3834261458363613,1231.6713521798251,0.0003955539993634931,0.7057144661845293,0.04770026086403673,-2947.432879659232
51.75840075292368,6.875786270759079,8269.90415978137,0.0025941090272804702,0.033614991871892166,0.21654495809844448,2.097924849011336,1.3986033268917926,1.3580257947382701,2.382739077651393,1216.8600976653017,0.00039243419739379303,0.7076201380939456,0.04773531188115757,-2947.7675947410207
51.709719939877736,6.897495981303834,8274.724393340442,0.0025700464968558033,0.03358510709471199,0.21636274243659284,2.0976020510679314,1.3963320081021509,1.357849984356542,2.382900304780676,1218.9450566293724,0.0003921256066609379,0.7073442933759674,0.047919458038325945,-2947.3848201586
51.728765477633914,6.949879323594928,8280.516107131454,0.0025371495038805742,0.03370944350637317,0.21623524457002788,2.0964212048695203,1.3987089055009925,1.357195045992691,2.3836059760380515,1235.5739524888977,0.0003997748491945659,0.7065177527685793,0.047579773890175876,-2947.445319864989
51.71241673446964,6.944820687393371,8275.38768166625,0.0025593026753505123,0.033669487408972465,0.2164213710520307,2.097102244913157,1.3956839685504576,1.3578221574662304,2.383117671620213,1224.1648966168352,0.00039595062731773097,0.7071908480030952,0.04784143391073026,-2947.1961656366407
51.71241673446964,6.944820687393371,8275.38768166625,0.0025593026753505123,0.033669487408972465,0.2164213710520307,2.097102244913157,1.3956839685504576,1.3578221574662304,2.383117671620213,1224.1648966168352,0.00039595062731773097,0.7071908480030952,0.04784143391073026,-2947.1961656366407
51.71241673446964,6.944820687393371,8275.38768166625,0.0025593026753505123,0.033669487408972465,0.2164213710520307,2.097102244913157,1.3956839685504576,1.3578221574662304,2.383117671620213,1224.1648966168352,0.00039595062731773097,0.7071908480030952,0.04784143391073026,-2947.1961656366407
51.71241673446964,6.944820687393371,8275.38768166625,0.0025593026753505123,0.033669487408972465,0.2164213710520307,2.097102244913157,1.3956839685504576,1.3578221574662304,2.383117671620213,1224.1648966168352,0.00039595062731773097,0.7071908480030952,0.04784143391073026,-2947.1961656366407
51.71241673446964,6.944820687393371,8275.38768166625,0.0025593026753505123,0.033669487408972465,0.2164213710520307,2.097102244913157,1.3956839685504576,1.3578221574662304,2.383117671620213,1224.1648966168352,0.00039595062731773097,0.7071908480030952,0.04784143391073026,-2947.1961656366407
51.71241673446964,6.944820687393371,8275.38768166625,0.0025593026753505123,0.033669487408972465,0.2164213710520307,2.097102244913157,1.3956839685504576,1.3578221574662304,2.383117671620213,1224.1648966168352,0.00039595062731773097,0.7071908480030952,0.04784143391073026,-2947.1961656366407
51.71241673446964,6.944820687393371,8275.38768166625,0.0025593026753505123,0.033669487408972465,0.2164213710520307,2.097102244913157,1.3956839685504576,1.3578221574662304,2.383117671620213,1224.1648966168352,0.00039595062731773097,0.7071908480030952,0.04784143391073026,-2947.1961656366407
51.71241673446964,6.944820687393371,8275.38768166625,0.0025593026753505123,0.033669487408972465,0.2164213710520307,2.097102244913157,1.3956839685504576,1.3578221574662304,2.383117671620213,1224.1648966168352,0.00039595062731773097,0.7071908480030952,0.04784143391073026,-2947.1961656366407
51.71241673446964,6.944820687393371,8275.38768166625,0.0025593026753505123,0.033669487408972465,0.2164213710520307,2.097102244913157,1.3956839685504576,1.3578221574662304,2.383117671620213,1224.1648966168352,0.00039595062731773097,0.7071908480030952,0.04784143391073026,-2947.1961656366407
51.71241673446964,6.944820687393371,8275.38768166625,0.0025593026753505123,0.033669487408972465,0.2164213710520307,2.097102244913157,1.3956839685504576,1.3578221574662304,2.383117671620213,1224.1648966168352,0.00039595062731773097,0.7071908480030952,0.04784143391073026,-2947.1961656366407
51.71241673446964,6.944820687393371,8275.38768166625,0.0025593026753505123,0.033669487408972465,0.2164213710520307,2.097102244913157,1.3956839685504576,1.3578221574662304,2.383117671620213,1224.1648966168352,0.00039595062731773097,0.7071908480030952,0.04784143391073026,-2947.1961656366407
51.71241673446964,6.944820687393371,8275.38768166625,0.0025593026753505123,0.033669487408972465,0.2164213710520307,2.097102244913157,1.3956839685504576,1.3578221574662304,2.383117671620213,1224.1648966168352,0.00039595062731773097,0.7071908480030952,0.04784143391073026,-2947.1961656366407
51.693071615077585,6.943171740694154,8258.832747105685,0.0025831000465575387,0.03365224725353118,0.2166156145854584,2.0970643796321697,1.3973394091352613,1.3581930437269651,2.3828189241342344,1222.7441054875353,0.00039162181614033016,0.7079351335996269,0.04773432469045922,-2947.808821330222
51.675605728055515,6.913970248833596,8276.107639122978,0.0025758072131986695,0.03350962686776863,0.21681525061520876,2.0973547540267927,1.395119392737209,1.3582935745001707,2.3829774726142805,1220.896301200458,0.00039324892719706794,0.7085005836751148,0.048031417179835924,-2946.94808297633
51.675605728055515,6.913970248833596,8276.107639122978,0.0025758072131986695,0.03350962686776863,0.21681525061520876,2.0973547540267927,1.395119392737209,1.3582935745001707,2.3829774726142805,1220.896301200458,0.00039324892719706794,0.7085005836751148,0.048031417179835924,-2946.94808297633
51.70861723094349,6.853993182367972,8260.401551127048,0.0026253464834647784,0.033524256658503705,0.21685343552722655,2.098400919205641,1.3958888198441808,1.3587026646659925,2.382215079927387,1206.4905559718381,0.00038732457287392715,0.7093124787922863,0.04811026221985523,-2947.6039871764724
51.71314587226439,6.866015242966402,8266.009910597666,0.0026127462466143075,0.033491833045711183,0.21702539336278948,2.097954314582638,1.3965336126493177,1.3585777113822464,2.382517756823675,1211.8587804760057,0.0003895996122571896,0.7092762520702154,0.04805680442116429,-2947.383480495744
51.7055205425726,6.926860418979459,8274.232483474992,0.0025206150688653894,0.03363328702873028,0.2157514412793955,2.0953809357260695,1.4008836575755732,1.3564308136300838,2.384183517090051,1247.9704789111586,0.00040608432140924636,0.7072006444941846,0.04743947044444945,-2947.1862592579355
51.73314428934123,6.871487670410168,8294.322431627757,0.002534127668879069,0.033504695853596465,0.21601458619194988,2.096100979015126,1.3997495258497104,1.3567314704628755,2.384139214940025,1239.3040627328505,0.000408033278263126,0.7080074734582557,0.047680789133420824,-2946.5881115175753
51.76160312908547,6.828554007827972,8270.227374784985,0.0025624864818946133,0.03350910373261737,0.21573526738896318,2.096083456584475,1.4035558299141007,1.3566542482374655,2.3839285598749527,1240.0390653050997,0.0004060166231676727,0.7078011914176278,0.04731556766651837,-2947.337243457949
51.79120036556762,6.8139750701828135,8282.650541050105,0.0025585586676497903,0.033320750331058295,0.21606007844258676,2.0962981538239966,1.4028242223323883,1.3568484121558622,2.383968124412535,1235.005558464218,0.00040382239196099743,0.7081009567250182,0.047801375803611955,-2947.270848744964
51.79048863744931,6.783717198591646,8256.248906407895,0.0026173374659235224,0.033397646421926275,0.21622121773042974,2.0973362607240924,1.4026266757972223,1.3577814048070524,2.383110079889958,1223.0958668199514,0.0003940998095364806,0.7087018173189774,0.047619466583362614,-2947.877480996041
51.79064491908687,6.826251993515129,8271.964339582466,0.002581299104894681,0.03348765782091134,0.21613673877877762,2.0968268521806106,1.4003432483480729,1.357433523404858,2.3837153222971743,1232.6725584062651,0.0004008889067857507,0.707498063124049,0.04744773267560995,-2947.230128329141
51.75686470295281,6.855670364797895,8267.766345307471,0.002564103732953844,0.03351207832818817,0.21594692138380947,2.0958728041891193,1.400822251515952,1.3571740653938607,2.384064454085144,1244.5089314825475,0.00040305922373648685,0.70663291153903,0.04710322626733158,-2947.352701960309
51.761579692356506,6.805429460696956,8262.252141915273,0.0025982470295177105,0.03351595013902516,0.21594115843446368,2.09670120888495,1.3996684206800467,1.3576017514928425,2.3835315584612937,1230.9025575309706,0.00040004115286599424,0.7070874644077603,0.04717200515354569,-2947.3332383593015
51.73926185555045,6.751806200081898,8282.336032282405,0.002602353284292635,0.03322619198365574,0.21653754787763219,2.0970483109461115,1.398892069050959,1.3580374848026497,2.3835999796495733,1228.6870745989527,0.0003984800497968951,0.7087816295776762,0.047426037050112675,-2947.4129555477903
51.7320804009634,6.8028842464213355,8267.52284774467,0.0025844617046349525,0.03336176266872454,0.21605740843423335,2.096488444603783,1.39945909202135,1.357596929011309,2.383665513122737,1235.5698229966033,0.0003966476270258793,0.7077258706460294,0.047353282094962944,-2947.6200591361494
51.76148666592149,6.830146469409563,8321.975069255055,0.0024833843763183683,0.03341119034863106,0.21555026035335428,2.094510390312855,1.400030161591141,1.3558306855233249,2.385476746131854,1265.37754167185,0.0004196484939121848,0.705389484883682,0.046958651954839024,-2947.0360640814115
51.80039878918675,6.7647231369741725,8292.921132540803,0.0025503946830841874,0.03343037275854554,0.2158132662609612,2.0949768170500906,1.4051507160868324,1.3563858806990277,2.384975621363587,1261.67941950056,0.00041674595136928847,0.7065535682621802,0.0464583844394392,-2947.145086048757
51.79300453898125,6.837632943895905,8285.598226492359,0.002516138375972682,0.03374691554807901,0.21496109635847954,2.094982536626379,1.4001318741953859,1.355984368810708,2.3850703876346833,1261.6852769959835,0.0004182539958533222,0.7044016157687838,0.046437925977790506,-2946.637509176864
51.78514399203031,6.836566813347861,8276.84465992378,0.0024923450352446162,0.03370831191201389,0.21446178105614605,2.094057415947585,1.4041893858271668,1.354971489268276,2.3852910616038177,1267.904912003685,0.00041964073741325057,0.7041751697540197,0.04665460739163993,-2947.137456643997
51.794226432843715,6.901487741305676,8329.932102200833,0.0023947620460845545,0.03391377087877001,0.2133518338395795,2.093323760009572,1.3970919067449894,1.3534901366563425,2.3863822275357833,1282.064252014612,0.0004385396659869364,0.70148261251983,0.04687406689898085,-2945.45922330663
51.76713172977041,6.84235370918438,8316.115523776247,0.0024432115461995307,0.033773229381835634,0.21381160272887217,2.0949809312697654,1.3950322925950331,1.354718540053333,2.3854690796371605,1261.3518369297565,0.00042477916091520544,0.7035683409218081,0.04724389042904602,-2945.7621858667535
51.80621959929576,6.893013689623867,8289.420466636617,0.0024371242448944855,0.034014784866245006,0.21321265424809435,2.093866389261054,1.3998826698548128,1.3540094234193338,2.3857002391028233,1275.7141701034611,0.0004283737299549606,0.7023832471547362,0.04667372940848576,-2946.573058142887
51.770793425347286,6.8677584013774435,8344.34703130322,0.002379573931810385,0.033766848386296615,0.21321159965199757,2.0933323164187296,1.3964999877219118,1.3535319263250574,2.386593474982584,1286.2700822416007,0.00044137543149729404,0.702001486403766,0.046845573460696385,-2945.560724995461
51.770793425347286,6.8677584013774435,8344.34703130322,0.002379573931810385,0.033766848386296615,0.21321159965199757,2.0933323164187296,1.3964999877219118,1.3535319263250574,2.386593474982584,1286.2700822416007,0.00044137543149729404,0.702001486403766,0.046845573460696385,-2945.560724995461
51.85746263744732,6.87020259025644,8325.258345223901,0.002414342359237766,0.03384555088334837,0.21348037017027635,2.093543793119238,1.4009292814997374,1.3536768175967784,2.3862288586735554,1279.302143617432,0.0004387730868125353,0.7025718644041491,0.0468185381239617,-2945.701108237425
51.801736807098436,6.860316688350871,8298.423243553296,0.00244798815133668,0.03385328490902261,0.21358362215321705,2.0938468692044694,1.4006518822606282,1.3543193265650086,2.385716100877721,1273.0339935648046,0.0004304241318677724,0.7033558061456082,0.046713569595417316,-2946.1813040566494
51.78301757103729,6.931736617060142,8275.7168330486,0.0024332715320449106,0.03398379936834543,0.21273423426636395,2.0938678911211532,1.394821248199651,1.353972175870421,2.3851870083042375,1258.994581456207,0.0004233735629271138,0.7011321141678405,0.0475812487863373,-2946.313268395327
51.87075686280859,6.950054313254768,8252.606032335214,0.0024615936992808014,0.034076624474182825,0.21289390244659848,2.093124136339968,1.4039562684441262,1.3537006689456177,2.3852310570690163,1268.6505856397046,0.00042316859329043883,0.7018328364805407,0.047138742281677186,-2948.182914779286
51.9364514018107,6.853425789104136,8265.971266967263,0.0025332040697407464,0.03382065958440314,0.21457133023145714,2.0953157037067642,1.4036607045270273,1.3554451160072534,2.384293135532473,1245.0523477640695,0.00041050316849353395,0.7047457463261988,0.0476046503160849,-2948.145330550076
51.94393950776774,6.904028296834252,8322.288900233614,0.0024348757712533346,0.03368727675538331,0.21445030700747422,2.0934903532504014,1.4044568620177431,1.3541590563738537,2.385833508609955,1272.5726494802445,0.0004251287575020224,0.7037719784359322,0.047595370931326236,-2946.7409044586734
51.92391322186207,6.987765097672053,8335.566765156249,0.002337755717828452,0.034014351636206135,0.21259031045195556,2.0909769324589806,1.4039244324300082,1.3518761656825666,2.3872683223293922,1305.2560032567658,0.0004470425296756843,0.6993602175714493,0.04672109640211219,-2946.191822293093
51.98549906025271,6.948329644197077,8295.602692768445,0.002399653971449003,0.0341049160509253,0.21259670593182084,2.0914069112776463,1.4106915967470415,1.3520979556892363,2.3867543707579335,1302.2796153958734,0.0004421865111170432,0.6999111234917746,0.046325927631220086,-2947.671916817
51.97695899716872,6.929317790278276,8318.293428848054,0.002358675386786417,0.034063915028880655,0.2121922585636248,2.090458063234331,1.4111774994542041,1.3510496143716733,2.3874735092690913,1316.6282632967814,0.0004533602580700459,0.6989154950423455,0.04602689393436957,-2946.8706807320227
52.007107673029665,6.972462891487712,8338.93561624083,0.002313020260442995,0.0341768536954817,0.21184144975250416,2.089360132680558,1.4115191474282127,1.3500015412272928,2.3881489845290025,1332.2446398503453,0.0004646743558862004,0.6970371917906336,0.04577474672353331,-2946.5031939571422
51.96675723858522,6.955107818275579,8362.946506729895,0.0022765700644591623,0.034015555221304165,0.21177442755847206,2.088560846992874,1.4120755403672645,1.3492569459902917,2.3886891518461804,1346.819331992668,0.000469155458769174,0.6967092415248769,0.04560895398670044,-2946.7365234912377
51.96675723858522,6.955107818275579,8362.946506729895,0.0022765700644591623,0.034015555221304165,0.21177442755847206,2.088560846992874,1.4120755403672645,1.3492569459902917,2.3886891518461804,1346.819331992668,0.000469155458769174,0.6967092415248769,0.04560895398670044,-2946.7365234912377
52.01905109388615,6.914028465444456,8346.516172794225,0.0023204012820846037,0.033996470393277224,0.21199981182915917,2.090042942076743,1.411103102090543,1.3498243581694869,2.388023198258156,1327.3179509842234,0.0004587982478365202,0.6969158219492562,0.04606240608813202,-2946.878753661094
52.03043808753412,6.901689480481789,8317.844375697729,0.0023765709516915617,0.03404217735724346,0.2122464803090177,2.0918604573552932,1.4089892116327536,1.3509128734254903,2.3869592130063917,1300.516085662255,0.0004435724296143359,0.6982822282428008,0.04671029501060716,-2947.122156360594
51.99409979293807,6.905013994848307,8273.837553767307,0.002409958849240075,0.034191979965137335,0.21171564111838861,2.0921499335342757,1.410722915122978,1.3511299184464969,2.3864994175714678,1299.3465502026258,0.00043528692727532576,0.698452653483163,0.046277562905944085,-2948.4967022050855
51.95906753309313,6.991758360014643,8414.041781903958,0.0022096965581870063,0.03387410242878602,0.2114785491522587,2.0883739603489504,1.407709322124453,1.3480421037733359,2.3893615515721818,1358.782722320414,0.00047643549768615497,0.6959250027585875,0.046090698660985106,-2947.306352870171
52.01950272789885,6.989317463848138,8371.2791399629,0.0022665796388631415,0.03410962496422679,0.21159377100074767,2.088271085167482,1.4166542658697754,1.3483515329933575,2.3890417320570965,1363.0049084807317,0.00047390443781450224,0.6967774630483494,0.045123365096862135,-2946.80754066934
52.03918519201308,6.945683156331146,8363.026880652349,0.0022791072197487685,0.0340743012099142,0.21140853219308126,2.087619762044471,1.4229988126527229,1.3477071041081712,2.3892415721127227,1372.9668373875886,0.0004805769603910683,0.6973058423651459,0.044705145626584196,-2947.1782816566247
52.05735917940895,6.954287277022978,8400.252324010708,0.002256790910703014,0.03399339385424867,0.21152962408182086,2.0883843150096295,1.4188131522522642,1.3481750276608102,2.389404426950713,1368.7914389386062,0.0004824272853205721,0.6977102487420582,0.045072446372103114,-2946.552854119797
52.0734212138521,6.901580790958356,8412.269569497783,0.0022846784898885994,0.033836891319559886,0.21234162766659734,2.089496332086097,1.4177525675775184,1.3490889932009187,2.3890530662843474,1355.965455465663,0.0004772602440816382,0.6991754564447933,0.04545673180368306,-2946.44825600211
52.05734173190646,6.974725858175205,8360.72698206894,0.002309254769473063,0.03417302953566828,0.2118346049348474,2.089866352670514,1.4149986768168126,1.3494020067840968,2.388305535712563,1338.880292271614,0.0004653759678916513,0.6979735582552572,0.04585147292521875,-2946.8524841365256
52.07125510806034,6.984318780010636,8394.20345449549,0.002228043191406324,0.03418549645406651,0.2110568236264605,2.0883416527823524,1.413842502168385,1.3473007239474861,2.389217328555371,1353.8002354720068,0.00048446787291523324,0.695448008486573,0.04598536312751162,-2945.812027761625
52.04518760073695,6.961647850076837,8350.31217790225,0.0022468400417359714,0.03411423529874548,0.21052556153359217,2.086854315972194,1.4226323029175936,1.346322986306825,2.389189310309332,1364.8761369762642,0.0004792625970571865,0.6954855795496795,0.04560439430637926,-2947.4706888505143
52.00683455593797,6.897667969059107,8351.308222464624,0.0022478089705116567,0.034215834078508346,0.2105775245241744,2.0865865594619493,1.4240152396933308,1.3461047974048386,2.3894470810708994,1377.0865052613144,0.000483524183890479,0.6950775826595346,0.04478562591640909,-2947.540163758331
51.96333564097332,6.739177345806382,8328.427375187053,0.002321579095627401,0.03425231225599132,0.21061752316473792,2.0890921496669232,1.4216495002668292,1.3473220572885882,2.388664467044418,1355.6728479904225,0.0004772287951685039,0.696739068098637,0.04443858997488868,-2947.382665936444
51.938764444213646,6.727216228477744,8322.610783074464,0.0023352642938119735,0.034146204103979116,0.21075289891236354,2.090152066581715,1.416051409348452,1.3480831581814097,2.3881248136015403,1334.6898979520888,0.0004662219786781044,0.697072491254138,0.045344169354748914,-2947.057090049398
51.91399569171483,6.682341275194563,8350.321626819994,0.0023522965925807764,0.03393481123011348,0.2119520389525012,2.0907563748477496,1.4146032081951678,1.3492527388578748,2.388118089067048,1333.0302163357985,0.00046547479438015357,0.6988183465516059,0.04528684178894136,-2946.60627195929
51.94922331355556,6.621368209730264,8308.123326288025,0.0024518737830054173,0.0339294450946625,0.21252660077579377,2.0934253157431066,1.412185687109917,1.3513358223616403,2.386559145379953,1294.0415886503724,0.0004422026925762762,0.7003081314357141,0.04596333869657809,-2947.293922555739
51.976663836412925,6.721013528224244,8320.040685249158,0.002385714037199107,0.034212566411037884,0.21188492350500998,2.0919860903615026,1.4111665122206338,1.3498126002440625,2.387209336329052,1310.3696962475863,0.0004516816227730075,0.6973691343368077,0.04581436032491832,-2947.197701977362
51.90680568563377,6.69993236744569,8300.199371485114,0.0024075980743227597,0.03416151879899612,0.2119234838074804,2.0924813443783448,1.4093439912124908,1.3505681603076352,2.386727389464955,1305.7340479537393,0.0004393745083114227,0.6979360136140514,0.045716385647080936,-2947.66665067212
51.93532513459873,6.773307256152908,8366.914430324334,0.0022859023920399494,0.03395664762654995,0.21167780845199666,2.088897797336777,1.4163248556359536,1.3478126969075932,2.3887220338402164,1353.4754351436445,0.00046794931955552197,0.6966816394193713,0.04533350265254031,-2947.394266945158
51.92840106214125,6.856666006321262,8319.325165838198,0.002302485158514866,0.03435807714125692,0.2102483368611496,2.0892505222457753,1.4140552581665327,1.347395484433325,2.388126002774852,1338.1683450309445,0.0004661660100435975,0.6953991791343004,0.04560330851245249,-2947.321937477656
51.81356123559504,6.857799440256606,8371.926472979965,0.0022233099512448426,0.03405502344697234,0.21004151092148138,2.0880355282989016,1.409765307473751,1.3468110101396475,2.3891387664057153,1358.5030676396584,0.00047932342493399563,0.6951634586635512,0.04566062791643892,-2946.7464840887046
51.86203482388592,6.867298816046418,8383.921072078678,0.002215829730099184,0.03418874644839562,0.20984501749709586,2.088276378139512,1.4092075527878947,1.3460878119809054,2.389239912194192,1359.0438226369308,0.00048623611248592425,0.6945892322907986,0.04552408996593486,-2945.894104975279
51.811436804162014,6.898649607524803,8309.553553290338,0.002265468195889286,0.034480735714949064,0.20902716628453438,2.0871847259318743,1.4147590781572879,1.3459798428484837,2.3888591763635327,1362.6101623879915,0.00048136800465545254,0.6934016917785901,0.04459757329408048,-2946.9967552123203
51.81957023751998,6.828602508606526,8302.742620180485,0.0023258727616300864,0.034405739237662554,0.2097835145481428,2.089087480444885,1.4099907640471603,1.3476578239882087,2.3881341808100314,1336.1689195570941,0.00047177589454457585,0.6940743995076184,0.04487382027950321,-2946.6161417766675
51.815632545471686,6.867585764029506,8288.59000796172,0.0023149311363855445,0.0345049894287584,0.20932296863858504,2.0880887354914393,1.413264257749567,1.346944822182563,2.3883352180294075,1343.9146091701587,0.0004796182956542984,0.6936698861038659,0.04451479276292529,-2946.8343695836816
51.84587238448188,6.829658036950846,8275.88803481263,0.0023391918347356977,0.034505646324354974,0.20927110335138635,2.0890398321913484,1.4124062220624278,1.3470319791816534,2.3879332276245178,1332.6734630152073,0.0004754018217851114,0.6940617178308903,0.044773581154094244,-2946.9597852289985
51.79996242805393,6.789849929259379,8309.236200870006,0.002307195280849899,0.03421756913900487,0.20994167240339848,2.088807176871833,1.4115337998328488,1.3469019477415523,2.3883340119291754,1336.7736665223172,0.000480577905725044,0.6946598286826101,0.04504061541121404,-2946.204082442479
51.77177569952913,6.679615620374349,8343.899539125425,0.002321043829425328,0.03392886383283568,0.2106803950899847,2.090882968951793,1.403635708784982,1.3483228081849934,2.3880205276290742,1313.548707096923,0.0004750747355294269,0.6961263053062522,0.04580739443129185,-2946.2365961313612
51.813259978159465,6.456133724006019,8306.085590778686,0.0025190395267053432,0.03359580285827565,0.21318749842001247,2.0958174295677847,1.4034841087834566,1.3524895550136817,2.3855729966022734,1253.6699113494049,0.0004435545958953336,0.7018771904062451,0.04627913901648537,-2946.105127926361
51.83504654278137,6.502868705853945,8287.80280231807,0.0025249743888010804,0.03374543107827926,0.21289235573257217,2.0956000912023067,1.404153864632771,1.3522353718850013,2.3853035163835035,1250.4386945322765,0.0004419289473879231,0.7010242665587567,0.04647795343763465,-2945.948829312432
51.855237278008296,6.442589239709527,8311.846092837093,0.002529084197968624,0.0336516117297872,0.2132299533322032,2.0958815721581754,1.4054137970829552,1.3523356768315282,2.3856999921132207,1256.2947882651622,0.0004512101213622731,0.7021325023660271,0.046069411440118085,-2945.4496339372363
51.88705339552142,6.445523427726542,8283.512614649251,0.0025854323405551504,0.03372083542565723,0.2135492416394553,2.097165836289756,1.4020831084430958,1.3535793154949545,2.3845525404991905,1231.9067995350792,0.00043647248971999945,0.7018171955489613,0.046574951312096484,-2945.728981798883
51.88705339552142,6.445523427726542,8283.512614649251,0.0025854323405551504,0.03372083542565723,0.2135492416394553,2.097165836289756,1.4020831084430958,1.3535793154949545,2.3845525404991905,1231.9067995350792,0.00043647248971999945,0.7018171955489613,0.046574951312096484,-2945.728981798883
51.88705339552142,6.445523427726542,8283.512614649251,0.0025854323405551504,0.03372083542565723,0.2135492416394553,2.097165836289756,1.4020831084430958,1.3535793154949545,2.3845525404991905,1231.9067995350792,0.00043647248971999945,0.7018171955489613,0.046574951312096484,-2945.728981798883
51.88705339552142,6.445523427726542,8283.512614649251,0.0025854323405551504,0.03372083542565723,0.2135492416394553,2.097165836289756,1.4020831084430958,1.3535793154949545,2.3845525404991905,1231.9067995350792,0.00043647248971999945,0.7018171955489613,0.046574951312096484,-2945.728981798883
51.88705339552142,6.445523427726542,8283.512614649251,0.0025854323405551504,0.03372083542565723,0.2135492416394553,2.097165836289756,1.4020831084430958,1.3535793154949545,2.3845525404991905,1231.9067995350792,0.00043647248971999945,0.7018171955489613,0.046574951312096484,-2945.728981798883
51.88705339552142,6.445523427726542,8283.512614649251,0.0025854323405551504,0.03372083542565723,0.2135492416394553,2.097165836289756,1.4020831084430958,1.3535793154949545,2.3845525404991905,1231.9067995350792,0.00043647248971999945,0.7018171955489613,0.046574951312096484,-2945.728981798883
51.85894118862328,6.462469587206407,8284.229949825694,0.00255484228215881,0.03371155828831139,0.21306049126479085,2.09479807428404,1.4114916454093747,1.352391748810196,2.3856623901464546,1267.9553421416292,0.0004492103739514638,0.7014295873120375,0.04552985217674333,-2946.415368836508
51.91508956510812,6.650479849060897,8307.670620398172,0.002404734802558467,0.03415902055680501,0.2106466102105824,2.0911440531060643,1.4134367099079657,1.348406942855867,2.387541456529304,1309.4173118550934,0.0004803712491153166,0.6956878996578177,0.04513301626905862,-2945.836995241955
51.96714586850896,6.552794960919414,8285.910091047459,0.0024272399256706485,0.034348835779354304,0.21022559918488776,2.0909779563203905,1.4186313510556545,1.347462781370747,2.3876467348881665,1315.7823518248133,0.0004854422229544557,0.6944461329481375,0.04435618671067229,-2946.610932582196
51.99215830136556,6.567174386190594,8340.896546571817,0.002371387804501619,0.0343775545108842,0.2105248438356936,2.090033917001055,1.417517220143478,1.3464884408416697,2.3886037566529725,1330.8455835347172,0.000508851354356831,0.6933838492681466,0.04400795189220594,-2944.9983174324375
51.98036339517917,6.583774181434219,8340.414668600914,0.002359536442111712,0.034570372373596885,0.2107457586923628,2.088995100877275,1.4207110776669223,1.3458732569174203,2.389031110946394,1348.1465042083896,0.0005191623566413247,0.6929087765527916,0.04320583953882945,-2945.1706499772627
51.88221539185648,6.612748791375786,8402.610741736175,0.0022538072302167845,0.03443451573014805,0.21002035993724466,2.0865341887166236,1.4204996810267336,1.3439193494344406,2.3904467204537116,1389.5152909591372,0.0005455700424090511,0.6918004897537964,0.04254125405863678,-2944.391415467498
51.86111776398012,6.51629887052599,8342.875970281355,0.002371285296641261,0.034367676431224105,0.21116458205983646,2.0888657793611567,1.4237423257588895,1.346482105864097,2.3892644747179324,1366.2795909833196,0.0005151553324682519,0.6955260487347572,0.042413556029659044,-2945.4009544209557
51.83165223012159,6.434543251126698,8330.362106529461,0.002446838084707506,0.03395463547125666,0.21269909705059387,2.0923027329237565,1.4184577912073975,1.349391343072481,2.3878669071685206,1319.1695498706513,0.0004870269639302327,0.700930417122036,0.043916039371883146,-2945.132873145098
51.84626144347587,6.561634285506734,8291.5607948566,0.002408402529946212,0.0344430399930448,0.2104339152871249,2.0908329599552,1.4165658429104575,1.3476432327688457,2.3878468310510494,1320.9414636173074,0.0004914567762398936,0.6958516295568615,0.043823519672512905,-2946.053069874688
51.793159357034114,6.627985222521726,8325.17519891286,0.0023238295377877144,0.03446753319166287,0.20970456793169964,2.088932842262817,1.415393115748942,1.346147006458256,2.3889304860100697,1347.035437313006,0.0005107989982895062,0.6937455080050146,0.043339891070087316,-2944.9445549005923
51.754782676860984,6.3385256184091645,8302.616294639758,0.0025050823748928364,0.03397958843188545,0.21167614876425062,2.094330393269736,1.4088313451640568,1.3505116541117814,2.3867882838868604,1288.956933595461,0.0004736756662109386,0.698776632684019,0.043917450322324976,-2945.3657447811966
51.79231120560705,6.341979447636433,8292.022803172065,0.002526067905293139,0.034053558332382834,0.2121095733438997,2.09467759374009,1.4121497391990845,1.3509672640994497,2.3865733366987953,1285.8877085665863,0.0004685821392976742,0.7003461201954566,0.04388153432710772,-2945.6006791881728
51.749450139637766,6.322324390115067,8299.48734313377,0.0025294253344118087,0.03394189758519956,0.21238325779563755,2.094348252017435,1.4137949906517502,1.351245049973039,2.3868577935681143,1297.279980432638,0.00047395944313627814,0.7012217430833824,0.043402605893117265,-2945.4160323604947
51.764500839783516,6.429932454216608,8282.427587381171,0.002501166272874575,0.034155430124069214,0.21185216917967387,2.0930056836912287,1.4173844058178715,1.3506531329196827,2.387181356679193,1313.7737609643846,0.00047543710859417277,0.7000666559483452,0.04304312841820699,-2946.2225359894746
51.798520204100946,6.303630821744381,8271.856893945269,0.0025995556517917702,0.0341003154730449,0.21317607946407738,2.0941932904755802,1.422568850539496,1.3521667436341993,2.38650329511323,1304.9617586915558,0.0004664989676252561,0.7023797981562364,0.04232971847098398,-2947.4137074147634
51.815439538094054,6.348515478331866,8313.763331483744,0.002486737086857195,0.03424810260877378,0.2122845589441362,2.0922644257028917,1.4223967217524116,1.3497533417389902,2.38797803420886,1335.4561718959906,0.0004894067717163008,0.6994682975672787,0.04194264100048522,-2946.156446874363
51.83210037171937,6.271415710352283,8321.172746998574,0.002541801263900708,0.03389560670715596,0.21340780351155206,2.0939827720853716,1.4189384462593337,1.3515161717227322,2.3872083749600925,1310.8484372529851,0.0004745741696237919,0.7014121231126995,0.04268702593597905,-2946.0024854537105
51.96006151969594,6.272689785956231,8306.36977795727,0.0025743614986493486,0.03411491426650738,0.21324252233736457,2.0943669442033648,1.424546721172805,1.3510934772580525,2.3870371217047897,1311.1882035157496,0.00047923550821401845,0.7014410102892221,0.042287117939471125,-2946.7556662789266
52.002712403501995,6.32873861543796,8373.951899240312,0.002491630658984414,0.03395835440295787,0.21376615926058376,2.0932924237155914,1.421013294879395,1.350513621043491,2.3880970394396552,1327.740675188042,0.0004920254389159201,0.7000843554257341,0.04255635400254202,-2945.2945992060218
51.98561747594051,6.335574139940906,8395.539010385779,0.0024649777197453897,0.033885122689377774,0.21423190743566223,2.092828526676257,1.4226090119306927,1.3503125299671805,2.388610655277011,1342.6326199107127,0.0005000052473360876,0.7003415012382903,0.0422237451265303,-2945.2507226410853
51.981844669165405,6.35794126608473,8391.965516024155,0.0024439494879383255,0.03399042413139594,0.21375917897074684,2.0918587546014002,1.4260462267604148,1.3494540900530685,2.389028724103995,1358.998170069313,0.000507830825595936,0.699592687823742,0.04164612424113161,-2945.380157564049
51.98195688435372,6.309441354449195,8381.13642696755,0.00249134136144891,0.03380182470512418,0.2145793417008416,2.0936878591127126,1.4235994271433947,1.3509264529201939,2.3882620991767065,1334.1025884034332,0.0004925379637859507,0.7019312760572334,0.04237354603918731,-2945.3915008480235
52.07014254362658,6.285642147021871,8379.315707306227,0.0025235557417667104,0.033730541414993466,0.21491294132013444,2.094270292404059,1.4267065994771664,1.3509384010961685,2.387960897472077,1323.3679035037183,0.0004912339090420508,0.7027428316284141,0.04263081767688663,-2945.4598248543866
52.09040334780954,6.262068343507487,8369.378656163373,0.0025658267149466954,0.03379069661175539,0.21536531729267533,2.0951048861982,1.427128793923104,1.3516480051966926,2.3875198381660168,1312.9911953075464,0.00048588961664354426,0.7034963795072705,0.0425800757696741,-2945.560112275132
52.093114230630846,6.257571999711644,8362.060874250325,0.002593833987212165,0.033784105113449515,0.21554231810780744,2.0954711045048375,1.4271295726137603,1.3522533228483098,2.387261744373566,1306.931775094076,0.000483544137954296,0.7037097725531449,0.04255450406113284,-2945.669298255664
52.13290497747945,6.309962652342463,8363.27152677255,0.002560363067825615,0.03395855984598472,0.21509345272566074,2.094851452372767,1.4277695769475962,1.3512944607715076,2.3875314730950477,1311.2893200294388,0.0004892391888722854,0.70251824319242,0.04269657971899106,-2945.8607714224395
52.12961897019655,6.381216088301112,8382.288950725138,0.002480811750764266,0.034156238316261675,0.2140682862734955,2.093850969178127,1.4258854473931941,1.3497060512811574,2.3882229917583153,1326.6588776541187,0.0005000780540220503,0.7002718695077282,0.04264237490168023,-2945.4232914418585
52.12961897019655,6.381216088301112,8382.288950725138,0.002480811750764266,0.034156238316261675,0.2140682862734955,2.093850969178127,1.4258854473931941,1.3497060512811574,2.3882229917583153,1326.6588776541187,0.0005000780540220503,0.7002718695077282,0.04264237490168023,-2945.4232914418585
52.165064167436334,6.330104603194407,8341.487753995165,0.002582388967310543,0.034196390252630354,0.21495743306509837,2.0955771750527123,1.427240158915568,1.3516055056195277,2.3870713611793146,1304.3307286991978,0.0004819333181989754,0.7019497196873149,0.04260468539202809,-2947.5296392357022
52.165064167436334,6.330104603194407,8341.487753995165,0.002582388967310543,0.034196390252630354,0.21495743306509837,2.0955771750527123,1.427240158915568,1.3516055056195277,2.3870713611793146,1304.3307286991978,0.0004819333181989754,0.7019497196873149,0.04260468539202809,-2947.5296392357022
52.106340102811004,6.27914537303646,8375.829381007734,0.002546373486817053,0.03386408959531661,0.21520522675761813,2.0945870683364003,1.4294254463494762,1.3511723037532604,2.387852021033525,1322.5126839275522,0.0004932957974576161,0.7031465033784127,0.042319937512369905,-2945.566217847834
52.12370516183172,6.33354691522619,8405.192884381793,0.0024690297401546778,0.0340329182960506,0.2144867118844235,2.092523095837188,1.4307745544130017,1.3495346610062842,2.3889996759766086,1353.1189155418922,0.0005154159683905554,0.699935440476968,0.04149126726384366,-2945.052332195936
52.18141647438701,6.361921884746838,8397.032292190408,0.002430768451730798,0.03428455038633605,0.21335649448049113,2.091669389234676,1.4324047606708437,1.3477455792428765,2.389330381994551,1361.2798692866909,0.0005234371450001329,0.697255790019393,0.0414438777597046,-2945.3874145122377
52.22049235748847,6.325574748466565,8392.709675869894,0.0024483738108236424,0.03433595639398928,0.21360405937814975,2.091990375371864,1.4351268888873596,1.3478813150949045,2.3893531338309186,1365.8786315993807,0.0005257907534648685,0.6980651053461919,0.04098470489116928,-2945.7698202933493
52.19465292301112,6.462572976816112,8452.268717953068,0.0023053784708567445,0.034484582600895,0.21279639858730048,2.0888304891199567,1.4333213631353252,1.3450475103790573,2.3907654771050835,1402.66143067112,0.0005623618610111009,0.6944441169377544,0.040654498545883114,-2943.906885595124
52.17073953957052,6.574254908233694,8474.887559433748,0.002229829520244019,0.034562200306047626,0.21197562244102156,2.086869950083879,1.433055315407708,1.3434783293581902,2.3914273128903467,1424.7681517771634,0.000577366144383731,0.6920945654305343,0.04050810076226325,-2943.8003157836374
52.22572252867779,6.663451726586455,8465.788297678602,0.002208656564898801,0.03459192590676579,0.21187243347174195,2.0836229083779525,1.4460398938445898,1.3417850097431339,2.3920462688536626,1460.6499232091571,0.0005896850530478518,0.6917532794087743,0.039525360173536826,-2945.286703605113
52.26196349172989,6.789913200212315,8478.880613299338,0.002132341526204538,0.03500779301933716,0.21067362222454009,2.0820423621027526,1.4426500668240547,1.3396203971756628,2.392566768592965,1473.6246435031685,0.0006125556136199585,0.6870435030818711,0.03935314536103324,-2944.554794036931
52.1899729419224,6.723690135864707,8502.263245122522,0.0021433482038519976,0.03483007983092968,0.21152814365233238,2.0826618338116027,1.441445140078231,1.3407584640633434,2.3926208242099793,1475.1963738777592,0.0006119251256456849,0.6889474569506325,0.03900792674571989,-2939.076723679195
52.16045709010051,6.757056005486525,8523.470949778768,0.0020752449722870594,0.03483616045774614,0.21091422210898259,2.0805860141096764,1.4428417386544994,1.3387933621619426,2.3932223568819317,1496.8549003986896,0.0006309224183986048,0.6872414591603406,0.03872377053750162,-2938.8791561715266
52.27374486539028,6.664347477888999,8536.4266906945,0.002118715434229983,0.03467562751915878,0.211884479971471,2.081561190631853,1.4474879276672323,1.3394898136750635,2.393173090707807,1492.2936652212884,0.0006354958039804258,0.6898618015845551,0.03861005328803875,-2938.674171829765
52.08600036102205,6.71484486954467,8542.885390369154,0.002094004969602735,0.034473546117209215,0.21212087692306275,2.080611396619191,1.443951035132268,1.3398665121685926,2.393248338697263,1495.4863454336248,0.0006372551041954346,0.6906638867911682,0.03869975735048062,-2938.712995594099
52.129387625765915,6.680156732870941,8526.773144127623,0.0021412114813139102,0.034493673843146944,0.21285922103540347,2.0813321542029586,1.4485517466748248,1.340728750949355,2.3930019588523104,1491.767785550112,0.0006290428324038676,0.6925796883230283,0.0384068455828123,-2938.801826343495
52.129387625765915,6.680156732870941,8526.773144127623,0.0021412114813139102,0.034493673843146944,0.21285922103540347,2.0813321542029586,1.4485517466748248,1.340728750949355,2.3930019588523104,1491.767785550112,0.0006290428324038676,0.6925796883230283,0.0384068455828123,-2938.801826343495
52.145776668880885,6.642342764397604,8540.960792403861,0.002145405631403743,0.034289114611521634,0.21376148066822973,2.0816046168198836,1.4517619039432088,1.3408286184533478,2.3930431411983157,1491.332149789964,0.0006334367097082798,0.6943912809206756,0.03853682718839574,-2938.7297495237176
52.152174097683925,6.742112252669266,8518.291728603468,0.00210153575720925,0.0345706362822072,0.21249095914914756,2.0798716312309318,1.4540318809637096,1.3389276793059155,2.3932525967034213,1504.0681747718231,0.0006404546501822394,0.6924344093943082,0.038326791559719214,-2939.1498905491276
52.09503871462749,6.676597466956171,8529.961886223635,0.0021067635631333336,0.03455991239365838,0.21266736312801246,2.081822721928278,1.4449463015948818,1.3403617954097466,2.393031013949149,1488.1398348442012,0.0006270662011424,0.6919553582546691,0.03873926951559819,-2938.3747813781374
52.09503871462749,6.676597466956171,8529.961886223635,0.0021067635631333336,0.03455991239365838,0.21266736312801246,2.081822721928278,1.4449463015948818,1.3403617954097466,2.393031013949149,1488.1398348442012,0.0006270662011424,0.6919553582546691,0.03873926951559819,-2938.3747813781374
52.11713133822496,6.680883348509997,8549.67648690058,0.0020745881505094405,0.03455623582978881,0.21256687184030484,2.081113760208071,1.4463179703664308,1.3391759145165314,2.3933189451313392,1497.3187156862627,0.0006397673566400436,0.6914957765454423,0.03866810472176823,-2938.144630092893
52.056373942625896,6.68158105499753,8543.281422607966,0.00205818637832915,0.034652659217006526,0.21180068218192497,2.080489989115575,1.4457371162981782,1.3387048481212536,2.393460320722531,1505.1555102947018,0.0006436617286683078,0.6901650531598781,0.03817548802164802,-2938.4645223680036
52.02207060374266,6.64637635325078,8514.29224380831,0.0021115408535648016,0.03458955478964595,0.21235740531782896,2.0818225384949036,1.4457904475088177,1.3400800582398222,2.3929914744466148,1493.4661208066098,0.0006217764868825662,0.6914105603724009,0.038189418160178866,-2939.066956704822
52.026357242203645,6.632214633519212,8519.997379317187,0.0021166081801894374,0.03434206495429867,0.21298029981952754,2.0820469137976296,1.446121914906493,1.340441872841929,2.3929232811371497,1486.4869054945714,0.00061950909332776,0.693003178805542,0.03872123355562292,-2939.1708013563502
51.9990991056673,6.598462932780137,8508.988878985363,0.002155591421394227,0.03429969706007483,0.21296192285477442,2.0833840843562186,1.4412802401129805,1.341668340529309,2.392470503979397,1469.377716797943,0.0006041246130566929,0.6930158764494209,0.03913228369230197,-2939.2350170917703
51.97694266925906,6.660589430314175,8539.793056515988,0.002091817909271184,0.034225581798861635,0.2130581166782539,2.0822760486761562,1.4408435927500558,1.340693159430514,2.3929148665773488,1482.67209321628,0.0006123927059121736,0.6928444903811315,0.03942430054867694,-2939.5056449234335
51.976546882697484,6.70330363438628,8536.315333416293,0.0020938084145845186,0.034333265090722494,0.2132442779365466,2.0826433681690184,1.4399039911976312,1.3412613598806078,2.3927537674823354,1479.8193341763038,0.0006039077570301207,0.6925154395073652,0.039553524441251646,-2939.1420721676463
51.976546882697484,6.70330363438628,8536.315333416293,0.0020938084145845186,0.034333265090722494,0.2132442779365466,2.0826433681690184,1.4399039911976312,1.3412613598806078,2.3927537674823354,1479.8193341763038,0.0006039077570301207,0.6925154395073652,0.039553524441251646,-2939.1420721676463
52.07213750294885,6.779821886061711,8515.571675786028,0.0020783185612434723,0.03483945415615745,0.21205425682561577,2.0816310636262,1.4413067178982732,1.3400257804708557,2.3929207856152033,1490.1500310873764,0.000610188303900149,0.6887346879701148,0.038881392171091204,-2939.1718906772403
51.95946807711018,6.8090071081104995,8504.003912402264,0.0020712872456200362,0.03494787716821293,0.21190146252741793,2.0805893684109282,1.4444969633203757,1.3399003570524772,2.3931565699044803,1511.5028827004637,0.0006159731267311054,0.6890632201297089,0.03763781134042204,-2939.7131796795493
51.9535252924207,6.804732521575726,8504.778073494388,0.0020626811896369817,0.035018389838785136,0.21216547408205647,2.0800361902289586,1.4477593530440194,1.3396803806426676,2.3933155600729568,1521.1433984638943,0.0006188515482482965,0.6898550358957825,0.03720736294707489,-2940.1749830507665
51.94675797677997,6.785475770787038,8505.260107857022,0.002063209478332728,0.034964416624339564,0.2126116562702949,2.0797410192632806,1.450399911660317,1.3396187529456323,2.3933689816772086,1524.98317344335,0.0006178039023618842,0.6903614915614918,0.03707199735868028,-2940.4985115966115
51.925186690924335,6.79650315133841,8563.31742544213,0.0019870553598558905,0.03480281625402976,0.21243750215932022,2.0787149449818916,1.4462238657928745,1.3378872755164357,2.393888255888702,1536.1117827902515,0.0006407579819102086,0.6887077421758111,0.037321274496485604,-2939.455918026465
51.9270221791278,6.9292918812366295,8544.00554276106,0.0019337419705915853,0.035229437999142604,0.21035747258152943,2.076270825182938,1.448591358393688,1.3349107544570304,2.3942297016884666,1559.8376591006372,0.0006546646758209383,0.6845825661521483,0.03667030321998304,-2939.917217682558
51.962909229243124,6.967775600004558,8577.204226891916,0.0018975790853814835,0.0352607848229943,0.21043712270277537,2.074815652661938,1.4513234447104932,1.333781437526337,2.394629083517965,1573.7708540490137,0.000680052921667127,0.6839456733682846,0.03624040823892885,-2939.522205943925
51.97873406708484,6.845459851192153,8600.792592673697,0.001931977673015156,0.03487578677702968,0.2117545879093943,2.0766854469388423,1.451239617124211,1.3358772791395228,2.3945360783049043,1566.1816083667543,0.0006780423388224227,0.6871637458118527,0.036299425228011245,-2939.7106966995166
52.027068400597585,6.788372279637862,8588.763002051552,0.0019971468726407136,0.03468130569755935,0.21309032552990934,2.0798170132757416,1.4486781690371444,1.338506334157992,2.393915835183134,1538.15721566725,0.0006456213761248015,0.6902028439201976,0.03728098536857696,-2939.2278172298647
52.0036768343147,6.784720644024112,8576.294082154382,0.0019842261606635757,0.03470736011054678,0.21242994744947602,2.079146219776198,1.4498807386412542,1.337455786559399,2.3939687292665246,1543.9266969769806,0.0006436881283264817,0.6891756364851509,0.03720695888965896,-2939.9347242034155
51.93191809414834,6.845331817642151,8573.24344998182,0.0019459085399594499,0.03477456646625103,0.21119167677732817,2.0782697460037847,1.4457426530857842,1.3364365596064394,2.3940998414584302,1547.1827690561604,0.0006488170841059959,0.6873051877373597,0.03733803837483663,-2940.231512311525
51.87758320154249,6.810054384960214,8552.447354456255,0.0019764754902884124,0.03487258367450639,0.21083963221567797,2.079549739946628,1.4419299700633164,1.3375131439278058,2.3937909810519002,1534.4328346672428,0.0006417720458494422,0.6879190544256495,0.037339352343397206,-2939.260176740044
51.88523250478467,6.8602798985226485,8554.278488423508,0.0019757339370011263,0.035040028102230454,0.21125269437119942,2.0811010972631445,1.4338414296416642,1.3384062307189408,2.393423796155286,1510.5359054234905,0.0006288604867293665,0.6874267295027439,0.038502326182968616,-2937.753572407108
51.85861561136015,6.947210600157685,8585.969704310039,0.0019065041604754915,0.03491671243201294,0.21115769922091912,2.079094852893422,1.4337682356640236,1.3370855113315496,2.393928216852678,1528.770935651189,0.0006419548290648144,0.6867634635275942,0.03861426356055895,-2938.1845269271503
51.85861561136015,6.947210600157685,8585.969704310039,0.0019065041604754915,0.03491671243201294,0.21115769922091912,2.079094852893422,1.4337682356640236,1.3370855113315496,2.393928216852678,1528.770935651189,0.0006419548290648144,0.6867634635275942,0.03861426356055895,-2938.1845269271503
51.89099168731537,6.953736337841239,8519.92565041595,0.0019637552562187036,0.0352345184165212,0.2106711754621339,2.0787012989563634,1.4413913111252539,1.3372055449368354,2.3936023145905896,1529.4734814334204,0.0006308759791236107,0.6863738282466906,0.03773363630622395,-2939.266555418392
51.901031506783596,6.951900883129007,8551.022425361649,0.001956549651837085,0.03495401831394045,0.21170389865153913,2.0790745303668476,1.4395236716372133,1.3383203077495998,2.3936438715687283,1527.3491175155007,0.0006250601215323031,0.6877708758117246,0.03823349806782366,-2938.9875727934896
51.882056987621425,6.857173996196135,8525.1826898,0.0020268099151787996,0.03469321573779085,0.21244121809840985,2.0813097717900435,1.4396921696305018,1.3406117066479943,2.393063176235161,1504.9736458442017,0.0006006291733653994,0.6914138563743546,0.0386425704157364,-2939.356139152241
51.88033086212039,6.84476815519448,8524.731780742713,0.002031249563321102,0.034742179761388894,0.21253466837772436,2.0809986534843885,1.441654954519572,1.3406181195124747,2.3931491687487987,1509.0808426545136,0.0006065239456861238,0.6913824643395373,0.03820459668287602,-2939.372309775267
51.84538962282046,6.868569078775124,8548.142477684984,0.001993444631847652,0.03475784614478903,0.2122434246211321,2.080723605923928,1.4358138166045524,1.3401162002674005,2.393313690939973,1509.0843208971435,0.0006120807065037135,0.6898526488868164,0.03856983977161957,-2938.86284864015
51.872068633131846,6.851454061490969,8547.477903020508,0.0020058988050696224,0.034646513194517316,0.21222853673384653,2.0812338907770433,1.4346795267567143,1.3402178397844433,2.3931230154362426,1496.6333339147343,0.0006076031573537701,0.6904224165437076,0.039215708986012295,-2938.7409729186897
51.872414241520886,6.766934769862466,8517.737071142663,0.0020507936476908514,0.03468172115972367,0.21242564917455373,2.082250978949499,1.4366058627670717,1.3406507223597375,2.3927562050870077,1486.782592764715,0.0005950929080957298,0.6911742086595852,0.0390732295198078,-2939.018524457973
51.8834812466672,6.802086984445957,8503.17545180419,0.002046903851086653,0.03481811949035554,0.21178119907288417,2.0823053579180453,1.4341427939473206,1.3400707107732601,2.39261612321651,1478.5274324116533,0.0005953593317025934,0.6894679616535735,0.03940717184507119,-2938.7776157838966
51.85224367590072,6.870540541834771,8531.67190296242,0.001998734371720824,0.034869817643948114,0.21139881565736385,2.0811268321964738,1.4322527363117599,1.3388117075023906,2.3929118060054355,1487.036901408978,0.0006070961199427473,0.6877059534761591,0.03959454478167806,-2938.398437136131
51.88961130759378,6.866114238868313,8535.765234682887,0.0019864555842063914,0.03490784840422467,0.21152559797691636,2.0804035383585644,1.436358982838188,1.3380562179358721,2.3931272433296717,1498.8862228379096,0.0006101829946109742,0.6872532035887772,0.039274175675882816,-2938.889959571879
51.765465763100494,6.7709941434782905,8507.412709898463,0.002082142281066088,0.03438246808087405,0.21293275381571497,2.0838698392524986,1.4308320819327356,1.3422135978618195,2.392044735671875,1456.7902686225318,0.0005713667946284277,0.6924896840394829,0.04045508265514905,-2939.349541985189
51.83942355198596,6.772607979660638,8513.62145308387,0.002056926604697722,0.0347904726028627,0.21199809682492088,2.0829328481951865,1.434850462808288,1.3407797149937162,2.3926078128294823,1478.845165463536,0.0005952943295231741,0.69096047276861,0.03915081348639115,-2938.6555846703263
51.83180581768202,6.698563749411516,8503.529054438419,0.0021035185355517067,0.034659990140242715,0.21263774445080644,2.084287849617826,1.4343831876704405,1.3421674835022743,2.3922443047400477,1465.7126490557887,0.0005832698069715087,0.6924901758892157,0.039232908140483545,-2938.814017499532
51.79252258544302,6.727091189139074,8543.47803841824,0.0020177781612574926,0.03473246964889493,0.2118896220382558,2.0823671430440642,1.4337390578947753,1.3398862757113772,2.393061863967174,1491.878565336693,0.0006111836898799806,0.6903178116310624,0.03871090889647779,-2938.3579288026667
51.79031971681382,6.7652110019569065,8544.149724267721,0.0019921764821716863,0.034688009738072324,0.21160214829801843,2.0809925576484694,1.4366627842796844,1.3388208962510024,2.3932758883345917,1501.7881365257915,0.0006201675389611384,0.6900106905844431,0.038638376254063876,-2938.7467954666704
51.70219242165668,6.771750521502739,8554.022669391157,0.0019271822375208775,0.0347602637149434,0.21038599073922093,2.080526256324309,1.4313109321039885,1.336943168554237,2.3935246695059798,1505.6120952287781,0.0006251754517111805,0.6878114128580547,0.038980771058722184,-2938.9910527022944
51.690171767902186,6.828008115788272,8545.288786608406,0.001894397158372546,0.035017913658819795,0.20909759390623853,2.079444524578596,1.4307875372973506,1.3353611265920764,2.393749001686135,1514.718927939819,0.0006353575759628656,0.6855973009767261,0.038660661227630316,-2938.5305543150857
51.74362606029009,6.893288999350471,8506.835184087142,0.001921086038666022,0.035405934057773585,0.20881195579701128,2.079775778325227,1.4337112557647327,1.3355039560420385,2.393447153592108,1506.1042851534717,0.0006290642148992849,0.6855633039451928,0.03854784352620204,-2938.5683175738295
51.72776086739161,6.897149302207552,8520.1731210552,0.0019233821088506268,0.035210760455580484,0.20958927896307794,2.0803736137224016,1.4328824133416393,1.3367387237243564,2.393400809693647,1503.2289159238312,0.0006219176065331853,0.6868714442861442,0.03871072922118178,-2938.2529905061024
51.75019110981563,6.917871547970339,8531.499517171345,0.0018802296128455393,0.0353594319337405,0.2091425681185591,2.0779638171161356,1.4407785965774635,1.3346063261265835,2.3940122344500328,1534.770968417007,0.0006471863274036983,0.6858699894494176,0.03749595274607776,-2938.800538032552
51.75444229672526,6.894980064069507,8537.255362445225,0.0018811682833536371,0.0352633107200764,0.20881920060538026,2.079991198788571,1.4326493150309925,1.3352347553909607,2.393687203179308,1510.552499343666,0.0006334897336970558,0.6859941723343815,0.03883580114696347,-2937.8867381267964
51.74014723797883,6.78244654147294,8541.42410803054,0.0019000886679095014,0.03508052032123481,0.20861561191519662,2.081099350056685,1.4313979351195776,1.334972049482715,2.393584702430304,1505.131698109144,0.000636987267025788,0.6860159146635092,0.038795006317009585,-2937.7596018008426
51.77030181185145,6.84535305051444,8554.20679588867,0.0018528093403427672,0.03523421839628568,0.20786340849730278,2.0797431976922636,1.4317340832937895,1.3331028433197658,2.393949186691617,1517.878969915901,0.0006546215536617331,0.6842055764586733,0.038695147836325265,-2937.380609132221
51.78106286067514,6.892400180648483,8570.65276115519,0.0018254690072751097,0.03537196303367667,0.20749991961411304,2.0792389377630056,1.4283513886082457,1.3322164007030453,2.3941254461117705,1523.1976358139896,0.0006678542255334982,0.6818063720795893,0.03869722277175214,-2936.8983358784476
51.787725997042244,6.812466436791535,8539.591437497747,0.0018925235330812529,0.035307440142003134,0.20795482516402714,2.081484611993754,1.428188462324567,1.334414176266121,2.3935883045947595,1503.841133925377,0.0006440424700363498,0.6842832923472133,0.03884496715784777,-2937.003339506367
51.787725997042244,6.812466436791535,8539.591437497747,0.0018925235330812529,0.035307440142003134,0.20795482516402714,2.081484611993754,1.428188462324567,1.334414176266121,2.3935883045947595,1503.841133925377,0.0006440424700363498,0.6842832923472133,0.03884496715784777,-2937.003339506367
51.75023921037683,6.878874443394391,8570.869952710349,0.0018342648816581603,0.035478278622524416,0.20752550317972132,2.0803936409022503,1.4247042029886758,1.3334483978950398,2.3939985671758137,1518.646347411529,0.0006622317371182679,0.6827538892418684,0.03845537986974224,-2936.2845303163745
51.707100059550754,6.826074642803949,8552.738016770258,0.001888685129119369,0.035275016475262815,0.20813937640060737,2.0820550160492433,1.422171244748717,1.3358418296249321,2.39357671859885,1501.3335286063455,0.0006430848372575799,0.6851772703520845,0.038722959564258044,-2936.4014988945496
51.70967383715962,6.877218855466559,8522.577352012375,0.001897459457790395,0.035464387736439916,0.20766856501956504,2.0817403725034644,1.4242816702178098,1.3357058633247658,2.3934456167170124,1502.8090334396925,0.0006371391284797391,0.6848071883933622,0.038553585964955644,-2936.8709681310775
51.80104483722139,6.879455871674189,8553.375282280434,0.001876876860885642,0.035540784354306236,0.2074567339444448,2.0814418352023782,1.4235360662394696,1.3342026387130705,2.3936315459807003,1501.5614791463556,0.000654920704441249,0.6827897988290987,0.03879594093578982,-2936.125501893703
51.87371705470226,6.837843623595575,8586.708366567322,0.0018210573242294509,0.03562885652167373,0.20718927846258,2.07895922589062,1.4321975888887013,1.3306067004094733,2.3943752666935025,1531.4399329871244,0.0006985082566971923,0.6820763263626701,0.03778444573759361,-2935.7494934715496
51.87371705470226,6.837843623595575,8586.708366567322,0.0018210573242294509,0.03562885652167373,0.20718927846258,2.07895922589062,1.4321975888887013,1.3306067004094733,2.3943752666935025,1531.4399329871244,0.0006985082566971923,0.6820763263626701,0.03778444573759361,-2935.7494934715496
51.87371705470226,6.837843623595575,8586.708366567322,0.0018210573242294509,0.03562885652167373,0.20718927846258,2.07895922589062,1.4321975888887013,1.3306067004094733,2.3943752666935025,1531.4399329871244,0.0006985082566971923,0.6820763263626701,0.03778444573759361,-2935.7494934715496
51.92767423524237,6.795109716249964,8564.312368381063,0.0018757559042988118,0.0357754889837611,0.20775345472995707,2.081146426513997,1.4311626802696105,1.3327626027063593,2.3939418288071512,1512.4371257634682,0.0006807476988958319,0.6835232165227685,0.037884694369761614,-2936.638317334825
51.87024103322685,6.760406271045831,8576.677435433201,0.0018666371523471765,0.03564043319320895,0.2074731438191276,2.080475275341706,1.4313345738561063,1.3324687897085905,2.3941401477097943,1520.8601159267873,0.00069161974158633,0.6839154630626716,0.037465997284646745,-2935.6925635230295
51.87024103322685,6.760406271045831,8576.677435433201,0.0018666371523471765,0.03564043319320895,0.2074731438191276,2.080475275341706,1.4313345738561063,1.3324687897085905,2.3941401477097943,1520.8601159267873,0.00069161974158633,0.6839154630626716,0.037465997284646745,-2935.6925635230295
51.87024103322685,6.760406271045831,8576.677435433201,0.0018666371523471765,0.03564043319320895,0.2074731438191276,2.080475275341706,1.4313345738561063,1.3324687897085905,2.3941401477097943,1520.8601159267873,0.00069161974158633,0.6839154630626716,0.037465997284646745,-2935.6925635230295
51.87024103322685,6.760406271045831,8576.677435433201,0.0018666371523471765,0.03564043319320895,0.2074731438191276,2.080475275341706,1.4313345738561063,1.3324687897085905,2.3941401477097943,1520.8601159267873,0.00069161974158633,0.6839154630626716,0.037465997284646745,-2935.6925635230295
51.870133322292084,6.7906059366537725,8565.823884084228,0.0018738137624331424,0.035703612070761045,0.2073253053393534,2.0808179014896098,1.4303351291634032,1.3327933666763356,2.394023281287904,1515.0778716436237,0.0006866983879894995,0.6838267391090623,0.037590913051533247,-2935.9376106635755
51.8626169164404,6.762161063268813,8587.193833092286,0.001839770871382278,0.03568259739470802,0.20709119928834513,2.079827190683142,1.431231890246552,1.3318172672124393,2.394402661385806,1533.3152118328003,0.0007027107947524826,0.6821958762853843,0.03690755873036396,-2935.6134304613292
51.7797446519976,6.736821445508895,8542.839020495614,0.0018753522824150812,0.0357203894079597,0.2065851354699109,2.079188003361658,1.4355723548258785,1.3326474533161923,2.394323827509255,1542.2687963225717,0.0006922404205468689,0.6829050813843444,0.03590552053346657,-2937.007171043749
51.866855589259345,6.718350864387311,8558.585929113498,0.0018886594321908881,0.0355807021452307,0.20748794401647397,2.080627771199711,1.434642350521649,1.333593745611693,2.3941071504127005,1524.9382882247448,0.0006815653490501796,0.6846506968407361,0.03684628280847837,-2936.6181042864077
51.88145486270223,6.761157396555191,8586.493421662513,0.001833425888092305,0.03569543492045959,0.20693789880502617,2.0785937633139637,1.4368510609489873,1.331153568025392,2.3946032344710897,1545.8577422171186,0.0007094449101913968,0.6826682165601119,0.03640300008138659,-2936.266644611099
51.92022886827832,6.8373960201969055,8598.09919745305,0.0017893686174766917,0.03591101451513237,0.20598231358233254,2.077649445686573,1.4342796183086555,1.3294994488767304,2.394770851536257,1548.6445269272901,0.0007225002184237213,0.6807913384861063,0.03673872625064556,-2935.8935333841564
51.93145157223276,6.963471026605035,8572.260052346946,0.0017629576577706501,0.03639984218847961,0.2046242182258107,2.0754510204088774,1.4386774233937836,1.3274040832823335,2.3950041347650566,1566.5707967839605,0.0007440676725722753,0.6786595553269958,0.0358043029166715,-2938.142928222324
51.93145157223276,6.963471026605035,8572.260052346946,0.0017629576577706501,0.03639984218847961,0.2046242182258107,2.0754510204088774,1.4386774233937836,1.3274040832823335,2.3950041347650566,1566.5707967839605,0.0007440676725722753,0.6786595553269958,0.0358043029166715,-2938.142928222324
51.892439681033395,6.882130092042228,8550.477878387126,0.001818023978409408,0.03622453378023684,0.2047736954552102,2.078675799559284,1.430081919862185,1.329811234972135,2.394363749128871,1529.63916924424,0.0007118605795299737,0.6804251470600002,0.03708013247770343,-2937.4062346419896
51.85336400944637,6.832350914252615,8563.800947439624,0.0018186515616377664,0.03605952781011771,0.20491371953131846,2.079447820263106,1.426474891872954,1.3303585556497792,2.3943114556519114,1522.1120448380252,0.0007089498186913971,0.6808858954306765,0.03740030837522022,-2935.8228574446775
51.825447144083476,6.847152665954134,8569.689353053967,0.0018021477569603436,0.036203527724640035,0.20427497792875396,2.078689354242566,1.4259410058250552,1.329480011595846,2.39446752220689,1529.7952137858474,0.0007206803819113248,0.679255422347864,0.037046653894498016,-2935.7488507145044
51.825447144083476,6.847152665954134,8569.689353053967,0.0018021477569603436,0.036203527724640035,0.20427497792875396,2.078689354242566,1.4259410058250552,1.329480011595846,2.39446752220689,1529.7952137858474,0.0007206803819113248,0.679255422347864,0.037046653894498016,-2935.7488507145044
51.87578060016694,6.819172086112687,8609.924965218117,0.0017648743035597958,0.03616111227886772,0.20425160826435979,2.0767908915678843,1.4335433833864415,1.3277009430109814,2.395045270673624,1561.6727111553955,0.000751240161107581,0.678697774787618,0.035870773816997305,-2935.500798299974
51.86606642128931,6.901138297098981,8615.970352780843,0.0017430256998096606,0.0361282038811569,0.20406597325521292,2.0761994101193917,1.430972253663768,1.3275086551673048,2.3950603438905036,1559.1254821444513,0.0007492408261045913,0.6784003167142337,0.036515087845461126,-2935.194806391793
51.87965211736319,6.8791303570537075,8615.47520602489,0.001751752545075955,0.03607281795160244,0.20451240852410385,2.0763335214256706,1.4339730220676725,1.3277838556654298,2.395073626901281,1562.6638352137943,0.0007502629222212819,0.6794841113858128,0.03621680096632405,-2935.3804328783744
51.958148332789044,6.9207183231479235,8607.56028088928,0.0017508993950251578,0.03633236998311402,0.20425665306856006,2.0768772090539906,1.4325641881212308,1.3274811113429652,2.394977252405193,1555.4516576862047,0.0007484120474989841,0.6787295190596934,0.03654993693612039,-2936.365893670953
51.958148332789044,6.9207183231479235,8607.56028088928,0.0017508993950251578,0.03633236998311402,0.20425665306856006,2.0768772090539906,1.4325641881212308,1.3274811113429652,2.394977252405193,1555.4516576862047,0.0007484120474989841,0.6787295190596934,0.03654993693612039,-2936.365893670953
51.94345207599058,6.909341769498081,8603.708720063529,0.0017612125159482065,0.03632480454875846,0.20436805998351285,2.07725479244719,1.432670336593717,1.3281083155045834,2.3949315973863445,1554.1837317034463,0.000745877556244307,0.679546437863521,0.036386577378002764,-2936.5259979731227
51.94345207599058,6.909341769498081,8603.708720063529,0.0017612125159482065,0.03632480454875846,0.20436805998351285,2.07725479244719,1.432670336593717,1.3281083155045834,2.3949315973863445,1554.1837317034463,0.000745877556244307,0.679546437863521,0.036386577378002764,-2936.5259979731227
51.94345207599058,6.909341769498081,8603.708720063529,0.0017612125159482065,0.03632480454875846,0.20436805998351285,2.07725479244719,1.432670336593717,1.3281083155045834,2.3949315973863445,1554.1837317034463,0.000745877556244307,0.679546437863521,0.036386577378002764,-2936.5259979731227
51.94345207599058,6.909341769498081,8603.708720063529,0.0017612125159482065,0.03632480454875846,0.20436805998351285,2.07725479244719,1.432670336593717,1.3281083155045834,2.3949315973863445,1554.1837317034463,0.000745877556244307,0.679546437863521,0.036386577378002764,-2936.5259979731227
51.826302637552715,6.878198495345934,8546.349276102897,0.0018730093607286474,0.03577098178299405,0.20602053982757781,2.0818186659480977,1.4229049245129257,1.3346907637240157,2.3936924433950413,1500.400701514816,0.0006650326732284634,0.6851387925149692,0.03833200154966388,-2936.401254931151
51.762874058546046,6.908701270477838,8502.109646862798,0.0019001430666128404,0.03580992381329161,0.20493437858638636,2.0830452882542763,1.4153168510696505,1.3355354931335488,2.3930064682318246,1472.5811708350955,0.0006369970880813486,0.684514482592413,0.039552816436237086,-2937.099938702861
51.782587698103484,6.920221947931086,8506.787515422075,0.0019004832463732316,0.03566994684276779,0.20520036171419317,2.081922755832789,1.4201555602071074,1.3352213883559672,2.39316827023974,1479.3549589321208,0.0006444988193976575,0.6851963221137198,0.03942046276556011,-2936.9659092200122
51.76978171502208,6.90760313638895,8513.91513566766,0.0019281875264185813,0.035554674913013555,0.20616264928018002,2.083889141512453,1.4130007502526811,1.3374742030783278,2.392748354542135,1457.6206963050008,0.0006264917984941273,0.6863015346979384,0.04015827436819963,-2936.0786673226066
51.83698094746238,6.801868476577674,8503.986622764298,0.0019911038291630287,0.0354327641345653,0.20741507537689824,2.0853191743064086,1.4173425495577727,1.3389717080976054,2.3923972036419587,1447.1068679479906,0.000614279905122369,0.6884853482710704,0.03997566560877177,-2937.0170866153835
51.84386943071216,6.859220902991485,8500.842461675962,0.0019828829298351993,0.03561620469035345,0.2070790659890119,2.0853187518751324,1.4140029562485996,1.3391154540354608,2.3923454656187957,1444.1321136593058,0.0006151104100530987,0.6872007999066891,0.040008244314577085,-2937.3013001216027
51.84386943071216,6.859220902991485,8500.842461675962,0.0019828829298351993,0.03561620469035345,0.2070790659890119,2.0853187518751324,1.4140029562485996,1.3391154540354608,2.3923454656187957,1444.1321136593058,0.0006151104100530987,0.6872007999066891,0.040008244314577085,-2937.3013001216027
51.84386943071216,6.859220902991485,8500.842461675962,0.0019828829298351993,0.03561620469035345,0.2070790659890119,2.0853187518751324,1.4140029562485996,1.3391154540354608,2.3923454656187957,1444.1321136593058,0.0006151104100530987,0.6872007999066891,0.040008244314577085,-2937.3013001216027
51.84386943071216,6.859220902991485,8500.842461675962,0.0019828829298351993,0.03561620469035345,0.2070790659890119,2.0853187518751324,1.4140029562485996,1.3391154540354608,2.3923454656187957,1444.1321136593058,0.0006151104100530987,0.6872007999066891,0.040008244314577085,-2937.3013001216027
51.84386943071216,6.859220902991485,8500.842461675962,0.0019828829298351993,0.03561620469035345,0.2070790659890119,2.0853187518751324,1.4140029562485996,1.3391154540354608,2.3923454656187957,1444.1321136593058,0.0006151104100530987,0.6872007999066891,0.040008244314577085,-2937.3013001216027
51.84540323393123,6.857256480568122,8519.36425528715,0.0019528073722631944,0.03541424458156842,0.20719044103095255,2.0837609934048578,1.419416223650125,1.3378012119880518,2.3928083523456496,1461.6344659804897,0.0006281181534597775,0.6873667970315058,0.03975284905450879,-2936.4337592439974
51.81197900156971,6.801074537218774,8507.06743183503,0.001972699606025886,0.03524189811469463,0.20737144220542722,2.0838471812000336,1.4203927773746907,1.3380578606313394,2.3926279170898814,1456.3619380313687,0.0006235977674598553,0.6879342645837654,0.03985692786087994,-2936.2993768854294
51.81197900156971,6.801074537218774,8507.06743183503,0.001972699606025886,0.03524189811469463,0.20737144220542722,2.0838471812000336,1.4203927773746907,1.3380578606313394,2.3926279170898814,1456.3619380313687,0.0006235977674598553,0.6879342645837654,0.03985692786087994,-2936.2993768854294
51.75922761658637,6.82920306461769,8516.117183465005,0.0019255322546300924,0.035248861644743126,0.20630873085486295,2.081950905722942,1.4195740661594507,1.3363841117241493,2.393099212717538,1476.616556421921,0.000638726453731892,0.6853560427434057,0.03934928126729503,-2936.3262167462353
51.80909470979962,6.924909007568637,8522.263161357758,0.0018865765415879668,0.0354764269979713,0.20538870282250568,2.0810760245448723,1.4190360168785308,1.3346979921739697,2.393309211646078,1482.9938194045505,0.0006523497672724296,0.6831677215080173,0.03949503328437034,-2935.9242064893865
51.895631532876145,6.950445579259316,8531.243783898844,0.0018765341639109209,0.035599803086448716,0.2055511955245026,2.0814786773167206,1.4183206498625798,1.3344249642738033,2.393385591449988,1484.257039280838,0.0006558552662740329,0.6820086292318808,0.03952303416335363,-2935.7436790383845
51.895631532876145,6.950445579259316,8531.243783898844,0.0018765341639109209,0.035599803086448716,0.2055511955245026,2.0814786773167206,1.4183206498625798,1.3344249642738033,2.393385591449988,1484.257039280838,0.0006558552662740329,0.6820086292318808,0.03952303416335363,-2935.7436790383845
51.946505577374545,6.953199584126384,8517.90365233199,0.0019124153846068615,0.0356235166620849,0.206015697641569,2.0832106222081554,1.4147286784834925,1.3358154611626885,2.392848510095323,1460.3109708232805,0.0006358496050409676,0.6822825466165178,0.04033627259203733,-2935.9981369054212
51.946505577374545,6.953199584126384,8517.90365233199,0.0019124153846068615,0.0356235166620849,0.206015697641569,2.0832106222081554,1.4147286784834925,1.3358154611626885,2.392848510095323,1460.3109708232805,0.0006358496050409676,0.6822825466165178,0.04033627259203733,-2935.9981369054212
51.946505577374545,6.953199584126384,8517.90365233199,0.0019124153846068615,0.0356235166620849,0.206015697641569,2.0832106222081554,1.4147286784834925,1.3358154611626885,2.392848510095323,1460.3109708232805,0.0006358496050409676,0.6822825466165178,0.04033627259203733,-2935.9981369054212
51.946505577374545,6.953199584126384,8517.90365233199,0.0019124153846068615,0.0356235166620849,0.206015697641569,2.0832106222081554,1.4147286784834925,1.3358154611626885,2.392848510095323,1460.3109708232805,0.0006358496050409676,0.6822825466165178,0.04033627259203733,-2935.9981369054212
51.946505577374545,6.953199584126384,8517.90365233199,0.0019124153846068615,0.0356235166620849,0.206015697641569,2.0832106222081554,1.4147286784834925,1.3358154611626885,2.392848510095323,1460.3109708232805,0.0006358496050409676,0.6822825466165178,0.04033627259203733,-2935.9981369054212
51.946505577374545,6.953199584126384,8517.90365233199,0.0019124153846068615,0.0356235166620849,0.206015697641569,2.0832106222081554,1.4147286784834925,1.3358154611626885,2.392848510095323,1460.3109708232805,0.0006358496050409676,0.6822825466165178,0.04033627259203733,-2935.9981369054212
51.946505577374545,6.953199584126384,8517.90365233199,0.0019124153846068615,0.0356235166620849,0.206015697641569,2.0832106222081554,1.4147286784834925,1.3358154611626885,2.392848510095323,1460.3109708232805,0.0006358496050409676,0.6822825466165178,0.04033627259203733,-2935.9981369054212
51.946505577374545,6.953199584126384,8517.90365233199,0.0019124153846068615,0.0356235166620849,0.206015697641569,2.0832106222081554,1.4147286784834925,1.3358154611626885,2.392848510095323,1460.3109708232805,0.0006358496050409676,0.6822825466165178,0.04033627259203733,-2935.9981369054212
51.946505577374545,6.953199584126384,8517.90365233199,0.0019124153846068615,0.0356235166620849,0.206015697641569,2.0832106222081554,1.4147286784834925,1.3358154611626885,2.392848510095323,1460.3109708232805,0.0006358496050409676,0.6822825466165178,0.04033627259203733,-2935.9981369054212
51.946505577374545,6.953199584126384,8517.90365233199,0.0019124153846068615,0.0356235166620849,0.206015697641569,2.0832106222081554,1.4147286784834925,1.3358154611626885,2.392848510095323,1460.3109708232805,0.0006358496050409676,0.6822825466165178,0.04033627259203733,-2935.9981369054212
51.946505577374545,6.953199584126384,8517.90365233199,0.0019124153846068615,0.0356235166620849,0.206015697641569,2.0832106222081554,1.4147286784834925,1.3358154611626885,2.392848510095323,1460.3109708232805,0.0006358496050409676,0.6822825466165178,0.04033627259203733,-2935.9981369054212
51.946505577374545,6.953199584126384,8517.90365233199,0.0019124153846068615,0.0356235166620849,0.206015697641569,2.0832106222081554,1.4147286784834925,1.3358154611626885,2.392848510095323,1460.3109708232805,0.0006358496050409676,0.6822825466165178,0.04033627259203733,-2935.9981369054212
51.946505577374545,6.953199584126384,8517.90365233199,0.0019124153846068615,0.0356235166620849,0.206015697641569,2.0832106222081554,1.4147286784834925,1.3358154611626885,2.392848510095323,1460.3109708232805,0.0006358496050409676,0.6822825466165178,0.04033627259203733,-2935.9981369054212
51.96175530912481,6.878376862606025,8512.311728264714,0.0019447548268618636,0.03551677008890439,0.20656955951734376,2.084034922618698,1.4165293669051005,1.3367036040159523,2.392664847021276,1454.4533023001532,0.0006313538492594561,0.6839977457474746,0.04025243082177512,-2936.0969457065676
51.96175530912481,6.878376862606025,8512.311728264714,0.0019447548268618636,0.03551677008890439,0.20656955951734376,2.084034922618698,1.4165293669051005,1.3367036040159523,2.392664847021276,1454.4533023001532,0.0006313538492594561,0.6839977457474746,0.04025243082177512,-2936.0969457065676
51.96175530912481,6.878376862606025,8512.311728264714,0.0019447548268618636,0.03551677008890439,0.20656955951734376,2.084034922618698,1.4165293669051005,1.3367036040159523,2.392664847021276,1454.4533023001532,0.0006313538492594561,0.6839977457474746,0.04025243082177512,-2936.0969457065676
51.96175530912481,6.878376862606025,8512.311728264714,0.0019447548268618636,0.03551677008890439,0.20656955951734376,2.084034922618698,1.4165293669051005,1.3367036040159523,2.392664847021276,1454.4533023001532,0.0006313538492594561,0.6839977457474746,0.04025243082177512,-2936.0969457065676
51.98978775281121,6.9311535109774844,8505.50541860606,0.00192218502073725,0.03585251257034535,0.20527359636423412,2.0825849208975202,1.417979105022682,1.3352233122052137,2.3929694643891777,1469.3519775607826,0.0006492023420768559,0.6813481519755693,0.039428912518897706,-2936.799444989795
51.96463778643697,6.986109997528207,8525.217122993838,0.0018699899942465738,0.03594138512471779,0.20472068425032244,2.080995860029779,1.4187545052525175,1.3335165379856153,2.393431629427101,1488.179047186953,0.0006686225556801533,0.6797772578524552,0.039047471000876466,-2936.2103369975057
51.96463778643697,6.986109997528207,8525.217122993838,0.0018699899942465738,0.03594138512471779,0.20472068425032244,2.080995860029779,1.4187545052525175,1.3335165379856153,2.393431629427101,1488.179047186953,0.0006686225556801533,0.6797772578524552,0.039047471000876466,-2936.2103369975057
51.876506342196635,6.878327631914626,8505.04717638304,0.0019201671692004182,0.03571788670008446,0.20537836197342169,2.083502694985638,1.411315952626505,1.336026004579028,2.392785266178724,1460.275661705865,0.0006374424986988037,0.6819081843794115,0.03981813511120432,-2935.7047869694334
51.876506342196635,6.878327631914626,8505.04717638304,0.0019201671692004182,0.03571788670008446,0.20537836197342169,2.083502694985638,1.411315952626505,1.336026004579028,2.392785266178724,1460.275661705865,0.0006374424986988037,0.6819081843794115,0.03981813511120432,-2935.7047869694334
51.876506342196635,6.878327631914626,8505.04717638304,0.0019201671692004182,0.03571788670008446,0.20537836197342169,2.083502694985638,1.411315952626505,1.336026004579028,2.392785266178724,1460.275661705865,0.0006374424986988037,0.6819081843794115,0.03981813511120432,-2935.7047869694334
51.95562450023458,6.88514688319826,8534.49570967997,0.0019078284807240208,0.035844094227598974,0.20572349734787013,2.0831376902699934,1.4153400295367224,1.3357043256455592,2.3931391392533117,1477.3389967877222,0.0006533926326394211,0.6820102979229092,0.03910787339077021,-2935.865472110223
51.95562450023458,6.88514688319826,8534.49570967997,0.0019078284807240208,0.035844094227598974,0.20572349734787013,2.0831376902699934,1.4153400295367224,1.3357043256455592,2.3931391392533117,1477.3389967877222,0.0006533926326394211,0.6820102979229092,0.03910787339077021,-2935.865472110223
51.83172537702344,6.835780138566065,8528.358365774555,0.0019592885816645945,0.0354810330701924,0.20699664276863974,2.083191166766336,1.418479588202755,1.3379449533618961,2.392973105526977,1484.1139094464404,0.000641483659145152,0.6851498946211271,0.038421402932272856,-2935.9127678729765
51.91393348962567,6.834082572233271,8540.658689048752,0.0019479288913527785,0.03560670048794225,0.2071429854124946,2.0815500957247615,1.426919641564652,1.336711716147514,2.3935206735284806,1509.3770398772022,0.000671948065330597,0.6847592832943576,0.03713668895167845,-2936.0193537223527
51.86706262919601,6.87746836576089,8533.862537522898,0.0019330434844238573,0.03568283885293771,0.2068350195691061,2.0812779920585456,1.4237143065005213,1.3365787836869039,2.3934792262304843,1506.2532397891466,0.0006711693243229844,0.684150671050675,0.037375303931687996,-2935.785854900972
51.82300284395054,6.833378735543658,8530.974371355904,0.0019674250610373333,0.035295587035013315,0.20756981138275138,2.0815651000416,1.4266064760559516,1.3383500780689608,2.3933149967656693,1502.4047477599315,0.000658070871025429,0.6877950441999641,0.03749070029105362,-2936.1045521728565
51.866911052254125,6.824372255701281,8549.352379281208,0.0019582864222449773,0.03535793361213003,0.20758266675315434,2.083006774016377,1.4216658998965914,1.3387448926635628,2.393250782662861,1493.6244498967426,0.0006558146085046213,0.6878989524681093,0.0378647422312816,-2935.3360317319703
51.86441336434426,6.862160075924134,8554.94554692249,0.0019302676404719375,0.03544725004425999,0.20713691016632527,2.0816936735350557,1.424242209786105,1.3373050416537535,2.3935411824035313,1507.3256492862483,0.0006715473004928573,0.6868294523390416,0.03750495150770976,-2935.3167037943736
51.87839078944879,6.888635436794143,8559.552267196712,0.0019256286629874477,0.03546530853310909,0.2072816639241639,2.080397036651293,1.429669162161878,1.3372916884370185,2.393796939982141,1525.7066305084027,0.0006775042640744321,0.6873750406284955,0.0366869370555873,-2936.009353582219
51.894626880815025,6.8270633658987805,8546.846856427024,0.0019676015516089137,0.03540372576883354,0.20754042555114094,2.0824090144181913,1.425823703233431,1.3387062004392651,2.393351738177418,1503.6248467881333,0.0006612838437229081,0.6881655546516838,0.03729632119015984,-2935.7956335284343
51.90390582881277,6.808837859561422,8546.0269953681,0.0019721468521212695,0.035300435917173925,0.20769776325505135,2.082942753813826,1.4251369326623233,1.3388545076407272,2.393257050969229,1496.8025727804254,0.0006591105025407211,0.6889066599436241,0.037697215879740495,-2935.5094448238638
51.89680200161446,6.923466580357854,8560.065847048852,0.001894324802310101,0.035600487592308265,0.2063612801177897,2.0798701474540584,1.4287117766948674,1.3359699959299371,2.3939441045901377,1526.273442546311,0.0006906604743441098,0.6859694356105144,0.037015822166761754,-2935.6405206756535
51.87277750633514,6.81658878290915,8554.477287731692,0.0019318271147027834,0.035356704546153965,0.20685883127747817,2.081857784016412,1.4268007994895746,1.3371025771586038,2.393595012394236,1509.8179097964162,0.0006726678818180106,0.6881608138233491,0.03738453665520997,-2935.4826656024443
51.87277750633514,6.81658878290915,8554.477287731692,0.0019318271147027834,0.035356704546153965,0.20685883127747817,2.081857784016412,1.4268007994895746,1.3371025771586038,2.393595012394236,1509.8179097964162,0.0006726678818180106,0.6881608138233491,0.03738453665520997,-2935.4826656024443
51.84818426601229,6.899185339002322,8553.036014403335,0.0019063732749837478,0.03543098815602342,0.20640828554664775,2.0810568858402907,1.424399505579828,1.3365991809630149,2.3936549053294973,1510.3314292291568,0.0006764577985343138,0.6872323532572991,0.037748366919700176,-2935.1994568352975
51.870682095097514,6.835500662492972,8517.504319124955,0.0019817813013163327,0.035435675921982525,0.20696389866622023,2.0831614809850443,1.423812801852075,1.3389063896850693,2.3930597808883096,1492.9294780324808,0.0006466867526909969,0.6884770752727569,0.03777071260163752,-2936.2784142047235
51.81409154444496,6.95352223898492,8570.473212596,0.0018441524748278192,0.035647723389801475,0.20487958352299648,2.0775946365481737,1.4309272851956987,1.3336001314523207,2.3945012098257386,1556.2681803937867,0.0007178165872056241,0.6847301883176878,0.035824546179866884,-2935.703152887149
51.796159667276996,6.777445322215179,8556.368858802727,0.0019501295007934268,0.035353028255908074,0.20649729668531647,2.082092423226383,1.4240258636492942,1.3380732293246314,2.393671852251196,1517.563121890404,0.0006781931619417231,0.6880295240081017,0.03635766650495845,-2935.506792093138
51.78314524004618,6.887642958077333,8570.76079410922,0.0018611765569388915,0.03563519561228759,0.2051893069268329,2.078908769549139,1.4278479729155222,1.3347141942658147,2.3943682714233634,1548.7467431346004,0.0007129362216716247,0.6848540749263522,0.03556317769681905,-2935.5516342434003
51.820602075367624,6.9510597659072495,8528.747269825555,0.001886614498868685,0.03612125625041364,0.20437778876042362,2.080258796358944,1.4239496003566132,1.3351670225729422,2.3939927123799114,1536.010821204868,0.0006973026819035,0.6826860108774343,0.03549950833457821,-2936.181042421388
51.82440004035448,6.927473997640334,8547.165595365037,0.001868032487603138,0.03607484217802935,0.20422987678570162,2.0792844543515785,1.426779282476963,1.3341393256403697,2.3942941018636263,1548.0464575282151,0.0007170883443800636,0.6825727204984093,0.03509625032216531,-2935.6537272788064
51.89384684292959,6.852681481846233,8574.495188203093,0.0018616627580595106,0.035943786931006964,0.20473008671690537,2.0791880720668123,1.4301662836945868,1.3334650527727836,2.3944866706983277,1553.9534893856999,0.0007279034323528611,0.6829646683514212,0.035059909971414324,-2935.3573812935956
51.78869246709885,6.8218087002209415,8627.963168795886,0.001810726681420189,0.03553343417585564,0.20585990430067827,2.0762400920578545,1.4357601498245396,1.333217845635199,2.3952443861057313,1594.7383907638412,0.0007401495082616662,0.6836867465774263,0.033773738497652236,-2938.38345595092
51.75406822764284,6.871413462698314,8643.61599827512,0.00175692216926636,0.03559821180614568,0.20496434440322153,2.0756851563191088,1.4311604656399197,1.3317950181990792,2.3953950422176953,1596.451009807841,0.0007466358840723256,0.6825388269352409,0.03435174836394499,-2937.9729070754533
51.81724592408392,6.839439414224579,8591.955275429209,0.0018111066992421076,0.03579848728142099,0.20483439838816236,2.076162936193641,1.43917921950483,1.3322611519648127,2.395106546390455,1592.8923250820458,0.0007329217167809798,0.683654335601797,0.03374583931659897,-2937.3073941176435
51.83691764634119,6.895606861065811,8600.197323833492,0.0017357514888395253,0.03622312903084312,0.20310761716918482,2.071885492371178,1.4503044242025984,1.327879753539717,2.3958683575084025,1637.190450454279,0.0007916746482377957,0.681194119589441,0.03166207982629151,-2937.913076262101
51.894199384883585,6.761437360983326,8681.313643056972,0.001684470210378475,0.03584169690303568,0.20357190924079988,2.071524838130732,1.4515059221036883,1.3256643882916912,2.3963115789165497,1648.6341317001059,0.0008434793349067502,0.6818252985649719,0.03165881696334745,-2937.7665280820634
51.868216497228765,6.927945777714726,8646.65624663177,0.0016645755151120907,0.036332775411495724,0.20178928385229455,2.0700796990681454,1.4507352704765615,1.3242630609542219,2.396304797056663,1651.8162396050063,0.0008430759107674344,0.6787065161754099,0.03149228594216339,-2936.983245758168
51.89824519392667,6.975621502083943,8719.790791006242,0.0015556915670046935,0.03628835637451388,0.2007469928793646,2.065451323695203,1.4555510841818666,1.3177368272491652,2.396961955273065,1683.8782319357076,0.0009282706073416823,0.6754282016230291,0.031032269173388197,-2937.7292432564773
51.863162824635666,6.8592907703268295,8704.100307356352,0.0016303863379842668,0.035757964863633626,0.20297018628250446,2.0693152855180257,1.4533222851220295,1.3224581508341586,2.3965194693458827,1655.0284898280913,0.0008728918848631648,0.6813182449809221,0.03229582201916531,-2937.487257715183
51.87101999877724,6.961830850691346,8645.217792732667,0.0016589575808150178,0.03628660269457947,0.20195805976531842,2.0691166530578036,1.4530039821282954,1.322668621269539,2.396319121038071,1648.4947206327595,0.0008610846162222277,0.6792130379551803,0.03202283874685573,-2936.153420821183
51.81478537832771,6.776174005478676,8624.967541251035,0.0017785013092703331,0.0356575618753956,0.20424563537134283,2.073919114054362,1.4502879441976533,1.3291091455689288,2.395655543111718,1612.9647119846472,0.000802780434378692,0.6860295957589667,0.03280563432330891,-2936.2221615358108
51.84512521683354,6.811875386095451,8590.276562038465,0.0017484282919722346,0.03591016026238798,0.20251060497799575,2.069747113897298,1.463659212010136,1.3251714204833331,2.396010461267113,1641.9709663402869,0.0008269468227200548,0.68435576872765,0.03160004291583867,-2938.180008508743
51.80506295879384,6.901245574254752,8666.837726547956,0.0016312147520045775,0.03583745848804269,0.2008451060879965,2.0663044810948437,1.458207032713057,1.3205799651694252,2.396564301490119,1663.288487356989,0.0008783016225482832,0.6806465761839278,0.03194939169577756,-2938.4321494390992
51.76437875726255,6.811013113120929,8660.847125903323,0.001649669992335554,0.03563147311228682,0.20094445130034366,2.066528307849067,1.4611722540616516,1.3212913881279618,2.3965945867322613,1666.9604822461808,0.0008839060091528914,0.6825344875704035,0.03138484636136413,-2939.9591185243244
51.80081557629297,6.850050568272319,8622.064165812877,0.0016816723978662163,0.03585407846954487,0.2009924069875979,2.0672315200368656,1.4627625855097186,1.3221897493438481,2.3964140772645575,1659.5861225082097,0.000864999412023198,0.6830342333337278,0.03133798370768351,-2938.2275163756426
51.81282964546778,6.896872464832953,8639.308554628393,0.0016708874772382342,0.0359349454145844,0.20094283662734982,2.06831150364569,1.4561619468902216,1.3226242500479246,2.396332751196727,1646.4240810665058,0.0008670293845147962,0.6824449105922232,0.03219968633312158,-2936.4951976890607
51.749101834867474,6.878849786632404,8676.97592073802,0.001634847732923272,0.03561832659486126,0.2011903017078198,2.0690366774840365,1.4489847115299517,1.3226453872853319,2.3963854649839993,1641.505904884793,0.0008649541076108786,0.6827172066809355,0.0330694781125684,-2937.4286536666973
51.839657839868835,6.718592191831249,8661.35863809659,0.0017258019415533068,0.03542385313574013,0.20270807893376475,2.074189940350716,1.4478258827313155,1.3264513592940117,2.395833316795075,1607.4701175579282,0.0008240048871353608,0.6877759503980331,0.0339125953152092,-2935.119307504654
51.80552323036317,6.828356634781837,8579.197559988412,0.0017774563644732916,0.03575738601096969,0.20236291260085867,2.073194176254217,1.452242910868497,1.3273354112084375,2.3954544656292596,1603.8783985001637,0.0007848931874428629,0.6869673239860564,0.03357150312050113,-2936.893186140419
51.901944169113776,6.883323893571884,8639.032738649215,0.0016861020865452173,0.035890010813641966,0.20172619265284547,2.0707275910704688,1.454087717769596,1.3231296212318409,2.3960408759500624,1625.455891579768,0.0008341112335804063,0.6844011562584054,0.03353978917169454,-2935.8838448055158
51.85105615900446,6.7307663796201105,8658.191096585439,0.0017398864813469445,0.035348827633763805,0.2035046303438367,2.07403708906818,1.4492946240510618,1.3268337496891154,2.3957389090513486,1603.2566006029074,0.0008086835475721023,0.6884460247493274,0.03431064236786205,-2935.370588135499
51.852886296163774,6.702333587178082,8585.92590427378,0.00182880909393202,0.035516466249839465,0.2044173226942435,2.07662939314402,1.4507183648972068,1.330164892508468,2.3951546612783883,1579.7839517018126,0.0007661716292909647,0.6911912903874066,0.03442289967537841,-2936.110793092993
51.800491098896806,6.549609486274996,8548.16560942544,0.0019147733907942104,0.03535528173670532,0.20559280886410966,2.079490242827709,1.451740739766882,1.3333086279138073,2.3946250095001984,1559.515174782634,0.0007264165630259821,0.6948603025436111,0.03441698878086549,-2937.4250261793336
51.884118870007455,6.5618508462596274,8617.362774811105,0.0018088760728420606,0.035402954714683785,0.20534577135396462,2.0751936291105575,1.4634513280106607,1.3279641876792587,2.395668320228701,1608.922561416347,0.0008011620032771265,0.6932935558285207,0.032803166398312586,-2936.462744018889
51.89518818750843,6.473880432808027,8603.86592694452,0.0018652111642311821,0.0353264057852938,0.205569516003616,2.078631853700239,1.4566571323590671,1.3301193483385017,2.395167425789227,1575.6490959320588,0.0007745593031706435,0.6950911679777048,0.0338730317808648,-2935.894246012359
51.874814095564645,6.446623394695994,8635.139796785927,0.0018324008617755987,0.03512328313305517,0.2055643084099837,2.077570415744054,1.4580131413625144,1.3289697198131178,2.395447617312419,1587.724987947721,0.0007902778235199252,0.6951024293388937,0.03375330664113675,-2935.206995082765
51.82640045466695,6.486796165797848,8603.288454169837,0.0018335691953369003,0.035168653947038615,0.2051059408613289,2.0760775413824826,1.462854111292656,1.3282266275720418,2.395469692459706,1596.1158198295861,0.0007895589014334652,0.6953449646225969,0.0334338977718557,-2936.2517463872337
51.86941327187377,6.399775463641099,8643.688838925002,0.001834090877812037,0.03487383677196797,0.2060968754453828,2.0774166080206244,1.4598941549463222,1.3292599904684759,2.3954782132601764,1587.962132940633,0.0007877985930059253,0.696549501059243,0.033905265977417304,-2935.583546319756
51.916898053601855,6.500287953630391,8648.218318737781,0.0017744157887516633,0.03519357400674566,0.2047525241169345,2.074444229820381,1.4654653643733704,1.325671889210012,2.395886443881478,1615.6095443983534,0.0008160540565146508,0.6932844516523534,0.03305337122827529,-2936.2432087439643
51.92128321641382,6.58636190560965,8661.067456927696,0.0016898914967180244,0.03551062454927424,0.20292210523666868,2.0718181142501617,1.467509600354134,1.320957912022896,2.396301905390195,1636.6929980296106,0.0008598870885168277,0.6904102365270867,0.032711593999430494,-2935.8270342659825
51.842093990629046,6.4934953647853035,8668.294379692958,0.00171496681836802,0.03511551862709098,0.20440121687499954,2.07250742462557,1.4698583061995958,1.323169085228803,2.396276898047616,1638.442545727094,0.0008410974659976354,0.6937790099238766,0.032520217750080634,-2936.6848645117702
51.883378269463904,6.486825650685571,8703.883274964302,0.0016784961678502138,0.035024518108072396,0.2044810897365364,2.069919711363403,1.4773176285257268,1.3210637259887288,2.396704288309908,1664.8065235281392,0.0008873636560988461,0.6941606830427616,0.03145696135731316,-2937.565424434203
51.86989046793761,6.424326698162947,8661.159660448258,0.0017339335496962232,0.0352753280065871,0.20427491943728382,2.072142892608688,1.4767671363832375,1.3226395068471737,2.396393340608207,1649.1404266291117,0.0008668706301455811,0.6951632827213597,0.03129119581270769,-2936.567506797723
51.77763987761614,6.366696526573072,8595.483764049262,0.001787689380286683,0.035075750703540756,0.20409297673594679,2.072984209056501,1.4799868487494812,1.324993736984886,2.3961214623669114,1641.7393249668849,0.0008268680719530699,0.6973038814808377,0.03130535275011388,-2938.325190358195
51.90132591173496,6.358217697489835,8634.895149199983,0.0017845898263585177,0.03504183932595165,0.20513862041184297,2.0749858766037637,1.4739319690337909,1.3259339897489,2.3960087876323,1625.2713705689648,0.0008254101992719345,0.6973121417074669,0.03242056193032343,-2936.631329068123
51.78988166061294,6.394943139222491,8642.237142570433,0.0017981195893111608,0.03490110844817456,0.20626632523236443,2.0762082226761116,1.466790227878088,1.3290602221651575,2.3958407880892274,1618.7628307380853,0.0007996984271552873,0.6989003681680142,0.03262812268882915,-2936.285083030813
51.82748194512202,6.505778314393005,8621.379121223159,0.0017774154998281666,0.03553590868914734,0.20524332950630486,2.0748168412147234,1.4677909089501662,1.3277655737013245,2.39596327290649,1630.2758435935305,0.0008173681109519856,0.6955784823779543,0.031747822401732184,-2937.064698513797
51.890798763482685,6.429678712585982,8652.186100223327,0.001785800470951944,0.03523067535635875,0.2064745916019969,2.076154798511997,1.4668824499674562,1.328919277831341,2.3959254932527063,1620.3756426036016,0.0008124920961370781,0.6976460236518638,0.0324349602721408,-2935.8841176442897
51.90013330678738,6.403826833200469,8624.141308750543,0.0018612772407727589,0.03510627280547455,0.2072313930263357,2.0774183519689333,1.4689030805220478,1.3318856378589286,2.3955415132613282,1606.8768149996317,0.0007786431769159381,0.6996899745879901,0.03260246865828709,-2937.2934252096666
51.90238469877298,6.444005858210552,8650.846148847268,0.0018072237185686741,0.03519018690755252,0.2068933381914248,2.075054784570966,1.4728051768047772,1.3301731022283403,2.395998844921551,1632.5323460818847,0.0008086333266048612,0.6987397802957835,0.03164728028081545,-2937.1783320906698
51.762826732739725,6.489306141072575,8668.43097613574,0.0017980605048492605,0.034637002861521195,0.20724862386997173,2.0756830797255534,1.4620639984301398,1.3320647492866033,2.395768881983196,1612.6294313974968,0.0007801898045713702,0.6999484572966588,0.033490772712079855,-2936.8153881865624
51.761090356092524,6.669251475025373,8609.00018155058,0.001806867158677099,0.034895989422383325,0.20736494986620643,2.0750695105111863,1.462761510762825,1.332451903196654,2.395468464242583,1607.3767799310958,0.0007420866211224835,0.6992348621567352,0.0341168552572134,-2937.5384859869564
51.80417473118839,6.853858759615669,8667.391252993972,0.0016679955594015498,0.03517832144023629,0.20561557246127338,2.0696391338298374,1.4663568460029066,1.3267580853608294,2.3963508908564393,1651.7715902901805,0.0008101595036651517,0.694400021649089,0.03318586863415343,-2937.1649468263736
51.83670514550786,6.968282629637773,8678.1821445356,0.0016124030968995514,0.03536803744357065,0.20463067413915362,2.0666445868104955,1.4703247121877396,1.324055166177254,2.3966621310723193,1672.7225184643357,0.0008341477486740176,0.6916827840672672,0.03266813054432123,-2937.874094805977
51.762115142578764,6.876449197888487,8657.626903635623,0.0016635477288751558,0.0349797768000239,0.20561983011552454,2.066810274483383,1.4776936822351328,1.3256686032130096,2.3965420668878963,1673.3881030613402,0.0008170100286100879,0.6955686463027612,0.03219743138894311,-2939.625594389917
51.84315167566666,6.737434715084646,8650.977181336231,0.001719040067022031,0.034910253324384216,0.2063134926555568,2.0694503420568267,1.4790139720022277,1.3270956809640704,2.3962981138956914,1659.1960485497666,0.0007993796388438848,0.6981555525294425,0.032370173729547945,-2939.1778387907534
51.87792576423438,6.70296162288675,8564.543448562425,0.0018219343689150679,0.03521126807322124,0.20651871994717935,2.0726456001639164,1.4786133604809675,1.329509951418461,2.395620921318606,1629.5631550987341,0.0007571066444092768,0.6989522502823127,0.03275100723781702,-2941.498995890256
51.7903462528866,6.565241346039734,8635.158441253569,0.0017938409505683986,0.034550533323152964,0.2075712044834253,2.075268257454604,1.4686609430477136,1.330712671723162,2.395654100184906,1617.554093391949,0.0007543303020275441,0.7014090693542041,0.033881372503458594,-2937.961866873895
51.724254388073696,6.660422127424077,8638.746792337988,0.001725243012979402,0.03473153314428814,0.20584541603691145,2.0719227118976606,1.4685895891955851,1.3271879440214303,2.396062389143059,1637.214664520233,0.0007883095961694678,0.6978223130847987,0.03345127891034733,-2938.2531466539504
51.775394236948564,6.588570745990669,8632.793354744863,0.001743420582694948,0.03494924937180319,0.2054245194623497,2.0728586011233707,1.4700815009682828,1.326647279470217,2.396048539319014,1638.5354098097448,0.0007978434524900216,0.6974636512654283,0.03275451223662633,-2937.5806003804637
51.83514322963596,6.749567114928809,8627.298623858926,0.0016932380702174312,0.035334807820997224,0.20454666627474385,2.0696436597646537,1.4753155486216156,1.3230863917279891,2.396331928768997,1655.808606337326,0.0008332427531768641,0.6946312404971448,0.032237558231485296,-2937.775196671921
51.7865631892538,6.749567117132809,8631.94660668089,0.0016941986108776237,0.03525491273143505,0.20488335257383106,2.0696277353977,1.4728277524942026,1.3242118256559416,2.396329551980598,1655.6198057554204,0.0008254637405807439,0.6947411294858317,0.032392688639677945,-2937.589627787283
51.83364117426326,6.678562936653744,8722.646739389907,0.0016273506718937941,0.035117465714461144,0.20549821152522163,2.0694702860059166,1.4702378625246937,1.3223182972121723,2.3967956625845073,1669.823294798523,0.0008773131612841473,0.694445553649487,0.03196135487076787,-2936.366056925036
51.8508714420195,6.6610979988253725,8679.238360036534,0.0016623912775584795,0.03551877860497262,0.20470514203533896,2.069952339110131,1.4719687376426909,1.3221078067172445,2.3966282229319784,1666.8736456335143,0.0008684963650843649,0.6931730451364837,0.031273261359397744,-2936.315310367736
51.84170315980141,6.64364266032311,8663.097149233092,0.001706159205922652,0.03544472483577273,0.20552540168975475,2.0734015772283145,1.463824627966014,1.3252721770638702,2.3962159144059774,1639.0033481387384,0.0008257673290999318,0.6949751008906584,0.032389778220609386,-2935.6640984672886
51.750495213208275,6.666105952640169,8661.439083217423,0.0017237921985418462,0.035367272309508604,0.20554813175741674,2.0749118357949943,1.4524024353256246,1.3278484205508634,2.39596620495999,1621.9275323665145,0.0008008644499689682,0.6944052152072342,0.03316362413786439,-2934.720574219061
51.661424665521466,6.70814404230439,8643.2043224568,0.0017240143173996101,0.03547893811070487,0.2052416581769741,2.074764223406439,1.451738806675345,1.3284860928812892,2.395933756959531,1623.14198880722,0.0007943218223017194,0.6948192286705065,0.032873731804731916,-2934.989537182386
51.61474269025118,6.786083062675981,8661.86063849317,0.0016687977416647893,0.03546155048686715,0.20381244812671614,2.0741060766643495,1.4422042990289263,1.3271951649474363,2.396039386919494,1616.4356972936173,0.0008035018443998583,0.6923951536956885,0.03411887135899085,-2933.7707065113227
51.61971200296034,6.902088913532978,8658.628226787436,0.0016368500171598612,0.03575889015591092,0.20275273894650206,2.072662626156271,1.4418793449220706,1.3261399522241022,2.3962313960525528,1627.3117622612713,0.0008205461740868572,0.6907509108189044,0.033614029066834326,-2933.6270918678833
51.55845204605106,6.806688396229884,8645.35202149366,0.001663659828718656,0.035631489972386944,0.20221675553923218,2.074405450704697,1.4387863562616237,1.3269589691185244,2.3960330959385887,1618.0627716719189,0.0007974332224523445,0.6913804852399921,0.033806326803554235,-2934.016862578129
51.52561936227406,6.749468407896515,8650.362059009678,0.0016848116076209352,0.03553715656325745,0.202581786987604,2.076534007792139,1.433173683158501,1.3286916095339876,2.395832293312071,1602.6030181141534,0.0007877140283654447,0.6929470113945527,0.03421883918307695,-2933.099132030353
51.52561936227406,6.749468407896515,8650.362059009678,0.0016848116076209352,0.03553715656325745,0.202581786987604,2.076534007792139,1.433173683158501,1.3286916095339876,2.395832293312071,1602.6030181141534,0.0007877140283654447,0.6929470113945527,0.03421883918307695,-2933.099132030353
51.41266525781199,6.741977983714932,8570.404655379762,0.0017800255258826395,0.03521581430792657,0.20312944177138437,2.0788689978556194,1.4305296996824879,1.3324930212815396,2.395005044082658,1569.266913242061,0.0007183130029043128,0.6956052479844689,0.03541224762304005,-2934.724705022857
51.45773174026229,6.798397084847519,8604.987995631409,0.0017031599403492257,0.035404000126696325,0.2022763383987405,2.0767659935545613,1.432073461896956,1.3295824796194946,2.3955478786755444,1594.898254362666,0.0007536419077773603,0.6927578600391122,0.03481300484461617,-2934.5126987524736
51.46088388711193,6.777249548245429,8591.64105202026,0.0017465820181869112,0.035486279084913856,0.20260551240098187,2.079343918428371,1.4261456289700605,1.3315281816482423,2.395199361487667,1576.7868374499628,0.0007385294223759864,0.6937227993854592,0.03508952707177348,-2933.5130842045223
51.438742655004646,6.827219665046371,8630.452073726976,0.001682949575440667,0.03550961566838808,0.20181594052322263,2.07763476232728,1.4237185354990982,1.3295434973292664,2.3956172002393963,1593.1297249690044,0.0007694009480993767,0.6919430642954364,0.03486353045686264,-2933.130836723595
51.438742655004646,6.827219665046371,8630.452073726976,0.001682949575440667,0.03550961566838808,0.20181594052322263,2.07763476232728,1.4237185354990982,1.3295434973292664,2.3956172002393963,1593.1297249690044,0.0007694009480993767,0.6919430642954364,0.03486353045686264,-2933.130836723595
51.44430550506213,6.88987841358929,8629.533958471146,0.001667845923147275,0.03570170264671561,0.20126155477632598,2.07679401460266,1.4228776992176795,1.3289249484453678,2.3956605923146537,1596.5993150651705,0.0007774271408748775,0.690431759520119,0.03476325431261152,-2932.7547892934767
51.560727765598486,6.679785092530697,8599.375746424848,0.001774992022730941,0.035576512839110716,0.20223405155880456,2.0822040774255677,1.4183837046373364,1.3320785708891938,2.3948948351585555,1548.5103471595448,0.0007401255622696788,0.6939698258761295,0.035852109157706126,-2931.9008122408245
51.616145015885905,6.794293934809126,8571.395329135095,0.0017754563345947815,0.03594241184725102,0.20133763524502118,2.082100384945027,1.4144617517267775,1.3319258494531958,2.394683440980677,1537.3220763711624,0.0007313459320474876,0.6904834646297726,0.036330469238260506,-2932.902143951564
51.59201364098168,6.807272718407965,8609.386221098623,0.0017235625744036276,0.03588642385077611,0.20099426713889296,2.0805674106630474,1.4150930697984754,1.3302700040947806,2.395107041576165,1554.8695263514246,0.0007564027259995222,0.6902834033666204,0.03608717711003245,-2931.749653723264
51.562772907794795,6.916223512432268,8595.49851125434,0.001648535902090883,0.036407416830467866,0.19805286094659075,2.0765767553081673,1.4198166652932194,1.3247409983967664,2.3956513556056,1587.5800879862186,0.0008043091610665821,0.6850517270221721,0.03496348278879416,-2932.759693111371
51.524965904326514,6.894759319082645,8592.23459916477,0.0016792315591985013,0.036285310915933816,0.19898318547080857,2.07791045413611,1.4177197665626746,1.3269866253806952,2.3954288688579792,1575.2278191294672,0.0007853410816705262,0.6872075354910113,0.035243392047470484,-2932.657983422327
51.524965904326514,6.894759319082645,8592.23459916477,0.0016792315591985013,0.036285310915933816,0.19898318547080857,2.07791045413611,1.4177197665626746,1.3269866253806952,2.3954288688579792,1575.2278191294672,0.0007853410816705262,0.6872075354910113,0.035243392047470484,-2932.657983422327
51.437784915842194,6.761024201123565,8577.421025893642,0.0017662376565050124,0.035887438047646374,0.20063075819598788,2.082317848212908,1.4083982803501502,1.3320165670156148,2.394662518878212,1533.454766265133,0.0007329859816737122,0.6909253170834005,0.0363342071840821,-2931.696252169582
51.44549871196837,6.591474061318831,8530.351693428604,0.0019016863826967333,0.035572073987197785,0.20290433785998765,2.0853038775868677,1.4104868219206304,1.3364288196752412,2.393802007984598,1501.0946238869715,0.0006907611683634173,0.6955759674306928,0.03649709990357266,-2932.6532397557585
51.43722418867804,6.427094289715665,8515.570361435042,0.0019499609525801833,0.035634461438754476,0.20273395066384364,2.0856148121335982,1.4187120029818456,1.3370412631025548,2.3939619735078472,1519.2462375547163,0.0007035159446927721,0.6970706548403828,0.03447710448287278,-2933.551361843847
51.50601710301636,6.579047065990771,8547.822363705733,0.0018845901939135558,0.03567616455353885,0.20189577982528786,2.0840174195467696,1.4169492329850535,1.3350510369547615,2.3943167198033226,1528.6221080387966,0.0007265344929349454,0.6948538215172088,0.03517252271491497,-2932.506703512594
51.42201531301198,6.59920848657373,8588.052929225989,0.0018202689651993312,0.0356529324418717,0.20107110041674495,2.0832465441231593,1.4113969063137328,1.333387627718593,2.394700801263121,1537.8158743296526,0.0007492461991550567,0.6932297130611067,0.03520082956444123,-2931.0549978965787
51.49596896314904,6.615794037464777,8542.217978359142,0.0018693412434196532,0.03582746312023216,0.20114584667657903,2.084473526372392,1.4123613932734598,1.3343418129970144,2.394211630032782,1517.3886328374804,0.0007240597533057708,0.6937057612791995,0.035764327658102356,-2932.523613786202
51.383516094516764,6.681265750022025,8528.91239085316,0.0018742649607061054,0.035490945980108934,0.20121821753696995,2.0838362760617133,1.4077215443311926,1.3351502051844162,2.394011128734383,1508.1709118819754,0.0007056864388033864,0.693214946941527,0.03664375375795327,-2932.0677632075613
51.420320978788936,6.553657115860709,8528.92987604509,0.0019497746190581162,0.03523271952943288,0.20269654918447141,2.086778591924557,1.4064657373171168,1.3381057354559878,2.3935015494283656,1482.808825443067,0.000686762431986225,0.6966180851547548,0.03695384326534541,-2931.729723304285
51.40327851468787,6.6078964067809665,8528.258801071004,0.0019025118653412314,0.0353773879612696,0.20177751084049833,2.0853665066122717,1.4065700403458048,1.33635901065229,2.3937591523398294,1493.7771125567333,0.0006988997174493438,0.6946329565415205,0.03699316336888816,-2931.7000400273478
51.380190948245,6.625090508706666,8564.411605029856,0.0018539323642473733,0.03530407507249952,0.20164944587909195,2.084052273155699,1.4047793629909866,1.335348885240775,2.394189149466415,1507.4129711106145,0.0007190759337141427,0.6936271390624276,0.036852956132793505,-2931.5372800593937
51.41743385451137,6.6216565514595445,8505.995028164529,0.001900054839229569,0.0355969120850332,0.20068624790760972,2.0854414296285038,1.404861978174107,1.3355883418047163,2.393679988081116,1490.739508403315,0.0006993943074514712,0.6935274520956516,0.036971178168239076,-2931.8547683934817
51.40624784665539,6.590213838174968,8556.400306948557,0.0018742715542561252,0.03537182466480501,0.20162809650431343,2.0856466836371244,1.4029363489696278,1.3358792882527595,2.393994034638074,1500.014670580739,0.0007127453931148581,0.6944817564643202,0.036854555217143335,-2930.9196953560418
51.40624784665539,6.590213838174968,8556.400306948557,0.0018742715542561252,0.03537182466480501,0.20162809650431343,2.0856466836371244,1.4029363489696278,1.3358792882527595,2.393994034638074,1500.014670580739,0.0007127453931148581,0.6944817564643202,0.036854555217143335,-2930.9196953560418
51.43772305688264,6.599163778506028,8556.966705146293,0.0018658367564457707,0.03555792142281932,0.20075889936474892,2.0836556996411155,1.4098309718754605,1.3340240480291863,2.3943386425721966,1521.4113156153026,0.0007409578249922137,0.6928933169302843,0.03573129973872267,-2931.1516030352573
51.360907043018,6.6446078658441685,8545.437464292867,0.0018582867453543527,0.035497520515668124,0.20057660473770217,2.083413462139102,1.4080771123949622,1.3342978741604639,2.3942639880165575,1520.9275711350035,0.0007303150994946843,0.6929615386170536,0.03597672708057326,-2931.563565456054
51.34442119113347,6.630139844133062,8510.436499357511,0.001917015717436247,0.03509851085943476,0.20194339360228197,2.085461835381677,1.4078735237761726,1.3368343834589056,2.3936064264154737,1491.0545468161056,0.0006920046087881017,0.6973901842143265,0.03736928796101036,-2931.831439432555
51.36547910148717,6.608465331220266,8572.7891626445,0.0018542229915847269,0.035238192530464583,0.20140540426338935,2.0846793202104426,1.406218274281377,1.3353077163962812,2.3943195740293506,1515.7488983296687,0.0007361898141393463,0.6958434476525378,0.0363246449345248,-2930.8073651075733
51.36785543699902,6.622046964471398,8540.216884575708,0.0018723576096619757,0.035423878039583016,0.20043697454891604,2.085089971687091,1.4085182224553043,1.3347513459423954,2.3941744604378536,1512.0638147593954,0.0007383808647159874,0.696705050600723,0.03626961137696396,-2930.306708441297
51.379982323048125,6.683092061462144,8577.1636389708,0.0017707190793099885,0.03588740827143241,0.19885536467666937,2.080121758983987,1.4208118246188621,1.3299427018820402,2.395368110070022,1582.4390020476121,0.0008172807783348628,0.6933583376909658,0.0332699542210154,-2930.5963564987223
51.461103588555126,6.813131572062527,8638.08075429316,0.0016766857563182015,0.036292559995172315,0.19810498963166923,2.0765760921641148,1.4224180032196427,1.3264402572953338,2.3961282738406933,1618.971835473942,0.0008843683943060812,0.688814388424595,0.03214074024874557,-2929.7772633112545
51.36721529601256,6.6386068208096845,8599.85459771876,0.0018171513175679168,0.03556713228237295,0.20087097782233007,2.082935856977345,1.406593079897498,1.3340037913290206,2.3949952481693226,1550.8807784186288,0.0007901828709169883,0.6942783201639517,0.0346683201029045,-2929.390469710481
51.412379643557486,6.535688320383098,8544.047231800974,0.0019259948225081433,0.03548317861857799,0.20163731059884255,2.0865060780003413,1.4035214359349912,1.337195045093861,2.394046926488283,1507.1077226395178,0.0007346244772472484,0.6966393739889883,0.035757717489575534,-2929.6971469461528
51.460519019392656,6.716917104965859,8611.285590905803,0.0017363734925468282,0.0359678275030526,0.19920086383124028,2.0781014975994156,1.4204351759949339,1.3280249481652548,2.395709181682622,1594.5062465124513,0.000848769947306236,0.6904969243335379,0.03335397176684171,-2929.8613128852353
51.38848094998445,6.7677180437199915,8654.853425165804,0.0016608370920915903,0.035862758210665924,0.19814641352987356,2.0765915559129535,1.411555810343645,1.325774210170827,2.395988281475935,1600.270464911708,0.0008676344796078077,0.6869487218425203,0.03408618795183872,-2930.624639627468
51.434023222011916,6.533424219161063,8568.831972414202,0.0018502665080284554,0.035661516878878335,0.2007051800356352,2.083020288250731,1.4122109178262132,1.3329143746948535,2.394797754867049,1545.8759583056924,0.0007759138029332208,0.6941883540344241,0.0346031952606217,-2930.0873547121837
51.406929826331584,6.525285606453206,8566.217483588367,0.0018766442688517772,0.035416675777090685,0.20181808559120715,2.0851925046045574,1.406688893328925,1.3350388911301656,2.3943372426602902,1518.3814063850587,0.00074384702762455,0.6964074082329419,0.03595721752918083,-2929.7572956949443
51.41216418827139,6.478635985784756,8563.4318909192,0.0019094843505878675,0.035310192975616196,0.20215482412158234,2.0858561463408356,1.4049999056616773,1.335926724356817,2.3941432660081317,1509.5294172383926,0.0007375431134047462,0.6965425085079529,0.03607083409727048,-2929.8425380487547
51.41216418827139,6.478635985784756,8563.4318909192,0.0019094843505878675,0.035310192975616196,0.20215482412158234,2.0858561463408356,1.4049999056616773,1.335926724356817,2.3941432660081317,1509.5294172383926,0.0007375431134047462,0.6965425085079529,0.03607083409727048,-2929.8425380487547
51.43818920914225,6.385737417526599,8559.980144911535,0.0019195485759583054,0.03528651682760602,0.20186455575340145,2.0868630194546967,1.4048788591852468,1.3354589018760614,2.3940730798911884,1503.116081089661,0.0007392402944001968,0.6966243240430249,0.03614234856609406,-2929.6583069355293
51.43818920914225,6.385737417526599,8559.980144911535,0.0019195485759583054,0.03528651682760602,0.20186455575340145,2.0868630194546967,1.4048788591852468,1.3354589018760614,2.3940730798911884,1503.116081089661,0.0007392402944001968,0.6966243240430249,0.03614234856609406,-2929.6583069355293
51.43818920914225,6.385737417526599,8559.980144911535,0.0019195485759583054,0.03528651682760602,0.20186455575340145,2.0868630194546967,1.4048788591852468,1.3354589018760614,2.3940730798911884,1503.116081089661,0.0007392402944001968,0.6966243240430249,0.03614234856609406,-2929.6583069355293
51.43818920914225,6.385737417526599,8559.980144911535,0.0019195485759583054,0.03528651682760602,0.20186455575340145,2.0868630194546967,1.4048788591852468,1.3354589018760614,2.3940730798911884,1503.116081089661,0.0007392402944001968,0.6966243240430249,0.03614234856609406,-2929.6583069355293
51.506073066739944,6.399166111513544,8545.914623829169,0.0019287118317017596,0.035529783619962944,0.2012531204967161,2.086514845306951,1.406168829498165,1.3348990296366634,2.394103263979632,1504.3417964540733,0.0007502747723697759,0.6951629045505251,0.035741640029732145,-2929.4816656406133
51.51406960719785,6.425337838182006,8531.396462010614,0.00194588764412492,0.03550653721304684,0.20133574337549745,2.0873857520228283,1.402463002724593,1.3357174504325124,2.393755854657268,1486.860862826355,0.0007328402384468632,0.6948718554056792,0.03656299483583654,-2929.5388610096197
51.55449301586238,6.5323246728138855,8542.91127990145,0.001868560923371984,0.03589934751443436,0.20012832129335087,2.083743581958702,1.4106853246850362,1.3322346858135181,2.3945533040599942,1530.363299707657,0.0007760091433279956,0.6912799981977983,0.03507534942778996,-2930.20070655646
51.382066690260764,6.702806560197484,8560.054750726604,0.0017897870530815567,0.036026791202937246,0.19947371997398006,2.078935124390131,1.416487574771875,1.3296481069587045,2.395276089533865,1576.497429127514,0.0008181261705550264,0.6894703232737753,0.033470703293811244,-2930.477411669941
51.36732055353466,6.6808645407386145,8555.662523600473,0.0018089958407662182,0.03601316384855842,0.19987895360721572,2.07942754764147,1.4175624456483915,1.3306523184621732,2.3952422409482512,1578.072216039964,0.0008109286156743451,0.6900603483627125,0.03308656087473508,-2930.82866167705
51.411252751771,6.688830714801,8555.82581804616,0.0018517427901226999,0.035908702011421115,0.200864167180981,2.08285124808489,1.405723833680317,1.333708438587222,2.3946365216357304,1536.4058956381689,0.0007789369981805757,0.6910479628388967,0.03474698790242235,-2929.517201891145
51.421607021326764,6.616892359320897,8573.549738525544,0.0018627136153778346,0.03576224886659262,0.20183000261743925,2.082906974873846,1.4091699270089748,1.334352916623316,2.394783018313757,1545.482522432878,0.0007820419227236931,0.6924378423003379,0.03412465916955031,-2929.7660337617694
51.4193364908746,6.6143615896200565,8563.001939398288,0.0019259561130356292,0.03563539583886269,0.2026751200086234,2.0844667445140326,1.4059301386685537,1.3372765534924649,2.394370700684453,1526.8548401700912,0.0007578545712814465,0.6941945338545156,0.03447791657030054,-2929.760434993955
51.458241197273075,6.59826736406286,8581.184280361278,0.0019117082407210445,0.035570427133541145,0.20266606616823732,2.0843730249414385,1.4073090112369662,1.3366908733795975,2.394562762162244,1534.9903808031845,0.0007690734152475912,0.6939211690330195,0.03427239990864282,-2929.8666111468447
51.46409291879826,6.502089669216101,8550.120502684878,0.002023805502100099,0.0354411092362509,0.2042353993979156,2.08783297975996,1.4030414378837608,1.340332251158182,2.3936393081004343,1495.6030361942892,0.0007271409834898289,0.6962869770909218,0.03493653177102558,-2929.6995512703484
51.531190282117905,6.499208112537822,8554.06482726039,0.0020061662611609503,0.03562109189645574,0.2038432720639866,2.087180487968487,1.406582473691123,1.3389217201194117,2.3938588629305704,1505.845517569582,0.0007443329667531227,0.6947871609519853,0.034432566222713304,-2929.6818711232168
51.524037940256065,6.523614023017249,8543.937727503893,0.0019879413980844196,0.03592936942287645,0.20275695630180532,2.086511065357613,1.405561170365053,1.3378436644337997,2.393992255448485,1513.4957957817962,0.000756985320264766,0.6922659000373306,0.03392313092871712,-2929.786702352594
51.490053675728994,6.55968676227797,8556.075962294726,0.0019329021962049833,0.03605872155119928,0.20158363796498044,2.0854751949564663,1.4027257016847061,1.3356154782679006,2.3942539824563207,1521.135203433252,0.0007685325455485253,0.6899567091307334,0.03414512028491933,-2929.4977259048546
51.47143464324521,6.54115669182087,8517.959481410839,0.0019888966044661976,0.03598252483976214,0.2015361929691115,2.0879316486248047,1.3943895934833646,1.3375893483428754,2.393428006498615,1477.5843522367331,0.0007308458927368664,0.6903969639540402,0.035694713279050584,-2929.5346390901636
51.46042280746713,6.6859929801944205,8525.592532496288,0.0019193199770057266,0.03635539566039369,0.2000450354491733,2.0864214186834404,1.3928050109922365,1.3353791861657114,2.3938030622766435,1493.694238767497,0.0007479553736608119,0.6868972492209172,0.035460294063876185,-2929.8826299774128
51.511452118590086,6.645677167701155,8554.245042260518,0.001891148787502157,0.03640944169153618,0.20001129073271942,2.0848947275947816,1.3986891444154805,1.3333925598307519,2.394284978032366,1514.394136753436,0.0007797470415152954,0.6853723999880984,0.03461068497398842,-2929.550160876622
51.45397915486116,6.721950784795489,8570.93872245634,0.0018153361404215133,0.036500237182791766,0.19851566981540858,2.082037759398772,1.3998117375525434,1.3299788844878508,2.394833410536224,1539.1061603679555,0.0008131327792153698,0.6822070222404251,0.03409788322517163,-2929.389763974863
51.44169326561946,6.761804517623364,8568.553139067326,0.0018098038910423606,0.03663114904985039,0.19797862183149498,2.082620209681046,1.3930784214890246,1.330266073147898,2.394707574506911,1528.998924687206,0.0008081257264755397,0.680956291439618,0.034560649741786194,-2928.9430012527764
51.43711831947296,6.641218802774318,8509.838690934133,0.0019420577618531863,0.036426097971753474,0.1995628420558909,2.0870987354605974,1.3883217127775147,1.3352935016966154,2.393502790381331,1474.3333694740677,0.0007427778530115076,0.6848092545322979,0.03564410356314122,-2929.679343415568
51.42321969780589,6.74304512682842,8533.176537292271,0.0018661738635101918,0.03661598884041906,0.19792318018524585,2.085394473799364,1.3839506289761516,1.3328438992341263,2.3939570995682535,1487.4737944484427,0.0007698914135835901,0.6817909049075538,0.03578865170820197,-2928.8430865012874
51.42860343390576,6.832759803365192,8587.867719644502,0.00174449433435049,0.036890429037751055,0.19647575892318953,2.0818806127505054,1.387506517425331,1.3275953274558878,2.3949165773627588,1530.312424712173,0.0008286802931069939,0.6779021891043042,0.03505647887713274,-2928.2340295115796
51.414043012814815,6.794565746724537,8579.169537229587,0.0017844578411809965,0.036755652191689796,0.19765584095708372,2.083095572132372,1.388690048633884,1.329873405207095,2.3947007467375774,1523.4722892488069,0.0008079306016642456,0.6803975576799788,0.03494730493619545,-2928.4873990491737
51.414043012814815,6.794565746724537,8579.169537229587,0.0017844578411809965,0.036755652191689796,0.19765584095708372,2.083095572132372,1.388690048633884,1.329873405207095,2.3947007467375774,1523.4722892488069,0.0008079306016642456,0.6803975576799788,0.03494730493619545,-2928.4873990491737
51.447871785566846,6.771839314223502,8584.921347739475,0.0017800375336806291,0.036707904768250255,0.19770785391285808,2.0820936102887684,1.3949484482268115,1.3284995609443637,2.3948903167678157,1535.928229355606,0.0008269236855336598,0.6803815710434011,0.03443443383975246,-2928.5842979314334
51.50499287479417,6.72078659418289,8561.377762999105,0.0018150271522875887,0.036657791273433694,0.1983129283464701,2.083009259730412,1.3990412695486305,1.3290389335521713,2.3946387004622074,1524.6936472522696,0.000809502464517837,0.6825853636718057,0.03481730033441982,-2929.414871675465
51.431811347677666,6.6650989542066235,8534.474982499716,0.0018886646152681933,0.03649680011709274,0.19959656080735663,2.0859951193340596,1.3912731923467252,1.3330661982987033,2.393878971067161,1489.8914823912667,0.0007603587318161433,0.6845395751357494,0.03563735801481133,-2929.5256240004283
51.39438539942732,6.7451625017286005,8552.411473070195,0.0018422459039050842,0.03671370466380902,0.19881118283223403,2.0839781350765056,1.3926747293610953,1.3316359945860863,2.3943864033764424,1516.986865047637,0.0007876268570035288,0.6823886697718443,0.0345736424715339,-2929.395947259341
51.40475906339144,6.706649161407441,8512.441734568838,0.0019222039059738462,0.036550690308790275,0.19970899592041205,2.086183902131191,1.3906591713910883,1.3344300019721675,2.3936503129700157,1486.3644630967765,0.0007468109113629671,0.6844881420673581,0.03549564290192779,-2930.296046551936
51.45499845251696,6.717146044208551,8532.74602622601,0.0018863917423414195,0.03672849511646621,0.19912542255122964,2.085128835409116,1.392757203347895,1.3324371089057039,2.3940381015703727,1498.028530009679,0.000782241553923825,0.682690606320157,0.03497974054577936,-2929.725971848221
51.40239033167092,6.7057132135987665,8504.25505060671,0.00195474265008729,0.036530790544570625,0.199846662177763,2.0877024969769944,1.384405085280401,1.336216347095728,2.39327507872182,1462.7157396988314,0.0007402704614792961,0.6848966137631513,0.03603010096890818,-2929.5762501774793
51.43910656928537,6.821143032002404,8523.626500290206,0.0018839357156763368,0.03670792235495026,0.19904166399365059,2.084680163642693,1.3902442520557674,1.3337693498227443,2.393946027915265,1492.239095333141,0.0007719519407570803,0.6827797985644571,0.035509206750380315,-2929.921070761411
51.43910656928537,6.821143032002404,8523.626500290206,0.0018839357156763368,0.03670792235495026,0.19904166399365059,2.084680163642693,1.3902442520557674,1.3337693498227443,2.393946027915265,1492.239095333141,0.0007719519407570803,0.6827797985644571,0.035509206750380315,-2929.921070761411
51.43910656928537,6.821143032002404,8523.626500290206,0.0018839357156763368,0.03670792235495026,0.19904166399365059,2.084680163642693,1.3902442520557674,1.3337693498227443,2.393946027915265,1492.239095333141,0.0007719519407570803,0.6827797985644571,0.035509206750380315,-2929.921070761411
51.465373837293434,6.817191939240569,8560.487482416402,0.0018309755317961003,0.036759400836894086,0.19882994252452374,2.083203779734382,1.394611779577747,1.3319365528299048,2.394557173889508,1520.9046986685316,0.0008031166826813726,0.6822218520683674,0.0346394659769378,-2929.3170462344774
51.4513674809141,6.891937683654724,8571.392798431794,0.001802221038191798,0.036915617456731845,0.1986192490580219,2.083198198868197,1.3905477223854263,1.3316584674232606,2.3946341584751654,1521.2429744227522,0.0008114576076869018,0.6813006068159941,0.034825231617841276,-2928.9381211632035
51.4513674809141,6.891937683654724,8571.392798431794,0.001802221038191798,0.036915617456731845,0.1986192490580219,2.083198198868197,1.3905477223854263,1.3316584674232606,2.3946341584751654,1521.2429744227522,0.0008114576076869018,0.6813006068159941,0.034825231617841276,-2928.9381211632035
51.4513674809141,6.891937683654724,8571.392798431794,0.001802221038191798,0.036915617456731845,0.1986192490580219,2.083198198868197,1.3905477223854263,1.3316584674232606,2.3946341584751654,1521.2429744227522,0.0008114576076869018,0.6813006068159941,0.034825231617841276,-2928.9381211632035
51.4513674809141,6.891937683654724,8571.392798431794,0.001802221038191798,0.036915617456731845,0.1986192490580219,2.083198198868197,1.3905477223854263,1.3316584674232606,2.3946341584751654,1521.2429744227522,0.0008114576076869018,0.6813006068159941,0.034825231617841276,-2928.9381211632035
51.4513674809141,6.891937683654724,8571.392798431794,0.001802221038191798,0.036915617456731845,0.1986192490580219,2.083198198868197,1.3905477223854263,1.3316584674232606,2.3946341584751654,1521.2429744227522,0.0008114576076869018,0.6813006068159941,0.034825231617841276,-2928.9381211632035
51.4144592061008,6.844254901229139,8536.75290192757,0.0018677499090838877,0.03701875031770292,0.19908485633179207,2.0848180734329844,1.3902240329595372,1.333894243372812,2.3941891481230604,1504.7283747656656,0.000789728280008481,0.6825025057549087,0.03455532873152967,-2930.6511644112898
51.3490134059852,6.827356324789552,8560.90199410508,0.0018190677557920218,0.0370372388314562,0.19817280500070872,2.0836299021924063,1.389579776598426,1.3319756502882565,2.394591340273586,1522.2774335626589,0.0008170890435857321,0.6811153816938961,0.03405125733449573,-2928.9530601414463
51.38275795291883,6.895417043054422,8568.710460255092,0.0017628070350676787,0.037371930810905715,0.19668843743321968,2.080288841751866,1.396503011188045,1.3284991913304303,2.3951790036384235,1557.574883015914,0.0008581900504023441,0.6773534452804058,0.032781662020496274,-2929.8732783866844
51.40713462972345,6.738294100902209,8574.721261085546,0.0018605918146544272,0.036686807801687864,0.1994114348112453,2.083600872455041,1.3964131543870424,1.3331439379329248,2.3946074876758168,1526.9121368073577,0.0008166547504349387,0.6834618074158303,0.03371204523799899,-2928.6258041411797
51.45534697097484,6.768167911346772,8571.232010215195,0.0018453161104011473,0.03689494252892233,0.19851754212863298,2.083728634925091,1.3953028745841174,1.3320642813882595,2.394630633855563,1526.2549455265003,0.0008195215294629952,0.6821672457166712,0.03383310700387392,-2929.2149037270265
51.45534697097484,6.768167911346772,8571.232010215195,0.0018453161104011473,0.03689494252892233,0.19851754212863298,2.083728634925091,1.3953028745841174,1.3320642813882595,2.394630633855563,1526.2549455265003,0.0008195215294629952,0.6821672457166712,0.03383310700387392,-2929.2149037270265
51.412062641892646,6.875169193406613,8572.16549944121,0.0017842647284809035,0.0371651339623945,0.19672156990043807,2.081377926995284,1.3939023339123435,1.3291938676729012,2.394981042873151,1543.951996251634,0.0008446741967771649,0.6786696392481166,0.033565633475802534,-2929.235460792294
51.38481281877306,6.844000190729176,8583.871391519366,0.001792020250306287,0.03708126614153556,0.1968136885819567,2.081830969515451,1.3924737829301712,1.330036592010425,2.394969112256943,1545.8199239087787,0.0008387788094528051,0.678457984201442,0.03323346779136603,-2928.9147941787937
51.38082559336902,6.880710995355017,8599.557711421689,0.0017703688800979741,0.037030297824819806,0.19669215371829296,2.0814091282816465,1.3906138219409605,1.3298063434531833,2.3950938711818646,1547.3001166213292,0.0008508134987187188,0.6792189262411639,0.033448975727834215,-2928.0964780494514
51.42322845815942,6.811048287886816,8602.210065231699,0.0017908604203815523,0.03699376962811953,0.19731143839431628,2.081059298478397,1.3979345919483808,1.329740811322826,2.395166958182217,1556.4747437105318,0.0008573252791849292,0.6801994978327864,0.032636871535219575,-2928.6625258542354
51.5388117106381,6.815396881657435,8598.150000810514,0.0018129601140922063,0.036951174699002456,0.19816746452352735,2.080339995258325,1.4081931809528871,1.3299377226121902,2.3952184822083558,1566.9828059681115,0.0008576668840744263,0.6806441075019839,0.03197571039689723,-2929.9716655280017
51.439976011283775,6.874775907445375,8595.93067234344,0.0017931341514632864,0.03684133955032804,0.19834718747259564,2.0791023245349907,1.4067229137374118,1.330293251711648,2.3953041395172,1574.5933914952714,0.0008463653901491136,0.680765308332974,0.03199705174447285,-2930.1609813820687
51.44026341067079,6.899719266485558,8599.198050064806,0.00181913706966707,0.03667251326697059,0.19928317153448638,2.081264490788429,1.3986145206935792,1.3323235772381679,2.394874037465584,1545.6508438918486,0.0008170281326169449,0.6821600006352594,0.033510304517599135,-2929.2718075371845
51.40209577067278,6.881742813360205,8560.550203825189,0.0018627497363440163,0.03666625697629804,0.19954989463024758,2.0827889452051256,1.3961594957646175,1.334062165283527,2.394411793426399,1527.1748735958577,0.0007813721941436505,0.6830480133124892,0.03398773580069037,-2930.111454489101
51.40209577067278,6.881742813360205,8560.550203825189,0.0018627497363440163,0.03666625697629804,0.19954989463024758,2.0827889452051256,1.3961594957646175,1.334062165283527,2.394411793426399,1527.1748735958577,0.0007813721941436505,0.6830480133124892,0.03398773580069037,-2930.111454489101
51.40209577067278,6.881742813360205,8560.550203825189,0.0018627497363440163,0.03666625697629804,0.19954989463024758,2.0827889452051256,1.3961594957646175,1.334062165283527,2.394411793426399,1527.1748735958577,0.0007813721941436505,0.6830480133124892,0.03398773580069037,-2930.111454489101
51.40209577067278,6.881742813360205,8560.550203825189,0.0018627497363440163,0.03666625697629804,0.19954989463024758,2.0827889452051256,1.3961594957646175,1.334062165283527,2.394411793426399,1527.1748735958577,0.0007813721941436505,0.6830480133124892,0.03398773580069037,-2930.111454489101
51.454723843104844,6.797441663096308,8598.010956531529,0.0018279130643132926,0.03649132904904662,0.19986999849809203,2.08138121794104,1.4064493573611616,1.3319575208084964,2.394953433008589,1552.6628624954565,0.0008185697881563985,0.6848348860905042,0.03313958218648321,-2929.671610320998
51.50314358472717,6.8772288041954965,8650.528827466198,0.001682475285888653,0.036974553179326734,0.19679693457143355,2.0738325273770397,1.4212889311357664,1.3231315275125082,2.396265676997194,1627.8534295302968,0.0009402143395312203,0.6780131324876018,0.030363299355750495,-2930.463901290947
51.50314358472717,6.8772288041954965,8650.528827466198,0.001682475285888653,0.036974553179326734,0.19679693457143355,2.0738325273770397,1.4212889311357664,1.3231315275125082,2.396265676997194,1627.8534295302968,0.0009402143395312203,0.6780131324876018,0.030363299355750495,-2930.463901290947
51.51782368873115,6.733658730200794,8623.269136555402,0.0018036981134797933,0.03652885804416699,0.19847511136074128,2.0796315360314743,1.4110248514014674,1.3291728121384239,2.3953988676769917,1570.2404641910614,0.0008771204134229238,0.6830134102182684,0.032266167428283615,-2928.9659692270084
51.492777334652565,6.8232300753294055,8641.89779785644,0.0017483119687467347,0.0367549997304254,0.19787184247397455,2.0776471540142047,1.4124956232654362,1.3273975498002408,2.395798796240804,1593.1217375403294,0.0009085868858139063,0.6807860877527737,0.03141806468214815,-2929.0429640322145
51.492777334652565,6.8232300753294055,8641.89779785644,0.0017483119687467347,0.0367549997304254,0.19787184247397455,2.0776471540142047,1.4124956232654362,1.3273975498002408,2.395798796240804,1593.1217375403294,0.0009085868858139063,0.6807860877527737,0.03141806468214815,-2929.0429640322145
51.504108072133846,6.582472671558584,8547.379065086072,0.001990917664427489,0.03635912433698156,0.20140124130296716,2.086212555526788,1.40688886951015,1.3367370501172557,2.3940566647982395,1511.6935527342216,0.0007848490692704321,0.6895991627100884,0.03290249709729826,-2930.2490835414083
51.58233960218293,6.355614536867787,8536.79595601869,0.002101034122221502,0.035744372055663685,0.20386143527506395,2.08842306751552,1.4180750293235327,1.338825824673008,2.393607936865128,1497.9310132045357,0.0007686235638008847,0.6956081038142463,0.03281977764823527,-2930.365125536031
51.58233960218293,6.355614536867787,8536.79595601869,0.002101034122221502,0.035744372055663685,0.20386143527506395,2.08842306751552,1.4180750293235327,1.338825824673008,2.393607936865128,1497.9310132045357,0.0007686235638008847,0.6956081038142463,0.03281977764823527,-2930.365125536031
51.505720404420146,6.344023443119511,8533.210621947755,0.0021365673225156863,0.035489353973763856,0.20473981020299928,2.0903205645211607,1.4118476548704426,1.341226775845035,2.3931221286072173,1477.7078544880528,0.0007356425248132876,0.6978238064761334,0.03357593302055408,-2929.992948124583
51.5286057276435,6.386152328541712,8532.611151702931,0.0020948620005926083,0.03591016119972753,0.20330191505529815,2.0904120291288595,1.4083724990564837,1.3397603037977173,2.3932619971967437,1479.4479336104198,0.0007537104830857685,0.6952033586540161,0.033357901462877294,-2929.9747766690493
51.5286057276435,6.386152328541712,8532.611151702931,0.0020948620005926083,0.03591016119972753,0.20330191505529815,2.0904120291288595,1.4083724990564837,1.3397603037977173,2.3932619971967437,1479.4479336104198,0.0007537104830857685,0.6952033586540161,0.033357901462877294,-2929.9747766690493
51.5286057276435,6.386152328541712,8532.611151702931,0.0020948620005926083,0.03591016119972753,0.20330191505529815,2.0904120291288595,1.4083724990564837,1.3397603037977173,2.3932619971967437,1479.4479336104198,0.0007537104830857685,0.6952033586540161,0.033357901462877294,-2929.9747766690493
51.5286057276435,6.386152328541712,8532.611151702931,0.0020948620005926083,0.03591016119972753,0.20330191505529815,2.0904120291288595,1.4083724990564837,1.3397603037977173,2.3932619971967437,1479.4479336104198,0.0007537104830857685,0.6952033586540161,0.033357901462877294,-2929.9747766690493
51.5286057276435,6.386152328541712,8532.611151702931,0.0020948620005926083,0.03591016119972753,0.20330191505529815,2.0904120291288595,1.4083724990564837,1.3397603037977173,2.3932619971967437,1479.4479336104198,0.0007537104830857685,0.6952033586540161,0.033357901462877294,-2929.9747766690493
51.52539356952785,6.430594991746737,8547.109317549355,0.0020149235972083067,0.03597764355839909,0.20215658206005557,2.08786617375063,1.4134925757197063,1.336419895186606,2.393921608009931,1509.840200605458,0.0007776388588760794,0.6931199289221024,0.032861688765933,-2930.0645289146737
51.468415463340584,6.275326765457045,8551.111437215575,0.002073715961444919,0.03529175441365464,0.2039916711113416,2.089335430357939,1.4137868619963179,1.3387572354416846,2.3935621005816383,1494.0084739832869,0.0007483037372339328,0.6960708054721041,0.03341643932487492,-2930.8455796985013
51.49961331702878,6.320907922562064,8528.265217525022,0.002095243430278086,0.035430622138081125,0.20393702359233049,2.0896798144381536,1.4126816812863505,1.3393967739510757,2.3933020478350784,1487.0625802329823,0.0007323779168794977,0.695254859086227,0.03354605830886485,-2930.9485670647905
51.49961331702878,6.320907922562064,8528.265217525022,0.002095243430278086,0.035430622138081125,0.20393702359233049,2.0896798144381536,1.4126816812863505,1.3393967739510757,2.3933020478350784,1487.0625802329823,0.0007323779168794977,0.695254859086227,0.03354605830886485,-2930.9485670647905
51.49961331702878,6.320907922562064,8528.265217525022,0.002095243430278086,0.035430622138081125,0.20393702359233049,2.0896798144381536,1.4126816812863505,1.3393967739510757,2.3933020478350784,1487.0625802329823,0.0007323779168794977,0.695254859086227,0.03354605830886485,-2930.9485670647905
51.545458790415154,6.361823037928005,8546.823658411784,0.0020257124255362085,0.0358308594853348,0.20216088097976445,2.0872820832647294,1.4174951728375895,1.3359565947990881,2.3940745345040013,1524.163180979423,0.0007785497194574696,0.6917745110433021,0.03213092330166174,-2930.853500604233
51.66388918014183,6.468228324662057,8618.628558031636,0.0018942143224509873,0.036459284944360085,0.20013433549066292,2.0819833070441827,1.426419154349891,1.3301066999180797,2.3954145215746347,1590.8065630627755,0.0008893924526318755,0.6848221575148412,0.029781548534967603,-2930.406542408038
51.70441501883352,6.3368871311484405,8596.910219588857,0.0020180210550246333,0.03613614380859106,0.20192668529335742,2.0868449760366685,1.4203734384402475,1.3349604458395306,2.3945145775402272,1541.524163039814,0.0008317476376345978,0.6891194784603176,0.030987606520284646,-2929.7763222832073
51.650893102397674,6.295281603352741,8558.08876752267,0.0021006615562631534,0.035852256209490126,0.2026095492579111,2.089198387242027,1.415291687797979,1.33803042644618,2.3937291541221635,1508.3628363872656,0.0007804434325929175,0.6914779005203434,0.032024487379761025,-2930.248304082228
51.69236403733716,6.310361871750803,8591.265069817073,0.0020064133812035144,0.03610208872183035,0.20256428258522424,2.0858938771712454,1.4271259292042684,1.3343422078993517,2.3946375795486863,1553.1570815531013,0.0008375655376649579,0.6899181267018616,0.03048684572765718,-2930.3857409036314
51.711230457641264,6.373816675692716,8550.34596996736,0.00204598170018498,0.036218226057411394,0.20279720876711507,2.086872573991646,1.4234818275774062,1.3358489531587168,2.394089964172834,1530.2746535767515,0.0007994027312247544,0.6894779102927219,0.03130578004304262,-2931.370090953911
51.68078431689767,6.177169184653131,8511.976138370355,0.002255524615323017,0.03573920306524822,0.20596262998449258,2.0929788041986157,1.415506697468339,1.3430483704666627,2.39242396084717,1460.231556439214,0.0007228525492865583,0.6958259288612679,0.03242091012060657,-2931.4686662523204
51.68078431689767,6.177169184653131,8511.976138370355,0.002255524615323017,0.03573920306524822,0.20596262998449258,2.0929788041986157,1.415506697468339,1.3430483704666627,2.39242396084717,1460.231556439214,0.0007228525492865583,0.6958259288612679,0.03242091012060657,-2931.4686662523204
51.61603760486007,6.385799133741255,8527.683898751973,0.0021206894453193723,0.03577451875114802,0.20466012312350185,2.0902613797862175,1.4110207015794338,1.3402466381787772,2.392990372515083,1477.4997998670876,0.0007278764424471541,0.6920311317770839,0.03342072771693529,-2930.9763757221444
51.68396019721573,6.304993355415263,8517.76054313436,0.002160751452149961,0.03581200088597151,0.20517306043659284,2.090982597715498,1.4162123561723041,1.3405750927219748,2.392918217695696,1478.3872723518384,0.0007323030734957115,0.6931925479809238,0.03280822647778519,-2931.43983160331
51.68396019721573,6.304993355415263,8517.76054313436,0.002160751452149961,0.03581200088597151,0.20517306043659284,2.090982597715498,1.4162123561723041,1.3405750927219748,2.392918217695696,1478.3872723518384,0.0007323030734957115,0.6931925479809238,0.03280822647778519,-2931.43983160331
51.64048464265463,6.2635179105282255,8522.296246161435,0.0021637803663445477,0.035667865646419696,0.20509990334084113,2.0909117591777617,1.4162953377728056,1.3404281178471793,2.39295285626658,1480.3386544352052,0.0007315404284632381,0.6933711367127166,0.03269779718863358,-2931.2931600587726
51.642905162205594,6.223270220390141,8520.631617242412,0.00215300254404674,0.03576974925264619,0.2048857786142545,2.0901388529043325,1.4203549407478149,1.3398447062619405,2.3932806274344127,1498.8315021745407,0.0007468805629939788,0.6931652847300849,0.03153286220922956,-2931.6247260150594
51.6491092571634,6.380853364554554,8511.106161929807,0.002108410330515022,0.03611829253034917,0.2035974268161872,2.089660232699452,1.4124699629086397,1.3389187911015679,2.3931835146383706,1492.0032907602108,0.0007403689575772258,0.6896346912674289,0.03239140470076066,-2931.6169210859466
51.536588858403185,6.616630355487054,8519.474639712296,0.0020035014127854633,0.036529195921024334,0.20116765811583512,2.0875542724754412,1.4021712030907816,1.337027787697766,2.393582162575157,1507.5964727233452,0.0007533261740036732,0.684300327804664,0.03259960873420682,-2931.1980741764028
51.54684517940302,6.593332443674857,8531.223769199463,0.0019703560217723447,0.036618400587061534,0.20050643876524257,2.086832346225136,1.4033132027723614,1.3355794899321038,2.3939681229666974,1525.6653314530283,0.0007707145122680968,0.68232240233916,0.03190100303759054,-2931.2924348206925
51.56855529136804,6.7198238142028295,8580.630603941836,0.0018649075619326426,0.03681612918650747,0.19948443845951877,2.0836799575935636,1.404347225620994,1.3323108234782257,2.3947399271012135,1556.490802176679,0.0008133118610663952,0.6785108041363771,0.031606905904669844,-2931.1215734674843
51.53199854049887,6.867064022070068,8545.797256044418,0.0017933442703135913,0.03729772522437427,0.1979023175664889,2.07890809628811,1.4182480261821946,1.3280227463249248,2.3953855218715816,1604.9684751020438,0.0008501721229551828,0.6759529880128321,0.029828100118591314,-2933.0260184967524
51.67797387623702,6.769390036124655,8589.359770194944,0.0018295800888279302,0.0368683184083291,0.19952645705346533,2.0811039073151285,1.4164274735325386,1.3298164599574314,2.3952045633409957,1584.8163993535572,0.0008448273950536012,0.6777117224069231,0.030923156921711114,-2931.7471133694685
51.67797387623702,6.769390036124655,8589.359770194944,0.0018295800888279302,0.0368683184083291,0.19952645705346533,2.0811039073151285,1.4164274735325386,1.3298164599574314,2.3952045633409957,1584.8163993535572,0.0008448273950536012,0.6777117224069231,0.030923156921711114,-2931.7471133694685
51.677034776680685,6.84847994442503,8542.02940554497,0.0018727348997843924,0.03727181752073227,0.19925409036700042,2.082965027029816,1.4105617081325845,1.3314570182897794,2.3947246107865676,1562.442002430737,0.0008193535172746882,0.6769450786383322,0.03128608783908488,-2932.5617246330958
51.55379508531876,6.886733559112464,8616.058823693545,0.00177555535983694,0.03688437637986253,0.1998380752572962,2.0792750373571733,1.4100687853597427,1.329474914765059,2.3954888595673625,1596.0172561685536,0.0008557660751778725,0.6755761211884194,0.03099984025256451,-2931.959444189437
51.511486583964235,6.8657294531156055,8535.79136009222,0.001912744467573332,0.03673650241599438,0.20118079849835963,2.084150770288832,1.4016087370436217,1.3351778073647798,2.394236057153573,1536.304024928694,0.0007722438923378784,0.6795243691630258,0.03270856175876806,-2931.3751952057764
51.511486583964235,6.8657294531156055,8535.79136009222,0.001912744467573332,0.03673650241599438,0.20118079849835963,2.084150770288832,1.4016087370436217,1.3351778073647798,2.394236057153573,1536.304024928694,0.0007722438923378784,0.6795243691630258,0.03270856175876806,-2931.3751952057764
51.38676599131485,6.8300425351554495,8588.136262279333,0.0018757102524536867,0.0363504541065884,0.20160472497315285,2.08318780127974,1.4014789787593864,1.335548279429482,2.394720738844833,1558.4814359777774,0.0007943752046398184,0.6820833406684589,0.031982795794456925,-2932.1018302503467
51.323341001106435,6.85715581259668,8548.55835262838,0.0019272037557335991,0.036342433890526646,0.20141948645690377,2.0854543984644147,1.3928659506345809,1.337733258857026,2.3940161526908197,1528.7652451313375,0.0007541501044114972,0.6823066558133243,0.03298691069714581,-2931.7956328212954
51.44084397501791,6.870256341942159,8517.806681867532,0.0019485125183858602,0.036698932661503696,0.20099287584060777,2.085504093993534,1.398552479342135,1.3369696109212499,2.3939074829411924,1530.9917782109926,0.0007491505640977549,0.6809612353418818,0.03258367421743532,-2931.7855347492273
51.49672363519437,6.6461290194498055,8533.912248606423,0.002025673469642914,0.03624911428784707,0.20270313386550018,2.0897875307493714,1.3950366033382449,1.339185092543096,2.393275305075474,1493.1913133592216,0.0007238039348579946,0.6857202108210133,0.033513652023498416,-2930.775688873312
51.4831925241075,6.827157601527713,8564.132042062436,0.0018656673815538663,0.03690642768405668,0.19914097119246083,2.084695462053729,1.3978669394934182,1.333314033274074,2.394619493492265,1549.2463585436801,0.0008040620606695895,0.6791031102554945,0.031831181507681564,-2930.4681697160904
51.51315802985535,6.845738189250195,8563.04532691956,0.0018207479727488348,0.037503800731181765,0.19683668990180145,2.0832579364664072,1.3983957741688968,1.3303415282573092,2.395055547989918,1572.280242540457,0.0008450760455842589,0.6747709372598986,0.030425887589574093,-2930.6925843113786
51.58353260414073,6.727375313989981,8569.417409089943,0.0018700150721718037,0.03737862265671281,0.197581894602431,2.0855733661647813,1.3992100327689863,1.3321812059786349,2.3949009778728754,1564.0814866500666,0.0008445664988482532,0.6776303233664208,0.02998151877143402,-2930.090881248008
51.594764003695225,6.725848266271829,8610.218408744657,0.0018647649529021679,0.03704387604008039,0.19957525530406686,2.0861709860136144,1.3985114809269834,1.3334290899269927,2.394854087886427,1556.7375277179303,0.0008265499190894515,0.6794157266092198,0.030865458609431577,-2929.6716466565863
51.594764003695225,6.725848266271829,8610.218408744657,0.0018647649529021679,0.03704387604008039,0.19957525530406686,2.0861709860136144,1.3985114809269834,1.3334290899269927,2.394854087886427,1556.7375277179303,0.0008265499190894515,0.6794157266092198,0.030865458609431577,-2929.6716466565863
51.63665390761882,6.790000437048505,8632.57331934099,0.0018124325811440252,0.037287575638686246,0.19914109180102216,2.084400441386951,1.4011267241269185,1.3313056467176483,2.395236334520786,1574.5675802440069,0.0008567459644852068,0.6773378844085632,0.03048898312534937,-2929.491459204191
51.67396544706009,6.6644813834083685,8527.761428355774,0.002034797342247241,0.03716518329162179,0.20144563288989867,2.0922504006172544,1.3885998083256212,1.33960582617064,2.3931065898023007,1479.3610741645289,0.0007326444578869698,0.6827194810875234,0.03284922066700542,-2932.795586135071
51.7211134707799,6.585610320040278,8569.693417734014,0.002013434480300885,0.037037203169184685,0.2021436262707096,2.0908441256849843,1.3985240991279029,1.3385569567672273,2.393837840286956,1514.6996349055103,0.0007670148676110988,0.6837406352893786,0.03143261992872627,-2931.4444813811647
51.7211134707799,6.585610320040278,8569.693417734014,0.002013434480300885,0.037037203169184685,0.2021436262707096,2.0908441256849843,1.3985240991279029,1.3385569567672273,2.393837840286956,1514.6996349055103,0.0007670148676110988,0.6837406352893786,0.03143261992872627,-2931.4444813811647
51.7211134707799,6.585610320040278,8569.693417734014,0.002013434480300885,0.037037203169184685,0.2021436262707096,2.0908441256849843,1.3985240991279029,1.3385569567672273,2.393837840286956,1514.6996349055103,0.0007670148676110988,0.6837406352893786,0.03143261992872627,-2931.4444813811647
51.7211134707799,6.585610320040278,8569.693417734014,0.002013434480300885,0.037037203169184685,0.2021436262707096,2.0908441256849843,1.3985240991279029,1.3385569567672273,2.393837840286956,1514.6996349055103,0.0007670148676110988,0.6837406352893786,0.03143261992872627,-2931.4444813811647
51.69858598748285,6.61704515734046,8586.27699511392,0.0019529240936227293,0.03715952645830005,0.20105796578242996,2.0886669937699938,1.4019382464528873,1.3364010186241626,2.394458204670575,1542.968804123086,0.0008056958753090092,0.6823238703511895,0.030466625618368888,-2930.6556845750733
51.69248271775771,6.63972583824501,8547.088391425223,0.001974264885004474,0.037309811215791217,0.2005073761081464,2.0880930832540283,1.4074891275988637,1.3361106425381002,2.3943403763342292,1546.434315307568,0.0007935153788108484,0.6820875125304564,0.03010822815245162,-2933.350312216696
51.59118093911643,6.692702254136158,8658.877989643084,0.0017898286025006247,0.03689999558056551,0.19936796187750716,2.082900560116024,1.4086066249643043,1.3303341497710077,2.395680218806775,1601.116855900272,0.0008794676750053931,0.6792051129429995,0.029578734851405043,-2930.755209053315
51.55461035858514,6.671295246573283,8598.065245835765,0.001910185429387103,0.03675698730571213,0.20059953417279974,2.0856899355900307,1.4042780487658524,1.3350119960826599,2.3948463363866104,1563.7564621133863,0.0008196546268844613,0.6822386667773966,0.03028944624713289,-2930.481906811335
51.516241960953,6.912245373847892,8576.05055540752,0.0018070364708244774,0.03724405183091471,0.1987233688406109,2.0811640878839333,1.4103072677600754,1.3305786234657635,2.3953229238956224,1594.7556241810626,0.0008419845814630362,0.6776151222897612,0.029950687748637662,-2931.7070610488367
51.537692425315775,6.917446957013524,8520.09665908587,0.0018678830375089938,0.037234105763534954,0.19882921270899837,2.0819755583602433,1.4124689278147078,1.3320644491810327,2.3948280648512306,1577.0350206179808,0.0008010217363841094,0.6788174142735027,0.030425490925169486,-2933.5688332643376
51.605704308901196,6.92806950253318,8533.125337843696,0.0018689088342962817,0.03711153118060738,0.1996015549841925,2.082156877579102,1.4135141230909207,1.332252339147579,2.3948131401858594,1571.3672921369318,0.0008002952160858606,0.6796779631524594,0.030894008105321315,-2933.2535807464424
51.56399750239047,6.868788483361605,8604.50560329862,0.001802766817909528,0.036745775117869396,0.20020139979352064,2.0799680533291998,1.4190760804439644,1.3300213882728484,2.3954915911879326,1599.3451562786158,0.0008520963292316387,0.6809831468575396,0.030231929602802216,-2931.6973464501298
51.49169990927995,6.872495603323912,8605.137443659485,0.0018126986055042877,0.03665742128941158,0.200521730252826,2.0824544037250616,1.406904573370499,1.332500720691883,2.3951047572292894,1572.4460524700332,0.0008171597379955489,0.681970649200938,0.031548582610503126,-2930.757101125651
51.49960531289934,6.865662385925912,8626.741447643202,0.001795120653071085,0.03665160130926816,0.20014470077917318,2.082261723229773,1.4044900061520107,1.331661366148557,2.3951988872730015,1569.6006323075187,0.0008367096891288639,0.6815993829500957,0.031886811540004806,-2929.8055813947176
51.49316307101068,6.765571212777672,8596.181387161872,0.0018845439931988535,0.03642221025057428,0.20146327751408913,2.0849223059656863,1.4023994588898683,1.3350534935770444,2.3945920745603004,1541.7063362420472,0.0007976300107750255,0.6840757097769444,0.032362301472802675,-2930.016420383882
51.55449125007323,6.796021812794983,8603.526089050683,0.0018405628013185556,0.0369285475459665,0.20012503421416897,2.083376740779651,1.4072397145094047,1.3322700212058582,2.395051684109668,1565.430168702338,0.0008432751041045232,0.6811171074809251,0.030999839967105983,-2929.7691437167964
51.560218809244496,6.825975444473848,8645.723336567582,0.001732124285345969,0.03719110981923209,0.19776815665658304,2.0801042739156124,1.410479830522695,1.3263681119810524,2.395800058921423,1598.5499229863851,0.000919853302609745,0.6769236851783752,0.030208563846275523,-2929.0993556645944
51.560218809244496,6.825975444473848,8645.723336567582,0.001732124285345969,0.03719110981923209,0.19776815665658304,2.0801042739156124,1.410479830522695,1.3263681119810524,2.395800058921423,1598.5499229863851,0.000919853302609745,0.6769236851783752,0.030208563846275523,-2929.0993556645944
51.61515492921232,6.85698288231654,8660.949374389995,0.0016861421710342589,0.037632169964749544,0.1969584401190328,2.0794472555702495,1.4108343880520433,1.3237471875672093,2.39606985462894,1613.6820689968426,0.0009549347650281083,0.6743994324321178,0.02952133125451076,-2928.818652786419
51.54407639889061,6.822460804921693,8641.532701914319,0.0017381815664471592,0.03746678579575898,0.19799429912764116,2.0814929139462848,1.4058887515890057,1.3270159168846571,2.3956743249989594,1592.8284582161705,0.0009147417551265423,0.6761400583226767,0.03003215850703038,-2928.720289141471
51.54407639889061,6.822460804921693,8641.532701914319,0.0017381815664471592,0.03746678579575898,0.19799429912764116,2.0814929139462848,1.4058887515890057,1.3270159168846571,2.3956743249989594,1592.8284582161705,0.0009147417551265423,0.6761400583226767,0.03003215850703038,-2928.720289141471
51.54407639889061,6.822460804921693,8641.532701914319,0.0017381815664471592,0.03746678579575898,0.19799429912764116,2.0814929139462848,1.4058887515890057,1.3270159168846571,2.3956743249989594,1592.8284582161705,0.0009147417551265423,0.6761400583226767,0.03003215850703038,-2928.720289141471
51.482674358839226,6.862770164914213,8620.643964610841,0.0017370310559151828,0.037394502800538985,0.19767982349075405,2.0811363276808126,1.403318217290228,1.3269620595508003,2.3955264772834743,1585.3160262815188,0.0008928929616242677,0.6754197382865822,0.030741109221545847,-2929.1467067524513
51.454006661915066,6.893100356995884,8629.953451495874,0.0017161291656282297,0.03725701619651798,0.19771948804562625,2.080442321599419,1.4027865926017968,1.3264023334701274,2.395619209989696,1589.5475579517904,0.0008902178447068263,0.6756095070821571,0.031141357833819393,-2929.1478541969327
51.454006661915066,6.893100356995884,8629.953451495874,0.0017161291656282297,0.03725701619651798,0.19771948804562625,2.080442321599419,1.4027865926017968,1.3264023334701274,2.395619209989696,1589.5475579517904,0.0008902178447068263,0.6756095070821571,0.031141357833819393,-2929.1478541969327
51.63423653199395,6.772470081770834,8681.102983712979,0.0016693541482998714,0.037658300205619416,0.19704087105627077,2.0777658406928676,1.4209932494727857,1.3216957492585908,2.3964455166333574,1640.464806231453,0.0009963548561858296,0.674285983707507,0.02807151840348978,-2929.3159518091475
51.68748684320005,6.827279187291527,8637.428864601197,0.0016919540437469686,0.037851571623286034,0.19717621350344494,2.0767085774260847,1.4259978036443144,1.3211282343763626,2.3962714669841843,1633.5744109603615,0.000980778366281142,0.6733743343961078,0.02837475108017752,-2931.3463001982436
51.622524906351686,6.941464729357861,8673.391268022273,0.001642982865703567,0.03761403073612948,0.196867447203238,2.0765567841532464,1.4144586487918385,1.3213007389369633,2.396272044967147,1624.8656787094535,0.000971241309409004,0.6718580551607004,0.02983674968550392,-2929.2245783420058
51.622524906351686,6.941464729357861,8673.391268022273,0.001642982865703567,0.03761403073612948,0.196867447203238,2.0765567841532464,1.4144586487918385,1.3213007389369633,2.396272044967147,1624.8656787094535,0.000971241309409004,0.6718580551607004,0.02983674968550392,-2929.2245783420058
51.622524906351686,6.941464729357861,8673.391268022273,0.001642982865703567,0.03761403073612948,0.196867447203238,2.0765567841532464,1.4144586487918385,1.3213007389369633,2.396272044967147,1624.8656787094535,0.000971241309409004,0.6718580551607004,0.02983674968550392,-2929.2245783420058
51.622524906351686,6.941464729357861,8673.391268022273,0.001642982865703567,0.03761403073612948,0.196867447203238,2.0765567841532464,1.4144586487918385,1.3213007389369633,2.396272044967147,1624.8656787094535,0.000971241309409004,0.6718580551607004,0.02983674968550392,-2929.2245783420058
51.6706233781622,6.857154517745194,8645.466819640991,0.0016977455229622207,0.03761310924391777,0.19742344468826872,2.0788270601122916,1.4149284813461567,1.3231501919632427,2.395944645123981,1605.3608951829028,0.0009480190131524041,0.6736500577480946,0.030016738916076393,-2929.579152139331
51.72870780835643,6.90035750626798,8654.47390963871,0.0016819734309190823,0.037651616065396916,0.19728522555830652,2.0780553394143855,1.4188654511289776,1.3218542997906593,2.3960992486415638,1614.5743764963559,0.0009701973268787362,0.6737169117833951,0.029753114774188093,-2929.6371861068938
51.6390577001635,6.903810278748374,8643.411791046343,0.0016927644101197422,0.037522451875877334,0.1975592938926808,2.0785329831442994,1.414842356821321,1.3232667675301415,2.395961488575887,1607.0043507643659,0.0009473937684732268,0.674653630769753,0.030168023174008667,-2929.3013171715106
51.650692614545775,6.853883179066308,8696.959799392724,0.0016091896047729674,0.03775411720036453,0.19623128458925412,2.0761008254890285,1.418280397822972,1.3183974605198454,2.3965966913082433,1639.1898278902331,0.0010274844806594863,0.6721034566554163,0.02880588953923719,-2928.3278279707406
51.67865174162718,6.921784991750503,8705.162386207585,0.001535219803208495,0.038185032285775765,0.1941020172348928,2.070788904202693,1.4343459946061063,1.3118561533004258,2.3972033897525984,1687.6638166057419,0.0011314013153197184,0.6700059043790286,0.02651785762637985,-2929.698546160125
51.67865174162718,6.921784991750503,8705.162386207585,0.001535219803208495,0.038185032285775765,0.1941020172348928,2.070788904202693,1.4343459946061063,1.3118561533004258,2.3972033897525984,1687.6638166057419,0.0011314013153197184,0.6700059043790286,0.02651785762637985,-2929.698546160125
51.682713237246666,6.920831571972158,8768.404991443236,0.0014548221765929106,0.037969965925199356,0.19410625679514856,2.066967498144738,1.4408978753352253,1.306479969092483,2.3976445817440197,1716.6298175865747,0.0012062415603247374,0.6681490981521573,0.025961773879843865,-2921.9531075762543
51.70112563611161,6.879853715735244,8764.16919941105,0.0014679948538841889,0.038075691097535454,0.19425749209896584,2.0671671108801304,1.4449150061588467,1.3067898836663772,2.3976813993505024,1721.2556367137192,0.0012205245055303385,0.6691544188359312,0.0252488169478827,-2922.099647796375
51.70112563611161,6.879853715735244,8764.16919941105,0.0014679948538841889,0.038075691097535454,0.19425749209896584,2.0671671108801304,1.4449150061588467,1.3067898836663772,2.3976813993505024,1721.2556367137192,0.0012205245055303385,0.6691544188359312,0.0252488169478827,-2922.099647796375
51.70112563611161,6.879853715735244,8764.16919941105,0.0014679948538841889,0.038075691097535454,0.19425749209896584,2.0671671108801304,1.4449150061588467,1.3067898836663772,2.3976813993505024,1721.2556367137192,0.0012205245055303385,0.6691544188359312,0.0252488169478827,-2922.099647796375
51.70112563611161,6.879853715735244,8764.16919941105,0.0014679948538841889,0.038075691097535454,0.19425749209896584,2.0671671108801304,1.4449150061588467,1.3067898836663772,2.3976813993505024,1721.2556367137192,0.0012205245055303385,0.6691544188359312,0.0252488169478827,-2922.099647796375
51.69663913235243,6.918220487892782,8762.734533835248,0.0014601088263886414,0.03804191470460945,0.1936835701868316,2.0672728532936544,1.4419081994751741,1.3062150817927947,2.3976453592433673,1716.1808912631307,0.0012102892060172,0.6682790041339229,0.02589506530488859,-2921.8679505867954
51.69663913235243,6.918220487892782,8762.734533835248,0.0014601088263886414,0.03804191470460945,0.1936835701868316,2.0672728532936544,1.4419081994751741,1.3062150817927947,2.3976453592433673,1716.1808912631307,0.0012102892060172,0.6682790041339229,0.02589506530488859,-2921.8679505867954
51.69663913235243,6.918220487892782,8762.734533835248,0.0014601088263886414,0.03804191470460945,0.1936835701868316,2.0672728532936544,1.4419081994751741,1.3062150817927947,2.3976453592433673,1716.1808912631307,0.0012102892060172,0.6682790041339229,0.02589506530488859,-2921.8679505867954
51.77493204399471,6.951536061347305,8760.631583481485,0.0014513075693499845,0.038064117849100375,0.1935775553385112,2.067124144937554,1.4447187702815905,1.3052541310497832,2.3976498631527594,1716.8349189283342,0.0012042912609253394,0.6686929670742708,0.026265316015399373,-2922.216247886091
51.81714834989998,6.934493485485749,8761.031660419041,0.0014422463207743213,0.03835045744474998,0.1928483902160498,2.066228056343454,1.4494133274115484,1.303191696274556,2.3977751892079757,1730.7808370753255,0.0012404643621286692,0.6679952854778239,0.025242350275613747,-2923.244503996615
51.81714834989998,6.934493485485749,8761.031660419041,0.0014422463207743213,0.03835045744474998,0.1928483902160498,2.066228056343454,1.4494133274115484,1.303191696274556,2.3977751892079757,1730.7808370753255,0.0012404643621286692,0.6679952854778239,0.025242350275613747,-2923.244503996615
51.81714834989998,6.934493485485749,8761.031660419041,0.0014422463207743213,0.03835045744474998,0.1928483902160498,2.066228056343454,1.4494133274115484,1.303191696274556,2.3977751892079757,1730.7808370753255,0.0012404643621286692,0.6679952854778239,0.025242350275613747,-2923.244503996615
51.81714834989998,6.934493485485749,8761.031660419041,0.0014422463207743213,0.03835045744474998,0.1928483902160498,2.066228056343454,1.4494133274115484,1.303191696274556,2.3977751892079757,1730.7808370753255,0.0012404643621286692,0.6679952854778239,0.025242350275613747,-2923.244503996615
51.94946519927713,6.843440840251056,8796.885026852784,0.0014141499839182034,0.03873779335601382,0.19214622032238138,2.0657476713933907,1.4529984244655085,1.299517508590885,2.3979975574501173,1745.4230225258098,0.0013281000355409539,0.6651062950687779,0.023968508309419063,-2923.1017500094745
51.94946519927713,6.843440840251056,8796.885026852784,0.0014141499839182034,0.03873779335601382,0.19214622032238138,2.0657476713933907,1.4529984244655085,1.299517508590885,2.3979975574501173,1745.4230225258098,0.0013281000355409539,0.6651062950687779,0.023968508309419063,-2923.1017500094745
51.85883065068234,6.936345954348539,8756.664513334557,0.0014607025353511928,0.03853880730044118,0.1928825433448998,2.0682008337989783,1.4425170446494118,1.3049912131353505,2.3976376654478084,1716.6674298450298,0.001223763350184063,0.6665748394759408,0.025715522947622815,-2923.100660147934
51.83467657595534,6.836086093711462,8766.996744138954,0.0014907696694763475,0.03827259970662919,0.1943772407723659,2.0701717314026955,1.4422386874970883,1.3076604466923913,2.3975457232261563,1709.4323225196958,0.0012003428646879333,0.6699444048227323,0.02585015412154793,-2922.217462051352
51.83467657595534,6.836086093711462,8766.996744138954,0.0014907696694763475,0.03827259970662919,0.1943772407723659,2.0701717314026955,1.4422386874970883,1.3076604466923913,2.3975457232261563,1709.4323225196958,0.0012003428646879333,0.6699444048227323,0.02585015412154793,-2922.217462051352
51.83467657595534,6.836086093711462,8766.996744138954,0.0014907696694763475,0.03827259970662919,0.1943772407723659,2.0701717314026955,1.4422386874970883,1.3076604466923913,2.3975457232261563,1709.4323225196958,0.0012003428646879333,0.6699444048227323,0.02585015412154793,-2922.217462051352
51.83467657595534,6.836086093711462,8766.996744138954,0.0014907696694763475,0.03827259970662919,0.1943772407723659,2.0701717314026955,1.4422386874970883,1.3076604466923913,2.3975457232261563,1709.4323225196958,0.0012003428646879333,0.6699444048227323,0.02585015412154793,-2922.217462051352
51.83467657595534,6.836086093711462,8766.996744138954,0.0014907696694763475,0.03827259970662919,0.1943772407723659,2.0701717314026955,1.4422386874970883,1.3076604466923913,2.3975457232261563,1709.4323225196958,0.0012003428646879333,0.6699444048227323,0.02585015412154793,-2922.217462051352
51.83467657595534,6.836086093711462,8766.996744138954,0.0014907696694763475,0.03827259970662919,0.1943772407723659,2.0701717314026955,1.4422386874970883,1.3076604466923913,2.3975457232261563,1709.4323225196958,0.0012003428646879333,0.6699444048227323,0.02585015412154793,-2922.217462051352
51.83467657595534,6.836086093711462,8766.996744138954,0.0014907696694763475,0.03827259970662919,0.1943772407723659,2.0701717314026955,1.4422386874970883,1.3076604466923913,2.3975457232261563,1709.4323225196958,0.0012003428646879333,0.6699444048227323,0.02585015412154793,-2922.217462051352
51.83467657595534,6.836086093711462,8766.996744138954,0.0014907696694763475,0.03827259970662919,0.1943772407723659,2.0701717314026955,1.4422386874970883,1.3076604466923913,2.3975457232261563,1709.4323225196958,0.0012003428646879333,0.6699444048227323,0.02585015412154793,-2922.217462051352
51.83467657595534,6.836086093711462,8766.996744138954,0.0014907696694763475,0.03827259970662919,0.1943772407723659,2.0701717314026955,1.4422386874970883,1.3076604466923913,2.3975457232261563,1709.4323225196958,0.0012003428646879333,0.6699444048227323,0.02585015412154793,-2922.217462051352
51.83467657595534,6.836086093711462,8766.996744138954,0.0014907696694763475,0.03827259970662919,0.1943772407723659,2.0701717314026955,1.4422386874970883,1.3076604466923913,2.3975457232261563,1709.4323225196958,0.0012003428646879333,0.6699444048227323,0.02585015412154793,-2922.217462051352
51.83467657595534,6.836086093711462,8766.996744138954,0.0014907696694763475,0.03827259970662919,0.1943772407723659,2.0701717314026955,1.4422386874970883,1.3076604466923913,2.3975457232261563,1709.4323225196958,0.0012003428646879333,0.6699444048227323,0.02585015412154793,-2922.217462051352
51.83467657595534,6.836086093711462,8766.996744138954,0.0014907696694763475,0.03827259970662919,0.1943772407723659,2.0701717314026955,1.4422386874970883,1.3076604466923913,2.3975457232261563,1709.4323225196958,0.0012003428646879333,0.6699444048227323,0.02585015412154793,-2922.217462051352
51.83467657595534,6.836086093711462,8766.996744138954,0.0014907696694763475,0.03827259970662919,0.1943772407723659,2.0701717314026955,1.4422386874970883,1.3076604466923913,2.3975457232261563,1709.4323225196958,0.0012003428646879333,0.6699444048227323,0.02585015412154793,-2922.217462051352
51.83467657595534,6.836086093711462,8766.996744138954,0.0014907696694763475,0.03827259970662919,0.1943772407723659,2.0701717314026955,1.4422386874970883,1.3076604466923913,2.3975457232261563,1709.4323225196958,0.0012003428646879333,0.6699444048227323,0.02585015412154793,-2922.217462051352
51.83467657595534,6.836086093711462,8766.996744138954,0.0014907696694763475,0.03827259970662919,0.1943772407723659,2.0701717314026955,1.4422386874970883,1.3076604466923913,2.3975457232261563,1709.4323225196958,0.0012003428646879333,0.6699444048227323,0.02585015412154793,-2922.217462051352
51.83467657595534,6.836086093711462,8766.996744138954,0.0014907696694763475,0.03827259970662919,0.1943772407723659,2.0701717314026955,1.4422386874970883,1.3076604466923913,2.3975457232261563,1709.4323225196958,0.0012003428646879333,0.6699444048227323,0.02585015412154793,-2922.217462051352
51.83467657595534,6.836086093711462,8766.996744138954,0.0014907696694763475,0.03827259970662919,0.1943772407723659,2.0701717314026955,1.4422386874970883,1.3076604466923913,2.3975457232261563,1709.4323225196958,0.0012003428646879333,0.6699444048227323,0.02585015412154793,-2922.217462051352
51.83467657595534,6.836086093711462,8766.996744138954,0.0014907696694763475,0.03827259970662919,0.1943772407723659,2.0701717314026955,1.4422386874970883,1.3076604466923913,2.3975457232261563,1709.4323225196958,0.0012003428646879333,0.6699444048227323,0.02585015412154793,-2922.217462051352
51.83467657595534,6.836086093711462,8766.996744138954,0.0014907696694763475,0.03827259970662919,0.1943772407723659,2.0701717314026955,1.4422386874970883,1.3076604466923913,2.3975457232261563,1709.4323225196958,0.0012003428646879333,0.6699444048227323,0.02585015412154793,-2922.217462051352
51.83467657595534,6.836086093711462,8766.996744138954,0.0014907696694763475,0.03827259970662919,0.1943772407723659,2.0701717314026955,1.4422386874970883,1.3076604466923913,2.3975457232261563,1709.4323225196958,0.0012003428646879333,0.6699444048227323,0.02585015412154793,-2922.217462051352
51.83467657595534,6.836086093711462,8766.996744138954,0.0014907696694763475,0.03827259970662919,0.1943772407723659,2.0701717314026955,1.4422386874970883,1.3076604466923913,2.3975457232261563,1709.4323225196958,0.0012003428646879333,0.6699444048227323,0.02585015412154793,-2922.217462051352
51.777912616364894,6.441807259118601,8759.458969545543,0.0015731044871260137,0.037657267661527716,0.19550752057835222,2.073835328376756,1.4491379129196096,1.3095599979632206,2.3974412597561106,1704.6965163907162,0.0011927570923120337,0.6755590826378144,0.024906173784667036,-2921.289685028312
51.777912616364894,6.441807259118601,8759.458969545543,0.0015731044871260137,0.037657267661527716,0.19550752057835222,2.073835328376756,1.4491379129196096,1.3095599979632206,2.3974412597561106,1704.6965163907162,0.0011927570923120337,0.6755590826378144,0.024906173784667036,-2921.289685028312
51.76106170092123,6.515299728557576,8760.086232436133,0.0015569776722422607,0.037667819062297304,0.19528153464751827,2.0733000475022747,1.445715527674969,1.3095569985141782,2.3974437491332523,1704.2546161503865,0.0011818059322653309,0.6740102264345006,0.025266093812222133,-2921.409775845235
51.76106170092123,6.515299728557576,8760.086232436133,0.0015569776722422607,0.037667819062297304,0.19528153464751827,2.0733000475022747,1.445715527674969,1.3095569985141782,2.3974437491332523,1704.2546161503865,0.0011818059322653309,0.6740102264345006,0.025266093812222133,-2921.409775845235
51.76106170092123,6.515299728557576,8760.086232436133,0.0015569776722422607,0.037667819062297304,0.19528153464751827,2.0733000475022747,1.445715527674969,1.3095569985141782,2.3974437491332523,1704.2546161503865,0.0011818059322653309,0.6740102264345006,0.025266093812222133,-2921.409775845235
51.76106170092123,6.515299728557576,8760.086232436133,0.0015569776722422607,0.037667819062297304,0.19528153464751827,2.0733000475022747,1.445715527674969,1.3095569985141782,2.3974437491332523,1704.2546161503865,0.0011818059322653309,0.6740102264345006,0.025266093812222133,-2921.409775845235
51.76106170092123,6.515299728557576,8760.086232436133,0.0015569776722422607,0.037667819062297304,0.19528153464751827,2.0733000475022747,1.445715527674969,1.3095569985141782,2.3974437491332523,1704.2546161503865,0.0011818059322653309,0.6740102264345006,0.025266093812222133,-2921.409775845235
51.76106170092123,6.515299728557576,8760.086232436133,0.0015569776722422607,0.037667819062297304,0.19528153464751827,2.0733000475022747,1.445715527674969,1.3095569985141782,2.3974437491332523,1704.2546161503865,0.0011818059322653309,0.6740102264345006,0.025266093812222133,-2921.409775845235
51.76106170092123,6.515299728557576,8760.086232436133,0.0015569776722422607,0.037667819062297304,0.19528153464751827,2.0733000475022747,1.445715527674969,1.3095569985141782,2.3974437491332523,1704.2546161503865,0.0011818059322653309,0.6740102264345006,0.025266093812222133,-2921.409775845235
51.76106170092123,6.515299728557576,8760.086232436133,0.0015569776722422607,0.037667819062297304,0.19528153464751827,2.0733000475022747,1.445715527674969,1.3095569985141782,2.3974437491332523,1704.2546161503865,0.0011818059322653309,0.6740102264345006,0.025266093812222133,-2921.409775845235
51.76106170092123,6.515299728557576,8760.086232436133,0.0015569776722422607,0.037667819062297304,0.19528153464751827,2.0733000475022747,1.445715527674969,1.3095569985141782,2.3974437491332523,1704.2546161503865,0.0011818059322653309,0.6740102264345006,0.025266093812222133,-2921.409775845235
51.76106170092123,6.515299728557576,8760.086232436133,0.0015569776722422607,0.037667819062297304,0.19528153464751827,2.0733000475022747,1.445715527674969,1.3095569985141782,2.3974437491332523,1704.2546161503865,0.0011818059322653309,0.6740102264345006,0.025266093812222133,-2921.409775845235
51.76106170092123,6.515299728557576,8760.086232436133,0.0015569776722422607,0.037667819062297304,0.19528153464751827,2.0733000475022747,1.445715527674969,1.3095569985141782,2.3974437491332523,1704.2546161503865,0.0011818059322653309,0.6740102264345006,0.025266093812222133,-2921.409775845235
51.76106170092123,6.515299728557576,8760.086232436133,0.0015569776722422607,0.037667819062297304,0.19528153464751827,2.0733000475022747,1.445715527674969,1.3095569985141782,2.3974437491332523,1704.2546161503865,0.0011818059322653309,0.6740102264345006,0.025266093812222133,-2921.409775845235
51.76106170092123,6.515299728557576,8760.086232436133,0.0015569776722422607,0.037667819062297304,0.19528153464751827,2.0733000475022747,1.445715527674969,1.3095569985141782,2.3974437491332523,1704.2546161503865,0.0011818059322653309,0.6740102264345006,0.025266093812222133,-2921.409775845235
51.76106170092123,6.515299728557576,8760.086232436133,0.0015569776722422607,0.037667819062297304,0.19528153464751827,2.0733000475022747,1.445715527674969,1.3095569985141782,2.3974437491332523,1704.2546161503865,0.0011818059322653309,0.6740102264345006,0.025266093812222133,-2921.409775845235
51.76106170092123,6.515299728557576,8760.086232436133,0.0015569776722422607,0.037667819062297304,0.19528153464751827,2.0733000475022747,1.445715527674969,1.3095569985141782,2.3974437491332523,1704.2546161503865,0.0011818059322653309,0.6740102264345006,0.025266093812222133,-2921.409775845235
51.76106170092123,6.515299728557576,8760.086232436133,0.0015569776722422607,0.037667819062297304,0.19528153464751827,2.0733000475022747,1.445715527674969,1.3095569985141782,2.3974437491332523,1704.2546161503865,0.0011818059322653309,0.6740102264345006,0.025266093812222133,-2921.409775845235
51.76106170092123,6.515299728557576,8760.086232436133,0.0015569776722422607,0.037667819062297304,0.19528153464751827,2.0733000475022747,1.445715527674969,1.3095569985141782,2.3974437491332523,1704.2546161503865,0.0011818059322653309,0.6740102264345006,0.025266093812222133,-2921.409775845235
51.76106170092123,6.515299728557576,8760.086232436133,0.0015569776722422607,0.037667819062297304,0.19528153464751827,2.0733000475022747,1.445715527674969,1.3095569985141782,2.3974437491332523,1704.2546161503865,0.0011818059322653309,0.6740102264345006,0.025266093812222133,-2921.409775845235
51.76106170092123,6.515299728557576,8760.086232436133,0.0015569776722422607,0.037667819062297304,0.19528153464751827,2.0733000475022747,1.445715527674969,1.3095569985141782,2.3974437491332523,1704.2546161503865,0.0011818059322653309,0.6740102264345006,0.025266093812222133,-2921.409775845235
51.76106170092123,6.515299728557576,8760.086232436133,0.0015569776722422607,0.037667819062297304,0.19528153464751827,2.0733000475022747,1.445715527674969,1.3095569985141782,2.3974437491332523,1704.2546161503865,0.0011818059322653309,0.6740102264345006,0.025266093812222133,-2921.409775845235
51.76106170092123,6.515299728557576,8760.086232436133,0.0015569776722422607,0.037667819062297304,0.19528153464751827,2.0733000475022747,1.445715527674969,1.3095569985141782,2.3974437491332523,1704.2546161503865,0.0011818059322653309,0.6740102264345006,0.025266093812222133,-2921.409775845235
51.76106170092123,6.515299728557576,8760.086232436133,0.0015569776722422607,0.037667819062297304,0.19528153464751827,2.0733000475022747,1.445715527674969,1.3095569985141782,2.3974437491332523,1704.2546161503865,0.0011818059322653309,0.6740102264345006,0.025266093812222133,-2921.409775845235
51.695328764302246,6.5568666814391925,8788.24741236009,0.001486547183403209,0.03772211401175813,0.1947315995389121,2.0700806573533335,1.4502297572662899,1.3058611869836478,2.3977982527830903,1731.8273614614486,0.0012424130284204966,0.6728246491575393,0.02419631247010167,-2922.6240183511027
51.669472198824195,6.5258483835302386,8790.48130530313,0.0014766374671779836,0.03752287015113523,0.19499627429713487,2.0677643780041226,1.4592030979351933,1.3043479612138005,2.3979553980733894,1747.4408471126133,0.0012641806260923689,0.6741850071031649,0.023498261533474927,-2924.8883674463177
51.78035088376612,6.5813973956426395,8760.834520926446,0.001475075227326675,0.0379603579717871,0.19414627122525502,2.0657779523941002,1.4671413560875162,1.300989115709485,2.398008807962823,1755.3753075334807,0.0012960819335540458,0.6712610769750579,0.022826001815821746,-2924.8154157643175
51.78460522849859,6.548311900314658,8771.131710095073,0.0014499673018503075,0.038020245465820314,0.19389572110325498,2.0629522331030525,1.4767457521460776,1.2974362520962561,2.3982036870221703,1774.7224182255336,0.0013482539777850422,0.6709816276229149,0.02175263915390773,-2926.4367879048405
51.76187441685482,6.414900236586369,8780.442767113396,0.0014948370871363421,0.037535524048978,0.19649489520603006,2.0658496964895754,1.4738792773218043,1.302315276586261,2.398056325724288,1761.3006853772022,0.001284596792039063,0.6750892734112349,0.02241079437162734,-2926.373139021194
51.80640123625013,6.374101109888478,8812.261095854703,0.0014901573964111031,0.03764371315288103,0.19680054357616764,2.0661620576812423,1.4740250282317775,1.3024304828375088,2.3981397155696147,1767.2909278359202,0.0013166124498989369,0.6747579160269358,0.02176827101063994,-2926.3124104671933
51.796872028167286,6.364188521698608,8802.894819529605,0.0015108214626450836,0.03774492813577306,0.19726249420174635,2.0677759235385818,1.471163402420128,1.3050716856484845,2.3980704019229333,1760.9574099952017,0.0013017020552469763,0.6757162584500335,0.02164640181146949,-2925.1166681465693
51.81348971518363,6.409156737014932,8784.931290879262,0.0015358761205641533,0.03786174649046053,0.19793131668949202,2.0698351043245817,1.465461055486939,1.3073078868850678,2.3978797145247874,1746.0375318492695,0.0012602541943670055,0.6755372246489642,0.02240743566352781,-2923.558932642606
51.776302362058054,6.242559597937763,8785.053585242342,0.0015663744711737486,0.03778712216779794,0.19827626517902647,2.0713534381889245,1.4673239371247857,1.3082101015808147,2.3978624400875144,1746.6243927213116,0.0012625613594433812,0.6774202322216764,0.021742714477800386,-2923.7714209730657
51.85375521831206,6.2475378986684795,8759.747944455661,0.0015832448153825524,0.03792006245573885,0.1988820872389575,2.071640112762913,1.4709161876195993,1.3090067029045898,2.3978209503667984,1749.0224131425928,0.001237485790994086,0.6772395013293057,0.02138151726753013,-2924.873178841239
51.867719265816,6.248678833827999,8793.681937327008,0.0015559412062007656,0.037835416366179125,0.1989535383081038,2.071948676757021,1.4665342830903199,1.3091104339786774,2.397912686906627,1751.2869387662195,0.0012582278422294375,0.6770481885933731,0.021436281084015105,-2924.086134345367
51.914126503181464,6.288748028170392,8792.587071970875,0.0015413478288633469,0.038037698632500054,0.19851556100394915,2.071386277190479,1.4662833785631246,1.3082331414858293,2.3979516885440155,1754.1733881183327,0.001272884802417402,0.6752975384438611,0.021301010016316957,-2923.9837105338943
51.89101638153825,6.272333527324136,8779.92861209509,0.0015756763844988735,0.037926808257297835,0.19910605402475956,2.0731934143074224,1.460761731990086,1.3102891343762644,2.397739668298172,1737.5140366072992,0.0012216910466698928,0.6753319054602289,0.022123155793663814,-2923.5177394710345
51.89101638153825,6.272333527324136,8779.92861209509,0.0015756763844988735,0.037926808257297835,0.19910605402475956,2.0731934143074224,1.460761731990086,1.3102891343762644,2.397739668298172,1737.5140366072992,0.0012216910466698928,0.6753319054602289,0.022123155793663814,-2923.5177394710345
51.937006445655584,6.280012760257684,8774.946123116915,0.001585768681947776,0.03780738711208737,0.19889455788837607,2.073326188676285,1.4612975474338796,1.3097996177639926,2.3976787100208137,1729.9317085021637,0.001214707956721234,0.6749686988709307,0.022700174955122367,-2923.4331116327444
51.959004674174736,6.222747161292553,8779.993674963087,0.0016000445926289827,0.037679358160052155,0.19938007200353833,2.074304266565841,1.4602801905306064,1.3108041267039057,2.397635474824672,1725.68345502984,0.0011999518765438452,0.6756490615834219,0.022868620131450412,-2923.4465293219214
51.959004674174736,6.222747161292553,8779.993674963087,0.0016000445926289827,0.037679358160052155,0.19938007200353833,2.074304266565841,1.4602801905306064,1.3108041267039057,2.397635474824672,1725.68345502984,0.0011999518765438452,0.6756490615834219,0.022868620131450412,-2923.4465293219214
51.967817981716735,6.228370956873764,8791.674600264683,0.0015769605862185035,0.03759656464309646,0.1995927039323613,2.0731408038101753,1.4640530238930576,1.3096599417034263,2.397764854499259,1735.786373056723,0.00121975115425933,0.6755724420074297,0.022506285369003887,-2924.480272627356
51.967817981716735,6.228370956873764,8791.674600264683,0.0015769605862185035,0.03759656464309646,0.1995927039323613,2.0731408038101753,1.4640530238930576,1.3096599417034263,2.397764854499259,1735.786373056723,0.00121975115425933,0.6755724420074297,0.022506285369003887,-2924.480272627356
51.967817981716735,6.228370956873764,8791.674600264683,0.0015769605862185035,0.03759656464309646,0.1995927039323613,2.0731408038101753,1.4640530238930576,1.3096599417034263,2.397764854499259,1735.786373056723,0.00121975115425933,0.6755724420074297,0.022506285369003887,-2924.480272627356
51.928220731361826,6.056078237129324,8772.988604462284,0.0016681931974158492,0.03728867878647504,0.2007023441942406,2.0774980679467347,1.4598601669712044,1.3154584890954912,2.397470399857971,1715.4262288639104,0.0011593525625765762,0.6797376948509015,0.022619299423977123,-2924.3704293593833
51.928220731361826,6.056078237129324,8772.988604462284,0.0016681931974158492,0.03728867878647504,0.2007023441942406,2.0774980679467347,1.4598601669712044,1.3154584890954912,2.397470399857971,1715.4262288639104,0.0011593525625765762,0.6797376948509015,0.022619299423977123,-2924.3704293593833
51.928220731361826,6.056078237129324,8772.988604462284,0.0016681931974158492,0.03728867878647504,0.2007023441942406,2.0774980679467347,1.4598601669712044,1.3154584890954912,2.397470399857971,1715.4262288639104,0.0011593525625765762,0.6797376948509015,0.022619299423977123,-2924.3704293593833
51.98235463533208,6.156935990232977,8804.299635058751,0.0015735903848569039,0.037736191490334275,0.19815280794987636,2.0729956237316447,1.4666288070546933,1.3081110023105587,2.397910716878182,1747.6981681054817,0.0012813719080133287,0.6747948367615377,0.021210737923360055,-2925.585592917921
51.98235463533208,6.156935990232977,8804.299635058751,0.0015735903848569039,0.037736191490334275,0.19815280794987636,2.0729956237316447,1.4666288070546933,1.3081110023105587,2.397910716878182,1747.6981681054817,0.0012813719080133287,0.6747948367615377,0.021210737923360055,-2925.585592917921
52.021752904791455,6.0662900268539275,8752.805407993907,0.0016752922850576963,0.03766982986044374,0.19985358692646957,2.0763633595116113,1.4694780622619987,1.313145628235104,2.3975750228709787,1727.3550633772288,0.0011981745066959365,0.6790229897009944,0.021487593986492484,-2924.558701683688
52.021752904791455,6.0662900268539275,8752.805407993907,0.0016752922850576963,0.03766982986044374,0.19985358692646957,2.0763633595116113,1.4694780622619987,1.313145628235104,2.3975750228709787,1727.3550633772288,0.0011981745066959365,0.6790229897009944,0.021487593986492484,-2924.558701683688
52.021752904791455,6.0662900268539275,8752.805407993907,0.0016752922850576963,0.03766982986044374,0.19985358692646957,2.0763633595116113,1.4694780622619987,1.313145628235104,2.3975750228709787,1727.3550633772288,0.0011981745066959365,0.6790229897009944,0.021487593986492484,-2924.558701683688
52.02286887024165,5.923645217324221,8766.497450675597,0.0016832468433793457,0.037462602322315464,0.1997814932434266,2.0764825253312775,1.4722373245487117,1.3117622147346855,2.39763347030315,1730.2553247352585,0.001223637421987179,0.6798951557536114,0.02118834877219749,-2925.0139109908705
52.01896693072659,6.267055851321121,8795.293222376795,0.0015055871788791468,0.03836650931591245,0.19577819822010573,2.068374167368185,1.47552864096314,1.300440407146886,2.398179373082275,1774.3779531499993,0.001366245708351293,0.6691758613205749,0.019999298910542727,-2926.6960838016985
52.02805954545941,6.099202709479712,8766.190393226543,0.0015827683988587555,0.03825223658239408,0.19715905597274996,2.071274407255129,1.477833129082239,1.3040108290226442,2.398011433092063,1762.2131365310838,0.0013246597299629856,0.6725808613377443,0.019779589507974125,-2926.277706401085
51.95184704902782,6.100407072574654,8762.017291825014,0.0016395466719076352,0.03773253533871916,0.1992464828811273,2.074443701959053,1.4674235779237645,1.311224217426834,2.397713907494283,1738.204814800709,0.0012308494964312648,0.6760169644953916,0.021093827100514283,-2925.61384465798
51.95184704902782,6.100407072574654,8762.017291825014,0.0016395466719076352,0.03773253533871916,0.1992464828811273,2.074443701959053,1.4674235779237645,1.311224217426834,2.397713907494283,1738.204814800709,0.0012308494964312648,0.6760169644953916,0.021093827100514283,-2925.61384465798
52.005770668164764,6.107171662530174,8754.856633186606,0.0016311726288648326,0.03827926932976009,0.19797112602068298,2.0738585350628096,1.4698963723289087,1.309536526945931,2.397817757372535,1749.0669702895693,0.0012732855726195085,0.6732676892334429,0.020034888837505448,-2925.4529091398613
52.06501969859646,6.0567381614310705,8769.029440124854,0.0016228953647505029,0.03836899678262506,0.1974542028842385,2.0755583469245744,1.465319115816591,1.3083238721510924,2.39779655858661,1739.6786435350332,0.001296793943591362,0.672701535187086,0.020446446971940296,-2923.592508488044
52.06501969859646,6.0567381614310705,8769.029440124854,0.0016228953647505029,0.03836899678262506,0.1974542028842385,2.0755583469245744,1.465319115816591,1.3083238721510924,2.39779655858661,1739.6786435350332,0.001296793943591362,0.672701535187086,0.020446446971940296,-2923.592508488044
52.06569932285585,6.084416103139592,8756.978166358107,0.0016012290702317195,0.03848462713554505,0.19673960176300329,2.0756346386851448,1.4634551450876114,1.3057184522964935,2.3977399484718127,1731.4156117343728,0.0012910825318559226,0.6713863029912936,0.021197040259373287,-2923.2453621093273
52.0946221441873,5.9910354385559526,8765.992670118272,0.0016039662697470251,0.038563178579215616,0.1965918774521783,2.076313089583695,1.4660222832709668,1.3051429331261277,2.3978125496590463,1737.5765354213352,0.0013141803354607823,0.6716551752711458,0.020463811261024478,-2923.421517723728
52.0946221441873,5.9910354385559526,8765.992670118272,0.0016039662697470251,0.038563178579215616,0.1965918774521783,2.076313089583695,1.4660222832709668,1.3051429331261277,2.3978125496590463,1737.5765354213352,0.0013141803354607823,0.6716551752711458,0.020463811261024478,-2923.421517723728
52.0946221441873,5.9910354385559526,8765.992670118272,0.0016039662697470251,0.038563178579215616,0.1965918774521783,2.076313089583695,1.4660222832709668,1.3051429331261277,2.3978125496590463,1737.5765354213352,0.0013141803354607823,0.6716551752711458,0.020463811261024478,-2923.421517723728
52.26809752224402,6.051986549245321,8781.050944365621,0.00156994257042225,0.03887924893453014,0.1957980807374977,2.0761302073236676,1.464922850431889,1.3024134755244732,2.3978538736063104,1735.3561290573564,0.001333200502994292,0.669119956321331,0.021123365457445458,-2924.124373110111
52.26809752224402,6.051986549245321,8781.050944365621,0.00156994257042225,0.03887924893453014,0.1957980807374977,2.0761302073236676,1.464922850431889,1.3024134755244732,2.3978538736063104,1735.3561290573564,0.001333200502994292,0.669119956321331,0.021123365457445458,-2924.124373110111
52.21554977637908,6.111079016372372,8783.942185965387,0.0015373115396138768,0.038990678666678165,0.194770227935912,2.0758716851936425,1.45983253475084,1.301239900574899,2.3979004719255563,1737.1741914245074,0.0013400800156800551,0.6673842903844008,0.021179855612524775,-2923.313837742883
52.22700996306658,6.140208452219774,8771.839134197011,0.0015555741308632888,0.039011943386695294,0.19476015770760358,2.076025597933804,1.4587030657472329,1.3029594297010494,2.3978393184166356,1732.8883057354444,0.0013157278576003645,0.6679483911346505,0.02144783840070784,-2924.208714408545
52.20046691390007,6.1379856924639675,8805.42175407127,0.001486830661183539,0.039145879258964886,0.19338857763707268,2.071867071532661,1.466280884918455,1.297091783515584,2.3981884969961245,1765.6118194371525,0.001411209803829176,0.6647909424827596,0.019967161567553616,-2924.1101328786403
52.20046691390007,6.1379856924639675,8805.42175407127,0.001486830661183539,0.039145879258964886,0.19338857763707268,2.071867071532661,1.466280884918455,1.297091783515584,2.3981884969961245,1765.6118194371525,0.001411209803829176,0.6647909424827596,0.019967161567553616,-2924.1101328786403
52.20046691390007,6.1379856924639675,8805.42175407127,0.001486830661183539,0.039145879258964886,0.19338857763707268,2.071867071532661,1.466280884918455,1.297091783515584,2.3981884969961245,1765.6118194371525,0.001411209803829176,0.6647909424827596,0.019967161567553616,-2924.1101328786403
52.20046691390007,6.1379856924639675,8805.42175407127,0.001486830661183539,0.039145879258964886,0.19338857763707268,2.071867071532661,1.466280884918455,1.297091783515584,2.3981884969961245,1765.6118194371525,0.001411209803829176,0.6647909424827596,0.019967161567553616,-2924.1101328786403
52.230850330659095,6.088814704198398,8770.397857288715,0.0016148945993495255,0.038627713593279704,0.19674538654253942,2.0767960580426066,1.4592046809497177,1.3083674623219261,2.39772496460572,1728.6545341049307,0.001265840733128513,0.6702972714706777,0.021424927693213677,-2923.554878629229
52.2417800784944,6.173995760875961,8771.50382996962,0.001611964344669817,0.03844181260267236,0.19735250787970654,2.076432346361047,1.4582613931955875,1.3100164672591283,2.397672847546292,1727.3015104072865,0.0012245652275735988,0.6701868174093262,0.021999831971616632,-2923.868535616656
52.2417800784944,6.173995760875961,8771.50382996962,0.001611964344669817,0.03844181260267236,0.19735250787970654,2.076432346361047,1.4582613931955875,1.3100164672591283,2.397672847546292,1727.3015104072865,0.0012245652275735988,0.6701868174093262,0.021999831971616632,-2923.868535616656
52.28774334969922,6.184998057441085,8752.6328405756,0.0016516119835830643,0.038519423342718885,0.19760887716401235,2.079464696744843,1.4504666239469404,1.3128435818382664,2.397404105000406,1704.7671041650246,0.0011733710618971956,0.6705018415465815,0.02296864915031883,-2923.935409001742
52.28774334969922,6.184998057441085,8752.6328405756,0.0016516119835830643,0.038519423342718885,0.19760887716401235,2.079464696744843,1.4504666239469404,1.3128435818382664,2.397404105000406,1704.7671041650246,0.0011733710618971956,0.6705018415465815,0.02296864915031883,-2923.935409001742
52.28774334969922,6.184998057441085,8752.6328405756,0.0016516119835830643,0.038519423342718885,0.19760887716401235,2.079464696744843,1.4504666239469404,1.3128435818382664,2.397404105000406,1704.7671041650246,0.0011733710618971956,0.6705018415465815,0.02296864915031883,-2923.935409001742
52.28774334969922,6.184998057441085,8752.6328405756,0.0016516119835830643,0.038519423342718885,0.19760887716401235,2.079464696744843,1.4504666239469404,1.3128435818382664,2.397404105000406,1704.7671041650246,0.0011733710618971956,0.6705018415465815,0.02296864915031883,-2923.935409001742
52.28774334969922,6.184998057441085,8752.6328405756,0.0016516119835830643,0.038519423342718885,0.19760887716401235,2.079464696744843,1.4504666239469404,1.3128435818382664,2.397404105000406,1704.7671041650246,0.0011733710618971956,0.6705018415465815,0.02296864915031883,-2923.935409001742
52.28774334969922,6.184998057441085,8752.6328405756,0.0016516119835830643,0.038519423342718885,0.19760887716401235,2.079464696744843,1.4504666239469404,1.3128435818382664,2.397404105000406,1704.7671041650246,0.0011733710618971956,0.6705018415465815,0.02296864915031883,-2923.935409001742
52.28774334969922,6.184998057441085,8752.6328405756,0.0016516119835830643,0.038519423342718885,0.19760887716401235,2.079464696744843,1.4504666239469404,1.3128435818382664,2.397404105000406,1704.7671041650246,0.0011733710618971956,0.6705018415465815,0.02296864915031883,-2923.935409001742
52.28774334969922,6.184998057441085,8752.6328405756,0.0016516119835830643,0.038519423342718885,0.19760887716401235,2.079464696744843,1.4504666239469404,1.3128435818382664,2.397404105000406,1704.7671041650246,0.0011733710618971956,0.6705018415465815,0.02296864915031883,-2923.935409001742
52.28774334969922,6.184998057441085,8752.6328405756,0.0016516119835830643,0.038519423342718885,0.19760887716401235,2.079464696744843,1.4504666239469404,1.3128435818382664,2.397404105000406,1704.7671041650246,0.0011733710618971956,0.6705018415465815,0.02296864915031883,-2923.935409001742
52.221579134463994,6.224582834423945,8750.584621849383,0.0016409892999686084,0.03877146376503412,0.19712766246758484,2.0804337535251527,1.4408408548348781,1.3135883688660348,2.3973360596080786,1695.2098119554412,0.0011671777587522669,0.6684608009074031,0.023211879696549236,-2923.3220595855737
52.221579134463994,6.224582834423945,8750.584621849383,0.0016409892999686084,0.03877146376503412,0.19712766246758484,2.0804337535251527,1.4408408548348781,1.3135883688660348,2.3973360596080786,1695.2098119554412,0.0011671777587522669,0.6684608009074031,0.023211879696549236,-2923.3220595855737
52.221579134463994,6.224582834423945,8750.584621849383,0.0016409892999686084,0.03877146376503412,0.19712766246758484,2.0804337535251527,1.4408408548348781,1.3135883688660348,2.3973360596080786,1695.2098119554412,0.0011671777587522669,0.6684608009074031,0.023211879696549236,-2923.3220595855737
52.15325652858718,6.348742798502624,8756.094529621494,0.0015392554623082446,0.038952465080054885,0.1943336815617075,2.0747686784200283,1.4483638250951332,1.305187541609066,2.3977563900271583,1727.7947151744256,0.0012402848455229448,0.6634901359898286,0.022660010581336223,-2923.9040216347157
52.153959457297546,6.36381750853128,8770.50510158789,0.0015470853971858336,0.038780851297703665,0.19505915534905977,2.075435568926359,1.4462539073805192,1.3068790916128958,2.3977074412597092,1721.0894201796925,0.0012346561467273406,0.6654880066978082,0.02316318085169505,-2922.883511410617
52.153959457297546,6.36381750853128,8770.50510158789,0.0015470853971858336,0.038780851297703665,0.19505915534905977,2.075435568926359,1.4462539073805192,1.3068790916128958,2.3977074412597092,1721.0894201796925,0.0012346561467273406,0.6654880066978082,0.02316318085169505,-2922.883511410617
52.153959457297546,6.36381750853128,8770.50510158789,0.0015470853971858336,0.038780851297703665,0.19505915534905977,2.075435568926359,1.4462539073805192,1.3068790916128958,2.3977074412597092,1721.0894201796925,0.0012346561467273406,0.6654880066978082,0.02316318085169505,-2922.883511410617
52.131410796678296,6.565779382825777,8816.838617816069,0.0014130714121074178,0.03924651096329753,0.19256695800974535,2.068837347268355,1.4522306286714886,1.297350432315684,2.398192356838935,1759.790407467558,0.001377507576143858,0.659998570630467,0.02204465084497525,-2923.058028547245
52.09446479039706,6.539341490710921,8781.299446761406,0.0015005508839766395,0.03862110076130796,0.1945327947755963,2.072482667932287,1.4459034782154432,1.304988871905061,2.397796429446033,1729.8902570265218,0.0012401875424617216,0.6640403407085651,0.0237707683378407,-2922.7297900631206
52.09446479039706,6.539341490710921,8781.299446761406,0.0015005508839766395,0.03862110076130796,0.1945327947755963,2.072482667932287,1.4459034782154432,1.304988871905061,2.397796429446033,1729.8902570265218,0.0012401875424617216,0.6640403407085651,0.0237707683378407,-2922.7297900631206
52.0164101373184,6.510155781072594,8764.87580712555,0.001560607404438354,0.038381828920783324,0.19584134689115845,2.0745792779388728,1.4413033959249666,1.3104568645883372,2.397560845912402,1714.4975920765514,0.0011805657593488281,0.6667470939330602,0.024073266383209314,-2922.553529495992
52.028122067390754,6.617379651818702,8750.862430847297,0.0015456472761332211,0.03857345899866926,0.19542102835841138,2.0741495527462774,1.4392712628995894,1.3100439962833315,2.3975177545324353,1712.8647556471333,0.0011655213961440937,0.6650889139959062,0.024436795478811304,-2923.035309543505
51.98856666921805,6.90471134953459,8800.411971890117,0.0013546929626812444,0.039661759962176496,0.18970986412068272,2.066558611360761,1.4379076306743825,1.2958447199216556,2.3981812573967147,1760.158202075916,0.0013539878317142156,0.6532854872982425,0.022854735931199195,-2923.522009316112
51.924433821320235,6.776009222796464,8761.838568896226,0.001410050795864806,0.039591850695499795,0.19080567634432388,2.0682067536841515,1.4424055229404327,1.2995779502988951,2.398063264492844,1757.8476436662284,0.001305255520932041,0.6564460216533181,0.022151972927051664,-2924.8263856907797
51.89869859834127,6.848030235603968,8779.792330656248,0.0013818809818327618,0.039460796859000065,0.1907816976069146,2.0677467779482197,1.4386492101928772,1.2989312853240484,2.398081355078963,1755.8120211767816,0.0013106612837983495,0.6566491078298532,0.022885361373352134,-2923.6228558544904
51.88734651906607,6.782747035669335,8770.030927631755,0.0013966787380797147,0.03931689713553985,0.1910673372286763,2.068266481434926,1.4393788114928912,1.2991658927067495,2.398049589701457,1753.4410225322322,0.0013037291780574906,0.657719259375445,0.022929024096471427,-2923.4289812059096
51.88734651906607,6.782747035669335,8770.030927631755,0.0013966787380797147,0.03931689713553985,0.1910673372286763,2.068266481434926,1.4393788114928912,1.2991658927067495,2.398049589701457,1753.4410225322322,0.0013037291780574906,0.657719259375445,0.022929024096471427,-2923.4289812059096
51.88734651906607,6.782747035669335,8770.030927631755,0.0013966787380797147,0.03931689713553985,0.1910673372286763,2.068266481434926,1.4393788114928912,1.2991658927067495,2.398049589701457,1753.4410225322322,0.0013037291780574906,0.657719259375445,0.022929024096471427,-2923.4289812059096
51.901813984386095,6.710859649973557,8794.55028685537,0.0013943751518522049,0.03911466232120516,0.19158692325837381,2.0700562612070215,1.4351374330076347,1.2997045027409886,2.398012058669898,1743.7425381112157,0.0013036886192986353,0.6590006726395403,0.023613684751974676,-2921.8103134663634
51.901813984386095,6.710859649973557,8794.55028685537,0.0013943751518522049,0.03911466232120516,0.19158692325837381,2.0700562612070215,1.4351374330076347,1.2997045027409886,2.398012058669898,1743.7425381112157,0.0013036886192986353,0.6590006726395403,0.023613684751974676,-2921.8103134663634
51.901813984386095,6.710859649973557,8794.55028685537,0.0013943751518522049,0.03911466232120516,0.19158692325837381,2.0700562612070215,1.4351374330076347,1.2997045027409886,2.398012058669898,1743.7425381112157,0.0013036886192986353,0.6590006726395403,0.023613684751974676,-2921.8103134663634
51.901813984386095,6.710859649973557,8794.55028685537,0.0013943751518522049,0.03911466232120516,0.19158692325837381,2.0700562612070215,1.4351374330076347,1.2997045027409886,2.398012058669898,1743.7425381112157,0.0013036886192986353,0.6590006726395403,0.023613684751974676,-2921.8103134663634
51.901813984386095,6.710859649973557,8794.55028685537,0.0013943751518522049,0.03911466232120516,0.19158692325837381,2.0700562612070215,1.4351374330076347,1.2997045027409886,2.398012058669898,1743.7425381112157,0.0013036886192986353,0.6590006726395403,0.023613684751974676,-2921.8103134663634
51.9561721650644,6.774612922578289,8823.535736464402,0.0013203643567472583,0.03924808060027783,0.19007654177974265,2.065114241128275,1.4475538143321423,1.2920550770638348,2.398343268512586,1772.6803891174295,0.0014015720179544105,0.657167190849242,0.022622218751579354,-2923.1568272414156
51.855360081002615,6.921579170754939,8791.893545125367,0.0013017748617604183,0.03940343141003715,0.18863003961467414,2.063942319196114,1.4398802060726323,1.290961888832879,2.3982808412044583,1768.1461611872483,0.0013697854010685732,0.6540267475478858,0.02339892185312699,-2923.510751309104
51.899402639311276,6.915366302538821,8794.988277948181,0.001330141547325447,0.039143460259966144,0.18984210116940647,2.068382089002008,1.4274343861014729,1.29624436161998,2.398030377538657,1736.9783332898944,0.0012904392561606912,0.6563592669547528,0.0254610156297117,-2921.1697157257995
51.911143314042775,6.943706032360154,8793.755246214756,0.0013284193482510536,0.03928466535853359,0.18905803477888783,2.0689227022540484,1.4264299273580288,1.296485917843059,2.3980392120634777,1736.1638833753054,0.0012955307617138554,0.656925678271774,0.025410026122821464,-2921.2226482018405
51.911143314042775,6.943706032360154,8793.755246214756,0.0013284193482510536,0.03928466535853359,0.18905803477888783,2.0689227022540484,1.4264299273580288,1.296485917843059,2.3980392120634777,1736.1638833753054,0.0012955307617138554,0.656925678271774,0.025410026122821464,-2921.2226482018405
51.911143314042775,6.943706032360154,8793.755246214756,0.0013284193482510536,0.03928466535853359,0.18905803477888783,2.0689227022540484,1.4264299273580288,1.296485917843059,2.3980392120634777,1736.1638833753054,0.0012955307617138554,0.656925678271774,0.025410026122821464,-2921.2226482018405
51.911143314042775,6.943706032360154,8793.755246214756,0.0013284193482510536,0.03928466535853359,0.18905803477888783,2.0689227022540484,1.4264299273580288,1.296485917843059,2.3980392120634777,1736.1638833753054,0.0012955307617138554,0.656925678271774,0.025410026122821464,-2921.2226482018405
51.92654573993475,6.95738633469999,8776.48228724602,0.0013396415005855374,0.03923611554893364,0.1896645885654691,2.0673139919982786,1.434138517093944,1.295812849910583,2.398050405672789,1742.2731196159878,0.0012932361266865414,0.6569464475397278,0.025054886362036885,-2922.4962449763825
51.92654573993475,6.95738633469999,8776.48228724602,0.0013396415005855374,0.03923611554893364,0.1896645885654691,2.0673139919982786,1.434138517093944,1.295812849910583,2.398050405672789,1742.2731196159878,0.0012932361266865414,0.6569464475397278,0.025054886362036885,-2922.4962449763825
51.97224930400158,6.77668680911718,8756.809988460831,0.0014094556553488208,0.03907638334462451,0.19058819037570582,2.07015471857929,1.4369334074264883,1.2997003195977175,2.3978819913913334,1732.1830096543092,0.0012588180845078628,0.6600796044103499,0.02472648101208948,-2922.9150725926847
52.06322884133564,6.73060426308033,8769.149143453848,0.0014271128374423246,0.039158529849008035,0.19125292409714453,2.0732106852558774,1.4333573700228803,1.3018051710844827,2.397781040754691,1721.7465065630777,0.0012395307853651628,0.6614079939911583,0.025046356401411993,-2923.1092363507482
52.06322884133564,6.73060426308033,8769.149143453848,0.0014271128374423246,0.039158529849008035,0.19125292409714453,2.0732106852558774,1.4333573700228803,1.3018051710844827,2.397781040754691,1721.7465065630777,0.0012395307853651628,0.6614079939911583,0.025046356401411993,-2923.1092363507482
51.87384056053142,6.738408363912434,8769.718345341658,0.0014186159704779324,0.03899206858606752,0.1916600673520988,2.073549848735224,1.4261627375737653,1.3037093528703654,2.397732724297966,1718.3762587832352,0.0012136935035928786,0.6618338699294802,0.025323487013763798,-2921.3774642370745
51.87384056053142,6.738408363912434,8769.718345341658,0.0014186159704779324,0.03899206858606752,0.1916600673520988,2.073549848735224,1.4261627375737653,1.3037093528703654,2.397732724297966,1718.3762587832352,0.0012136935035928786,0.6618338699294802,0.025323487013763798,-2921.3774642370745
51.91035674335121,6.697401077315366,8757.347449497389,0.001464781449502678,0.03890872117041001,0.19332671528962697,2.075985189603961,1.4244836315874454,1.3072196295653926,2.3975022565052067,1700.512872886111,0.0011681165658676447,0.6642864143125272,0.0260042454054035,-2921.9639162125754
51.91035674335121,6.697401077315366,8757.347449497389,0.001464781449502678,0.03890872117041001,0.19332671528962697,2.075985189603961,1.4244836315874454,1.3072196295653926,2.3975022565052067,1700.512872886111,0.0011681165658676447,0.6642864143125272,0.0260042454054035,-2921.9639162125754
51.91035674335121,6.697401077315366,8757.347449497389,0.001464781449502678,0.03890872117041001,0.19332671528962697,2.075985189603961,1.4244836315874454,1.3072196295653926,2.3975022565052067,1700.512872886111,0.0011681165658676447,0.6642864143125272,0.0260042454054035,-2921.9639162125754
51.91035674335121,6.697401077315366,8757.347449497389,0.001464781449502678,0.03890872117041001,0.19332671528962697,2.075985189603961,1.4244836315874454,1.3072196295653926,2.3975022565052067,1700.512872886111,0.0011681165658676447,0.6642864143125272,0.0260042454054035,-2921.9639162125754
51.91035674335121,6.697401077315366,8757.347449497389,0.001464781449502678,0.03890872117041001,0.19332671528962697,2.075985189603961,1.4244836315874454,1.3072196295653926,2.3975022565052067,1700.512872886111,0.0011681165658676447,0.6642864143125272,0.0260042454054035,-2921.9639162125754
51.91035674335121,6.697401077315366,8757.347449497389,0.001464781449502678,0.03890872117041001,0.19332671528962697,2.075985189603961,1.4244836315874454,1.3072196295653926,2.3975022565052067,1700.512872886111,0.0011681165658676447,0.6642864143125272,0.0260042454054035,-2921.9639162125754
51.91035674335121,6.697401077315366,8757.347449497389,0.001464781449502678,0.03890872117041001,0.19332671528962697,2.075985189603961,1.4244836315874454,1.3072196295653926,2.3975022565052067,1700.512872886111,0.0011681165658676447,0.6642864143125272,0.0260042454054035,-2921.9639162125754
51.896137684996255,6.715608339224865,8770.749991661361,0.0014299162537048157,0.03914774355375933,0.19200455629993382,2.0739271046830456,1.4280252516259613,1.3040460679715835,2.397742210523763,1719.8555323551418,0.001227165559326195,0.6623050493895445,0.024870927474005943,-2921.997714881636
51.896137684996255,6.715608339224865,8770.749991661361,0.0014299162537048157,0.03914774355375933,0.19200455629993382,2.0739271046830456,1.4280252516259613,1.3040460679715835,2.397742210523763,1719.8555323551418,0.001227165559326195,0.6623050493895445,0.024870927474005943,-2921.997714881636
51.86435356756441,6.851823189850819,8782.219707357903,0.001366206216051322,0.039397779269942056,0.19035492623784372,2.0700639564290277,1.431857403563685,1.298900324006141,2.397997953755163,1740.4735040204027,0.0012966976517903173,0.6588465733541604,0.024131672701504698,-2922.196428800378
51.89162400067163,6.943514960441615,8793.462225487508,0.0013135640208447356,0.039837399047813346,0.18869714660249853,2.0649053922072502,1.444396391329689,1.292152407214937,2.398321631460713,1774.1292327942408,0.0014120461716945246,0.6559973458217556,0.022257207772477333,-2924.1439415356463
51.89162400067163,6.943514960441615,8793.462225487508,0.0013135640208447356,0.039837399047813346,0.18869714660249853,2.0649053922072502,1.444396391329689,1.292152407214937,2.398321631460713,1774.1292327942408,0.0014120461716945246,0.6559973458217556,0.022257207772477333,-2924.1439415356463
51.89162400067163,6.943514960441615,8793.462225487508,0.0013135640208447356,0.039837399047813346,0.18869714660249853,2.0649053922072502,1.444396391329689,1.292152407214937,2.398321631460713,1774.1292327942408,0.0014120461716945246,0.6559973458217556,0.022257207772477333,-2924.1439415356463
51.84622752557395,6.824864361365957,8840.324757997489,0.001302544814953698,0.03913336887612761,0.19008166953704111,2.0642032790779963,1.447493812637293,1.292517410470917,2.398406269447657,1782.719802457654,0.0014157037745042146,0.6583553834150405,0.02222811388644613,-2923.584536316946
51.80999190456725,6.704622418717854,8830.762609561632,0.001339209241018042,0.038798791891691546,0.1910065740894557,2.0652945701745473,1.4497077859593288,1.294900485638495,2.3983208666956912,1777.7079600301051,0.0013771723284708417,0.6613304553005567,0.022347127329761303,-2924.2233514671752
51.838011648402905,6.643125965783138,8772.60449259312,0.0013905071596021442,0.03917707217063052,0.19077382189089748,2.067568923251913,1.4521224210384767,1.2952234836155498,2.3981336025816957,1766.0140090947557,0.0013388241935944818,0.6617286665200262,0.022253894171391304,-2924.166238365935
51.915052912233634,6.6468646953138695,8809.875167524682,0.0013756500518297223,0.03898439965501646,0.19210511750539705,2.0682652307253413,1.4510706027902418,1.2956624364315865,2.398164246784715,1763.1103015762424,0.0013487199952394485,0.6629096995441965,0.022819469015445945,-2922.688968906981
51.84188358086989,6.718292008590396,8810.905067814925,0.0013657303063670245,0.038639449765839474,0.1928825527797941,2.0685947512481313,1.445139867617939,1.2977609622479815,2.3980649838741233,1753.902080634532,0.0012812213242554165,0.663663528027763,0.024095581238030482,-2922.404757906633
51.84188358086989,6.718292008590396,8810.905067814925,0.0013657303063670245,0.038639449765839474,0.1928825527797941,2.0685947512481313,1.445139867617939,1.2977609622479815,2.3980649838741233,1753.902080634532,0.0012812213242554165,0.663663528027763,0.024095581238030482,-2922.404757906633
51.80255520204496,6.862749688548789,8784.200498771652,0.0013668666638546178,0.03861508837880825,0.19311834649017842,2.067708925895565,1.4400154561582887,1.2987368815267848,2.3979150907453213,1742.929926869628,0.0012227091536151525,0.6612674680252386,0.02538017865710951,-2922.9616423287603
51.81273262823741,6.848132488265566,8752.556398585215,0.001431657751509098,0.038146719191312566,0.19488903528666612,2.0702647980911273,1.4365078564163252,1.3040055053494228,2.3975736801841485,1716.3815979590463,0.001138706182820794,0.6643737439151935,0.02694953153801412,-2922.631089042429
51.81273262823741,6.848132488265566,8752.556398585215,0.001431657751509098,0.038146719191312566,0.19488903528666612,2.0702647980911273,1.4365078564163252,1.3040055053494228,2.3975736801841485,1716.3815979590463,0.001138706182820794,0.6643737439151935,0.02694953153801412,-2922.631089042429
51.81273262823741,6.848132488265566,8752.556398585215,0.001431657751509098,0.038146719191312566,0.19488903528666612,2.0702647980911273,1.4365078564163252,1.3040055053494228,2.3975736801841485,1716.3815979590463,0.001138706182820794,0.6643737439151935,0.02694953153801412,-2922.631089042429
51.81273262823741,6.848132488265566,8752.556398585215,0.001431657751509098,0.038146719191312566,0.19488903528666612,2.0702647980911273,1.4365078564163252,1.3040055053494228,2.3975736801841485,1716.3815979590463,0.001138706182820794,0.6643737439151935,0.02694953153801412,-2922.631089042429
51.81273262823741,6.848132488265566,8752.556398585215,0.001431657751509098,0.038146719191312566,0.19488903528666612,2.0702647980911273,1.4365078564163252,1.3040055053494228,2.3975736801841485,1716.3815979590463,0.001138706182820794,0.6643737439151935,0.02694953153801412,-2922.631089042429
51.81273262823741,6.848132488265566,8752.556398585215,0.001431657751509098,0.038146719191312566,0.19488903528666612,2.0702647980911273,1.4365078564163252,1.3040055053494228,2.3975736801841485,1716.3815979590463,0.001138706182820794,0.6643737439151935,0.02694953153801412,-2922.631089042429
51.81273262823741,6.848132488265566,8752.556398585215,0.001431657751509098,0.038146719191312566,0.19488903528666612,2.0702647980911273,1.4365078564163252,1.3040055053494228,2.3975736801841485,1716.3815979590463,0.001138706182820794,0.6643737439151935,0.02694953153801412,-2922.631089042429
51.81273262823741,6.848132488265566,8752.556398585215,0.001431657751509098,0.038146719191312566,0.19488903528666612,2.0702647980911273,1.4365078564163252,1.3040055053494228,2.3975736801841485,1716.3815979590463,0.001138706182820794,0.6643737439151935,0.02694953153801412,-2922.631089042429
51.76365016699682,6.93119706556584,8755.904100732709,0.0014374621976400341,0.03798429078798495,0.19581386128804795,2.0707589907844066,1.4293367707582167,1.3068000984245287,2.39744201732986,1705.18981116058,0.0011016408264255802,0.6642626652465837,0.028022718323001215,-2922.2270853380537
51.76365016699682,6.93119706556584,8755.904100732709,0.0014374621976400341,0.03798429078798495,0.19581386128804795,2.0707589907844066,1.4293367707582167,1.3068000984245287,2.39744201732986,1705.18981116058,0.0011016408264255802,0.6642626652465837,0.028022718323001215,-2922.2270853380537
51.76365016699682,6.93119706556584,8755.904100732709,0.0014374621976400341,0.03798429078798495,0.19581386128804795,2.0707589907844066,1.4293367707582167,1.3068000984245287,2.39744201732986,1705.18981116058,0.0011016408264255802,0.6642626652465837,0.028022718323001215,-2922.2270853380537
51.76365016699682,6.93119706556584,8755.904100732709,0.0014374621976400341,0.03798429078798495,0.19581386128804795,2.0707589907844066,1.4293367707582167,1.3068000984245287,2.39744201732986,1705.18981116058,0.0011016408264255802,0.6642626652465837,0.028022718323001215,-2922.2270853380537
51.8894326006294,6.881985250636564,8761.478335189619,0.0014508316323153562,0.038026139699220696,0.19629814836821752,2.0705595096812166,1.4387655224194091,1.3060285173035706,2.3975319938290056,1714.3812574214721,0.0011245126060802568,0.6654608032723723,0.027303426856347544,-2922.5996624182826
51.833951251968166,6.95624183663309,8760.750711751798,0.0014113068701507763,0.037936241803706784,0.1961051708429584,2.06840951095763,1.4399129350430435,1.303596527432264,2.397627046901306,1720.5863703055327,0.001124023149181941,0.664608045974141,0.027657168388649452,-2923.1683178147487
51.897466165794484,6.894107325590561,8761.002509868451,0.0014463065818964853,0.037826217736359725,0.19692901989785933,2.0714221095233576,1.4356853518053407,1.3062980454986217,2.3974554047527437,1704.7828838909988,0.0011002121772304794,0.6656182763465347,0.02815243867457934,-2922.3109590758263
51.897466165794484,6.894107325590561,8761.002509868451,0.0014463065818964853,0.037826217736359725,0.19692901989785933,2.0714221095233576,1.4356853518053407,1.3062980454986217,2.3974554047527437,1704.7828838909988,0.0011002121772304794,0.6656182763465347,0.02815243867457934,-2922.3109590758263
51.897466165794484,6.894107325590561,8761.002509868451,0.0014463065818964853,0.037826217736359725,0.19692901989785933,2.0714221095233576,1.4356853518053407,1.3062980454986217,2.3974554047527437,1704.7828838909988,0.0011002121772304794,0.6656182763465347,0.02815243867457934,-2922.3109590758263
51.897466165794484,6.894107325590561,8761.002509868451,0.0014463065818964853,0.037826217736359725,0.19692901989785933,2.0714221095233576,1.4356853518053407,1.3062980454986217,2.3974554047527437,1704.7828838909988,0.0011002121772304794,0.6656182763465347,0.02815243867457934,-2922.3109590758263
51.897466165794484,6.894107325590561,8761.002509868451,0.0014463065818964853,0.037826217736359725,0.19692901989785933,2.0714221095233576,1.4356853518053407,1.3062980454986217,2.3974554047527437,1704.7828838909988,0.0011002121772304794,0.6656182763465347,0.02815243867457934,-2922.3109590758263
51.897466165794484,6.894107325590561,8761.002509868451,0.0014463065818964853,0.037826217736359725,0.19692901989785933,2.0714221095233576,1.4356853518053407,1.3062980454986217,2.3974554047527437,1704.7828838909988,0.0011002121772304794,0.6656182763465347,0.02815243867457934,-2922.3109590758263
51.897466165794484,6.894107325590561,8761.002509868451,0.0014463065818964853,0.037826217736359725,0.19692901989785933,2.0714221095233576,1.4356853518053407,1.3062980454986217,2.3974554047527437,1704.7828838909988,0.0011002121772304794,0.6656182763465347,0.02815243867457934,-2922.3109590758263
51.897466165794484,6.894107325590561,8761.002509868451,0.0014463065818964853,0.037826217736359725,0.19692901989785933,2.0714221095233576,1.4356853518053407,1.3062980454986217,2.3974554047527437,1704.7828838909988,0.0011002121772304794,0.6656182763465347,0.02815243867457934,-2922.3109590758263
51.897466165794484,6.894107325590561,8761.002509868451,0.0014463065818964853,0.037826217736359725,0.19692901989785933,2.0714221095233576,1.4356853518053407,1.3062980454986217,2.3974554047527437,1704.7828838909988,0.0011002121772304794,0.6656182763465347,0.02815243867457934,-2922.3109590758263
51.897466165794484,6.894107325590561,8761.002509868451,0.0014463065818964853,0.037826217736359725,0.19692901989785933,2.0714221095233576,1.4356853518053407,1.3062980454986217,2.3974554047527437,1704.7828838909988,0.0011002121772304794,0.6656182763465347,0.02815243867457934,-2922.3109590758263
51.897466165794484,6.894107325590561,8761.002509868451,0.0014463065818964853,0.037826217736359725,0.19692901989785933,2.0714221095233576,1.4356853518053407,1.3062980454986217,2.3974554047527437,1704.7828838909988,0.0011002121772304794,0.6656182763465347,0.02815243867457934,-2922.3109590758263
51.897466165794484,6.894107325590561,8761.002509868451,0.0014463065818964853,0.037826217736359725,0.19692901989785933,2.0714221095233576,1.4356853518053407,1.3062980454986217,2.3974554047527437,1704.7828838909988,0.0011002121772304794,0.6656182763465347,0.02815243867457934,-2922.3109590758263
51.897466165794484,6.894107325590561,8761.002509868451,0.0014463065818964853,0.037826217736359725,0.19692901989785933,2.0714221095233576,1.4356853518053407,1.3062980454986217,2.3974554047527437,1704.7828838909988,0.0011002121772304794,0.6656182763465347,0.02815243867457934,-2922.3109590758263
51.897466165794484,6.894107325590561,8761.002509868451,0.0014463065818964853,0.037826217736359725,0.19692901989785933,2.0714221095233576,1.4356853518053407,1.3062980454986217,2.3974554047527437,1704.7828838909988,0.0011002121772304794,0.6656182763465347,0.02815243867457934,-2922.3109590758263
51.897466165794484,6.894107325590561,8761.002509868451,0.0014463065818964853,0.037826217736359725,0.19692901989785933,2.0714221095233576,1.4356853518053407,1.3062980454986217,2.3974554047527437,1704.7828838909988,0.0011002121772304794,0.6656182763465347,0.02815243867457934,-2922.3109590758263
51.897466165794484,6.894107325590561,8761.002509868451,0.0014463065818964853,0.037826217736359725,0.19692901989785933,2.0714221095233576,1.4356853518053407,1.3062980454986217,2.3974554047527437,1704.7828838909988,0.0011002121772304794,0.6656182763465347,0.02815243867457934,-2922.3109590758263
51.897466165794484,6.894107325590561,8761.002509868451,0.0014463065818964853,0.037826217736359725,0.19692901989785933,2.0714221095233576,1.4356853518053407,1.3062980454986217,2.3974554047527437,1704.7828838909988,0.0011002121772304794,0.6656182763465347,0.02815243867457934,-2922.3109590758263
51.897466165794484,6.894107325590561,8761.002509868451,0.0014463065818964853,0.037826217736359725,0.19692901989785933,2.0714221095233576,1.4356853518053407,1.3062980454986217,2.3974554047527437,1704.7828838909988,0.0011002121772304794,0.6656182763465347,0.02815243867457934,-2922.3109590758263
51.897466165794484,6.894107325590561,8761.002509868451,0.0014463065818964853,0.037826217736359725,0.19692901989785933,2.0714221095233576,1.4356853518053407,1.3062980454986217,2.3974554047527437,1704.7828838909988,0.0011002121772304794,0.6656182763465347,0.02815243867457934,-2922.3109590758263
51.897466165794484,6.894107325590561,8761.002509868451,0.0014463065818964853,0.037826217736359725,0.19692901989785933,2.0714221095233576,1.4356853518053407,1.3062980454986217,2.3974554047527437,1704.7828838909988,0.0011002121772304794,0.6656182763465347,0.02815243867457934,-2922.3109590758263
51.897466165794484,6.894107325590561,8761.002509868451,0.0014463065818964853,0.037826217736359725,0.19692901989785933,2.0714221095233576,1.4356853518053407,1.3062980454986217,2.3974554047527437,1704.7828838909988,0.0011002121772304794,0.6656182763465347,0.02815243867457934,-2922.3109590758263
51.897466165794484,6.894107325590561,8761.002509868451,0.0014463065818964853,0.037826217736359725,0.19692901989785933,2.0714221095233576,1.4356853518053407,1.3062980454986217,2.3974554047527437,1704.7828838909988,0.0011002121772304794,0.6656182763465347,0.02815243867457934,-2922.3109590758263
51.97812090678676,6.926370955544936,8761.366271883788,0.0014365260835147824,0.037740357877166654,0.19712038769923487,2.069622923103857,1.4423225454320532,1.304463958297997,2.397537309539244,1710.4676184190782,0.0011119952048642913,0.6661521665807172,0.028387092631748944,-2922.675747145617
51.97812090678676,6.926370955544936,8761.366271883788,0.0014365260835147824,0.037740357877166654,0.19712038769923487,2.069622923103857,1.4423225454320532,1.304463958297997,2.397537309539244,1710.4676184190782,0.0011119952048642913,0.6661521665807172,0.028387092631748944,-2922.675747145617
51.97812090678676,6.926370955544936,8761.366271883788,0.0014365260835147824,0.037740357877166654,0.19712038769923487,2.069622923103857,1.4423225454320532,1.304463958297997,2.397537309539244,1710.4676184190782,0.0011119952048642913,0.6661521665807172,0.028387092631748944,-2922.675747145617
51.97812090678676,6.926370955544936,8761.366271883788,0.0014365260835147824,0.037740357877166654,0.19712038769923487,2.069622923103857,1.4423225454320532,1.304463958297997,2.397537309539244,1710.4676184190782,0.0011119952048642913,0.6661521665807172,0.028387092631748944,-2922.675747145617
51.97812090678676,6.926370955544936,8761.366271883788,0.0014365260835147824,0.037740357877166654,0.19712038769923487,2.069622923103857,1.4423225454320532,1.304463958297997,2.397537309539244,1710.4676184190782,0.0011119952048642913,0.6661521665807172,0.028387092631748944,-2922.675747145617
51.97812090678676,6.926370955544936,8761.366271883788,0.0014365260835147824,0.037740357877166654,0.19712038769923487,2.069622923103857,1.4423225454320532,1.304463958297997,2.397537309539244,1710.4676184190782,0.0011119952048642913,0.6661521665807172,0.028387092631748944,-2922.675747145617
51.97812090678676,6.926370955544936,8761.366271883788,0.0014365260835147824,0.037740357877166654,0.19712038769923487,2.069622923103857,1.4423225454320532,1.304463958297997,2.397537309539244,1710.4676184190782,0.0011119952048642913,0.6661521665807172,0.028387092631748944,-2922.675747145617
51.97812090678676,6.926370955544936,8761.366271883788,0.0014365260835147824,0.037740357877166654,0.19712038769923487,2.069622923103857,1.4423225454320532,1.304463958297997,2.397537309539244,1710.4676184190782,0.0011119952048642913,0.6661521665807172,0.028387092631748944,-2922.675747145617
51.97812090678676,6.926370955544936,8761.366271883788,0.0014365260835147824,0.037740357877166654,0.19712038769923487,2.069622923103857,1.4423225454320532,1.304463958297997,2.397537309539244,1710.4676184190782,0.0011119952048642913,0.6661521665807172,0.028387092631748944,-2922.675747145617
51.97812090678676,6.926370955544936,8761.366271883788,0.0014365260835147824,0.037740357877166654,0.19712038769923487,2.069622923103857,1.4423225454320532,1.304463958297997,2.397537309539244,1710.4676184190782,0.0011119952048642913,0.6661521665807172,0.028387092631748944,-2922.675747145617
51.97812090678676,6.926370955544936,8761.366271883788,0.0014365260835147824,0.037740357877166654,0.19712038769923487,2.069622923103857,1.4423225454320532,1.304463958297997,2.397537309539244,1710.4676184190782,0.0011119952048642913,0.6661521665807172,0.028387092631748944,-2922.675747145617
51.97812090678676,6.926370955544936,8761.366271883788,0.0014365260835147824,0.037740357877166654,0.19712038769923487,2.069622923103857,1.4423225454320532,1.304463958297997,2.397537309539244,1710.4676184190782,0.0011119952048642913,0.6661521665807172,0.028387092631748944,-2922.675747145617
51.97812090678676,6.926370955544936,8761.366271883788,0.0014365260835147824,0.037740357877166654,0.19712038769923487,2.069622923103857,1.4423225454320532,1.304463958297997,2.397537309539244,1710.4676184190782,0.0011119952048642913,0.6661521665807172,0.028387092631748944,-2922.675747145617
51.97812090678676,6.926370955544936,8761.366271883788,0.0014365260835147824,0.037740357877166654,0.19712038769923487,2.069622923103857,1.4423225454320532,1.304463958297997,2.397537309539244,1710.4676184190782,0.0011119952048642913,0.6661521665807172,0.028387092631748944,-2922.675747145617
51.97812090678676,6.926370955544936,8761.366271883788,0.0014365260835147824,0.037740357877166654,0.19712038769923487,2.069622923103857,1.4423225454320532,1.304463958297997,2.397537309539244,1710.4676184190782,0.0011119952048642913,0.6661521665807172,0.028387092631748944,-2922.675747145617
51.97812090678676,6.926370955544936,8761.366271883788,0.0014365260835147824,0.037740357877166654,0.19712038769923487,2.069622923103857,1.4423225454320532,1.304463958297997,2.397537309539244,1710.4676184190782,0.0011119952048642913,0.6661521665807172,0.028387092631748944,-2922.675747145617
51.97812090678676,6.926370955544936,8761.366271883788,0.0014365260835147824,0.037740357877166654,0.19712038769923487,2.069622923103857,1.4423225454320532,1.304463958297997,2.397537309539244,1710.4676184190782,0.0011119952048642913,0.6661521665807172,0.028387092631748944,-2922.675747145617
51.97812090678676,6.926370955544936,8761.366271883788,0.0014365260835147824,0.037740357877166654,0.19712038769923487,2.069622923103857,1.4423225454320532,1.304463958297997,2.397537309539244,1710.4676184190782,0.0011119952048642913,0.6661521665807172,0.028387092631748944,-2922.675747145617
51.97812090678676,6.926370955544936,8761.366271883788,0.0014365260835147824,0.037740357877166654,0.19712038769923487,2.069622923103857,1.4423225454320532,1.304463958297997,2.397537309539244,1710.4676184190782,0.0011119952048642913,0.6661521665807172,0.028387092631748944,-2922.675747145617
51.97812090678676,6.926370955544936,8761.366271883788,0.0014365260835147824,0.037740357877166654,0.19712038769923487,2.069622923103857,1.4423225454320532,1.304463958297997,2.397537309539244,1710.4676184190782,0.0011119952048642913,0.6661521665807172,0.028387092631748944,-2922.675747145617
51.97812090678676,6.926370955544936,8761.366271883788,0.0014365260835147824,0.037740357877166654,0.19712038769923487,2.069622923103857,1.4423225454320532,1.304463958297997,2.397537309539244,1710.4676184190782,0.0011119952048642913,0.6661521665807172,0.028387092631748944,-2922.675747145617
51.97812090678676,6.926370955544936,8761.366271883788,0.0014365260835147824,0.037740357877166654,0.19712038769923487,2.069622923103857,1.4423225454320532,1.304463958297997,2.397537309539244,1710.4676184190782,0.0011119952048642913,0.6661521665807172,0.028387092631748944,-2922.675747145617
51.97812090678676,6.926370955544936,8761.366271883788,0.0014365260835147824,0.037740357877166654,0.19712038769923487,2.069622923103857,1.4423225454320532,1.304463958297997,2.397537309539244,1710.4676184190782,0.0011119952048642913,0.6661521665807172,0.028387092631748944,-2922.675747145617
51.97812090678676,6.926370955544936,8761.366271883788,0.0014365260835147824,0.037740357877166654,0.19712038769923487,2.069622923103857,1.4423225454320532,1.304463958297997,2.397537309539244,1710.4676184190782,0.0011119952048642913,0.6661521665807172,0.028387092631748944,-2922.675747145617
51.97812090678676,6.926370955544936,8761.366271883788,0.0014365260835147824,0.037740357877166654,0.19712038769923487,2.069622923103857,1.4423225454320532,1.304463958297997,2.397537309539244,1710.4676184190782,0.0011119952048642913,0.6661521665807172,0.028387092631748944,-2922.675747145617
51.97812090678676,6.926370955544936,8761.366271883788,0.0014365260835147824,0.037740357877166654,0.19712038769923487,2.069622923103857,1.4423225454320532,1.304463958297997,2.397537309539244,1710.4676184190782,0.0011119952048642913,0.6661521665807172,0.028387092631748944,-2922.675747145617
51.97812090678676,6.926370955544936,8761.366271883788,0.0014365260835147824,0.037740357877166654,0.19712038769923487,2.069622923103857,1.4423225454320532,1.304463958297997,2.397537309539244,1710.4676184190782,0.0011119952048642913,0.6661521665807172,0.028387092631748944,-2922.675747145617
51.97812090678676,6.926370955544936,8761.366271883788,0.0014365260835147824,0.037740357877166654,0.19712038769923487,2.069622923103857,1.4423225454320532,1.304463958297997,2.397537309539244,1710.4676184190782,0.0011119952048642913,0.6661521665807172,0.028387092631748944,-2922.675747145617
51.97812090678676,6.926370955544936,8761.366271883788,0.0014365260835147824,0.037740357877166654,0.19712038769923487,2.069622923103857,1.4423225454320532,1.304463958297997,2.397537309539244,1710.4676184190782,0.0011119952048642913,0.6661521665807172,0.028387092631748944,-2922.675747145617
51.97812090678676,6.926370955544936,8761.366271883788,0.0014365260835147824,0.037740357877166654,0.19712038769923487,2.069622923103857,1.4423225454320532,1.304463958297997,2.397537309539244,1710.4676184190782,0.0011119952048642913,0.6661521665807172,0.028387092631748944,-2922.675747145617
51.97812090678676,6.926370955544936,8761.366271883788,0.0014365260835147824,0.037740357877166654,0.19712038769923487,2.069622923103857,1.4423225454320532,1.304463958297997,2.397537309539244,1710.4676184190782,0.0011119952048642913,0.6661521665807172,0.028387092631748944,-2922.675747145617
51.97812090678676,6.926370955544936,8761.366271883788,0.0014365260835147824,0.037740357877166654,0.19712038769923487,2.069622923103857,1.4423225454320532,1.304463958297997,2.397537309539244,1710.4676184190782,0.0011119952048642913,0.6661521665807172,0.028387092631748944,-2922.675747145617
51.97812090678676,6.926370955544936,8761.366271883788,0.0014365260835147824,0.037740357877166654,0.19712038769923487,2.069622923103857,1.4423225454320532,1.304463958297997,2.397537309539244,1710.4676184190782,0.0011119952048642913,0.6661521665807172,0.028387092631748944,-2922.675747145617
51.97812090678676,6.926370955544936,8761.366271883788,0.0014365260835147824,0.037740357877166654,0.19712038769923487,2.069622923103857,1.4423225454320532,1.304463958297997,2.397537309539244,1710.4676184190782,0.0011119952048642913,0.6661521665807172,0.028387092631748944,-2922.675747145617
51.97812090678676,6.926370955544936,8761.366271883788,0.0014365260835147824,0.037740357877166654,0.19712038769923487,2.069622923103857,1.4423225454320532,1.304463958297997,2.397537309539244,1710.4676184190782,0.0011119952048642913,0.6661521665807172,0.028387092631748944,-2922.675747145617
51.97812090678676,6.926370955544936,8761.366271883788,0.0014365260835147824,0.037740357877166654,0.19712038769923487,2.069622923103857,1.4423225454320532,1.304463958297997,2.397537309539244,1710.4676184190782,0.0011119952048642913,0.6661521665807172,0.028387092631748944,-2922.675747145617
51.97812090678676,6.926370955544936,8761.366271883788,0.0014365260835147824,0.037740357877166654,0.19712038769923487,2.069622923103857,1.4423225454320532,1.304463958297997,2.397537309539244,1710.4676184190782,0.0011119952048642913,0.6661521665807172,0.028387092631748944,-2922.675747145617
51.98716681376257,6.777206752270423,8751.641186493007,0.0014891148260596076,0.03762700464506486,0.198364031262363,2.0706456370467325,1.4519118419193537,1.3062343785078794,2.3975084544961605,1710.8282872874117,0.0011296485846504487,0.6696201827762082,0.027357292829198993,-2922.940699758455
51.965036367611255,6.75906945023058,8753.804557576183,0.001507594897101692,0.03733605493481236,0.19897554860637795,2.0722881321177415,1.4481584068721967,1.3085672655205869,2.3973481992049717,1698.5893527114338,0.0010994276998115419,0.6714837527443812,0.028129949038845258,-2922.3299320940537
52.03380882526685,6.727136436504949,8784.50079684131,0.0014441070106264514,0.03751922584947804,0.19794311423121608,2.067971998394329,1.4635245699671056,1.3014351237546415,2.397812793016123,1737.3014118643373,0.0012026042472095923,0.6697751096011743,0.026094494606474356,-2923.816644952164
52.03380882526685,6.727136436504949,8784.50079684131,0.0014441070106264514,0.03751922584947804,0.19794311423121608,2.067971998394329,1.4635245699671056,1.3014351237546415,2.397812793016123,1737.3014118643373,0.0012026042472095923,0.6697751096011743,0.026094494606474356,-2923.816644952164
52.066654995429474,6.618844728440983,8750.369184899857,0.001519101112549814,0.03742368211678229,0.19872323401680542,2.0724378335602553,1.4565656097773874,1.3060905590793286,2.3974054355559087,1703.283125420376,0.0011307092025589867,0.6710334884138364,0.027297339481997595,-2922.9310346251514
52.066654995429474,6.618844728440983,8750.369184899857,0.001519101112549814,0.03742368211678229,0.19872323401680542,2.0724378335602553,1.4565656097773874,1.3060905590793286,2.3974054355559087,1703.283125420376,0.0011307092025589867,0.6710334884138364,0.027297339481997595,-2922.9310346251514
52.066654995429474,6.618844728440983,8750.369184899857,0.001519101112549814,0.03742368211678229,0.19872323401680542,2.0724378335602553,1.4565656097773874,1.3060905590793286,2.3974054355559087,1703.283125420376,0.0011307092025589867,0.6710334884138364,0.027297339481997595,-2922.9310346251514
52.066654995429474,6.618844728440983,8750.369184899857,0.001519101112549814,0.03742368211678229,0.19872323401680542,2.0724378335602553,1.4565656097773874,1.3060905590793286,2.3974054355559087,1703.283125420376,0.0011307092025589867,0.6710334884138364,0.027297339481997595,-2922.9310346251514
52.066654995429474,6.618844728440983,8750.369184899857,0.001519101112549814,0.03742368211678229,0.19872323401680542,2.0724378335602553,1.4565656097773874,1.3060905590793286,2.3974054355559087,1703.283125420376,0.0011307092025589867,0.6710334884138364,0.027297339481997595,-2922.9310346251514
52.066654995429474,6.618844728440983,8750.369184899857,0.001519101112549814,0.03742368211678229,0.19872323401680542,2.0724378335602553,1.4565656097773874,1.3060905590793286,2.3974054355559087,1703.283125420376,0.0011307092025589867,0.6710334884138364,0.027297339481997595,-2922.9310346251514
52.066654995429474,6.618844728440983,8750.369184899857,0.001519101112549814,0.03742368211678229,0.19872323401680542,2.0724378335602553,1.4565656097773874,1.3060905590793286,2.3974054355559087,1703.283125420376,0.0011307092025589867,0.6710334884138364,0.027297339481997595,-2922.9310346251514
52.066654995429474,6.618844728440983,8750.369184899857,0.001519101112549814,0.03742368211678229,0.19872323401680542,2.0724378335602553,1.4565656097773874,1.3060905590793286,2.3974054355559087,1703.283125420376,0.0011307092025589867,0.6710334884138364,0.027297339481997595,-2922.9310346251514
52.066654995429474,6.618844728440983,8750.369184899857,0.001519101112549814,0.03742368211678229,0.19872323401680542,2.0724378335602553,1.4565656097773874,1.3060905590793286,2.3974054355559087,1703.283125420376,0.0011307092025589867,0.6710334884138364,0.027297339481997595,-2922.9310346251514
52.066654995429474,6.618844728440983,8750.369184899857,0.001519101112549814,0.03742368211678229,0.19872323401680542,2.0724378335602553,1.4565656097773874,1.3060905590793286,2.3974054355559087,1703.283125420376,0.0011307092025589867,0.6710334884138364,0.027297339481997595,-2922.9310346251514
52.066654995429474,6.618844728440983,8750.369184899857,0.001519101112549814,0.03742368211678229,0.19872323401680542,2.0724378335602553,1.4565656097773874,1.3060905590793286,2.3974054355559087,1703.283125420376,0.0011307092025589867,0.6710334884138364,0.027297339481997595,-2922.9310346251514
52.066654995429474,6.618844728440983,8750.369184899857,0.001519101112549814,0.03742368211678229,0.19872323401680542,2.0724378335602553,1.4565656097773874,1.3060905590793286,2.3974054355559087,1703.283125420376,0.0011307092025589867,0.6710334884138364,0.027297339481997595,-2922.9310346251514
52.066654995429474,6.618844728440983,8750.369184899857,0.001519101112549814,0.03742368211678229,0.19872323401680542,2.0724378335602553,1.4565656097773874,1.3060905590793286,2.3974054355559087,1703.283125420376,0.0011307092025589867,0.6710334884138364,0.027297339481997595,-2922.9310346251514
52.066654995429474,6.618844728440983,8750.369184899857,0.001519101112549814,0.03742368211678229,0.19872323401680542,2.0724378335602553,1.4565656097773874,1.3060905590793286,2.3974054355559087,1703.283125420376,0.0011307092025589867,0.6710334884138364,0.027297339481997595,-2922.9310346251514
52.1202352674488,6.652585736144047,8760.836075565421,0.0014659845630820851,0.0377945254440684,0.19768579664006375,2.0698291731840204,1.462662861714655,1.3014356168570682,2.3977047554919206,1724.934101466371,0.0011967269344389144,0.6690727980265087,0.0263003145405599,-2923.5064951937425
52.1202352674488,6.652585736144047,8760.836075565421,0.0014659845630820851,0.0377945254440684,0.19768579664006375,2.0698291731840204,1.462662861714655,1.3014356168570682,2.3977047554919206,1724.934101466371,0.0011967269344389144,0.6690727980265087,0.0263003145405599,-2923.5064951937425
52.1202352674488,6.652585736144047,8760.836075565421,0.0014659845630820851,0.0377945254440684,0.19768579664006375,2.0698291731840204,1.462662861714655,1.3014356168570682,2.3977047554919206,1724.934101466371,0.0011967269344389144,0.6690727980265087,0.0263003145405599,-2923.5064951937425
52.1202352674488,6.652585736144047,8760.836075565421,0.0014659845630820851,0.0377945254440684,0.19768579664006375,2.0698291731840204,1.462662861714655,1.3014356168570682,2.3977047554919206,1724.934101466371,0.0011967269344389144,0.6690727980265087,0.0263003145405599,-2923.5064951937425
52.18854895450748,6.61997927399177,8790.255714379813,0.0014312631086007852,0.038020024962534586,0.19729874725919808,2.068977918351034,1.4638978745794125,1.2981936108329633,2.3978748724839187,1736.3341425067113,0.0012421138846210418,0.6668052057814244,0.025790359007282302,-2923.331875858624
52.18854895450748,6.61997927399177,8790.255714379813,0.0014312631086007852,0.038020024962534586,0.19729874725919808,2.068977918351034,1.4638978745794125,1.2981936108329633,2.3978748724839187,1736.3341425067113,0.0012421138846210418,0.6668052057814244,0.025790359007282302,-2923.331875858624
52.18854895450748,6.61997927399177,8790.255714379813,0.0014312631086007852,0.038020024962534586,0.19729874725919808,2.068977918351034,1.4638978745794125,1.2981936108329633,2.3978748724839187,1736.3341425067113,0.0012421138846210418,0.6668052057814244,0.025790359007282302,-2923.331875858624
52.210166036162555,6.547505042126822,8770.433732315369,0.0014705458765221684,0.03783149789742804,0.19802751944229463,2.0724232669437863,1.4601094832999295,1.3017927948708132,2.397622685494522,1713.2408800816875,0.0011828456597447023,0.6698126579510144,0.026973955288017555,-2923.3004695172926
52.210166036162555,6.547505042126822,8770.433732315369,0.0014705458765221684,0.03783149789742804,0.19802751944229463,2.0724232669437863,1.4601094832999295,1.3017927948708132,2.397622685494522,1713.2408800816875,0.0011828456597447023,0.6698126579510144,0.026973955288017555,-2923.3004695172926
52.210166036162555,6.547505042126822,8770.433732315369,0.0014705458765221684,0.03783149789742804,0.19802751944229463,2.0724232669437863,1.4601094832999295,1.3017927948708132,2.397622685494522,1713.2408800816875,0.0011828456597447023,0.6698126579510144,0.026973955288017555,-2923.3004695172926
52.210166036162555,6.547505042126822,8770.433732315369,0.0014705458765221684,0.03783149789742804,0.19802751944229463,2.0724232669437863,1.4601094832999295,1.3017927948708132,2.397622685494522,1713.2408800816875,0.0011828456597447023,0.6698126579510144,0.026973955288017555,-2923.3004695172926
52.210166036162555,6.547505042126822,8770.433732315369,0.0014705458765221684,0.03783149789742804,0.19802751944229463,2.0724232669437863,1.4601094832999295,1.3017927948708132,2.397622685494522,1713.2408800816875,0.0011828456597447023,0.6698126579510144,0.026973955288017555,-2923.3004695172926
52.05803656887933,6.588287019606522,8760.258589724943,0.0014673858630775893,0.03755513105643187,0.19884215092951985,2.071453578331888,1.4595390603686695,1.3035066994717206,2.3976229447186457,1720.9295614925115,0.0011427273036729612,0.6708920129966502,0.027023947375549678,-2923.3868208379304
52.05803656887933,6.588287019606522,8760.258589724943,0.0014673858630775893,0.03755513105643187,0.19884215092951985,2.071453578331888,1.4595390603686695,1.3035066994717206,2.3976229447186457,1720.9295614925115,0.0011427273036729612,0.6708920129966502,0.027023947375549678,-2923.3868208379304
52.05803656887933,6.588287019606522,8760.258589724943,0.0014673858630775893,0.03755513105643187,0.19884215092951985,2.071453578331888,1.4595390603686695,1.3035066994717206,2.3976229447186457,1720.9295614925115,0.0011427273036729612,0.6708920129966502,0.027023947375549678,-2923.3868208379304
52.05803656887933,6.588287019606522,8760.258589724943,0.0014673858630775893,0.03755513105643187,0.19884215092951985,2.071453578331888,1.4595390603686695,1.3035066994717206,2.3976229447186457,1720.9295614925115,0.0011427273036729612,0.6708920129966502,0.027023947375549678,-2923.3868208379304
52.05803656887933,6.588287019606522,8760.258589724943,0.0014673858630775893,0.03755513105643187,0.19884215092951985,2.071453578331888,1.4595390603686695,1.3035066994717206,2.3976229447186457,1720.9295614925115,0.0011427273036729612,0.6708920129966502,0.027023947375549678,-2923.3868208379304
52.086443166502164,6.518483543582516,8764.997331355722,0.0015052841864378961,0.03719746749502879,0.2006556229716014,2.0733696218760453,1.4609145915748063,1.3071182271094552,2.397505276972832,1713.6661887307612,0.0011079159059844365,0.6741063025053254,0.02727383285044396,-2923.346023893783
52.086443166502164,6.518483543582516,8764.997331355722,0.0015052841864378961,0.03719746749502879,0.2006556229716014,2.0733696218760453,1.4609145915748063,1.3071182271094552,2.397505276972832,1713.6661887307612,0.0011079159059844365,0.6741063025053254,0.02727383285044396,-2923.346023893783
52.086443166502164,6.518483543582516,8764.997331355722,0.0015052841864378961,0.03719746749502879,0.2006556229716014,2.0733696218760453,1.4609145915748063,1.3071182271094552,2.397505276972832,1713.6661887307612,0.0011079159059844365,0.6741063025053254,0.02727383285044396,-2923.346023893783
52.086443166502164,6.518483543582516,8764.997331355722,0.0015052841864378961,0.03719746749502879,0.2006556229716014,2.0733696218760453,1.4609145915748063,1.3071182271094552,2.397505276972832,1713.6661887307612,0.0011079159059844365,0.6741063025053254,0.02727383285044396,-2923.346023893783
52.122828986425404,6.701587368683121,8754.93009387148,0.001464290957992969,0.03738739813572547,0.19927349816880252,2.0714168195274922,1.4569291857540656,1.3046069899687711,2.397553441642212,1715.1760337563874,0.0011127394297060947,0.6697734296793357,0.027981998728285485,-2923.4913112704853
52.14886703981463,6.828767336847058,8790.857014656169,0.0013863248300733304,0.03771151396796678,0.19747531659117656,2.066226343410241,1.4609608884279481,1.2981511124510914,2.397944784374829,1742.9845269568486,0.001208021503911684,0.6644690388431485,0.026841948601307973,-2924.2728189583017
52.05194162914157,6.838855243326339,8786.129567033877,0.0013869338309323682,0.03786414773112781,0.19737888627617628,2.0643734171153607,1.4637456200911925,1.297651772411672,2.3980503818549743,1755.2784521264803,0.001246007619619,0.6640839288069378,0.025506276717367132,-2925.0435683270043
52.05194162914157,6.838855243326339,8786.129567033877,0.0013869338309323682,0.03786414773112781,0.19737888627617628,2.0643734171153607,1.4637456200911925,1.297651772411672,2.3980503818549743,1755.2784521264803,0.001246007619619,0.6640839288069378,0.025506276717367132,-2925.0435683270043
52.05194162914157,6.838855243326339,8786.129567033877,0.0013869338309323682,0.03786414773112781,0.19737888627617628,2.0643734171153607,1.4637456200911925,1.297651772411672,2.3980503818549743,1755.2784521264803,0.001246007619619,0.6640839288069378,0.025506276717367132,-2925.0435683270043
52.07880918633853,6.813691216587458,8828.572515968437,0.0013526595754949154,0.03799203932942712,0.19767871071479218,2.062333044583526,1.4690625829303556,1.295065685359623,2.3982534541761873,1775.2840854251401,0.001297256787572576,0.663075424126835,0.024346808028418095,-2926.210097999072
52.01888434272692,6.8430671591638585,8781.699791030758,0.0014059596095302087,0.03784691514295802,0.19820322261077902,2.065605530062097,1.4565927671898407,1.3013817486368606,2.3979073523000007,1745.1620900421754,0.0011790921598641483,0.6639616179801163,0.026229769814449938,-2925.0920159026828
51.9703547924453,6.899916293497984,8797.195361611666,0.0013435313757151233,0.038025220359257976,0.19660946848184552,2.064019576411,1.4539656418207783,1.297682221093567,2.3980732267807197,1754.6324837269292,0.0012074390056742571,0.6621237340614504,0.02621692015344549,-2924.972261786667
51.9703547924453,6.899916293497984,8797.195361611666,0.0013435313757151233,0.038025220359257976,0.19660946848184552,2.064019576411,1.4539656418207783,1.297682221093567,2.3980732267807197,1754.6324837269292,0.0012074390056742571,0.6621237340614504,0.02621692015344549,-2924.972261786667
51.9703547924453,6.899916293497984,8797.195361611666,0.0013435313757151233,0.038025220359257976,0.19660946848184552,2.064019576411,1.4539656418207783,1.297682221093567,2.3980732267807197,1754.6324837269292,0.0012074390056742571,0.6621237340614504,0.02621692015344549,-2924.972261786667
51.9703547924453,6.899916293497984,8797.195361611666,0.0013435313757151233,0.038025220359257976,0.19660946848184552,2.064019576411,1.4539656418207783,1.297682221093567,2.3980732267807197,1754.6324837269292,0.0012074390056742571,0.6621237340614504,0.02621692015344549,-2924.972261786667
51.9703547924453,6.899916293497984,8797.195361611666,0.0013435313757151233,0.038025220359257976,0.19660946848184552,2.064019576411,1.4539656418207783,1.297682221093567,2.3980732267807197,1754.6324837269292,0.0012074390056742571,0.6621237340614504,0.02621692015344549,-2924.972261786667
51.9703547924453,6.899916293497984,8797.195361611666,0.0013435313757151233,0.038025220359257976,0.19660946848184552,2.064019576411,1.4539656418207783,1.297682221093567,2.3980732267807197,1754.6324837269292,0.0012074390056742571,0.6621237340614504,0.02621692015344549,-2924.972261786667
51.95844809609852,6.730027012761209,8757.169448768072,0.0014240683383527277,0.03797893488748318,0.19742846852407675,2.069400149299006,1.4456004089040944,1.3025484729852863,2.3976950390385374,1723.9852785810178,0.0011356332508375897,0.6637494249059426,0.026978185098175473,-2923.6640351302635
52.0001828234736,6.694070998980191,8776.913996962252,0.0014253649537614565,0.038298859157688124,0.19688737911836818,2.0690481883724203,1.4464694665510671,1.301941446882723,2.397838648387599,1735.8607505011119,0.0011877793342486445,0.6623467783018085,0.025492334226438557,-2923.5872705451843
52.0001828234736,6.694070998980191,8776.913996962252,0.0014253649537614565,0.038298859157688124,0.19688737911836818,2.0690481883724203,1.4464694665510671,1.301941446882723,2.397838648387599,1735.8607505011119,0.0011877793342486445,0.6623467783018085,0.025492334226438557,-2923.5872705451843
52.0001828234736,6.694070998980191,8776.913996962252,0.0014253649537614565,0.038298859157688124,0.19688737911836818,2.0690481883724203,1.4464694665510671,1.301941446882723,2.397838648387599,1735.8607505011119,0.0011877793342486445,0.6623467783018085,0.025492334226438557,-2923.5872705451843
52.0001828234736,6.694070998980191,8776.913996962252,0.0014253649537614565,0.038298859157688124,0.19688737911836818,2.0690481883724203,1.4464694665510671,1.301941446882723,2.397838648387599,1735.8607505011119,0.0011877793342486445,0.6623467783018085,0.025492334226438557,-2923.5872705451843
52.0001828234736,6.694070998980191,8776.913996962252,0.0014253649537614565,0.038298859157688124,0.19688737911836818,2.0690481883724203,1.4464694665510671,1.301941446882723,2.397838648387599,1735.8607505011119,0.0011877793342486445,0.6623467783018085,0.025492334226438557,-2923.5872705451843
51.95470759021764,6.562464900765438,8763.291852222077,0.0014808701608775112,0.03791487404748593,0.1981063677921721,2.0727496794038167,1.443995055097906,1.3065236497062944,2.397616820631187,1719.7101048747336,0.0011397962641343823,0.6672295495719406,0.025769348164272298,-2923.0455018746175
51.95470759021764,6.562464900765438,8763.291852222077,0.0014808701608775112,0.03791487404748593,0.1981063677921721,2.0727496794038167,1.443995055097906,1.3065236497062944,2.397616820631187,1719.7101048747336,0.0011397962641343823,0.6672295495719406,0.025769348164272298,-2923.0455018746175
51.95470759021764,6.562464900765438,8763.291852222077,0.0014808701608775112,0.03791487404748593,0.1981063677921721,2.0727496794038167,1.443995055097906,1.3065236497062944,2.397616820631187,1719.7101048747336,0.0011397962641343823,0.6672295495719406,0.025769348164272298,-2923.0455018746175
51.95470759021764,6.562464900765438,8763.291852222077,0.0014808701608775112,0.03791487404748593,0.1981063677921721,2.0727496794038167,1.443995055097906,1.3065236497062944,2.397616820631187,1719.7101048747336,0.0011397962641343823,0.6672295495719406,0.025769348164272298,-2923.0455018746175
52.00646920675139,6.500041097462333,8785.363481756056,0.0014551852766077865,0.03831154547916611,0.19688654813871376,2.0716586730626876,1.4496450876453637,1.302769791395339,2.3978636888070928,1739.2887519576022,0.0012184152309514889,0.6653267615072916,0.024024718572622266,-2923.251121909831
52.01760283429237,6.453688521056556,8821.826682056648,0.0013813017143433361,0.03886335807859403,0.19496554272472114,2.0668957173152487,1.4623375208683234,1.2931745260188952,2.3983152788668756,1778.5947527114902,0.0014044286943150886,0.6612671929158493,0.021328092960795044,-2924.283069203518
52.01760283429237,6.453688521056556,8821.826682056648,0.0013813017143433361,0.03886335807859403,0.19496554272472114,2.0668957173152487,1.4623375208683234,1.2931745260188952,2.3983152788668756,1778.5947527114902,0.0014044286943150886,0.6612671929158493,0.021328092960795044,-2924.283069203518
52.00065491155027,6.3236036633539,8770.033970469673,0.0015093790583818585,0.03811762885534833,0.1980948848946809,2.0721934016014143,1.4603928855001918,1.303463058045573,2.397872927989326,1748.1120434032566,0.0012572186540160245,0.6688934881531994,0.022522208227376904,-2924.026593648787
52.10594284466723,6.392156871627055,8831.045610790039,0.0013759435474116764,0.0387780955717567,0.19493269352622034,2.0666205805701177,1.4710852717104366,1.2914631619985246,2.3984246768858086,1791.3117036777035,0.00144590308816392,0.6637180002642726,0.020376321201854317,-2925.113866773041
52.128377459155786,6.275049824492726,8779.14646277886,0.001490564702710499,0.03835943360449021,0.19782401950539308,2.071945592777329,1.468720531886024,1.3008217145030967,2.398037462321148,1760.983362217726,0.0013063821612781077,0.6702348255780358,0.021542653975767413,-2923.8756742348523
52.128377459155786,6.275049824492726,8779.14646277886,0.001490564702710499,0.03835943360449021,0.19782401950539308,2.071945592777329,1.468720531886024,1.3008217145030967,2.398037462321148,1760.983362217726,0.0013063821612781077,0.6702348255780358,0.021542653975767413,-2923.8756742348523
52.128377459155786,6.275049824492726,8779.14646277886,0.001490564702710499,0.03835943360449021,0.19782401950539308,2.071945592777329,1.468720531886024,1.3008217145030967,2.398037462321148,1760.983362217726,0.0013063821612781077,0.6702348255780358,0.021542653975767413,-2923.8756742348523
52.046695479144404,6.01755073296783,8758.438077258861,0.0016564972266331583,0.03740213969219276,0.20236996182595024,2.0772543149851943,1.4686666514030968,1.312514102555995,2.3975753324226226,1733.464541772948,0.001184408674936892,0.6812136865149228,0.02196694762802201,-2923.7935123651487
52.046695479144404,6.01755073296783,8758.438077258861,0.0016564972266331583,0.03740213969219276,0.20236996182595024,2.0772543149851943,1.4686666514030968,1.312514102555995,2.3975753324226226,1733.464541772948,0.001184408674936892,0.6812136865149228,0.02196694762802201,-2923.7935123651487
52.046695479144404,6.01755073296783,8758.438077258861,0.0016564972266331583,0.03740213969219276,0.20236996182595024,2.0772543149851943,1.4686666514030968,1.312514102555995,2.3975753324226226,1733.464541772948,0.001184408674936892,0.6812136865149228,0.02196694762802201,-2923.7935123651487
52.046695479144404,6.01755073296783,8758.438077258861,0.0016564972266331583,0.03740213969219276,0.20236996182595024,2.0772543149851943,1.4686666514030968,1.312514102555995,2.3975753324226226,1733.464541772948,0.001184408674936892,0.6812136865149228,0.02196694762802201,-2923.7935123651487
52.046695479144404,6.01755073296783,8758.438077258861,0.0016564972266331583,0.03740213969219276,0.20236996182595024,2.0772543149851943,1.4686666514030968,1.312514102555995,2.3975753324226226,1733.464541772948,0.001184408674936892,0.6812136865149228,0.02196694762802201,-2923.7935123651487
51.99597406347822,6.086220280846881,8822.267457701471,0.001529926738677389,0.03763264514652325,0.2005941525103029,2.072232908213614,1.4733767721259161,1.3048802536019477,2.398077034223618,1767.3566715563666,0.001315849339707647,0.6777646872736458,0.02082612542017154,-2924.8906929326263
51.99597406347822,6.086220280846881,8822.267457701471,0.001529926738677389,0.03763264514652325,0.2005941525103029,2.072232908213614,1.4733767721259161,1.3048802536019477,2.398077034223618,1767.3566715563666,0.001315849339707647,0.6777646872736458,0.02082612542017154,-2924.8906929326263
52.04785483372682,6.1228997012062365,8816.947889179659,0.0015340579839276183,0.03806151210017852,0.20055353917565077,2.073615778285803,1.4689824739572086,1.3054631099561431,2.3980137580513263,1762.0844551888706,0.0013096393498398548,0.6759408517363289,0.02091114367743268,-2922.7738939630276
52.07642050637233,6.067766164648944,8786.196402674836,0.0015932802897220763,0.03794429306662464,0.2011461060806733,2.0742117827319646,1.4740207495230933,1.3078412930521222,2.397871252387362,1755.4601016466768,0.0012881039908742922,0.6783042652482688,0.02074797308138133,-2923.4000696085277
52.02467946610916,6.247712601361471,8776.009059318483,0.0015892941781026908,0.03786799584689591,0.20110523907733294,2.0762943751173646,1.456340352772906,1.3114253960756743,2.397547737430477,1723.3911668813566,0.0011969205660949693,0.6769735492883805,0.023306700630698816,-2921.5839329016144
52.02467946610916,6.247712601361471,8776.009059318483,0.0015892941781026908,0.03786799584689591,0.20110523907733294,2.0762943751173646,1.456340352772906,1.3114253960756743,2.397547737430477,1723.3911668813566,0.0011969205660949693,0.6769735492883805,0.023306700630698816,-2921.5839329016144
52.02467946610916,6.247712601361471,8776.009059318483,0.0015892941781026908,0.03786799584689591,0.20110523907733294,2.0762943751173646,1.456340352772906,1.3114253960756743,2.397547737430477,1723.3911668813566,0.0011969205660949693,0.6769735492883805,0.023306700630698816,-2921.5839329016144
52.02467946610916,6.247712601361471,8776.009059318483,0.0015892941781026908,0.03786799584689591,0.20110523907733294,2.0762943751173646,1.456340352772906,1.3114253960756743,2.397547737430477,1723.3911668813566,0.0011969205660949693,0.6769735492883805,0.023306700630698816,-2921.5839329016144
51.96608234945476,6.369399698978405,8756.376430198143,0.0015918838996072772,0.03774511801754711,0.2016226832823265,2.07642345085268,1.4518061983912336,1.3139525968631338,2.3973914091132524,1711.5179172874623,0.0011484791019754335,0.6772400918133182,0.02440744503253432,-2921.6137816187465
51.96608234945476,6.369399698978405,8756.376430198143,0.0015918838996072772,0.03774511801754711,0.2016226832823265,2.07642345085268,1.4518061983912336,1.3139525968631338,2.3973914091132524,1711.5179172874623,0.0011484791019754335,0.6772400918133182,0.02440744503253432,-2921.6137816187465
51.96608234945476,6.369399698978405,8756.376430198143,0.0015918838996072772,0.03774511801754711,0.2016226832823265,2.07642345085268,1.4518061983912336,1.3139525968631338,2.3973914091132524,1711.5179172874623,0.0011484791019754335,0.6772400918133182,0.02440744503253432,-2921.6137816187465
51.96608234945476,6.369399698978405,8756.376430198143,0.0015918838996072772,0.03774511801754711,0.2016226832823265,2.07642345085268,1.4518061983912336,1.3139525968631338,2.3973914091132524,1711.5179172874623,0.0011484791019754335,0.6772400918133182,0.02440744503253432,-2921.6137816187465
52.08169761331584,6.405949975962564,8803.951140728745,0.0014619064068575602,0.03851517150140556,0.19833006243282392,2.069285050217518,1.4704115685350168,1.3011433151532843,2.3981090232531326,1765.0401981228451,0.0013628146232066173,0.6709414046628823,0.02150102538656912,-2923.140772172273
52.06568193039891,6.272914301681276,8769.974852474692,0.001588488917645341,0.03783520306397931,0.20152316294445005,2.073423835676497,1.47072937768153,1.3102825533585034,2.397708888574286,1738.348124844085,0.0012435876115588081,0.6787963807205587,0.02240435436822132,-2923.2223684796268
52.064510015118685,6.426920088645289,8823.151412603753,0.0014600212529334248,0.03816337507422867,0.19921202861402526,2.06692676947661,1.476747856518624,1.3019762203833967,2.398220963722208,1776.4401566564798,0.0013873021448017422,0.672920357655649,0.020941974978147093,-2923.7353035244305
52.036395135274915,6.279440561332834,8788.099293193436,0.0015656977294970407,0.03775620613355701,0.20173400103792852,2.0728735517744243,1.4709502626579378,1.3099114466688049,2.3977974485808726,1742.6876363223184,0.0012625863504235446,0.6787894674309634,0.02210852444224851,-2922.688294000148
52.036395135274915,6.279440561332834,8788.099293193436,0.0015656977294970407,0.03775620613355701,0.20173400103792852,2.0728735517744243,1.4709502626579378,1.3099114466688049,2.3977974485808726,1742.6876363223184,0.0012625863504235446,0.6787894674309634,0.02210852444224851,-2922.688294000148
52.036395135274915,6.279440561332834,8788.099293193436,0.0015656977294970407,0.03775620613355701,0.20173400103792852,2.0728735517744243,1.4709502626579378,1.3099114466688049,2.3977974485808726,1742.6876363223184,0.0012625863504235446,0.6787894674309634,0.02210852444224851,-2922.688294000148
52.10115697078558,6.25400997565351,8774.019463027817,0.0016298883317101458,0.03732074764958318,0.20366083578325747,2.0751787350568733,1.471308383822421,1.3140097173278056,2.3975335600974903,1722.0275387456743,0.0012001950722544815,0.6824560224553688,0.02315502221603399,-2922.4914804585655
52.10115697078558,6.25400997565351,8774.019463027817,0.0016298883317101458,0.03732074764958318,0.20366083578325747,2.0751787350568733,1.471308383822421,1.3140097173278056,2.3975335600974903,1722.0275387456743,0.0012001950722544815,0.6824560224553688,0.02315502221603399,-2922.4914804585655
52.05366701880311,6.249133053507219,8751.418539702987,0.001620730426378812,0.03745521090237498,0.20232026404416892,2.0739326297693657,1.474896547497345,1.312103274430872,2.397566694476052,1724.4215088099095,0.001209521039342532,0.6817904035014378,0.022971060655775238,-2923.568768172912
52.05366701880311,6.249133053507219,8751.418539702987,0.001620730426378812,0.03745521090237498,0.20232026404416892,2.0739326297693657,1.474896547497345,1.312103274430872,2.397566694476052,1724.4215088099095,0.001209521039342532,0.6817904035014378,0.022971060655775238,-2923.568768172912
51.96322199047778,6.223803219813512,8778.514648721532,0.0015629463020470334,0.03738345741995681,0.20155690310795057,2.0717591400132633,1.475785704769409,1.3094174649546453,2.397833367974302,1744.2014187343989,0.001255219108027317,0.6806206995851641,0.022343656922115946,-2923.5594567559224
51.96322199047778,6.223803219813512,8778.514648721532,0.0015629463020470334,0.03738345741995681,0.20155690310795057,2.0717591400132633,1.475785704769409,1.3094174649546453,2.397833367974302,1744.2014187343989,0.001255219108027317,0.6806206995851641,0.022343656922115946,-2923.5594567559224
51.96322199047778,6.223803219813512,8778.514648721532,0.0015629463020470334,0.03738345741995681,0.20155690310795057,2.0717591400132633,1.475785704769409,1.3094174649546453,2.397833367974302,1744.2014187343989,0.001255219108027317,0.6806206995851641,0.022343656922115946,-2923.5594567559224
51.96674844252226,6.309770382437776,8766.224301712937,0.0015240117441845057,0.03790947892312508,0.1997293089725288,2.0718804623622016,1.4690197374639666,1.3065864007419603,2.397835360145405,1740.8274548518962,0.0012713480467311277,0.6769795683559545,0.02269281755876727,-2922.716576496612
51.83895442499717,6.388517888645069,8793.06503374016,0.001460372411085245,0.03820447383217698,0.1982074084861535,2.0709303839729447,1.4604675206157176,1.3047249949286108,2.398007700269104,1751.9111040198904,0.0013196615163331552,0.6732522312914659,0.02231562936483495,-2921.451692015218
51.87476053618696,6.482638666700133,8789.407226438809,0.0014642908741146186,0.03790127247146499,0.19829114182424679,2.071447722690836,1.4563341431228478,1.306768819152399,2.3978957683494166,1739.1656524757689,0.0012853192456641054,0.6749309301822117,0.023611276706193694,-2920.56285965086
51.92137098201419,6.443683099952224,8779.26322616722,0.0015139494045782063,0.0378767190209509,0.19989027408241464,2.07333623748978,1.4562503694040665,1.3102428939650368,2.3977389202542225,1729.1383488909237,0.0012462321604353665,0.676034524339856,0.023620034980811673,-2920.8218324316435
51.92137098201419,6.443683099952224,8779.26322616722,0.0015139494045782063,0.0378767190209509,0.19989027408241464,2.07333623748978,1.4562503694040665,1.3102428939650368,2.3977389202542225,1729.1383488909237,0.0012462321604353665,0.676034524339856,0.023620034980811673,-2920.8218324316435
51.92137098201419,6.443683099952224,8779.26322616722,0.0015139494045782063,0.0378767190209509,0.19989027408241464,2.07333623748978,1.4562503694040665,1.3102428939650368,2.3977389202542225,1729.1383488909237,0.0012462321604353665,0.676034524339856,0.023620034980811673,-2920.8218324316435
52.03563981316382,6.327359112278248,8792.024873256009,0.0015218691240190387,0.03824246036532491,0.1996169375198047,2.074221143246848,1.4600303982022647,1.3079909577501998,2.3978529963759874,1738.4641591991463,0.0013110640313317315,0.6752318255408623,0.022391188078589568,-2920.8172135842296
52.03563981316382,6.327359112278248,8792.024873256009,0.0015218691240190387,0.03824246036532491,0.1996169375198047,2.074221143246848,1.4600303982022647,1.3079909577501998,2.3978529963759874,1738.4641591991463,0.0013110640313317315,0.6752318255408623,0.022391188078589568,-2920.8172135842296
52.03563981316382,6.327359112278248,8792.024873256009,0.0015218691240190387,0.03824246036532491,0.1996169375198047,2.074221143246848,1.4600303982022647,1.3079909577501998,2.3978529963759874,1738.4641591991463,0.0013110640313317315,0.6752318255408623,0.022391188078589568,-2920.8172135842296
52.03563981316382,6.327359112278248,8792.024873256009,0.0015218691240190387,0.03824246036532491,0.1996169375198047,2.074221143246848,1.4600303982022647,1.3079909577501998,2.3978529963759874,1738.4641591991463,0.0013110640313317315,0.6752318255408623,0.022391188078589568,-2920.8172135842296
52.03563981316382,6.327359112278248,8792.024873256009,0.0015218691240190387,0.03824246036532491,0.1996169375198047,2.074221143246848,1.4600303982022647,1.3079909577501998,2.3978529963759874,1738.4641591991463,0.0013110640313317315,0.6752318255408623,0.022391188078589568,-2920.8172135842296
52.03563981316382,6.327359112278248,8792.024873256009,0.0015218691240190387,0.03824246036532491,0.1996169375198047,2.074221143246848,1.4600303982022647,1.3079909577501998,2.3978529963759874,1738.4641591991463,0.0013110640313317315,0.6752318255408623,0.022391188078589568,-2920.8172135842296
52.03563981316382,6.327359112278248,8792.024873256009,0.0015218691240190387,0.03824246036532491,0.1996169375198047,2.074221143246848,1.4600303982022647,1.3079909577501998,2.3978529963759874,1738.4641591991463,0.0013110640313317315,0.6752318255408623,0.022391188078589568,-2920.8172135842296
52.03563981316382,6.327359112278248,8792.024873256009,0.0015218691240190387,0.03824246036532491,0.1996169375198047,2.074221143246848,1.4600303982022647,1.3079909577501998,2.3978529963759874,1738.4641591991463,0.0013110640313317315,0.6752318255408623,0.022391188078589568,-2920.8172135842296
52.03563981316382,6.327359112278248,8792.024873256009,0.0015218691240190387,0.03824246036532491,0.1996169375198047,2.074221143246848,1.4600303982022647,1.3079909577501998,2.3978529963759874,1738.4641591991463,0.0013110640313317315,0.6752318255408623,0.022391188078589568,-2920.8172135842296
52.03563981316382,6.327359112278248,8792.024873256009,0.0015218691240190387,0.03824246036532491,0.1996169375198047,2.074221143246848,1.4600303982022647,1.3079909577501998,2.3978529963759874,1738.4641591991463,0.0013110640313317315,0.6752318255408623,0.022391188078589568,-2920.8172135842296
52.03563981316382,6.327359112278248,8792.024873256009,0.0015218691240190387,0.03824246036532491,0.1996169375198047,2.074221143246848,1.4600303982022647,1.3079909577501998,2.3978529963759874,1738.4641591991463,0.0013110640313317315,0.6752318255408623,0.022391188078589568,-2920.8172135842296
52.03563981316382,6.327359112278248,8792.024873256009,0.0015218691240190387,0.03824246036532491,0.1996169375198047,2.074221143246848,1.4600303982022647,1.3079909577501998,2.3978529963759874,1738.4641591991463,0.0013110640313317315,0.6752318255408623,0.022391188078589568,-2920.8172135842296
52.03563981316382,6.327359112278248,8792.024873256009,0.0015218691240190387,0.03824246036532491,0.1996169375198047,2.074221143246848,1.4600303982022647,1.3079909577501998,2.3978529963759874,1738.4641591991463,0.0013110640313317315,0.6752318255408623,0.022391188078589568,-2920.8172135842296
52.03563981316382,6.327359112278248,8792.024873256009,0.0015218691240190387,0.03824246036532491,0.1996169375198047,2.074221143246848,1.4600303982022647,1.3079909577501998,2.3978529963759874,1738.4641591991463,0.0013110640313317315,0.6752318255408623,0.022391188078589568,-2920.8172135842296
52.03238838954625,6.3341032968605155,8786.196086408723,0.0015175055797272037,0.03822336128994196,0.19957425938502774,2.0743968902453918,1.45789766831397,1.3079741965539085,2.3978038639905797,1732.7500699218829,0.0012891133479491835,0.6751728137087261,0.023004844031668876,-2920.9553238746003
52.03238838954625,6.3341032968605155,8786.196086408723,0.0015175055797272037,0.03822336128994196,0.19957425938502774,2.0743968902453918,1.45789766831397,1.3079741965539085,2.3978038639905797,1732.7500699218829,0.0012891133479491835,0.6751728137087261,0.023004844031668876,-2920.9553238746003
51.921506315732515,6.4011254957634875,8757.727905837646,0.001537176575968832,0.038175978891299325,0.19996966532566052,2.0746139451291095,1.453004741189003,1.311060949196031,2.397643251689873,1722.3013538575467,0.0012328592046407243,0.6757398357579836,0.023607159549541852,-2921.4648166533943
51.898137819017364,6.3545428193496,8761.570907820605,0.0015239291859372671,0.038323049108444446,0.1988991689966715,2.076046220240084,1.4442738545911478,1.309827856086366,2.3975563094505823,1709.326473743125,0.001244017312371932,0.6738975256213788,0.024039623161666787,-2919.924898193033
51.898137819017364,6.3545428193496,8761.570907820605,0.0015239291859372671,0.038323049108444446,0.1988991689966715,2.076046220240084,1.4442738545911478,1.309827856086366,2.3975563094505823,1709.326473743125,0.001244017312371932,0.6738975256213788,0.024039623161666787,-2919.924898193033
51.898137819017364,6.3545428193496,8761.570907820605,0.0015239291859372671,0.038323049108444446,0.1988991689966715,2.076046220240084,1.4442738545911478,1.309827856086366,2.3975563094505823,1709.326473743125,0.001244017312371932,0.6738975256213788,0.024039623161666787,-2919.924898193033
51.898137819017364,6.3545428193496,8761.570907820605,0.0015239291859372671,0.038323049108444446,0.1988991689966715,2.076046220240084,1.4442738545911478,1.309827856086366,2.3975563094505823,1709.326473743125,0.001244017312371932,0.6738975256213788,0.024039623161666787,-2919.924898193033
51.853823616490786,6.255013023958902,8765.044806773718,0.0015254908704596872,0.038078951334339,0.19939954873710672,2.0760230230976973,1.4466032758416696,1.309710604144061,2.397591402904859,1712.2339249254244,0.0012426230394353022,0.6754920422655609,0.02393481011758148,-2919.3243294489153
51.853823616490786,6.255013023958902,8765.044806773718,0.0015254908704596872,0.038078951334339,0.19939954873710672,2.0760230230976973,1.4466032758416696,1.309710604144061,2.397591402904859,1712.2339249254244,0.0012426230394353022,0.6754920422655609,0.02393481011758148,-2919.3243294489153
51.853823616490786,6.255013023958902,8765.044806773718,0.0015254908704596872,0.038078951334339,0.19939954873710672,2.0760230230976973,1.4466032758416696,1.309710604144061,2.397591402904859,1712.2339249254244,0.0012426230394353022,0.6754920422655609,0.02393481011758148,-2919.3243294489153
51.91752197137539,6.3286214504731255,8795.210096153618,0.0014473094116547324,0.038613456449727815,0.19774311204576878,2.0724062757384196,1.4532915371369497,1.3035115976028804,2.3980162846342585,1746.9784851356426,0.0013618830125796783,0.6714665085668988,0.022160738624034018,-2919.87956543392
51.91752197137539,6.3286214504731255,8795.210096153618,0.0014473094116547324,0.038613456449727815,0.19774311204576878,2.0724062757384196,1.4532915371369497,1.3035115976028804,2.3980162846342585,1746.9784851356426,0.0013618830125796783,0.6714665085668988,0.022160738624034018,-2919.87956543392
51.94319790004222,6.217151484472495,8812.731051713577,0.0014137577382148615,0.03900197027879709,0.19618049998017492,2.0730026060992897,1.4530620775748557,1.299672972554081,2.3981560506742268,1757.037238143313,0.0014241118053783977,0.6692154895521532,0.021195233283661824,-2919.781156025989
51.94319790004222,6.217151484472495,8812.731051713577,0.0014137577382148615,0.03900197027879709,0.19618049998017492,2.0730026060992897,1.4530620775748557,1.299672972554081,2.3981560506742268,1757.037238143313,0.0014241118053783977,0.6692154895521532,0.021195233283661824,-2919.781156025989
51.910678430809625,6.097465851744509,8754.378266954733,0.001495600086479412,0.038984481540215325,0.19658072456136072,2.0755081865265828,1.4554174735104561,1.3026323801848796,2.3979067147224926,1740.1400282718826,0.0013745762152188679,0.6729975860913664,0.021175877700960147,-2921.928817484321
51.910678430809625,6.097465851744509,8754.378266954733,0.001495600086479412,0.038984481540215325,0.19658072456136072,2.0755081865265828,1.4554174735104561,1.3026323801848796,2.3979067147224926,1740.1400282718826,0.0013745762152188679,0.6729975860913664,0.021175877700960147,-2921.928817484321
51.92178570834649,5.936927847582975,8776.41984665862,0.0015304933202336228,0.038418173308875016,0.19886936994079124,2.077425949241216,1.4593742268655254,1.3048793986070717,2.397872427090123,1736.885685426484,0.0013527960002986336,0.6776404654026897,0.021294532720311045,-2919.915573512463
51.92178570834649,5.936927847582975,8776.41984665862,0.0015304933202336228,0.038418173308875016,0.19886936994079124,2.077425949241216,1.4593742268655254,1.3048793986070717,2.397872427090123,1736.885685426484,0.0013527960002986336,0.6776404654026897,0.021294532720311045,-2919.915573512463
51.88925305893662,5.985876312894737,8760.372708584555,0.0015920611697052786,0.037931968624223364,0.20108201323604147,2.079760452408427,1.4521389371793416,1.3104708397010536,2.3974782606937977,1705.208292038912,0.0012499562711968154,0.6811460961542967,0.0233159356303741,-2919.185817723444
51.88925305893662,5.985876312894737,8760.372708584555,0.0015920611697052786,0.037931968624223364,0.20108201323604147,2.079760452408427,1.4521389371793416,1.3104708397010536,2.3974782606937977,1705.208292038912,0.0012499562711968154,0.6811460961542967,0.0233159356303741,-2919.185817723444
51.88925305893662,5.985876312894737,8760.372708584555,0.0015920611697052786,0.037931968624223364,0.20108201323604147,2.079760452408427,1.4521389371793416,1.3104708397010536,2.3974782606937977,1705.208292038912,0.0012499562711968154,0.6811460961542967,0.0233159356303741,-2919.185817723444
51.88925305893662,5.985876312894737,8760.372708584555,0.0015920611697052786,0.037931968624223364,0.20108201323604147,2.079760452408427,1.4521389371793416,1.3104708397010536,2.3974782606937977,1705.208292038912,0.0012499562711968154,0.6811460961542967,0.0233159356303741,-2919.185817723444
51.88925305893662,5.985876312894737,8760.372708584555,0.0015920611697052786,0.037931968624223364,0.20108201323604147,2.079760452408427,1.4521389371793416,1.3104708397010536,2.3974782606937977,1705.208292038912,0.0012499562711968154,0.6811460961542967,0.0233159356303741,-2919.185817723444
51.88925305893662,5.985876312894737,8760.372708584555,0.0015920611697052786,0.037931968624223364,0.20108201323604147,2.079760452408427,1.4521389371793416,1.3104708397010536,2.3974782606937977,1705.208292038912,0.0012499562711968154,0.6811460961542967,0.0233159356303741,-2919.185817723444
51.88925305893662,5.985876312894737,8760.372708584555,0.0015920611697052786,0.037931968624223364,0.20108201323604147,2.079760452408427,1.4521389371793416,1.3104708397010536,2.3974782606937977,1705.208292038912,0.0012499562711968154,0.6811460961542967,0.0233159356303741,-2919.185817723444
51.89164253662467,6.379794847314056,8838.143914166358,0.001341083649460762,0.03902253390445823,0.19536977338234957,2.0670037024770296,1.4651728122842944,1.2913657176025248,2.3984372631922715,1782.301941039043,0.001562770913791557,0.6695178638686641,0.02054506461674857,-2919.7067080419956
51.89164253662467,6.379794847314056,8838.143914166358,0.001341083649460762,0.03902253390445823,0.19536977338234957,2.0670037024770296,1.4651728122842944,1.2913657176025248,2.3984372631922715,1782.301941039043,0.001562770913791557,0.6695178638686641,0.02054506461674857,-2919.7067080419956
51.89164253662467,6.379794847314056,8838.143914166358,0.001341083649460762,0.03902253390445823,0.19536977338234957,2.0670037024770296,1.4651728122842944,1.2913657176025248,2.3984372631922715,1782.301941039043,0.001562770913791557,0.6695178638686641,0.02054506461674857,-2919.7067080419956
51.89164253662467,6.379794847314056,8838.143914166358,0.001341083649460762,0.03902253390445823,0.19536977338234957,2.0670037024770296,1.4651728122842944,1.2913657176025248,2.3984372631922715,1782.301941039043,0.001562770913791557,0.6695178638686641,0.02054506461674857,-2919.7067080419956
51.92082289127438,6.538107253163215,8865.566651807687,0.001259010880774434,0.03914215858628694,0.19373391612161525,2.061126233694283,1.4731586268089267,1.2833982912586954,2.3986924278971955,1807.5740557723088,0.0016760984702064272,0.666019558563141,0.019808213168871935,-2920.6508209271587
51.92082289127438,6.538107253163215,8865.566651807687,0.001259010880774434,0.03914215858628694,0.19373391612161525,2.061126233694283,1.4731586268089267,1.2833982912586954,2.3986924278971955,1807.5740557723088,0.0016760984702064272,0.666019558563141,0.019808213168871935,-2920.6508209271587
51.95528196588128,6.524782318921456,8842.804097332653,0.0013201373942700015,0.03925999040608486,0.1944765458821332,2.065819445691992,1.4648803432723865,1.2900366385526167,2.3984839026952653,1786.5382423262968,0.0015940338768396273,0.6687498105458596,0.02045379521195578,-2920.3624017091506
51.967419557123414,6.353639692768418,8802.45018480864,0.0014242109416336896,0.038836532552874045,0.1963738368272405,2.071753289775153,1.4572619822432649,1.2977499562449522,2.3980805196954433,1748.770997901958,0.0014459003230414473,0.672576593566207,0.021987333959159392,-2920.1206913573847
51.967419557123414,6.353639692768418,8802.45018480864,0.0014242109416336896,0.038836532552874045,0.1963738368272405,2.071753289775153,1.4572619822432649,1.2977499562449522,2.3980805196954433,1748.770997901958,0.0014459003230414473,0.672576593566207,0.021987333959159392,-2920.1206913573847
51.967419557123414,6.353639692768418,8802.45018480864,0.0014242109416336896,0.038836532552874045,0.1963738368272405,2.071753289775153,1.4572619822432649,1.2977499562449522,2.3980805196954433,1748.770997901958,0.0014459003230414473,0.672576593566207,0.021987333959159392,-2920.1206913573847
51.967419557123414,6.353639692768418,8802.45018480864,0.0014242109416336896,0.038836532552874045,0.1963738368272405,2.071753289775153,1.4572619822432649,1.2977499562449522,2.3980805196954433,1748.770997901958,0.0014459003230414473,0.672576593566207,0.021987333959159392,-2920.1206913573847
51.967419557123414,6.353639692768418,8802.45018480864,0.0014242109416336896,0.038836532552874045,0.1963738368272405,2.071753289775153,1.4572619822432649,1.2977499562449522,2.3980805196954433,1748.770997901958,0.0014459003230414473,0.672576593566207,0.021987333959159392,-2920.1206913573847
51.967419557123414,6.353639692768418,8802.45018480864,0.0014242109416336896,0.038836532552874045,0.1963738368272405,2.071753289775153,1.4572619822432649,1.2977499562449522,2.3980805196954433,1748.770997901958,0.0014459003230414473,0.672576593566207,0.021987333959159392,-2920.1206913573847
51.967419557123414,6.353639692768418,8802.45018480864,0.0014242109416336896,0.038836532552874045,0.1963738368272405,2.071753289775153,1.4572619822432649,1.2977499562449522,2.3980805196954433,1748.770997901958,0.0014459003230414473,0.672576593566207,0.021987333959159392,-2920.1206913573847
51.967419557123414,6.353639692768418,8802.45018480864,0.0014242109416336896,0.038836532552874045,0.1963738368272405,2.071753289775153,1.4572619822432649,1.2977499562449522,2.3980805196954433,1748.770997901958,0.0014459003230414473,0.672576593566207,0.021987333959159392,-2920.1206913573847
51.967419557123414,6.353639692768418,8802.45018480864,0.0014242109416336896,0.038836532552874045,0.1963738368272405,2.071753289775153,1.4572619822432649,1.2977499562449522,2.3980805196954433,1748.770997901958,0.0014459003230414473,0.672576593566207,0.021987333959159392,-2920.1206913573847
51.967419557123414,6.353639692768418,8802.45018480864,0.0014242109416336896,0.038836532552874045,0.1963738368272405,2.071753289775153,1.4572619822432649,1.2977499562449522,2.3980805196954433,1748.770997901958,0.0014459003230414473,0.672576593566207,0.021987333959159392,-2920.1206913573847
51.967419557123414,6.353639692768418,8802.45018480864,0.0014242109416336896,0.038836532552874045,0.1963738368272405,2.071753289775153,1.4572619822432649,1.2977499562449522,2.3980805196954433,1748.770997901958,0.0014459003230414473,0.672576593566207,0.021987333959159392,-2920.1206913573847
51.967419557123414,6.353639692768418,8802.45018480864,0.0014242109416336896,0.038836532552874045,0.1963738368272405,2.071753289775153,1.4572619822432649,1.2977499562449522,2.3980805196954433,1748.770997901958,0.0014459003230414473,0.672576593566207,0.021987333959159392,-2920.1206913573847
51.967419557123414,6.353639692768418,8802.45018480864,0.0014242109416336896,0.038836532552874045,0.1963738368272405,2.071753289775153,1.4572619822432649,1.2977499562449522,2.3980805196954433,1748.770997901958,0.0014459003230414473,0.672576593566207,0.021987333959159392,-2920.1206913573847
51.967419557123414,6.353639692768418,8802.45018480864,0.0014242109416336896,0.038836532552874045,0.1963738368272405,2.071753289775153,1.4572619822432649,1.2977499562449522,2.3980805196954433,1748.770997901958,0.0014459003230414473,0.672576593566207,0.021987333959159392,-2920.1206913573847
51.967419557123414,6.353639692768418,8802.45018480864,0.0014242109416336896,0.038836532552874045,0.1963738368272405,2.071753289775153,1.4572619822432649,1.2977499562449522,2.3980805196954433,1748.770997901958,0.0014459003230414473,0.672576593566207,0.021987333959159392,-2920.1206913573847
51.967419557123414,6.353639692768418,8802.45018480864,0.0014242109416336896,0.038836532552874045,0.1963738368272405,2.071753289775153,1.4572619822432649,1.2977499562449522,2.3980805196954433,1748.770997901958,0.0014459003230414473,0.672576593566207,0.021987333959159392,-2920.1206913573847
51.967419557123414,6.353639692768418,8802.45018480864,0.0014242109416336896,0.038836532552874045,0.1963738368272405,2.071753289775153,1.4572619822432649,1.2977499562449522,2.3980805196954433,1748.770997901958,0.0014459003230414473,0.672576593566207,0.021987333959159392,-2920.1206913573847
51.967419557123414,6.353639692768418,8802.45018480864,0.0014242109416336896,0.038836532552874045,0.1963738368272405,2.071753289775153,1.4572619822432649,1.2977499562449522,2.3980805196954433,1748.770997901958,0.0014459003230414473,0.672576593566207,0.021987333959159392,-2920.1206913573847
51.967419557123414,6.353639692768418,8802.45018480864,0.0014242109416336896,0.038836532552874045,0.1963738368272405,2.071753289775153,1.4572619822432649,1.2977499562449522,2.3980805196954433,1748.770997901958,0.0014459003230414473,0.672576593566207,0.021987333959159392,-2920.1206913573847
51.967419557123414,6.353639692768418,8802.45018480864,0.0014242109416336896,0.038836532552874045,0.1963738368272405,2.071753289775153,1.4572619822432649,1.2977499562449522,2.3980805196954433,1748.770997901958,0.0014459003230414473,0.672576593566207,0.021987333959159392,-2920.1206913573847
51.967419557123414,6.353639692768418,8802.45018480864,0.0014242109416336896,0.038836532552874045,0.1963738368272405,2.071753289775153,1.4572619822432649,1.2977499562449522,2.3980805196954433,1748.770997901958,0.0014459003230414473,0.672576593566207,0.021987333959159392,-2920.1206913573847
51.967419557123414,6.353639692768418,8802.45018480864,0.0014242109416336896,0.038836532552874045,0.1963738368272405,2.071753289775153,1.4572619822432649,1.2977499562449522,2.3980805196954433,1748.770997901958,0.0014459003230414473,0.672576593566207,0.021987333959159392,-2920.1206913573847
51.967419557123414,6.353639692768418,8802.45018480864,0.0014242109416336896,0.038836532552874045,0.1963738368272405,2.071753289775153,1.4572619822432649,1.2977499562449522,2.3980805196954433,1748.770997901958,0.0014459003230414473,0.672576593566207,0.021987333959159392,-2920.1206913573847
51.967419557123414,6.353639692768418,8802.45018480864,0.0014242109416336896,0.038836532552874045,0.1963738368272405,2.071753289775153,1.4572619822432649,1.2977499562449522,2.3980805196954433,1748.770997901958,0.0014459003230414473,0.672576593566207,0.021987333959159392,-2920.1206913573847
51.967419557123414,6.353639692768418,8802.45018480864,0.0014242109416336896,0.038836532552874045,0.1963738368272405,2.071753289775153,1.4572619822432649,1.2977499562449522,2.3980805196954433,1748.770997901958,0.0014459003230414473,0.672576593566207,0.021987333959159392,-2920.1206913573847
51.91913129396138,6.434631223732424,8800.803587566363,0.001368590564783317,0.03931792061157617,0.19429337086219986,2.070038527189691,1.4539848121043701,1.2927252637833826,2.3981927131310448,1757.0042943895776,0.0015038910412291796,0.6691931379681949,0.021850625793713347,-2921.395977411813
51.91913129396138,6.434631223732424,8800.803587566363,0.001368590564783317,0.03931792061157617,0.19429337086219986,2.070038527189691,1.4539848121043701,1.2927252637833826,2.3981927131310448,1757.0042943895776,0.0015038910412291796,0.6691931379681949,0.021850625793713347,-2921.395977411813
51.97568971804756,6.371958845790864,8770.216587523839,0.0014715698109188575,0.03862451115941023,0.1970539098628101,2.074623128946193,1.4462022553978058,1.3016892194984728,2.3976956494998136,1713.7306048301718,0.0013399694730855222,0.6729617249645052,0.02433054445218018,-2920.443274700208
51.85098035603979,6.455266190937074,8778.330904894992,0.0014235981153071307,0.038987053108250264,0.19569255135045088,2.071099896478831,1.4490608236368772,1.298516535558337,2.397965278331045,1740.4306067291125,0.001431913174651124,0.6711079731715367,0.02269674097172128,-2920.1464297355897
51.85098035603979,6.455266190937074,8778.330904894992,0.0014235981153071307,0.038987053108250264,0.19569255135045088,2.071099896478831,1.4490608236368772,1.298516535558337,2.397965278331045,1740.4306067291125,0.001431913174651124,0.6711079731715367,0.02269674097172128,-2920.1464297355897
51.82902859425194,6.3563800294638355,8766.817228011954,0.0014940234455476677,0.03859173876460635,0.19785403105245766,2.0755378528932065,1.4435572357224666,1.3053272460369065,2.397651612540103,1713.4843063367337,0.0013523091201869378,0.6766891828873107,0.02367489813948286,-2919.5425926654316
51.756370332749775,6.497951393289064,8780.876885057765,0.001410899180924985,0.039039709913344205,0.19493636618767385,2.0715511874398036,1.4427513343644156,1.2990983867726404,2.397956396987528,1736.8009953240771,0.00143882826305132,0.67032182189643,0.022842135992409706,-2918.682721070917
51.756370332749775,6.497951393289064,8780.876885057765,0.001410899180924985,0.039039709913344205,0.19493636618767385,2.0715511874398036,1.4427513343644156,1.2990983867726404,2.397956396987528,1736.8009953240771,0.00143882826305132,0.67032182189643,0.022842135992409706,-2918.682721070917
51.756370332749775,6.497951393289064,8780.876885057765,0.001410899180924985,0.039039709913344205,0.19493636618767385,2.0715511874398036,1.4427513343644156,1.2990983867726404,2.397956396987528,1736.8009953240771,0.00143882826305132,0.67032182189643,0.022842135992409706,-2918.682721070917
51.756370332749775,6.497951393289064,8780.876885057765,0.001410899180924985,0.039039709913344205,0.19493636618767385,2.0715511874398036,1.4427513343644156,1.2990983867726404,2.397956396987528,1736.8009953240771,0.00143882826305132,0.67032182189643,0.022842135992409706,-2918.682721070917
51.756370332749775,6.497951393289064,8780.876885057765,0.001410899180924985,0.039039709913344205,0.19493636618767385,2.0715511874398036,1.4427513343644156,1.2990983867726404,2.397956396987528,1736.8009953240771,0.00143882826305132,0.67032182189643,0.022842135992409706,-2918.682721070917
51.756370332749775,6.497951393289064,8780.876885057765,0.001410899180924985,0.039039709913344205,0.19493636618767385,2.0715511874398036,1.4427513343644156,1.2990983867726404,2.397956396987528,1736.8009953240771,0.00143882826305132,0.67032182189643,0.022842135992409706,-2918.682721070917
51.79935162786751,6.504288068697907,8818.565649520824,0.0013543903784102103,0.03909878521853707,0.19415681486460878,2.0674045632230147,1.4544313907054676,1.2942611903143189,2.3983003270366914,1767.889119307135,0.0015539944167543293,0.669174003549492,0.021283648466737592,-2918.350841028478
51.69924931868645,6.282831913695649,8779.80223419045,0.0014947297334116007,0.0382764139003733,0.19721853672237155,2.073947079256026,1.451627914220047,1.3055023658543756,2.3978611923861193,1737.1103684408454,0.0013983725347897582,0.6782751633378903,0.021927679915798026,-2917.4791841205156
51.811416495356504,6.226385348070917,8754.958845817511,0.0015415768918070672,0.03847158576986238,0.19797757657400708,2.0769543538002977,1.4502967890774159,1.3073000207088539,2.39765393630431,1719.768285735462,0.0013762892486270304,0.6790581967265523,0.02218179621005945,-2918.684848988716
51.796318634681604,6.536129774529947,8809.962960819323,0.0013193650150028174,0.039364056985369926,0.19241199071744144,2.0672345801018217,1.456135068224747,1.2891672688642184,2.3983937609422865,1774.27513018749,0.0016376118516872279,0.6682295168480669,0.020672942329569195,-2918.153744108958
51.796318634681604,6.536129774529947,8809.962960819323,0.0013193650150028174,0.039364056985369926,0.19241199071744144,2.0672345801018217,1.456135068224747,1.2891672688642184,2.3983937609422865,1774.27513018749,0.0016376118516872279,0.6682295168480669,0.020672942329569195,-2918.153744108958
51.796318634681604,6.536129774529947,8809.962960819323,0.0013193650150028174,0.039364056985369926,0.19241199071744144,2.0672345801018217,1.456135068224747,1.2891672688642184,2.3983937609422865,1774.27513018749,0.0016376118516872279,0.6682295168480669,0.020672942329569195,-2918.153744108958
51.796318634681604,6.536129774529947,8809.962960819323,0.0013193650150028174,0.039364056985369926,0.19241199071744144,2.0672345801018217,1.456135068224747,1.2891672688642184,2.3983937609422865,1774.27513018749,0.0016376118516872279,0.6682295168480669,0.020672942329569195,-2918.153744108958
51.827551655590405,6.816391625249118,8837.902141658355,0.001221964355234389,0.039851577193068595,0.1907458470956656,2.0622591186228405,1.4558702201056564,1.2817463215657647,2.3986139912700777,1792.8324327699754,0.0017263348152162297,0.6624234336216256,0.02065210024090767,-2919.114753510772
51.827551655590405,6.816391625249118,8837.902141658355,0.001221964355234389,0.039851577193068595,0.1907458470956656,2.0622591186228405,1.4558702201056564,1.2817463215657647,2.3986139912700777,1792.8324327699754,0.0017263348152162297,0.6624234336216256,0.02065210024090767,-2919.114753510772
51.827551655590405,6.816391625249118,8837.902141658355,0.001221964355234389,0.039851577193068595,0.1907458470956656,2.0622591186228405,1.4558702201056564,1.2817463215657647,2.3986139912700777,1792.8324327699754,0.0017263348152162297,0.6624234336216256,0.02065210024090767,-2919.114753510772
51.827551655590405,6.816391625249118,8837.902141658355,0.001221964355234389,0.039851577193068595,0.1907458470956656,2.0622591186228405,1.4558702201056564,1.2817463215657647,2.3986139912700777,1792.8324327699754,0.0017263348152162297,0.6624234336216256,0.02065210024090767,-2919.114753510772
51.89062397106433,6.825127811829766,8856.626882924847,0.0011849456354675924,0.04003311855958771,0.18986697079797415,2.0604575809874737,1.4564219803281024,1.276639127240947,2.3987095067972257,1798.551471761622,0.0017887668186352093,0.6589535415748529,0.020712235806461064,-2918.8833886058387
51.89062397106433,6.825127811829766,8856.626882924847,0.0011849456354675924,0.04003311855958771,0.18986697079797415,2.0604575809874737,1.4564219803281024,1.276639127240947,2.3987095067972257,1798.551471761622,0.0017887668186352093,0.6589535415748529,0.020712235806461064,-2918.8833886058387
51.89062397106433,6.825127811829766,8856.626882924847,0.0011849456354675924,0.04003311855958771,0.18986697079797415,2.0604575809874737,1.4564219803281024,1.276639127240947,2.3987095067972257,1798.551471761622,0.0017887668186352093,0.6589535415748529,0.020712235806461064,-2918.8833886058387
51.89062397106433,6.825127811829766,8856.626882924847,0.0011849456354675924,0.04003311855958771,0.18986697079797415,2.0604575809874737,1.4564219803281024,1.276639127240947,2.3987095067972257,1798.551471761622,0.0017887668186352093,0.6589535415748529,0.020712235806461064,-2918.8833886058387
51.77538908909989,6.7235036761006235,8863.37597420665,0.0011732223453812518,0.039902497551689335,0.18992392703469077,2.05766451160663,1.4635134376086856,1.2744734235929673,2.398828714867653,1814.3954005650264,0.0018411695713679485,0.6588387194110851,0.01952858624797541,-2919.011734716519
51.66036065266913,6.671966170758207,8846.658145503749,0.0012110998616591325,0.039380907947609366,0.1910526927104954,2.05965681998769,1.4594672170041347,1.2802054446630593,2.3986791218754515,1800.3598474231305,0.0017253144242608803,0.6627982085583234,0.020518453380889413,-2918.480748565923
51.635364618556,6.602879047195387,8792.7469145297,0.0012927127280168882,0.039311396819038266,0.19183584747884505,2.0646931560479747,1.4510879561339673,1.28812510820208,2.398395783816264,1776.6901788124528,0.0015884788578660808,0.6644152283163298,0.021216720853312717,-2918.372036531659
51.65346082011211,6.805822810197139,8769.175422389966,0.001277095825305716,0.03930546888488379,0.190747176193857,2.0662036781462367,1.4352806233858955,1.289219215833694,2.3982030893757305,1749.5223525896467,0.0015023094574937719,0.6630736451946226,0.024047615728103697,-2917.453887822484
51.51151861778422,6.776937672747096,8757.879429539185,0.0013519881269880272,0.038577868443472586,0.19325404635424148,2.071679895331995,1.4168183174748923,1.300238589733082,2.3977480633073087,1705.1831951939091,0.001349220948217945,0.667585170709031,0.026518132753733735,-2914.329787798165
51.51151861778422,6.776937672747096,8757.879429539185,0.0013519881269880272,0.038577868443472586,0.19325404635424148,2.071679895331995,1.4168183174748923,1.300238589733082,2.3977480633073087,1705.1831951939091,0.001349220948217945,0.667585170709031,0.026518132753733735,-2914.329787798165
51.51151861778422,6.776937672747096,8757.879429539185,0.0013519881269880272,0.038577868443472586,0.19325404635424148,2.071679895331995,1.4168183174748923,1.300238589733082,2.3977480633073087,1705.1831951939091,0.001349220948217945,0.667585170709031,0.026518132753733735,-2914.329787798165
51.51151861778422,6.776937672747096,8757.879429539185,0.0013519881269880272,0.038577868443472586,0.19325404635424148,2.071679895331995,1.4168183174748923,1.300238589733082,2.3977480633073087,1705.1831951939091,0.001349220948217945,0.667585170709031,0.026518132753733735,-2914.329787798165
51.51151861778422,6.776937672747096,8757.879429539185,0.0013519881269880272,0.038577868443472586,0.19325404635424148,2.071679895331995,1.4168183174748923,1.300238589733082,2.3977480633073087,1705.1831951939091,0.001349220948217945,0.667585170709031,0.026518132753733735,-2914.329787798165
51.51151861778422,6.776937672747096,8757.879429539185,0.0013519881269880272,0.038577868443472586,0.19325404635424148,2.071679895331995,1.4168183174748923,1.300238589733082,2.3977480633073087,1705.1831951939091,0.001349220948217945,0.667585170709031,0.026518132753733735,-2914.329787798165
51.51151861778422,6.776937672747096,8757.879429539185,0.0013519881269880272,0.038577868443472586,0.19325404635424148,2.071679895331995,1.4168183174748923,1.300238589733082,2.3977480633073087,1705.1831951939091,0.001349220948217945,0.667585170709031,0.026518132753733735,-2914.329787798165
51.51151861778422,6.776937672747096,8757.879429539185,0.0013519881269880272,0.038577868443472586,0.19325404635424148,2.071679895331995,1.4168183174748923,1.300238589733082,2.3977480633073087,1705.1831951939091,0.001349220948217945,0.667585170709031,0.026518132753733735,-2914.329787798165
51.51151861778422,6.776937672747096,8757.879429539185,0.0013519881269880272,0.038577868443472586,0.19325404635424148,2.071679895331995,1.4168183174748923,1.300238589733082,2.3977480633073087,1705.1831951939091,0.001349220948217945,0.667585170709031,0.026518132753733735,-2914.329787798165
51.51151861778422,6.776937672747096,8757.879429539185,0.0013519881269880272,0.038577868443472586,0.19325404635424148,2.071679895331995,1.4168183174748923,1.300238589733082,2.3977480633073087,1705.1831951939091,0.001349220948217945,0.667585170709031,0.026518132753733735,-2914.329787798165
51.51151861778422,6.776937672747096,8757.879429539185,0.0013519881269880272,0.038577868443472586,0.19325404635424148,2.071679895331995,1.4168183174748923,1.300238589733082,2.3977480633073087,1705.1831951939091,0.001349220948217945,0.667585170709031,0.026518132753733735,-2914.329787798165
51.51151861778422,6.776937672747096,8757.879429539185,0.0013519881269880272,0.038577868443472586,0.19325404635424148,2.071679895331995,1.4168183174748923,1.300238589733082,2.3977480633073087,1705.1831951939091,0.001349220948217945,0.667585170709031,0.026518132753733735,-2914.329787798165
51.51151861778422,6.776937672747096,8757.879429539185,0.0013519881269880272,0.038577868443472586,0.19325404635424148,2.071679895331995,1.4168183174748923,1.300238589733082,2.3977480633073087,1705.1831951939091,0.001349220948217945,0.667585170709031,0.026518132753733735,-2914.329787798165
51.51151861778422,6.776937672747096,8757.879429539185,0.0013519881269880272,0.038577868443472586,0.19325404635424148,2.071679895331995,1.4168183174748923,1.300238589733082,2.3977480633073087,1705.1831951939091,0.001349220948217945,0.667585170709031,0.026518132753733735,-2914.329787798165
51.51151861778422,6.776937672747096,8757.879429539185,0.0013519881269880272,0.038577868443472586,0.19325404635424148,2.071679895331995,1.4168183174748923,1.300238589733082,2.3977480633073087,1705.1831951939091,0.001349220948217945,0.667585170709031,0.026518132753733735,-2914.329787798165
51.51151861778422,6.776937672747096,8757.879429539185,0.0013519881269880272,0.038577868443472586,0.19325404635424148,2.071679895331995,1.4168183174748923,1.300238589733082,2.3977480633073087,1705.1831951939091,0.001349220948217945,0.667585170709031,0.026518132753733735,-2914.329787798165
51.51151861778422,6.776937672747096,8757.879429539185,0.0013519881269880272,0.038577868443472586,0.19325404635424148,2.071679895331995,1.4168183174748923,1.300238589733082,2.3977480633073087,1705.1831951939091,0.001349220948217945,0.667585170709031,0.026518132753733735,-2914.329787798165
51.51151861778422,6.776937672747096,8757.879429539185,0.0013519881269880272,0.038577868443472586,0.19325404635424148,2.071679895331995,1.4168183174748923,1.300238589733082,2.3977480633073087,1705.1831951939091,0.001349220948217945,0.667585170709031,0.026518132753733735,-2914.329787798165
51.51151861778422,6.776937672747096,8757.879429539185,0.0013519881269880272,0.038577868443472586,0.19325404635424148,2.071679895331995,1.4168183174748923,1.300238589733082,2.3977480633073087,1705.1831951939091,0.001349220948217945,0.667585170709031,0.026518132753733735,-2914.329787798165
51.51151861778422,6.776937672747096,8757.879429539185,0.0013519881269880272,0.038577868443472586,0.19325404635424148,2.071679895331995,1.4168183174748923,1.300238589733082,2.3977480633073087,1705.1831951939091,0.001349220948217945,0.667585170709031,0.026518132753733735,-2914.329787798165
51.51151861778422,6.776937672747096,8757.879429539185,0.0013519881269880272,0.038577868443472586,0.19325404635424148,2.071679895331995,1.4168183174748923,1.300238589733082,2.3977480633073087,1705.1831951939091,0.001349220948217945,0.667585170709031,0.026518132753733735,-2914.329787798165
51.51151861778422,6.776937672747096,8757.879429539185,0.0013519881269880272,0.038577868443472586,0.19325404635424148,2.071679895331995,1.4168183174748923,1.300238589733082,2.3977480633073087,1705.1831951939091,0.001349220948217945,0.667585170709031,0.026518132753733735,-2914.329787798165
51.51151861778422,6.776937672747096,8757.879429539185,0.0013519881269880272,0.038577868443472586,0.19325404635424148,2.071679895331995,1.4168183174748923,1.300238589733082,2.3977480633073087,1705.1831951939091,0.001349220948217945,0.667585170709031,0.026518132753733735,-2914.329787798165
51.51151861778422,6.776937672747096,8757.879429539185,0.0013519881269880272,0.038577868443472586,0.19325404635424148,2.071679895331995,1.4168183174748923,1.300238589733082,2.3977480633073087,1705.1831951939091,0.001349220948217945,0.667585170709031,0.026518132753733735,-2914.329787798165
51.51151861778422,6.776937672747096,8757.879429539185,0.0013519881269880272,0.038577868443472586,0.19325404635424148,2.071679895331995,1.4168183174748923,1.300238589733082,2.3977480633073087,1705.1831951939091,0.001349220948217945,0.667585170709031,0.026518132753733735,-2914.329787798165
51.51151861778422,6.776937672747096,8757.879429539185,0.0013519881269880272,0.038577868443472586,0.19325404635424148,2.071679895331995,1.4168183174748923,1.300238589733082,2.3977480633073087,1705.1831951939091,0.001349220948217945,0.667585170709031,0.026518132753733735,-2914.329787798165
51.51151861778422,6.776937672747096,8757.879429539185,0.0013519881269880272,0.038577868443472586,0.19325404635424148,2.071679895331995,1.4168183174748923,1.300238589733082,2.3977480633073087,1705.1831951939091,0.001349220948217945,0.667585170709031,0.026518132753733735,-2914.329787798165
51.51151861778422,6.776937672747096,8757.879429539185,0.0013519881269880272,0.038577868443472586,0.19325404635424148,2.071679895331995,1.4168183174748923,1.300238589733082,2.3977480633073087,1705.1831951939091,0.001349220948217945,0.667585170709031,0.026518132753733735,-2914.329787798165
51.51151861778422,6.776937672747096,8757.879429539185,0.0013519881269880272,0.038577868443472586,0.19325404635424148,2.071679895331995,1.4168183174748923,1.300238589733082,2.3977480633073087,1705.1831951939091,0.001349220948217945,0.667585170709031,0.026518132753733735,-2914.329787798165
51.51151861778422,6.776937672747096,8757.879429539185,0.0013519881269880272,0.038577868443472586,0.19325404635424148,2.071679895331995,1.4168183174748923,1.300238589733082,2.3977480633073087,1705.1831951939091,0.001349220948217945,0.667585170709031,0.026518132753733735,-2914.329787798165
51.51151861778422,6.776937672747096,8757.879429539185,0.0013519881269880272,0.038577868443472586,0.19325404635424148,2.071679895331995,1.4168183174748923,1.300238589733082,2.3977480633073087,1705.1831951939091,0.001349220948217945,0.667585170709031,0.026518132753733735,-2914.329787798165
51.51151861778422,6.776937672747096,8757.879429539185,0.0013519881269880272,0.038577868443472586,0.19325404635424148,2.071679895331995,1.4168183174748923,1.300238589733082,2.3977480633073087,1705.1831951939091,0.001349220948217945,0.667585170709031,0.026518132753733735,-2914.329787798165
51.51151861778422,6.776937672747096,8757.879429539185,0.0013519881269880272,0.038577868443472586,0.19325404635424148,2.071679895331995,1.4168183174748923,1.300238589733082,2.3977480633073087,1705.1831951939091,0.001349220948217945,0.667585170709031,0.026518132753733735,-2914.329787798165
51.51151861778422,6.776937672747096,8757.879429539185,0.0013519881269880272,0.038577868443472586,0.19325404635424148,2.071679895331995,1.4168183174748923,1.300238589733082,2.3977480633073087,1705.1831951939091,0.001349220948217945,0.667585170709031,0.026518132753733735,-2914.329787798165
51.51151861778422,6.776937672747096,8757.879429539185,0.0013519881269880272,0.038577868443472586,0.19325404635424148,2.071679895331995,1.4168183174748923,1.300238589733082,2.3977480633073087,1705.1831951939091,0.001349220948217945,0.667585170709031,0.026518132753733735,-2914.329787798165
51.51151861778422,6.776937672747096,8757.879429539185,0.0013519881269880272,0.038577868443472586,0.19325404635424148,2.071679895331995,1.4168183174748923,1.300238589733082,2.3977480633073087,1705.1831951939091,0.001349220948217945,0.667585170709031,0.026518132753733735,-2914.329787798165
51.51151861778422,6.776937672747096,8757.879429539185,0.0013519881269880272,0.038577868443472586,0.19325404635424148,2.071679895331995,1.4168183174748923,1.300238589733082,2.3977480633073087,1705.1831951939091,0.001349220948217945,0.667585170709031,0.026518132753733735,-2914.329787798165
51.51151861778422,6.776937672747096,8757.879429539185,0.0013519881269880272,0.038577868443472586,0.19325404635424148,2.071679895331995,1.4168183174748923,1.300238589733082,2.3977480633073087,1705.1831951939091,0.001349220948217945,0.667585170709031,0.026518132753733735,-2914.329787798165
51.55625875055259,6.846429807903455,8750.27920072426,0.0013484076328231735,0.03872795460590488,0.19244708273459785,2.070137651320122,1.4201255594598523,1.2992201551468756,2.3977863273758073,1714.0264731873006,0.0013527861564996346,0.6657416931973628,0.02609127520958224,-2915.6254228745433
51.55968101021874,6.80557795205501,8777.902044942546,0.001302478752554077,0.03891335027887047,0.19088356818697677,2.0683521684513178,1.4234645469551834,1.294360690553636,2.3980259131698554,1730.2440442239918,0.001438218134347989,0.6639530762818672,0.02531048493271982,-2915.2639347461254
51.55968101021874,6.80557795205501,8777.902044942546,0.001302478752554077,0.03891335027887047,0.19088356818697677,2.0683521684513178,1.4234645469551834,1.294360690553636,2.3980259131698554,1730.2440442239918,0.001438218134347989,0.6639530762818672,0.02531048493271982,-2915.2639347461254
51.55968101021874,6.80557795205501,8777.902044942546,0.001302478752554077,0.03891335027887047,0.19088356818697677,2.0683521684513178,1.4234645469551834,1.294360690553636,2.3980259131698554,1730.2440442239918,0.001438218134347989,0.6639530762818672,0.02531048493271982,-2915.2639347461254
51.55968101021874,6.80557795205501,8777.902044942546,0.001302478752554077,0.03891335027887047,0.19088356818697677,2.0683521684513178,1.4234645469551834,1.294360690553636,2.3980259131698554,1730.2440442239918,0.001438218134347989,0.6639530762818672,0.02531048493271982,-2915.2639347461254
51.55968101021874,6.80557795205501,8777.902044942546,0.001302478752554077,0.03891335027887047,0.19088356818697677,2.0683521684513178,1.4234645469551834,1.294360690553636,2.3980259131698554,1730.2440442239918,0.001438218134347989,0.6639530762818672,0.02531048493271982,-2915.2639347461254
51.55968101021874,6.80557795205501,8777.902044942546,0.001302478752554077,0.03891335027887047,0.19088356818697677,2.0683521684513178,1.4234645469551834,1.294360690553636,2.3980259131698554,1730.2440442239918,0.001438218134347989,0.6639530762818672,0.02531048493271982,-2915.2639347461254
51.55968101021874,6.80557795205501,8777.902044942546,0.001302478752554077,0.03891335027887047,0.19088356818697677,2.0683521684513178,1.4234645469551834,1.294360690553636,2.3980259131698554,1730.2440442239918,0.001438218134347989,0.6639530762818672,0.02531048493271982,-2915.2639347461254
51.55968101021874,6.80557795205501,8777.902044942546,0.001302478752554077,0.03891335027887047,0.19088356818697677,2.0683521684513178,1.4234645469551834,1.294360690553636,2.3980259131698554,1730.2440442239918,0.001438218134347989,0.6639530762818672,0.02531048493271982,-2915.2639347461254
51.55968101021874,6.80557795205501,8777.902044942546,0.001302478752554077,0.03891335027887047,0.19088356818697677,2.0683521684513178,1.4234645469551834,1.294360690553636,2.3980259131698554,1730.2440442239918,0.001438218134347989,0.6639530762818672,0.02531048493271982,-2915.2639347461254
51.55968101021874,6.80557795205501,8777.902044942546,0.001302478752554077,0.03891335027887047,0.19088356818697677,2.0683521684513178,1.4234645469551834,1.294360690553636,2.3980259131698554,1730.2440442239918,0.001438218134347989,0.6639530762818672,0.02531048493271982,-2915.2639347461254
51.5240250960839,6.6979172698388005,8755.429779361257,0.0013606192298193976,0.0383416761547006,0.1921841355703374,2.072073516443376,1.4164926683322072,1.2998210176265004,2.397710001897303,1697.996784728427,0.001349593456265146,0.6684424659187179,0.027052955797782892,-2913.913162798922
51.5240250960839,6.6979172698388005,8755.429779361257,0.0013606192298193976,0.0383416761547006,0.1921841355703374,2.072073516443376,1.4164926683322072,1.2998210176265004,2.397710001897303,1697.996784728427,0.001349593456265146,0.6684424659187179,0.027052955797782892,-2913.913162798922
51.5240250960839,6.6979172698388005,8755.429779361257,0.0013606192298193976,0.0383416761547006,0.1921841355703374,2.072073516443376,1.4164926683322072,1.2998210176265004,2.397710001897303,1697.996784728427,0.001349593456265146,0.6684424659187179,0.027052955797782892,-2913.913162798922
51.5240250960839,6.6979172698388005,8755.429779361257,0.0013606192298193976,0.0383416761547006,0.1921841355703374,2.072073516443376,1.4164926683322072,1.2998210176265004,2.397710001897303,1697.996784728427,0.001349593456265146,0.6684424659187179,0.027052955797782892,-2913.913162798922
51.5240250960839,6.6979172698388005,8755.429779361257,0.0013606192298193976,0.0383416761547006,0.1921841355703374,2.072073516443376,1.4164926683322072,1.2998210176265004,2.397710001897303,1697.996784728427,0.001349593456265146,0.6684424659187179,0.027052955797782892,-2913.913162798922
51.5240250960839,6.6979172698388005,8755.429779361257,0.0013606192298193976,0.0383416761547006,0.1921841355703374,2.072073516443376,1.4164926683322072,1.2998210176265004,2.397710001897303,1697.996784728427,0.001349593456265146,0.6684424659187179,0.027052955797782892,-2913.913162798922
51.5240250960839,6.6979172698388005,8755.429779361257,0.0013606192298193976,0.0383416761547006,0.1921841355703374,2.072073516443376,1.4164926683322072,1.2998210176265004,2.397710001897303,1697.996784728427,0.001349593456265146,0.6684424659187179,0.027052955797782892,-2913.913162798922
51.5240250960839,6.6979172698388005,8755.429779361257,0.0013606192298193976,0.0383416761547006,0.1921841355703374,2.072073516443376,1.4164926683322072,1.2998210176265004,2.397710001897303,1697.996784728427,0.001349593456265146,0.6684424659187179,0.027052955797782892,-2913.913162798922
51.5240250960839,6.6979172698388005,8755.429779361257,0.0013606192298193976,0.0383416761547006,0.1921841355703374,2.072073516443376,1.4164926683322072,1.2998210176265004,2.397710001897303,1697.996784728427,0.001349593456265146,0.6684424659187179,0.027052955797782892,-2913.913162798922
51.5240250960839,6.6979172698388005,8755.429779361257,0.0013606192298193976,0.0383416761547006,0.1921841355703374,2.072073516443376,1.4164926683322072,1.2998210176265004,2.397710001897303,1697.996784728427,0.001349593456265146,0.6684424659187179,0.027052955797782892,-2913.913162798922
51.5240250960839,6.6979172698388005,8755.429779361257,0.0013606192298193976,0.0383416761547006,0.1921841355703374,2.072073516443376,1.4164926683322072,1.2998210176265004,2.397710001897303,1697.996784728427,0.001349593456265146,0.6684424659187179,0.027052955797782892,-2913.913162798922
51.5240250960839,6.6979172698388005,8755.429779361257,0.0013606192298193976,0.0383416761547006,0.1921841355703374,2.072073516443376,1.4164926683322072,1.2998210176265004,2.397710001897303,1697.996784728427,0.001349593456265146,0.6684424659187179,0.027052955797782892,-2913.913162798922
51.5240250960839,6.6979172698388005,8755.429779361257,0.0013606192298193976,0.0383416761547006,0.1921841355703374,2.072073516443376,1.4164926683322072,1.2998210176265004,2.397710001897303,1697.996784728427,0.001349593456265146,0.6684424659187179,0.027052955797782892,-2913.913162798922
51.5240250960839,6.6979172698388005,8755.429779361257,0.0013606192298193976,0.0383416761547006,0.1921841355703374,2.072073516443376,1.4164926683322072,1.2998210176265004,2.397710001897303,1697.996784728427,0.001349593456265146,0.6684424659187179,0.027052955797782892,-2913.913162798922
51.58675331487034,6.629557548597184,8798.141947299187,0.001272852072471311,0.03876367815941411,0.1893438136843775,2.0675536853388254,1.4294134128134495,1.288622083851008,2.398240137559161,1742.2876044976022,0.0015458663732404849,0.6648546110032574,0.024577616382471017,-2914.3110608383495
51.58675331487034,6.629557548597184,8798.141947299187,0.001272852072471311,0.03876367815941411,0.1893438136843775,2.0675536853388254,1.4294134128134495,1.288622083851008,2.398240137559161,1742.2876044976022,0.0015458663732404849,0.6648546110032574,0.024577616382471017,-2914.3110608383495
51.58675331487034,6.629557548597184,8798.141947299187,0.001272852072471311,0.03876367815941411,0.1893438136843775,2.0675536853388254,1.4294134128134495,1.288622083851008,2.398240137559161,1742.2876044976022,0.0015458663732404849,0.6648546110032574,0.024577616382471017,-2914.3110608383495
51.58675331487034,6.629557548597184,8798.141947299187,0.001272852072471311,0.03876367815941411,0.1893438136843775,2.0675536853388254,1.4294134128134495,1.288622083851008,2.398240137559161,1742.2876044976022,0.0015458663732404849,0.6648546110032574,0.024577616382471017,-2914.3110608383495
51.58675331487034,6.629557548597184,8798.141947299187,0.001272852072471311,0.03876367815941411,0.1893438136843775,2.0675536853388254,1.4294134128134495,1.288622083851008,2.398240137559161,1742.2876044976022,0.0015458663732404849,0.6648546110032574,0.024577616382471017,-2914.3110608383495
51.58675331487034,6.629557548597184,8798.141947299187,0.001272852072471311,0.03876367815941411,0.1893438136843775,2.0675536853388254,1.4294134128134495,1.288622083851008,2.398240137559161,1742.2876044976022,0.0015458663732404849,0.6648546110032574,0.024577616382471017,-2914.3110608383495
51.58675331487034,6.629557548597184,8798.141947299187,0.001272852072471311,0.03876367815941411,0.1893438136843775,2.0675536853388254,1.4294134128134495,1.288622083851008,2.398240137559161,1742.2876044976022,0.0015458663732404849,0.6648546110032574,0.024577616382471017,-2914.3110608383495
51.58675331487034,6.629557548597184,8798.141947299187,0.001272852072471311,0.03876367815941411,0.1893438136843775,2.0675536853388254,1.4294134128134495,1.288622083851008,2.398240137559161,1742.2876044976022,0.0015458663732404849,0.6648546110032574,0.024577616382471017,-2914.3110608383495
51.58675331487034,6.629557548597184,8798.141947299187,0.001272852072471311,0.03876367815941411,0.1893438136843775,2.0675536853388254,1.4294134128134495,1.288622083851008,2.398240137559161,1742.2876044976022,0.0015458663732404849,0.6648546110032574,0.024577616382471017,-2914.3110608383495
51.577572121521754,6.685431122505044,8787.427826068526,0.0012601266718788298,0.03863098353436961,0.18952322187450757,2.0662374243143398,1.4331712482221937,1.28752019787437,2.3982647948142404,1743.9290570225912,0.0015464870211437214,0.6660331241658021,0.02490232286703122,-2914.407543255059
51.62041271339529,6.766272284189245,8770.74035108526,0.0012318423357168507,0.03891531304715135,0.1879418248117501,2.0641721263390673,1.4385954719666603,1.2824818854099012,2.3983439210890425,1750.320383333507,0.001603059176616961,0.6650038396840887,0.024736505722467706,-2914.928770446906
51.62041271339529,6.766272284189245,8770.74035108526,0.0012318423357168507,0.03891531304715135,0.1879418248117501,2.0641721263390673,1.4385954719666603,1.2824818854099012,2.3983439210890425,1750.320383333507,0.001603059176616961,0.6650038396840887,0.024736505722467706,-2914.928770446906
51.62041271339529,6.766272284189245,8770.74035108526,0.0012318423357168507,0.03891531304715135,0.1879418248117501,2.0641721263390673,1.4385954719666603,1.2824818854099012,2.3983439210890425,1750.320383333507,0.001603059176616961,0.6650038396840887,0.024736505722467706,-2914.928770446906
51.62041271339529,6.766272284189245,8770.74035108526,0.0012318423357168507,0.03891531304715135,0.1879418248117501,2.0641721263390673,1.4385954719666603,1.2824818854099012,2.3983439210890425,1750.320383333507,0.001603059176616961,0.6650038396840887,0.024736505722467706,-2914.928770446906
51.619381534851236,6.584695954625651,8767.43864411794,0.0012743587473181277,0.03896287204639953,0.18920457470156202,2.067599512454924,1.438987624795546,1.2869322673006323,2.398294391153252,1748.0687547942364,0.001594852095288138,0.668025171152419,0.02363089306075994,-2914.7333423120185
51.66153773241186,6.515370690224142,8776.990798054634,0.0013275506207940753,0.03828363428072983,0.19186841502402527,2.069047893982513,1.437484043846045,1.2945772030513991,2.3981708058960836,1738.2518743455819,0.0015256424024640905,0.6710640417149424,0.024006123737981187,-2914.501641006725
51.66153773241186,6.515370690224142,8776.990798054634,0.0013275506207940753,0.03828363428072983,0.19186841502402527,2.069047893982513,1.437484043846045,1.2945772030513991,2.3981708058960836,1738.2518743455819,0.0015256424024640905,0.6710640417149424,0.024006123737981187,-2914.501641006725
51.66153773241186,6.515370690224142,8776.990798054634,0.0013275506207940753,0.03828363428072983,0.19186841502402527,2.069047893982513,1.437484043846045,1.2945772030513991,2.3981708058960836,1738.2518743455819,0.0015256424024640905,0.6710640417149424,0.024006123737981187,-2914.501641006725
51.66153773241186,6.515370690224142,8776.990798054634,0.0013275506207940753,0.03828363428072983,0.19186841502402527,2.069047893982513,1.437484043846045,1.2945772030513991,2.3981708058960836,1738.2518743455819,0.0015256424024640905,0.6710640417149424,0.024006123737981187,-2914.501641006725
51.664203822625666,6.353071630482951,8752.745248927391,0.001389230698780944,0.03795363362950432,0.1934206730382674,2.0715146293485516,1.4430667703998785,1.2975196967275555,2.3980071117122064,1727.8234277734061,0.0014681088220757897,0.676313404404739,0.024001404750205957,-2914.649308445924
51.69310600419576,6.402845542166322,8789.332841284646,0.0013275972556040336,0.03819663622236269,0.1917434247544515,2.0710972685390363,1.4384527333428785,1.2933115953359982,2.398167345151819,1734.157926352864,0.0015425822924190113,0.67364874956751,0.024028167619122284,-2913.278079148872
51.77388584366426,6.481520324195891,8773.968206376197,0.0013484664082530342,0.038293872028254634,0.19211343761280877,2.072205051532901,1.4322632880565855,1.2959244599952118,2.398021866778464,1718.2078456569495,0.001490047832576737,0.6730456160148949,0.02505721822302929,-2912.772170898367
51.77388584366426,6.481520324195891,8773.968206376197,0.0013484664082530342,0.038293872028254634,0.19211343761280877,2.072205051532901,1.4322632880565855,1.2959244599952118,2.398021866778464,1718.2078456569495,0.001490047832576737,0.6730456160148949,0.02505721822302929,-2912.772170898367
51.77388584366426,6.481520324195891,8773.968206376197,0.0013484664082530342,0.038293872028254634,0.19211343761280877,2.072205051532901,1.4322632880565855,1.2959244599952118,2.398021866778464,1718.2078456569495,0.001490047832576737,0.6730456160148949,0.02505721822302929,-2912.772170898367
51.77388584366426,6.481520324195891,8773.968206376197,0.0013484664082530342,0.038293872028254634,0.19211343761280877,2.072205051532901,1.4322632880565855,1.2959244599952118,2.398021866778464,1718.2078456569495,0.001490047832576737,0.6730456160148949,0.02505721822302929,-2912.772170898367
51.77388584366426,6.481520324195891,8773.968206376197,0.0013484664082530342,0.038293872028254634,0.19211343761280877,2.072205051532901,1.4322632880565855,1.2959244599952118,2.398021866778464,1718.2078456569495,0.001490047832576737,0.6730456160148949,0.02505721822302929,-2912.772170898367
51.77388584366426,6.481520324195891,8773.968206376197,0.0013484664082530342,0.038293872028254634,0.19211343761280877,2.072205051532901,1.4322632880565855,1.2959244599952118,2.398021866778464,1718.2078456569495,0.001490047832576737,0.6730456160148949,0.02505721822302929,-2912.772170898367
51.77388584366426,6.481520324195891,8773.968206376197,0.0013484664082530342,0.038293872028254634,0.19211343761280877,2.072205051532901,1.4322632880565855,1.2959244599952118,2.398021866778464,1718.2078456569495,0.001490047832576737,0.6730456160148949,0.02505721822302929,-2912.772170898367
51.77388584366426,6.481520324195891,8773.968206376197,0.0013484664082530342,0.038293872028254634,0.19211343761280877,2.072205051532901,1.4322632880565855,1.2959244599952118,2.398021866778464,1718.2078456569495,0.001490047832576737,0.6730456160148949,0.02505721822302929,-2912.772170898367
51.77388584366426,6.481520324195891,8773.968206376197,0.0013484664082530342,0.038293872028254634,0.19211343761280877,2.072205051532901,1.4322632880565855,1.2959244599952118,2.398021866778464,1718.2078456569495,0.001490047832576737,0.6730456160148949,0.02505721822302929,-2912.772170898367
51.77388584366426,6.481520324195891,8773.968206376197,0.0013484664082530342,0.038293872028254634,0.19211343761280877,2.072205051532901,1.4322632880565855,1.2959244599952118,2.398021866778464,1718.2078456569495,0.001490047832576737,0.6730456160148949,0.02505721822302929,-2912.772170898367
51.77388584366426,6.481520324195891,8773.968206376197,0.0013484664082530342,0.038293872028254634,0.19211343761280877,2.072205051532901,1.4322632880565855,1.2959244599952118,2.398021866778464,1718.2078456569495,0.001490047832576737,0.6730456160148949,0.02505721822302929,-2912.772170898367
51.81571785183943,6.519850968329813,8765.724017016024,0.0013640278480656345,0.038626493218066466,0.19120205817008776,2.0720978409653936,1.431839006018075,1.2965925670110234,2.3979953507234306,1717.924164782472,0.0015082865150561114,0.6719035989018425,0.0245338746092285,-2913.536387948206
51.80396754402581,6.597177334689039,8810.625791581111,0.0012794700789469145,0.0387202964688685,0.18983477771869198,2.0668675102246103,1.4412543968892133,1.2900165069943668,2.3983694834620843,1754.4721667567246,0.001624870850830014,0.6696277697515152,0.023267332484019593,-2913.9805663059847
51.80396754402581,6.597177334689039,8810.625791581111,0.0012794700789469145,0.0387202964688685,0.18983477771869198,2.0668675102246103,1.4412543968892133,1.2900165069943668,2.3983694834620843,1754.4721667567246,0.001624870850830014,0.6696277697515152,0.023267332484019593,-2913.9805663059847
51.80396754402581,6.597177334689039,8810.625791581111,0.0012794700789469145,0.0387202964688685,0.18983477771869198,2.0668675102246103,1.4412543968892133,1.2900165069943668,2.3983694834620843,1754.4721667567246,0.001624870850830014,0.6696277697515152,0.023267332484019593,-2913.9805663059847
51.80396754402581,6.597177334689039,8810.625791581111,0.0012794700789469145,0.0387202964688685,0.18983477771869198,2.0668675102246103,1.4412543968892133,1.2900165069943668,2.3983694834620843,1754.4721667567246,0.001624870850830014,0.6696277697515152,0.023267332484019593,-2913.9805663059847
51.80396754402581,6.597177334689039,8810.625791581111,0.0012794700789469145,0.0387202964688685,0.18983477771869198,2.0668675102246103,1.4412543968892133,1.2900165069943668,2.3983694834620843,1754.4721667567246,0.001624870850830014,0.6696277697515152,0.023267332484019593,-2913.9805663059847
51.96064321723155,6.4263713688271515,8805.946896947215,0.00132178330715692,0.03841388158870174,0.1911100603775147,2.0674482717468337,1.4541371712130329,1.2905007569809377,2.3983590370236048,1756.8828903497465,0.00163782752825588,0.6731117793231264,0.022747874050926018,-2914.731546320402
51.96064321723155,6.4263713688271515,8805.946896947215,0.00132178330715692,0.03841388158870174,0.1911100603775147,2.0674482717468337,1.4541371712130329,1.2905007569809377,2.3983590370236048,1756.8828903497465,0.00163782752825588,0.6731117793231264,0.022747874050926018,-2914.731546320402
51.96064321723155,6.4263713688271515,8805.946896947215,0.00132178330715692,0.03841388158870174,0.1911100603775147,2.0674482717468337,1.4541371712130329,1.2905007569809377,2.3983590370236048,1756.8828903497465,0.00163782752825588,0.6731117793231264,0.022747874050926018,-2914.731546320402
51.797957492437575,6.3983343513151425,8765.559068617673,0.0013647137995423007,0.03811733829926972,0.19197057250969715,2.0674210532244075,1.4551590400250056,1.2965538653054265,2.398268032414196,1759.8348240994574,0.001551816755455395,0.6750701827466773,0.02213051997264573,-2917.24661221515
51.797957492437575,6.3983343513151425,8765.559068617673,0.0013647137995423007,0.03811733829926972,0.19197057250969715,2.0674210532244075,1.4551590400250056,1.2965538653054265,2.398268032414196,1759.8348240994574,0.001551816755455395,0.6750701827466773,0.02213051997264573,-2917.24661221515
51.78688480971332,6.4280838672637906,8779.782258392563,0.0013750658127369367,0.037816656788330995,0.19269428271027808,2.0696593995389274,1.444674813784376,1.2997266085438821,2.3981043780986004,1737.2141711244994,0.0015018981622763247,0.6766320985026589,0.02380850142714361,-2915.266863985849
51.78688480971332,6.4280838672637906,8779.782258392563,0.0013750658127369367,0.037816656788330995,0.19269428271027808,2.0696593995389274,1.444674813784376,1.2997266085438821,2.3981043780986004,1737.2141711244994,0.0015018981622763247,0.6766320985026589,0.02380850142714361,-2915.266863985849
51.78688480971332,6.4280838672637906,8779.782258392563,0.0013750658127369367,0.037816656788330995,0.19269428271027808,2.0696593995389274,1.444674813784376,1.2997266085438821,2.3981043780986004,1737.2141711244994,0.0015018981622763247,0.6766320985026589,0.02380850142714361,-2915.266863985849
51.746799046250096,6.510742663953241,8775.489988867177,0.0013825937656813353,0.037771961839993755,0.1925111033376615,2.0701566393449373,1.438770574156416,1.301335438971013,2.3979879023820003,1724.7953930778303,0.0014674945056506994,0.6762837077201036,0.024662996377794646,-2914.692241168102
51.74314191998706,6.494591452081224,8757.066161376411,0.0014048843085715467,0.03766044335303627,0.1925843215781615,2.0698846604088526,1.4449540776100545,1.3018334399059674,2.397966995479799,1727.8461557542316,0.0014640993228875107,0.6784667161057149,0.024310440884223853,-2915.244728127486
51.74314191998706,6.494591452081224,8757.066161376411,0.0014048843085715467,0.03766044335303627,0.1925843215781615,2.0698846604088526,1.4449540776100545,1.3018334399059674,2.397966995479799,1727.8461557542316,0.0014640993228875107,0.6784667161057149,0.024310440884223853,-2915.244728127486
51.74314191998706,6.494591452081224,8757.066161376411,0.0014048843085715467,0.03766044335303627,0.1925843215781615,2.0698846604088526,1.4449540776100545,1.3018334399059674,2.397966995479799,1727.8461557542316,0.0014640993228875107,0.6784667161057149,0.024310440884223853,-2915.244728127486
51.74314191998706,6.494591452081224,8757.066161376411,0.0014048843085715467,0.03766044335303627,0.1925843215781615,2.0698846604088526,1.4449540776100545,1.3018334399059674,2.397966995479799,1727.8461557542316,0.0014640993228875107,0.6784667161057149,0.024310440884223853,-2915.244728127486
51.74314191998706,6.494591452081224,8757.066161376411,0.0014048843085715467,0.03766044335303627,0.1925843215781615,2.0698846604088526,1.4449540776100545,1.3018334399059674,2.397966995479799,1727.8461557542316,0.0014640993228875107,0.6784667161057149,0.024310440884223853,-2915.244728127486
51.66190938559208,6.433627949328123,8750.739127498304,0.0014606576584067445,0.03714586550531054,0.19401652857064589,2.0725436259992693,1.4392577793879338,1.307312499404373,2.3977170548630307,1704.7688026400829,0.0013933763556705958,0.6827476739535525,0.02556204697646818,-2914.6711781398753
51.66190938559208,6.433627949328123,8750.739127498304,0.0014606576584067445,0.03714586550531054,0.19401652857064589,2.0725436259992693,1.4392577793879338,1.307312499404373,2.3977170548630307,1704.7688026400829,0.0013933763556705958,0.6827476739535525,0.02556204697646818,-2914.6711781398753
51.66190938559208,6.433627949328123,8750.739127498304,0.0014606576584067445,0.03714586550531054,0.19401652857064589,2.0725436259992693,1.4392577793879338,1.307312499404373,2.3977170548630307,1704.7688026400829,0.0013933763556705958,0.6827476739535525,0.02556204697646818,-2914.6711781398753
51.818500164787736,6.581922116500934,8826.196505462744,0.0012791526860504011,0.038658097761211055,0.1889227926298704,2.062667134613389,1.4566939546183995,1.2886928030216807,2.398586929796332,1785.6769015521754,0.0017689325414031645,0.6707303271724235,0.020888918370852633,-2916.0645908992856
51.76825745346783,6.662292680484676,8807.988586797914,0.001269629870826406,0.038833431298080305,0.18781297253350882,2.063230363370014,1.450447640660826,1.2886626313232936,2.398535516351063,1780.5037024871035,0.0017308911655842633,0.6695156805883627,0.02139800475837365,-2915.5449657298045
51.76825745346783,6.662292680484676,8807.988586797914,0.001269629870826406,0.038833431298080305,0.18781297253350882,2.063230363370014,1.450447640660826,1.2886626313232936,2.398535516351063,1780.5037024871035,0.0017308911655842633,0.6695156805883627,0.02139800475837365,-2915.5449657298045
51.76825745346783,6.662292680484676,8807.988586797914,0.001269629870826406,0.038833431298080305,0.18781297253350882,2.063230363370014,1.450447640660826,1.2886626313232936,2.398535516351063,1780.5037024871035,0.0017308911655842633,0.6695156805883627,0.02139800475837365,-2915.5449657298045
51.80324289094951,6.826920874652309,8822.402126494426,0.0012162016954803832,0.03932655901153247,0.1861576118601177,2.060760238675996,1.447635499953185,1.282904028202208,2.3986469741041714,1788.215995989281,0.0018265286425525082,0.6642985142747835,0.02118202696398547,-2915.054031665972
51.80324289094951,6.826920874652309,8822.402126494426,0.0012162016954803832,0.03932655901153247,0.1861576118601177,2.060760238675996,1.447635499953185,1.282904028202208,2.3986469741041714,1788.215995989281,0.0018265286425525082,0.6642985142747835,0.02118202696398547,-2915.054031665972
51.8141284600695,6.885498621075236,8782.704629447033,0.001278149259463213,0.039028016279020854,0.1867583587931895,2.0654930607821838,1.4340609676469742,1.2898903172025218,2.3982838009053324,1745.8233488978854,0.0016571847536048325,0.6659829541916364,0.023799377919722902,-2913.7116239791753
51.8141284600695,6.885498621075236,8782.704629447033,0.001278149259463213,0.039028016279020854,0.1867583587931895,2.0654930607821838,1.4340609676469742,1.2898903172025218,2.3982838009053324,1745.8233488978854,0.0016571847536048325,0.6659829541916364,0.023799377919722902,-2913.7116239791753
51.738844915641536,6.720722139892633,8786.051993192123,0.0013196163111965811,0.03887277206911975,0.18787932554667439,2.06948360707639,1.4231141318494749,1.2951063629788406,2.3981443305242376,1728.5598370486375,0.0016181215801209878,0.6673636490061502,0.023873915207871726,-2911.939439881032
51.738844915641536,6.720722139892633,8786.051993192123,0.0013196163111965811,0.03887277206911975,0.18787932554667439,2.06948360707639,1.4231141318494749,1.2951063629788406,2.3981443305242376,1728.5598370486375,0.0016181215801209878,0.6673636490061502,0.023873915207871726,-2911.939439881032
51.738844915641536,6.720722139892633,8786.051993192123,0.0013196163111965811,0.03887277206911975,0.18787932554667439,2.06948360707639,1.4231141318494749,1.2951063629788406,2.3981443305242376,1728.5598370486375,0.0016181215801209878,0.6673636490061502,0.023873915207871726,-2911.939439881032
51.69172329426336,6.7936262281147854,8761.770728424572,0.0013616436724518794,0.038734690875243435,0.18902204410338394,2.071286499802401,1.4168497349128613,1.3006045417705443,2.397933947025064,1712.3126627157537,0.0015389927857083646,0.6696062102168653,0.024568281685982594,-2911.5487703290473
51.69172329426336,6.7936262281147854,8761.770728424572,0.0013616436724518794,0.038734690875243435,0.18902204410338394,2.071286499802401,1.4168497349128613,1.3006045417705443,2.397933947025064,1712.3126627157537,0.0015389927857083646,0.6696062102168653,0.024568281685982594,-2911.5487703290473
51.63543855176501,6.723216206131884,8778.552251021501,0.0013418925058301524,0.03864910498715745,0.18904505320680595,2.070019290153101,1.4214035323303138,1.2983565503716439,2.398081758580372,1727.244624068305,0.0015844518860634658,0.6698153885247655,0.02369271904754897,-2912.1124282388946
51.63543855176501,6.723216206131884,8778.552251021501,0.0013418925058301524,0.03864910498715745,0.18904505320680595,2.070019290153101,1.4214035323303138,1.2983565503716439,2.398081758580372,1727.244624068305,0.0015844518860634658,0.6698153885247655,0.02369271904754897,-2912.1124282388946
51.63543855176501,6.723216206131884,8778.552251021501,0.0013418925058301524,0.03864910498715745,0.18904505320680595,2.070019290153101,1.4214035323303138,1.2983565503716439,2.398081758580372,1727.244624068305,0.0015844518860634658,0.6698153885247655,0.02369271904754897,-2912.1124282388946
51.77425192581981,6.5902677237306655,8759.419118790378,0.001387839692549061,0.038695242926524494,0.19007097299569792,2.0712276258833455,1.4325545717999901,1.298131813040488,2.398034078441027,1726.7690104117985,0.0016019069889013327,0.6721716339407892,0.022878373843603257,-2912.3585713927732
51.77425192581981,6.5902677237306655,8759.419118790378,0.001387839692549061,0.038695242926524494,0.19007097299569792,2.0712276258833455,1.4325545717999901,1.298131813040488,2.398034078441027,1726.7690104117985,0.0016019069889013327,0.6721716339407892,0.022878373843603257,-2912.3585713927732
51.77425192581981,6.5902677237306655,8759.419118790378,0.001387839692549061,0.038695242926524494,0.19007097299569792,2.0712276258833455,1.4325545717999901,1.298131813040488,2.398034078441027,1726.7690104117985,0.0016019069889013327,0.6721716339407892,0.022878373843603257,-2912.3585713927732
51.77425192581981,6.5902677237306655,8759.419118790378,0.001387839692549061,0.038695242926524494,0.19007097299569792,2.0712276258833455,1.4325545717999901,1.298131813040488,2.398034078441027,1726.7690104117985,0.0016019069889013327,0.6721716339407892,0.022878373843603257,-2912.3585713927732
51.77425192581981,6.5902677237306655,8759.419118790378,0.001387839692549061,0.038695242926524494,0.19007097299569792,2.0712276258833455,1.4325545717999901,1.298131813040488,2.398034078441027,1726.7690104117985,0.0016019069889013327,0.6721716339407892,0.022878373843603257,-2912.3585713927732
51.964357068153724,6.374275877244784,8785.357751344865,0.0013965804320172693,0.038657898617521495,0.19087313483069468,2.0722638182820954,1.445813175812539,1.2954285504750152,2.3981816748450644,1736.6880040888398,0.0017244531175768984,0.676028567198405,0.021660268303204125,-2911.5180722020855
51.964357068153724,6.374275877244784,8785.357751344865,0.0013965804320172693,0.038657898617521495,0.19087313483069468,2.0722638182820954,1.445813175812539,1.2954285504750152,2.3981816748450644,1736.6880040888398,0.0017244531175768984,0.676028567198405,0.021660268303204125,-2911.5180722020855
51.964357068153724,6.374275877244784,8785.357751344865,0.0013965804320172693,0.038657898617521495,0.19087313483069468,2.0722638182820954,1.445813175812539,1.2954285504750152,2.3981816748450644,1736.6880040888398,0.0017244531175768984,0.676028567198405,0.021660268303204125,-2911.5180722020855
51.964357068153724,6.374275877244784,8785.357751344865,0.0013965804320172693,0.038657898617521495,0.19087313483069468,2.0722638182820954,1.445813175812539,1.2954285504750152,2.3981816748450644,1736.6880040888398,0.0017244531175768984,0.676028567198405,0.021660268303204125,-2911.5180722020855
51.964357068153724,6.374275877244784,8785.357751344865,0.0013965804320172693,0.038657898617521495,0.19087313483069468,2.0722638182820954,1.445813175812539,1.2954285504750152,2.3981816748450644,1736.6880040888398,0.0017244531175768984,0.676028567198405,0.021660268303204125,-2911.5180722020855
51.964357068153724,6.374275877244784,8785.357751344865,0.0013965804320172693,0.038657898617521495,0.19087313483069468,2.0722638182820954,1.445813175812539,1.2954285504750152,2.3981816748450644,1736.6880040888398,0.0017244531175768984,0.676028567198405,0.021660268303204125,-2911.5180722020855
51.964357068153724,6.374275877244784,8785.357751344865,0.0013965804320172693,0.038657898617521495,0.19087313483069468,2.0722638182820954,1.445813175812539,1.2954285504750152,2.3981816748450644,1736.6880040888398,0.0017244531175768984,0.676028567198405,0.021660268303204125,-2911.5180722020855
51.964357068153724,6.374275877244784,8785.357751344865,0.0013965804320172693,0.038657898617521495,0.19087313483069468,2.0722638182820954,1.445813175812539,1.2954285504750152,2.3981816748450644,1736.6880040888398,0.0017244531175768984,0.676028567198405,0.021660268303204125,-2911.5180722020855
51.964357068153724,6.374275877244784,8785.357751344865,0.0013965804320172693,0.038657898617521495,0.19087313483069468,2.0722638182820954,1.445813175812539,1.2954285504750152,2.3981816748450644,1736.6880040888398,0.0017244531175768984,0.676028567198405,0.021660268303204125,-2911.5180722020855
51.964357068153724,6.374275877244784,8785.357751344865,0.0013965804320172693,0.038657898617521495,0.19087313483069468,2.0722638182820954,1.445813175812539,1.2954285504750152,2.3981816748450644,1736.6880040888398,0.0017244531175768984,0.676028567198405,0.021660268303204125,-2911.5180722020855
51.964357068153724,6.374275877244784,8785.357751344865,0.0013965804320172693,0.038657898617521495,0.19087313483069468,2.0722638182820954,1.445813175812539,1.2954285504750152,2.3981816748450644,1736.6880040888398,0.0017244531175768984,0.676028567198405,0.021660268303204125,-2911.5180722020855
51.8622073801035,6.498171810756798,8758.257262103656,0.0014208253303307902,0.03883077582186474,0.19096131245488426,2.074910258079237,1.430447460186263,1.3007458427357528,2.397937270990366,1715.3302066486067,0.0016171949050760028,0.6753364529902589,0.022680322676394676,-2911.478639040792
51.8622073801035,6.498171810756798,8758.257262103656,0.0014208253303307902,0.03883077582186474,0.19096131245488426,2.074910258079237,1.430447460186263,1.3007458427357528,2.397937270990366,1715.3302066486067,0.0016171949050760028,0.6753364529902589,0.022680322676394676,-2911.478639040792
51.8622073801035,6.498171810756798,8758.257262103656,0.0014208253303307902,0.03883077582186474,0.19096131245488426,2.074910258079237,1.430447460186263,1.3007458427357528,2.397937270990366,1715.3302066486067,0.0016171949050760028,0.6753364529902589,0.022680322676394676,-2911.478639040792
51.8622073801035,6.498171810756798,8758.257262103656,0.0014208253303307902,0.03883077582186474,0.19096131245488426,2.074910258079237,1.430447460186263,1.3007458427357528,2.397937270990366,1715.3302066486067,0.0016171949050760028,0.6753364529902589,0.022680322676394676,-2911.478639040792
51.8622073801035,6.498171810756798,8758.257262103656,0.0014208253303307902,0.03883077582186474,0.19096131245488426,2.074910258079237,1.430447460186263,1.3007458427357528,2.397937270990366,1715.3302066486067,0.0016171949050760028,0.6753364529902589,0.022680322676394676,-2911.478639040792
51.8622073801035,6.498171810756798,8758.257262103656,0.0014208253303307902,0.03883077582186474,0.19096131245488426,2.074910258079237,1.430447460186263,1.3007458427357528,2.397937270990366,1715.3302066486067,0.0016171949050760028,0.6753364529902589,0.022680322676394676,-2911.478639040792
51.8622073801035,6.498171810756798,8758.257262103656,0.0014208253303307902,0.03883077582186474,0.19096131245488426,2.074910258079237,1.430447460186263,1.3007458427357528,2.397937270990366,1715.3302066486067,0.0016171949050760028,0.6753364529902589,0.022680322676394676,-2911.478639040792
51.8622073801035,6.498171810756798,8758.257262103656,0.0014208253303307902,0.03883077582186474,0.19096131245488426,2.074910258079237,1.430447460186263,1.3007458427357528,2.397937270990366,1715.3302066486067,0.0016171949050760028,0.6753364529902589,0.022680322676394676,-2911.478639040792
51.8622073801035,6.498171810756798,8758.257262103656,0.0014208253303307902,0.03883077582186474,0.19096131245488426,2.074910258079237,1.430447460186263,1.3007458427357528,2.397937270990366,1715.3302066486067,0.0016171949050760028,0.6753364529902589,0.022680322676394676,-2911.478639040792
51.8622073801035,6.498171810756798,8758.257262103656,0.0014208253303307902,0.03883077582186474,0.19096131245488426,2.074910258079237,1.430447460186263,1.3007458427357528,2.397937270990366,1715.3302066486067,0.0016171949050760028,0.6753364529902589,0.022680322676394676,-2911.478639040792
51.889792908004594,6.434209697268422,8766.184183502783,0.0014371150157352697,0.03855711941522402,0.19234878327317792,2.075790094963873,1.4338856695583306,1.3018293101369758,2.397901731196575,1711.8074399524412,0.0015862713101355635,0.6772135215203301,0.022959882240454525,-2911.3804318833913
51.889792908004594,6.434209697268422,8766.184183502783,0.0014371150157352697,0.03855711941522402,0.19234878327317792,2.075790094963873,1.4338856695583306,1.3018293101369758,2.397901731196575,1711.8074399524412,0.0015862713101355635,0.6772135215203301,0.022959882240454525,-2911.3804318833913
51.86018010195913,6.458711892088829,8782.833436458663,0.0014347308454874164,0.03811174336094076,0.19361309062280022,2.073017642382701,1.4416427162607346,1.301868414112013,2.398021420036022,1731.2555481830025,0.0015830729212200517,0.6786212836323051,0.022567719495042878,-2912.14047924101
51.86018010195913,6.458711892088829,8782.833436458663,0.0014347308454874164,0.03811174336094076,0.19361309062280022,2.073017642382701,1.4416427162607346,1.301868414112013,2.398021420036022,1731.2555481830025,0.0015830729212200517,0.6786212836323051,0.022567719495042878,-2912.14047924101
51.86018010195913,6.458711892088829,8782.833436458663,0.0014347308454874164,0.03811174336094076,0.19361309062280022,2.073017642382701,1.4416427162607346,1.301868414112013,2.398021420036022,1731.2555481830025,0.0015830729212200517,0.6786212836323051,0.022567719495042878,-2912.14047924101
51.86018010195913,6.458711892088829,8782.833436458663,0.0014347308454874164,0.03811174336094076,0.19361309062280022,2.073017642382701,1.4416427162607346,1.301868414112013,2.398021420036022,1731.2555481830025,0.0015830729212200517,0.6786212836323051,0.022567719495042878,-2912.14047924101
51.86018010195913,6.458711892088829,8782.833436458663,0.0014347308454874164,0.03811174336094076,0.19361309062280022,2.073017642382701,1.4416427162607346,1.301868414112013,2.398021420036022,1731.2555481830025,0.0015830729212200517,0.6786212836323051,0.022567719495042878,-2912.14047924101
51.86018010195913,6.458711892088829,8782.833436458663,0.0014347308454874164,0.03811174336094076,0.19361309062280022,2.073017642382701,1.4416427162607346,1.301868414112013,2.398021420036022,1731.2555481830025,0.0015830729212200517,0.6786212836323051,0.022567719495042878,-2912.14047924101
51.86018010195913,6.458711892088829,8782.833436458663,0.0014347308454874164,0.03811174336094076,0.19361309062280022,2.073017642382701,1.4416427162607346,1.301868414112013,2.398021420036022,1731.2555481830025,0.0015830729212200517,0.6786212836323051,0.022567719495042878,-2912.14047924101
51.86018010195913,6.458711892088829,8782.833436458663,0.0014347308454874164,0.03811174336094076,0.19361309062280022,2.073017642382701,1.4416427162607346,1.301868414112013,2.398021420036022,1731.2555481830025,0.0015830729212200517,0.6786212836323051,0.022567719495042878,-2912.14047924101
51.86018010195913,6.458711892088829,8782.833436458663,0.0014347308454874164,0.03811174336094076,0.19361309062280022,2.073017642382701,1.4416427162607346,1.301868414112013,2.398021420036022,1731.2555481830025,0.0015830729212200517,0.6786212836323051,0.022567719495042878,-2912.14047924101
51.86018010195913,6.458711892088829,8782.833436458663,0.0014347308454874164,0.03811174336094076,0.19361309062280022,2.073017642382701,1.4416427162607346,1.301868414112013,2.398021420036022,1731.2555481830025,0.0015830729212200517,0.6786212836323051,0.022567719495042878,-2912.14047924101
51.86018010195913,6.458711892088829,8782.833436458663,0.0014347308454874164,0.03811174336094076,0.19361309062280022,2.073017642382701,1.4416427162607346,1.301868414112013,2.398021420036022,1731.2555481830025,0.0015830729212200517,0.6786212836323051,0.022567719495042878,-2912.14047924101
51.86018010195913,6.458711892088829,8782.833436458663,0.0014347308454874164,0.03811174336094076,0.19361309062280022,2.073017642382701,1.4416427162607346,1.301868414112013,2.398021420036022,1731.2555481830025,0.0015830729212200517,0.6786212836323051,0.022567719495042878,-2912.14047924101
51.79810692151088,6.665555970324483,8767.896270098823,0.0014370777642842487,0.03798419530416613,0.1945118609952886,2.072436936912677,1.4372343278531519,1.304790702109754,2.3978842679901646,1722.369056425959,0.0015162724749004583,0.6796386257285807,0.023905851693039472,-2911.885230692694
51.79810692151088,6.665555970324483,8767.896270098823,0.0014370777642842487,0.03798419530416613,0.1945118609952886,2.072436936912677,1.4372343278531519,1.304790702109754,2.3978842679901646,1722.369056425959,0.0015162724749004583,0.6796386257285807,0.023905851693039472,-2911.885230692694
51.79810692151088,6.665555970324483,8767.896270098823,0.0014370777642842487,0.03798419530416613,0.1945118609952886,2.072436936912677,1.4372343278531519,1.304790702109754,2.3978842679901646,1722.369056425959,0.0015162724749004583,0.6796386257285807,0.023905851693039472,-2911.885230692694
51.79810692151088,6.665555970324483,8767.896270098823,0.0014370777642842487,0.03798419530416613,0.1945118609952886,2.072436936912677,1.4372343278531519,1.304790702109754,2.3978842679901646,1722.369056425959,0.0015162724749004583,0.6796386257285807,0.023905851693039472,-2911.885230692694
51.79810692151088,6.665555970324483,8767.896270098823,0.0014370777642842487,0.03798419530416613,0.1945118609952886,2.072436936912677,1.4372343278531519,1.304790702109754,2.3978842679901646,1722.369056425959,0.0015162724749004583,0.6796386257285807,0.023905851693039472,-2911.885230692694
51.73817029024271,6.574285993404178,8770.602063701224,0.0014350620126159618,0.03794490149626694,0.19427130567352388,2.072869617082082,1.4374698841183677,1.304690124824732,2.3979188229173527,1725.1227526371943,0.0015205389230482287,0.6798079849998556,0.02344407255938008,-2912.149589051575
52.03217874380503,6.584424213445423,8808.604790203888,0.0013213016801288913,0.03891665864457782,0.1917028966178493,2.0683610326827937,1.4540666037972079,1.2916838153927168,2.3984314867996184,1767.167013211264,0.0017667514967918039,0.6754654680494382,0.021124541225258923,-2913.6166825581968
51.960969354598504,6.6929964823636645,8815.35638426668,0.0013013400733652434,0.039042369964096664,0.19140719458431593,2.067978117362437,1.4489005115048363,1.2916423318048058,2.3984496004064484,1770.4673237485465,0.0017655910425350742,0.6749368768999978,0.02121384527707356,-2913.2636505483174
51.88213507919441,6.571331842594752,8810.853605023225,0.0013016135701396207,0.0390064914942314,0.18991189962270794,2.0678678828295243,1.4500079697545387,1.2900449811766155,2.398517709564037,1778.673819893323,0.0018105236197279134,0.6740675362853309,0.020241573429746782,-2912.6226811040547
51.731847879021274,6.551650911866325,8783.72144927652,0.0013737695364529,0.03840321547439382,0.1925288082098895,2.070878308511882,1.4437049463718765,1.2990974587592152,2.3982038567517283,1753.0021373821671,0.0016207820249671268,0.6785966380627608,0.021686141490215784,-2912.724302932649
51.731847879021274,6.551650911866325,8783.72144927652,0.0013737695364529,0.03840321547439382,0.1925288082098895,2.070878308511882,1.4437049463718765,1.2990974587592152,2.3982038567517283,1753.0021373821671,0.0016207820249671268,0.6785966380627608,0.021686141490215784,-2912.724302932649
