"OriginLatitude","OriginLongitude","OriginTimeBP","SelectionBase","SelectionDairying","Migration","SelectionMultiplierBritishIsles","SelectionMultiplierRhineDanube","SelectionMultiplierMediterranean","SelectionMultiplierBaltic","DairyingLeadYears","CallErrorRate","InjectFrequency","Distance","Weight"
59.49503732480407,-3.8594528582569465,6258.719910314883,0.014905232614297933,0.0593112871929973,0.26270325498972563,0.8533568666643512,1.4476812540376474,0.43283063902867625,2.062902392149006,892.4167718606774,0.01471960432587858,0.0011641282630146675,0.03077356615368091,0.00008103556398253273
54.49557833262956,-4.056338481253676,5230.4341455384165,0.01491025499237756,0.05817689703665835,0.10931538090626713,2.197696444320066,0.9193949692229972,1.2707485323031353,2.397476341748841,1873.4965150585413,0.0003338945729703516,0.001042062571086515,0.03855391017078274,4.7493905801037286e-8
50.905007438338416,7.920190825347554,5470.4355580952515,0.01456306492028317,0.05176568018367027,0.2161801423656739,2.0267437588021378,0.6593405985115245,0.49034627754275817,2.336892568522606,468.8316695816572,0.0022715591884630644,0.0036477911281689005,0.025657803815610527,0.00033161486737667037
37.89895008986813,-5.252575204432722,5347.062707124989,0.0014775819880949287,0.05954349098985129,0.2977875430846486,2.0331345558069174,1.7554291783129412,0.44826414722231567,1.103569260393499,1678.216008805957,0.011803028620577607,0.03701304817341731,0.04376762708870408,0.000027415976224067442
52.49486303073749,-0.23818643981415732,5452.349798642501,0.003062301206813435,0.04228636959372378,0.29878306197312116,1.9849362554183618,0.6299064450103246,1.2611125282356201,2.0747410363669196,589.4067112694509,0.011577278786616754,0.06406345840830702,0.039522646453140096,0.000585385009415306
51.29671621216046,-0.0517857432494111,5708.323225327198,0.013895147042591103,0.033157744413192414,0.04567928710324997,1.1401702410045527,1.2935549070504933,0.44422396120281993,1.9237021459236623,681.2986707363048,0.005422299296991683,0.04660030570646764,0.03818341538822043,0.017065445814296958
49.37795037675561,1.0077823606938239,6374.52099670029,0.0000764681658621378,0.053392670567085854,0.22628429695862642,1.888357950601478,0.6524774717216618,0.4028561244676028,1.015403561005088,188.17392563175702,0.01565510886127112,0.0012252781616626256,0.04394989838328408,0.00007577788228578523
52.26127292343856,-5.273210136229881,5070.792105694793,0.0038937241320579946,0.0594265648242808,0.21243841741905398,1.414089235686634,0.6631454359591947,1.345599328967628,2.386235000589894,1929.6189357744763,0.01359585958412499,0.0038615700902753206,0.0414918806622939,0.000024201347308806945
51.883603806864514,-0.17116106710981072,6959.67928597832,0.001130477432471716,0.02719935495628968,0.2996477834807623,2.159158553216671,1.378046292467301,0.6041646945354539,1.1694447470261542,1802.0811023815709,0.00027391056671245733,0.08981748647146322,0.039772797412548876,0.000025528750722091375
46.4902420102261,-3.3903599071610593,5456.5273170523515,0.013439852733012257,0.052168825604560425,0.12361149163847382,0.9040509910102736,1.494011350321325,0.5358282811501095,1.0156007028921228,1412.6264746291638,0.0022959541739102853,0.010787085616247544,0.041205353623506635,0.01101692739831186
56.85130949871971,10.373117221143993,7524.156918418574,0.011636806499891442,0.050590825931482744,0.271185498967431,2.158028630270002,0.8194320041407923,1.3410776498109134,0.978767767388617,1968.0475715898613,0.007330136118373426,0.001534809366717797,0.033163250895318054,0.0007957456724408902
38.4831562769462,-8.398699031941883,7009.39348706419,0.014865789078084547,0.059762441329982006,0.11256473885223785,2.154990781673841,1.4802890875445018,0.40140963453518197,2.382244714059879,1961.4291911717003,0.01976574342705689,0.001967354991267283,0.032475962756850246,6.029976379142777e-8
57.448694130896335,-4.55938527078819,5254.672037456199,0.0040846971465348615,0.0576700691646732,0.1753858231030246,0.9055622038464071,1.490971633718467,1.150793600442027,1.4071896020523122,1783.9742269871551,0.019216169451048728,0.09959158334082223,0.03568811522414012,0.00018223246657318796
54.20578452909611,-3.435848229398659,5186.622864113383,0.01460368743774431,0.05624297936147737,0.2689046153544974,1.4064317021376214,1.0931414924479619,0.4280810408586721,1.7208234764336847,1560.0406823899957,0.01902465069002946,0.0027874679926292913,0.03517208412031355,0.0005268239759449155
52.340519281117665,7.3406657179221675,5343.097129221487,0.014839866276258882,0.044298881369242024,0.024570409214181025,2.1017496668571187,0.900752682258361,1.2064936126206804,2.395414396570173,55.42624756780676,0.014769324958832646,0.009876337063988817,0.03231967308392986,0.000009219912217069803
40.61699375132411,3.6891380582463533,6347.807530090922,0.0062820502178260774,0.05330324402170141,0.2969656878949192,2.1529674188791836,1.1801189841047952,0.8730695664192794,1.2803192343171257,1990.0664985684932,0.00023566037611153068,0.002518327754680625,0.03523593961758231,0.000046009744447501785
39.01181576144589,3.037124973676411,6643.302333187345,0.013618209042016468,0.05400616368617778,0.2885614825478574,2.199576850402133,0.7249976401753894,0.6175470945010257,2.36888699789316,1149.280526562343,0.005154880423426959,0.0011451024810898523,0.03140250644472538,0.000013109246916966704
44.33254867359886,-2.101712378011859,6552.779066515737,0.014607257309349466,0.03355889970118807,0.2123482856086871,1.7483275433492174,1.7672936514269697,0.7282439688895386,0.8166480659535916,374.24896676451255,0.006058003640832338,0.001116375492875384,0.0376082561919386,0.00046304588376349363
43.12851050077011,8.276391474036732,5195.213161929262,0.0037870453112233233,0.059010458516849953,0.08013916754487845,0.9655926539192932,0.6035219465708199,1.081819447200474,2.3992490752903697,1970.0727058985876,0.0029641021443534365,0.07903629348862316,0.04050832431806331,0.0000010886556273538113
46.50872016182002,1.2003360856219913,7842.900611651883,0.0055506349489770615,0.0273359328339579,0.12014906096508647,2.198161594379022,0.6131420218674425,0.4160428941656923,2.397648395799819,1955.7484930818623,0.013722448149593848,0.0797497678994195,0.030933382650541085,0.000001527799974741243
52.414446797291404,-5.027547120327353,5656.610456249752,0.0127628425433944,0.05410013873206404,0.020013848846976563,0.8085286235736051,1.6046314276640556,0.49982273236587266,0.9504809275878001,1002.031710891192,0.0004988599460527144,0.02544630197896298,0.04328218343775675,0.0000036374859821355804
41.88053294346517,11.128798433641172,7921.140345909765,0.0023301385041828433,0.053175102376243684,0.20385284961401312,2.1864789910749067,0.6188012491577164,0.47527302553365325,2.133398793270345,1985.485108192299,0.003516606657701571,0.006037200319370969,0.026402333304076372,0.00007057445434025828
41.33705512040408,-9.497282629665644,8536.79767304658,0.010526187673866797,0.058878741136703036,0.10086767998948956,1.873647823169448,0.6058775077755958,0.5234625319580485,2.3948754292650523,1894.6403902076745,0.000046630749288010746,0.004298221351841222,0.029768606714121133,0.0000025829963625728728
57.156485290434105,9.617706508859161,7188.882125320102,0.005483241206094956,0.05192454951523807,0.13740152790493984,2.0201869585525247,0.8633201005766956,0.8420905072191218,0.8976016259325116,580.0160417682606,0.0015544644090830905,0.001032117846707419,0.03722248409476447,0.005968486881010353
45.29500781302207,0.5673625489837111,5079.59498130302,0.013105512420888987,0.03824988582384506,0.15937231501577687,1.1374261823822223,1.0256879906990621,0.4546612274227864,2.0337728818457377,1989.165365016598,0.004214985259147868,0.09313086237840607,0.03289311394438051,0.00021854047203301427
54.88926368534783,-3.9540459983567624,5494.170820489862,0.0021969773186477468,0.05749195962146372,0.18823249245121212,1.783843732542358,1.4061001659395245,0.5441838697037962,1.5842149515693296,435.4924308480464,0.019381892923580873,0.0020187773472834045,0.03765553544158287,0.00558974177196775
53.744126834152254,-4.378242055326809,5123.841861084716,0.010345901952103855,0.05048219761294825,0.033945725787472944,2.1999187015639423,1.4420269810309434,0.5361955591606413,2.354948393038448,685.8181313400515,0.00711567957836725,0.0824474860073713,0.043713414529460926,0.000013145590430516321
47.95336814539763,3.64827913502174,5672.333068809689,0.014320458130928812,0.0484916333435789,0.27194861464704967,2.199983254326577,0.6158867445558672,0.5465396092192021,0.8789532012630688,19.343493137372313,0.010187076307854447,0.09118918442603328,0.04395488265460872,0.000001087347876454489
44.946848343093784,-1.5104500109486168,5506.086267524651,0.0024331349146315714,0.04330189169621378,0.1351928997247208,1.6365159230677016,0.6560875618316431,0.6657220940764312,2.285289511827888,568.6913162944641,0.019410561720462478,0.07163283142802371,0.04397671592984503,0.0020580421897060876
45.68059190334763,2.723240337547697,6437.192120443092,0.0006054326517584978,0.03661860239508974,0.26248112995184775,1.9417648626673503,1.3651400740762552,0.6730450486249469,0.8105369139520044,698.1417484336267,0.0006200051967421475,0.002409905573146173,0.040305797621963554,0.001504856740046639
48.5644642482733,0.15786362626691286,5520.492509979513,0.0005484495825330914,0.05710287537708512,0.29250397292827285,1.9324351416103418,1.4493913465965287,0.4143361823644593,2.3979701796024573,1859.997476660957,0.0022564059830131275,0.0013002507212236517,0.03606239669975995,0.000002145935825167777
61.809599744959996,10.86792050759134,5307.710747485091,0.014570770039142849,0.05639998844645298,0.2602192959262182,1.4503708509964444,0.6512712188032733,1.3929639569466934,0.9663747113525551,1736.5759519989688,0.009677848390633532,0.09872336427761311,0.043663289218801714,0.0000017415013165009938
37.37753677158255,-1.4966099034828613,9174.834422077492,0.014464227217913848,0.05647114008921707,0.2599142912861863,0.8670137443931506,0.62604442308526,0.4232052670841565,1.631475929144879,1674.3284856541075,0.009765848142018498,0.004885306586529788,0.035425950778488806,0.0001841361838367967
40.92308539837723,-0.9978298476532022,7128.589101971669,0.014240341773062081,0.030317877534291136,0.07258156955818153,1.5761760017205106,1.251207542052935,0.4340463610143791,1.1299097119468937,1995.6819962717846,0.019471153009846847,0.075661238562143,0.04130633410661005,0.000037586206613333344
56.20473400743855,-4.702892391038616,5373.028137502548,0.002522691501185731,0.056789518821717455,0.11049554695952342,2.0117852207034383,0.6099837537868956,1.3692171550262973,2.3989788837362727,1931.7847603701612,0.00006640466139067516,0.004060104788071602,0.04379837084233319,2.3277563527582526e-7
42.45689787675448,-1.9748953158039662,8802.558501139958,0.0009143267857382087,0.04382331807742987,0.1477715863534913,2.185995926072558,1.2043977768186365,0.42647358646634526,0.8394693268281976,1852.1767803044627,0.019350635492953735,0.010683718203018139,0.03959705950785582,0.00018585278985318803
52.0998780161571,-5.870349157952271,5212.942310636685,0.0028474825842392344,0.04742674119679863,0.13189797211443402,2.175177646240482,0.9010101331986461,0.4025872461417026,1.538063818638027,1958.686302415492,0.014902727657934633,0.026632554173478103,0.04361457374582729,0.00019256149265795862
40.62730749897132,-9.514330787068431,8475.56681938696,0.000026703024635035285,0.05946551309203118,0.0829722941763878,2.0738124231470927,0.700592465104517,0.40174147276420186,2.2066506647273574,1996.9716469678835,0.000054325303550897653,0.01914200461507948,0.03895502278275055,3.3634118749098925e-8
48.174547035411365,-5.423056811531608,5933.742185065557,0.012391096330592313,0.05392326583006379,0.08813938392181515,1.976343890965062,0.7934286493125228,0.4820561199793129,2.1253240425577555,565.3574956810867,0.019450919807775927,0.008250325586801138,0.03790146064517063,0.004113403723987517
46.635484127746835,-0.807520071811263,7524.677205500121,0.011167409555776161,0.04879208608008012,0.2470686295829148,1.285491226349929,0.6018715747824338,0.8061164699988154,2.1508272080887574,1937.792353198375,0.011680047309925176,0.0017600157889803146,0.022559174106801815,0.001399603659799574
43.72975580245996,4.306347128845967,5047.783923000676,0.00007746826436576394,0.059313536350091484,0.2898026685147699,1.614109108410017,0.9438244451305225,0.8944850199724802,2.3988292816725325,741.117964733751,0.01904710819040005,0.05471889309981292,0.033241476015844575,0.0000017404229609922573
47.44418849907247,-1.6356571301669867,5046.638980588302,0.014472760244358967,0.058213542372932456,0.08467363405529553,1.3343986407445363,0.8654287053108902,1.3120261612982715,2.311270839566398,27.69258475711171,0.000051028891673087444,0.04484675956622095,0.036507995547635674,0.000003825569065960903
54.59123721397623,10.164115449371078,5071.400053328553,0.014988739434685313,0.05861430974781594,0.29688677977205896,2.05735599765337,0.8935528347161978,0.8632469964591016,1.8452847620108248,1653.5504183892322,0.002257721296255857,0.0010202777562936076,0.039960762490751624,0.0000021542885690324102
43.32671565028551,-3.7343597853838437,5748.389946866417,0.00022383659857926923,0.052571385526965074,0.13524461377364339,2.1353487420554487,1.455557538883285,0.41191321505409245,2.2843356058116338,1983.3492537248248,0.019951375750108722,0.06268369868672471,0.04145593421303561,0.000002337152415925025
44.40432972625188,4.488493862028136,5716.004237339516,0.0012932467378265653,0.04447208891738483,0.1622695585374354,2.1442005660980064,1.1859300991346846,1.2166287225493075,0.8009991460708316,1845.9253225903788,0.0009178125349253231,0.00796108728670852,0.03710669093974373,0.00016572512612865193
48.20553444551767,-1.1062302395082124,5094.203575777754,0.014691375516615554,0.04471207810692266,0.11424130604478153,1.4869433132045624,1.2013198083512338,1.3645801543992453,2.3166654954958465,518.0156695562634,0.01820595588503974,0.014990565511204958,0.037954209239792557,0.0007765623673136045
37.97374886509134,-5.8189657224326075,7977.164201633732,0.0036652365034634516,0.05012270231247376,0.29446042795317534,2.1851471063918755,0.7767401509953531,0.7355775414868655,2.3804837759384876,758.3527180774381,0.0009886400659110794,0.0015046440010440055,0.0341795937433853,0.00002066901050232631
55.3476193629577,-3.782676120949599,5893.985332529095,0.01356429583778917,0.051223554296685535,0.2780747275543695,1.2425990993159637,0.6583129030806777,1.3981090848549513,1.7767762750432547,1791.0699362856863,0.015387938432167911,0.0019316627418831432,0.04165439014487498,0.0004778257022829856
39.580187186641574,4.544016249328919,7227.049089095395,0.013245550496412987,0.038282602187209,0.06365956946384305,2.182269016912866,0.9579947598346004,0.40690910658434515,0.8225109978869937,1135.1660718986993,0.010638019512402437,0.0614161443285942,0.03811111580684818,0.00014124214466494
46.45396715323936,1.8154830163591011,6099.679320532915,0.01258047977229913,0.05662146846823934,0.028356988848985902,2.1151797977379854,0.6554644002820494,0.5074179956082638,1.3420733813814496,170.89229366152068,0.0030122712334427286,0.0020755047112089643,0.04271309060339078,0.0003258869837663034
51.06394921173532,0.5835708695740536,5118.304204183192,0.012888365684389553,0.02677253908419983,0.2887952402405467,2.003270558607926,0.6018642969666168,1.128795740840975,2.316334841814605,1840.9155612650886,0.012182742481957895,0.07986692819310119,0.043397296395864614,0.000012625494435254134
55.30502042834508,-5.009146262867797,5793.227891437929,0.006241387506306784,0.05632708221170203,0.12035193661861988,0.9750801372934845,1.5120282704465904,0.538150229674361,1.647949947039764,1966.4721721396597,0.0013527259182895463,0.0011973643305434828,0.042032702081379665,0.000672889282160254
40.92296543671473,-4.426869584940953,6510.252388973848,0.014891787085663688,0.05448373993076102,0.020274141914267775,2.123366520710086,1.705894754965152,0.44646441199147513,0.8299996885613549,1042.343136167776,0.010900399896621005,0.027363435919780993,0.04338944623858485,0.000011724786940371685
43.14050391839336,0.3482393199686076,5927.661912444649,0.0018464766776249658,0.05888683756573197,0.2790954299206159,1.7475134738947062,0.646179177086204,0.599592798411006,2.2382929138858643,687.7396134479956,0.007163480289829969,0.0010731974551263848,0.04359550590988604,0.00045124669907846464
57.13700565289709,-5.579837403688508,7000.348573077761,0.014413780736035602,0.03897941199023061,0.2994551988962946,1.5862364862403822,1.797147356418081,0.43413697538578144,2.325381264972248,1962.2703438581607,0.003606022375625674,0.002320633607610717,0.03556305748376527,0.000004060764497966616
40.661625414653045,-8.580940293942335,6818.419340768601,0.00675994056293769,0.05732243577991894,0.20257284772105552,0.8806244940395227,0.9323593959958542,0.5800175404490387,2.3501731673155115,658.8607708452396,0.00013193426331024988,0.06739559122338867,0.03901628365718095,0.0003406364958917814
46.525847143236035,5.374527898712106,6924.7444749299175,0.009212658824930272,0.04527415853786771,0.2981187625227077,1.0208411371630102,0.7519221739570495,1.3479996205251945,1.8186427756297623,1761.582904321745,0.00497068368577857,0.0029109429021380345,0.0436685566417543,0.005776550171841587
39.588406721215186,-7.905897863607039,7224.765673125983,0.013085311678662993,0.038649113878795056,0.2834212082471461,2.0553936982065615,1.7354270381508172,0.7084410462317515,0.8061178963966119,93.50148985079191,0.002299712713581944,0.002952673764525804,0.03814738272229085,0.00004419194028081714
43.25757356848535,-2.732291653215495,5250.256611416622,0.000046706334088418723,0.04456106454618429,0.2973151977355952,1.9601682652289851,1.2926881231255807,1.19799715513371,2.36600572301995,167.39844828800616,0.00015820051395125972,0.06387546489598095,0.03891986293694457,0.000002905367371586628
49.10833267828262,3.5681772435574537,5070.780224309318,0.0053297333031768,0.0598554227287817,0.022934629948949584,2.052136005854682,1.0278421835410705,0.622981648516867,1.8333870084561499,6.252034506935836,0.0006127001812263567,0.052618836302445716,0.039233334773552155,0.000012534590195019571
50.87123837111701,1.9146350214052497,6943.307044829554,0.0075893120641983385,0.023043724327508223,0.07810428518786747,1.3687136954403263,1.5548459146146012,0.4097771450613145,1.5768105126812104,1698.1089026183633,0.014092437984216258,0.012836010164129266,0.04067859218039953,0.07008148151633048
50.038283880938195,6.101179742432674,5738.114724383902,0.014245262280519522,0.03158124569585131,0.14215944699229177,2.143615066790367,0.8832336580502943,1.0774183790825114,0.800002360200258,95.8244808254848,0.010344387576031849,0.09499510812494077,0.03458851462923542,0.00000809763372416957
52.176917272129856,-0.21786041672231526,7453.100008752173,0.0006862835139894098,0.0562258284174467,0.021534459056214154,0.9362037226974727,1.2566434091061074,0.4044147485765376,0.8947658255700885,1444.9265794728997,0.013474258392484775,0.0037899317982992885,0.0366858521468051,0.0002303348598774447
54.025164712274346,-4.047657825510337,5202.871038210055,0.008142766220319347,0.040374392778321985,0.26778194739359074,2.199553287773816,1.71383589571907,0.7223467035222926,1.0007005458121736,1744.2052283410262,0.002640503401640824,0.002048937352941767,0.03967233646669247,0.00019014032539263628
49.89372906249647,2.1216619036523063,5450.55104138799,0.0010424456084333737,0.043320675845399455,0.2992978633066622,0.9875768097686408,0.7818123713046089,0.41468526131421785,1.5306458955844806,877.424957512844,0.009186279830082609,0.0633926400708353,0.043883458291194645,0.00042309005625507215
42.104684756136855,12.205943427938454,9830.102452938281,0.011782139625690797,0.03541994274264329,0.020862457565358133,2.1295738557296984,0.6108455579408324,0.5403213974635374,2.1318253205633546,1999.5777817807025,0.012874391494009728,0.01881450505485398,0.0408668375735209,0.0000023026025438813143
52.08097859688633,-5.422051361351244,5076.271836049041,0.0001418301101535638,0.059700240961399066,0.09105952499019522,1.0746999294814166,1.6897551003762459,1.1357248493236578,1.018584427252889,957.3237654445948,0.0015161649790629097,0.03989863044692744,0.036055979377975084,0.00007580973193843382
43.631938143560625,5.758511796265335,5020.560024987301,0.014115148828552523,0.05267910219738633,0.18567333140713493,2.1759397291880536,0.6047284141037508,0.692506559114958,2.361067565555353,16.459372143915186,0.004241577902051677,0.09633912858820705,0.02648961529756298,5.703184707136796e-7
36.67397259087822,-4.105001933498943,5165.874574768089,0.00013801277917604724,0.05934210210604228,0.23446088577785948,2.18471391742262,1.7523341391375205,0.7912994851071076,0.8173181304188281,337.2166185005789,0.019122569646075675,0.03165276438126506,0.042294686260504276,9.883389820140185e-7
39.21275800724168,-1.430201554779936,7650.121998804767,0.014848572869740357,0.0471091294055069,0.19327440909701443,0.9322791944421219,0.6344784316951463,0.637453654228541,2.3269831129737355,1990.4013682406437,0.0017562661868430677,0.006779027096823827,0.0321179894159472,0.00002529622118735676
49.29614808598311,2.7690000545495987,8142.176478147736,0.01416396947805183,0.039236093855728064,0.29990518766953955,1.2535872315360197,0.8806688751549674,0.5026398388150252,0.8688765899635864,1737.9099214036823,0.0015208727068991084,0.002128966826836806,0.02821274574923845,0.00015981816576975602
45.40867042262504,8.257006984700634,6851.199364904998,0.014798563819494138,0.026984949938409244,0.18853676587389986,0.8735109559826517,0.6405220162417603,1.2548929126668913,1.8688942197990717,1911.5358148704238,0.0022905762070992187,0.01622123431699421,0.041933538024278794,0.0009818408865064302
48.25091802274318,8.876367178308499,5985.014371067319,0.011642906482499948,0.03564118297723879,0.07184778356123422,2.107246132366137,0.7648880818618637,0.456368459397865,2.3929303580965495,12.439707852318351,0.0001235267780258126,0.03925068298145053,0.022587776806381833,0.00001665221513441547
61.99884967559404,4.043201220304166,8050.978972718878,0.010829083062408998,0.030160223264570952,0.21946778180305201,2.1285981487695578,0.6523327528820552,1.0203677033847978,1.9768652701351004,1696.1880387319427,0.017516046032154564,0.03607475440813801,0.04328183550582044,0.0002564481215566995
58.186254102949846,-6.653770606526056,5005.358083111841,0.0008938619488449432,0.05454531397308128,0.26308116588097413,1.9268794050212539,1.1042361317000005,0.5660776763170448,2.2203733401616805,286.4290044398347,0.00006934130802460162,0.09778776624597692,0.037411681853357824,0.000005984319527242507
40.18785097592636,-2.847081044117246,6139.989644529624,0.014470623091274077,0.0560941344076913,0.2809224745039916,0.8777798429518876,0.7042596788702533,0.4001481718091997,2.397148145159794,1462.8399437996807,0.001179641409672203,0.085973658753371,0.03036994065173478,1.905486700403289e-7
49.94497107084263,2.873627513058633,6720.465675717561,0.01453864879071055,0.032902157787154246,0.2881767710604425,0.8490238651710751,0.617497229731062,0.5336285330685948,1.3070027936075392,1986.4070636749193,0.013249411489288175,0.015384503848861584,0.042995780852064715,0.00007317514469453083
49.9133600393492,-0.39254946613250397,6579.835705237617,0.007421633810815518,0.03460942339273265,0.29422713807847695,2.0610862775409036,1.5393379568280565,0.46450029719753305,0.8403780295235711,1925.4759334295436,0.0020276027464350473,0.0020273057679776234,0.032399062543209324,0.00036157693564195937
42.977111116126764,2.6488937279087104,5182.00888447823,0.012317274128185503,0.05759244528894127,0.2894332531157614,2.1670898407193744,0.6576295450531087,1.2895217376549524,2.2984772221042586,19.87368254550722,0.000766827064773426,0.001107458031064787,0.04091329153817282,9.390601095987598e-7
52.424828141482266,4.833384667200308,5253.666348012395,0.014999602812275716,0.058459295675467954,0.050590043101223184,2.161389060657874,0.9949026539452158,1.2353612741868316,2.090666075775882,1225.6079336064372,0.01673082480604104,0.0031722208203468086,0.03541660826383417,0.000029214091617300584
37.05016414734721,-1.296853599987248,9427.778809450914,0.0023936015102165196,0.05947968995739316,0.2998440683719304,2.1806813449446394,0.6758946614486725,0.6056271558929474,0.8422238807038342,1975.2699307580826,0.013510468977643155,0.0011090076619146088,0.041481051401123126,8.87489593076815e-8
37.988128444487614,12.06075358827514,9106.578157028318,0.00013466318169817317,0.05382734439437716,0.29076571462781503,1.9323671618880667,0.6081449761200302,0.6588366518769091,1.7670021616756189,1986.0091868039215,0.0009147583618313753,0.03862451781292965,0.040551266844227316,0.000003075199089022771
51.602672491805606,4.870016874576178,5011.2989490074615,0.01492308756249718,0.05369234791143817,0.024459462251186396,2.1384257523556554,0.6754828947622598,1.3627026800807593,1.1159041013812132,13.94271704842978,0.00796847252816016,0.011100476776572216,0.03971963315096768,0.000002185126258074727
53.50826252879614,6.344522135621329,6631.12956491906,0.01106251006394901,0.04952338748735372,0.022312457258709957,1.346286408156507,0.6810474920996209,0.8263538637602562,2.3834902115915257,1999.8779168851718,0.012300078160038265,0.051841144152392396,0.03735737239792785,0.000009251503757248955
38.93503463224235,-2.561661046428487,7631.271051161462,0.00612759189779181,0.05237607335048502,0.11099498101832668,2.1817527128519565,0.8400306823161316,0.7718323731680208,1.8207161397032032,588.8352740370689,0.000015852322284255398,0.0010799791935960689,0.04042554154733012,0.00012819478051087342
49.87754071849899,11.585491139671095,6531.723163833566,0.014796267270654822,0.013849592689861518,0.29373200516884995,2.1606606131106614,1.1480281455844805,0.4602635209977317,2.295413864038022,743.4025209726617,0.019188350114503153,0.06439581385364909,0.04392514135929415,0.00007393891860671582
42.311455377925185,-3.99110471208182,5623.757772797996,0.0015107758631447072,0.04691720903558986,0.28156300736717965,2.1392045752498725,1.7972732701667766,0.5047829118051406,0.8518763160448078,712.2433064884314,0.019517995927324363,0.035644785681579465,0.040247662682952684,0.0000207440616767503
47.397412782189846,-3.3889859682922427,5051.412881326561,0.004936258498582002,0.05682273349612759,0.1848782175685256,1.1108660173605682,1.2762809637917742,1.2054194941573009,2.3813293502917983,837.0394736105227,0.0007567322977217865,0.011562243757349721,0.04168388285669408,0.0008063490002244347
56.28662550798185,-5.156325630975652,5747.516027610697,0.01184025476694616,0.05886801208263927,0.2801960055523811,1.1545728975149734,1.4727323471708462,0.5016484149828281,1.4947210253204557,1915.1608631092415,0.00035808755435386656,0.003760185621412585,0.034241843254483165,0.00031443234906758084
41.14538079028356,-2.146105351686866,6185.695637447199,0.002768799949272802,0.059171957674945645,0.07489854096711207,2.056129067815797,1.4191828139043057,0.4460567795919679,1.0474586622844684,1620.9147615571007,0.001586729759698925,0.001335306636205915,0.03833835615291635,0.0004729595720159774
38.89930803761955,5.118419316327538,7009.263388526113,0.014905598204644085,0.028552013472707666,0.08677350186713219,1.039861508792787,1.340048623610298,0.5328861067925685,1.9239441439908753,1995.9570654324534,0.008581043068252029,0.09228518812855985,0.040327106253962686,0.000037262220148628816
50.957710145584926,-1.844677717920618,5301.853796246311,0.002037311022232985,0.05956834420121235,0.03934230456255286,0.8231675379080854,1.5375486246529382,0.7066794459819415,2.3428763071928165,158.68287613134675,0.017342145707434663,0.006276385695533222,0.04298510071236862,0.00016612612387915046
46.71986607802728,0.8369689127769799,5477.135746571375,0.014878158754703878,0.03858106037376893,0.025246354798017866,1.507617664956201,1.7682860611826898,1.0594292771498819,2.0336675948946077,1011.6845267852794,0.0003497734448638887,0.014540534578777084,0.04036550744508329,0.00021845155694146217
36.68129686451645,-1.3744666991319399,5917.499604989137,0.006648125908769385,0.04318962854261857,0.13445959373035743,2.1199781585693342,1.7908322091231912,0.8403991095278736,1.9761217330417646,271.5031258245762,0.00005962200154681842,0.010553625108755103,0.04222299194600642,0.00012335703742464207
57.89545554718204,-6.248827334858312,5662.0079982109855,0.004863787246594854,0.03705007300378701,0.17572381243607246,2.1108549911202914,1.580560987453465,1.2562704782218839,0.8042910790551621,1815.6199759331855,0.013773601225221315,0.010230555008930534,0.04030769449465921,0.001009777881191222
51.2360746776167,-3.840113550282707,5117.114228527795,0.012394009351535352,0.04012266426737367,0.12410500218598512,1.8404155965932312,1.3348031134271061,0.6062747887453477,0.8006055193219632,1592.958844503796,0.004783470396672942,0.002315517145762967,0.04416262369279802,0.0010629642428517348
42.49664105864914,4.045081606160183,5511.047646053395,0.009705680139948795,0.05857468341996737,0.2192698256172164,2.1861696688146735,0.8157669354713244,0.49057894384188677,2.2493294156708346,1988.3555524853437,0.015074092572591518,0.0025163527959312505,0.02777034024740382,0.00011141404029096927
59.54491905330074,-4.869942053277254,5119.752584568132,0.011107685678281675,0.05170735685748571,0.16053363381334587,2.138651862883422,1.5029571242602158,0.4404748816580255,1.623936264519799,1839.6382451740876,0.0005909894977141339,0.020865168120211292,0.03967162105142934,0.0002580812953091604
48.97941762272857,-1.7034850107448385,5753.758970059814,0.006749713429241169,0.050140470350572584,0.19590098982393875,1.7018139321239287,0.7038543991853345,1.3672695342557935,2.1213944444148964,553.0432305495838,0.0016600470210292595,0.0018116289631451372,0.04344509497631109,0.009250136719457814
38.3797987136908,-4.356871462185048,8220.777785842924,0.013890244132433381,0.037263801929557666,0.29372990197383936,0.8750731127135561,0.74337811664469,0.41550815642445627,0.8632083993926871,1889.444261389802,0.011617777704600785,0.03413941757754205,0.04326368942306813,0.00005918130615595067
37.78417490937481,-1.8104301822908422,5984.656028504663,0.006788080192306409,0.057391844653945985,0.2673830290157945,2.124370869858221,1.615801187196837,0.7775520406946954,0.8007999531103854,1891.2783293439245,0.012015961817027972,0.0014569147716782535,0.03706677169733837,0.00003160894261332891
40.303250200652414,-1.9035631167619513,6667.367816852564,0.014909020060455375,0.058921182822300605,0.29839579094713964,2.0544290933015628,1.2378671315708165,0.42247836275074446,1.3528763414222387,220.26122559105056,0.014092607147598045,0.0012136420723509714,0.03860102996481481,0.0000218569116767368
59.14459152827975,-2.9788889957894984,5615.065711053678,0.014100052040214998,0.05804451840384368,0.09751313297518154,0.8217910610891113,0.866250440887032,1.3922870594357781,1.3180646927417998,323.9156895732367,0.010277446687477985,0.07568223446330144,0.040549447052937206,0.00023163118801844553
61.49068786094291,7.724146611106018,5322.303037983889,0.009049379209991167,0.05952179979017811,0.1229395812089973,2.1871489444514376,0.727533572440505,1.3875546010463293,1.573043348667343,679.0316697312583,0.016489186904632497,0.09043998987711524,0.04220290630594304,0.000021229616112661838
49.01956603349932,-4.536880330456568,6797.6781885835035,0.0016718777342243564,0.059574785385438374,0.28992157116078415,2.0379329635893697,0.6919103639922028,1.250542851144965,2.38746583850266,398.27824069862197,0.000864730837120941,0.006927384461408505,0.036873263296780694,0.00003157286553843125
53.3510131777603,11.573138521124623,5347.66431528096,0.01348806936266661,0.050407884681353016,0.05156935566594603,2.1048949637006817,0.6073084632957595,0.41356121245174776,1.4964930134914431,7.169803880115794,0.0033676442045363405,0.09661652636507596,0.04195819795784235,0.000005381572512562374
60.55591300656315,15.899793365241763,7064.352780491479,0.009564189202595361,0.05229383546044462,0.2981393504182523,2.052033661948318,0.6291469536407902,0.4385702127571835,0.803093288167576,988.7583370512401,0.00002148649699503983,0.04248048775210562,0.024143800072693896,0.0000013066568672656374
51.68909780709336,-2.164844113464122,6427.883914893959,0.012005373135211784,0.02292443729139868,0.21643753415887843,1.871188812808643,1.118089741275992,1.3282986310316836,0.8005028613012136,1456.33176733289,0.0008946429196370269,0.013037462803395102,0.04422574704888478,0.0009104714375574427
52.11188949649478,1.7459233641753968,6245.826984116211,0.008537441399724567,0.030059731884484568,0.16115000527342538,2.025718404040775,1.2745679397659706,0.811083520374195,2.3644276876849606,1813.549022699895,0.0011655411437442886,0.0846720667120424,0.03753463045074454,0.0027148749442061767
59.02969647205708,-5.314590236859524,5147.8008996600865,0.004478643599829159,0.04403845202000066,0.2731158327254615,2.0551817232129093,1.7158130465181785,1.3974771321926234,2.385551812811509,1021.3294765280161,0.000004239311401598505,0.007726069494335019,0.037288072079938894,7.205124113405513e-7
51.95110323305598,-0.6973406590470521,5029.373210234538,0.014241203235270287,0.05446665515605695,0.1733850525997066,2.152569912404684,0.8572091866976097,0.41981192936542755,0.8028750865076015,1951.7671341215532,0.015104076420606254,0.0013895966196935433,0.040076334861105414,0.000003215172970169914
40.385682247087786,0.0025768776918422276,7952.700760568299,0.007556382751642283,0.04016548236000009,0.08575334212718927,1.317173328407216,0.6205110925418383,0.4069653798179792,2.2762314212944013,1476.1298899905457,0.0005768998393170065,0.0313181484776367,0.037790617178587095,0.0002898726405941088
43.043795788490925,9.173055433875597,6279.743819315407,0.0006728713370794076,0.059340839781350074,0.2970261686450315,1.0984269542353298,0.6135892666578091,1.2956265453334148,1.7586625447091344,1911.6192519713404,0.00038626696177534845,0.0016118262861604437,0.04273408880535886,0.000003091185753616494
55.78118788681522,9.249054530185177,5012.256633704531,0.0129611517717945,0.048544759589823516,0.13132886066873015,2.1722246766642224,0.8195707772765254,0.7057325219313633,1.177211911364425,1978.587969037434,0.0019420089706033916,0.0976988321529834,0.03682358912480876,0.000018368862152422843
49.85777860783692,-0.23357538304489722,5466.661375959265,0.00020515961385627295,0.05703292105780697,0.03131021194026311,1.7321300002784494,1.264275113870624,1.3968779120774202,1.598341034758063,2.190994550808443,0.0037342235032742457,0.0011001552743028563,0.04010671620306924,0.0000058416402409339855
51.1095253118214,3.8731597819757617,5269.637683132541,0.012061264747182053,0.04549460718391057,0.020021903875089144,1.6731284670728175,1.577345066713482,1.0243595059271113,2.3402162860305262,1218.208321822675,0.0006244550424448549,0.011150644177314498,0.04056916618159217,0.00016711956628981744
41.71522057660545,-2.0975965020251754,5089.5401431252785,0.014974625457572327,0.051801348028111566,0.26135958415407784,2.191293327204454,0.7830715276139791,0.4183123524444352,0.8213022771960476,1939.3515897386467,0.016795343933265306,0.0954032318074902,0.04038980752066279,4.8326769986678295e-8
44.82890772433064,8.800533769419228,6650.34456491425,0.013885433702035583,0.04513517375346311,0.040504766160977757,1.9635844528227193,0.7200124973192727,0.957947957529507,1.6843358616862971,1123.2443672916352,0.015154175079732737,0.0022380740388920524,0.03630054572258629,0.034121570447723445
58.4555857780133,-3.557219771879934,5017.085333596103,0.0069894259216445685,0.05204174649640783,0.20630667612753023,2.1226133466863666,1.418848250094977,0.9250163102957752,2.39628776725688,264.1261574658555,0.013438404315555371,0.04333935881561445,0.03792398927955636,0.00011769349466171006
43.133489480150004,5.996805604752225,9154.181444335612,0.0012549819779929992,0.05960603467450031,0.07373762459671691,1.8095423769128154,0.6544155719213633,0.46813714929604117,0.9091259143085698,1987.8223129524054,0.0001866259090393843,0.0016891315369110685,0.03933153858953012,0.000003876968825072155
51.97436716261278,-1.2944504580908873,5414.877714352333,0.00001230873236330434,0.0372789936724017,0.16445150486319182,2.0909440051544177,1.691081236241871,1.3595916726375719,1.855867343541518,1137.34749377917,0.013087776751532066,0.007997022399531015,0.038297688180097,0.0028505686980041622
37.08193107082042,-6.8450626285494875,7842.01787611674,0.0000030088030468625846,0.05573856744092464,0.04718288299746054,2.1759683131543723,1.744658305003731,0.5462089290482663,2.1192201923368126,1954.7022361882102,0.001425484569281243,0.0010043088675706078,0.03578120713730814,4.038536236873644e-7
51.44203363096501,-4.428150341129064,5125.61895750438,0.0032954280964347885,0.051609471926420646,0.27160731043219155,2.0943630980893366,1.7761606281790239,0.4495707730653654,1.8438922318479225,1669.1465589076129,0.0002937717143433056,0.003372678728764176,0.036388593794812865,0.0000733010683968369
42.75398210826751,5.515710689064514,5479.93020604924,0.004169734149440228,0.05243764748595361,0.297876192024365,2.068938254053255,0.6960941465986262,0.6068747980642173,0.8234159929171542,1776.989187804811,0.01616594255977341,0.022128663078917647,0.04224406304539196,0.00015032372083106696
47.52339088276488,0.3966058789622178,5849.613223973083,0.011103331711166368,0.04787761189213898,0.17442818989190811,1.5503746597073396,0.8303769450154259,0.44225966781090564,1.1447529999226282,1324.1526994349676,0.00031280473704978646,0.016911022772961772,0.03412678523198142,0.01106645141073341
50.5954442565087,5.6339800502333635,6494.176674887212,0.0014578716802029514,0.04292359832181727,0.2806753739051188,2.0673494779371984,0.6043576897194869,0.6271344793404636,2.291890697564454,343.8055234962632,0.005545947632559178,0.0020728169741004755,0.02922303071029074,0.0010125584771527966
50.75073477052973,-0.8843236962421788,5929.578420016748,0.001832923414641427,0.057316386846237466,0.023942379045521905,0.8122630931516192,1.069974405355253,1.280587173730281,0.8384387332108091,1813.2066452044828,0.004312678988505619,0.04818792616016851,0.03849080957759522,0.00013027134878459178
51.36086888911688,2.5954902261292876,5055.366855751196,0.013796030007644637,0.029296289359261207,0.29151230747834234,1.296028825675577,1.026102570625003,0.48600438743244995,0.8016338435333242,1999.6126824088494,0.007046045927525253,0.06240390598916939,0.03937018400595533,0.000005972308721639147
57.882898822083035,13.24929074892681,5238.814063367956,0.010746431029904004,0.059136636011063726,0.2832766747972159,1.7090356307851657,0.8870701003058128,1.1355367666686262,0.8971790233669454,849.8283675725271,0.012528448858163935,0.02552367734780111,0.041744818326600125,0.00507015256716362
37.107573737804856,-2.917554684043317,8114.24053021414,0.014953999974584324,0.055617296318011315,0.11023609171978084,2.174819243556035,0.6934557507121624,0.423863702393441,1.079347573875933,1610.535229655269,0.01926022745980927,0.005195100836621225,0.04336169806962786,0.0000143923601797408
44.350108408472444,3.745515840169908,5357.410354744561,0.014596125382187509,0.04821081887180008,0.02440436991550562,2.150783066461276,1.730667196814066,0.406419092409461,1.2138280218109183,1982.701896875375,0.00011125823963903706,0.0047661927180201345,0.04252736280595713,8.15927918024688e-7
46.50028603100553,10.738630927899148,9278.717884440452,0.0028752879704134573,0.04414264918967689,0.030807696664128574,2.0834666652803415,0.637089959492227,0.5902324064137545,2.3915315236597365,1969.8561942927463,0.013389231973609519,0.01240460350162651,0.029321019595253614,0.00009849725198665251
53.376239608979155,-5.229686292717757,6359.63984012125,0.0014065700258222083,0.03368002850187231,0.26898318398155663,2.1200425641027607,1.4581186190590292,0.7349057320410073,1.3365210894911834,1905.9064055833262,0.0001623245251559251,0.0032074190344736258,0.042107827010814884,0.0009441597507431515
61.05175102733827,17.29907398753057,7742.659393703358,0.01472089371671983,0.04840922718106106,0.08533319110897102,2.1239302141460414,0.7907051837191388,0.4129749590249422,1.6197939129142094,1842.3168903015053,0.0059977133139744055,0.0016046265964375168,0.04433016204123955,0.00045479199370689196
39.30823044017894,1.4421055096629374,7058.449149521441,0.013982791555135392,0.05407718327224144,0.035785954008566906,2.170285911901021,0.7609848296812767,0.44273405688667256,2.3791594904204985,1998.4149830663332,0.007362396045985469,0.0014574099523761658,0.04080814530883597,0.000001682536709528781
39.58026048883773,2.0387460246054534,8858.229993027882,0.003902360895109339,0.04770662222256473,0.16552512953225926,2.165687879212481,0.6103526201488761,0.7680312168202139,2.331461312819426,1408.4542736984674,0.013521211824313607,0.0647361769169959,0.042248626907725295,0.0005370782751217308
43.63016292896096,-1.515443661802749,5454.084574991579,0.00854708865790371,0.05790218338939516,0.0319405254313381,2.1682259644048454,0.8821231501019997,0.40477003382048893,2.3995135470526336,1486.5920773526198,0.019250744625096034,0.0276108969794108,0.04000107166232981,0.000002297706819779804
42.79636109653293,-5.659432491324469,6807.944477681966,0.0054881556863698375,0.05932653246294425,0.23524084000464568,2.1348134291119525,1.0503126248179075,0.4743917358535063,2.242660144207752,383.18157809154263,0.0002979074907167362,0.06467221180311389,0.039798618625088225,0.00027399756877151724
50.305869196635484,1.9130252940598549,5370.616004520039,0.011851481434745514,0.027282708422914935,0.1445781846450211,1.7890953192207681,1.4197482634242118,1.3795379583397387,2.312343116754758,295.01841772951093,0.01072733375285423,0.09809866356196593,0.03380116346727057,0.00044106183000107294
36.509819091466085,-7.946718056292751,6633.169181005484,0.007478168156349602,0.05965519496219467,0.0750537355900313,2.1938936314965694,1.782921136300796,0.5538765164924023,0.8097459093577556,1940.39980944708,0.0001352981891482548,0.037078264671163826,0.04179756527708621,1.655137855959695e-7
37.52733072495727,-8.328157068837928,6753.152977269348,0.00008387202047651297,0.055477369549832845,0.2958056735890101,1.6031307726020576,1.7346204182824954,0.40427974351487606,1.4503023031280349,1434.1358061867536,0.00000980216126835814,0.027997107066470076,0.03753383881541368,0.000001028546016429334
54.897299534407566,-0.3026807724420024,5720.828525261322,0.004670508060756078,0.05986616725743994,0.2827882376998254,1.7436884983923235,0.6050300221459428,1.3524887470943394,2.397975449417894,1838.8943491452242,0.00024226470090377418,0.0011400023331660696,0.03461561790136504,1.260219618029784e-7
51.75501259074409,0.609849365364374,6023.198257007942,0.0023400090013287094,0.05517413965607302,0.07307470934560337,1.9465827016523374,0.8761967247797728,1.2440328171170358,1.0009288134089587,15.360354449566334,0.003362988286939993,0.0010473448477113427,0.04337001764203406,0.0003732076514231681
36.431668293587904,-5.635090368098889,5176.45321713283,0.012037691062979783,0.05630655267076566,0.244290552158551,2.1819153302250873,1.755081677150197,0.42625168068588104,1.3931089565076231,1421.07925157934,0.019873621696617546,0.08556621785432861,0.042412579032990866,0.0000028897571332252715
41.156567233540734,0.378566672956957,5503.551951570248,0.014502891668005604,0.05268038876641148,0.29078638851984884,2.02297738634895,0.6299180920732286,1.1218259133702817,0.9054588999323352,362.28417989290676,0.0023018782907242947,0.003237666921274303,0.04436368064723137,0.00013676927002471227
46.27012533190609,0.3674612645987221,6385.68949904039,0.0035184135241509394,0.03588436963168119,0.29334185139554614,1.8881169569096008,1.1899367965210237,1.3363654899502682,2.3372481069553563,291.29810097368926,0.0063030388098905136,0.024045506822749616,0.03469313099457946,0.007476827897212059
43.14433339876402,-3.3101252829732335,5318.389418984273,0.010046440482170241,0.04710260930527758,0.2930127812824544,1.7788930237899603,1.518660219555969,0.5638968610472299,0.8007912658881845,92.62125577717691,0.019045502290222442,0.09285777601112202,0.041149859561887284,0.00000434508098977651
54.761478448552054,-3.3687714083287634,6004.349859234289,0.011098082788707173,0.05375419277319297,0.22624742514507398,0.8113803844030147,1.312358675619457,1.3935346688641312,2.3163815456139787,1916.0254542686646,0.00022093553625928956,0.0031313612979953004,0.029832393988783634,0.000046758612498516365
43.544093543305635,-0.46252497965867967,5679.215947756164,0.009165520499985565,0.05595594296081558,0.020772921980377244,1.6167230951342515,0.9823502999937517,0.7740169838393145,2.341304484953552,1996.0364089967832,0.00042091367432089,0.028455573138200456,0.04210101580339562,0.000010099363061666781
51.38478725860877,-3.862434683144212,5913.451857409731,0.014939485811310105,0.04665885128115094,0.27537556787785633,1.2912937552006674,0.6029674768226014,1.0645453939576863,2.274022064955804,1995.4656593450331,0.01294332195475378,0.05958760378246074,0.034293825400459145,0.000002660238792259673
39.46594229534749,0.48444892874602985,7324.0685036119185,0.007032385393706549,0.04217018608720135,0.29221941407945046,1.9850211400513373,0.6320454029712278,0.5131236415490907,1.5368365539396636,1959.7863358815503,0.017906465499626278,0.038344373397043253,0.03641033450036689,0.00038184029684510133
46.92979870621009,-1.0039397289761034,5249.176419912946,0.013778119359862357,0.05944449480307876,0.03344053295082581,2.1532886333035535,0.7733327069301195,1.309650580737264,2.043767761214329,1774.181472331951,0.00016593397297473593,0.004681123411599148,0.04325373335470826,0.000008636329737356345
44.71833732684239,1.397676284770533,5154.79044550128,0.014594682397707358,0.025504047762421624,0.295389148041346,2.1142769739397793,1.1042977299505248,0.4858161425359884,1.4598515235400287,1613.6745566543475,0.019565584613497906,0.08923016761326234,0.04402423938927014,0.000025262893847545954
48.22404992912398,5.466280755711669,7532.957381505776,0.001231305081026827,0.018411583708126286,0.24367220158465874,1.8505373626733364,1.6740820855923553,0.99994650594844,2.3734889671059465,1985.5771679408258,0.011338085475780553,0.06494424230506525,0.031916161981941735,0.0014539421900038097
37.73383062281253,-4.223139086986374,7827.692685341834,0.01436528186661564,0.03549086062079778,0.2981783908224743,2.146629566690758,1.744295454541588,0.40483290857623827,0.8542992072327649,1993.8936255170274,0.00386419862634659,0.0011543020486624602,0.03341048432835969,1.1596920229289735e-7
51.917453884659864,8.77925947562506,5112.136649892541,0.01069417343590921,0.04710794021603205,0.025563590319352517,1.3825429623763155,0.605315491533005,1.2379841622429826,2.3022900635972707,1880.36107326871,0.019951060540351517,0.099539308146106,0.04023440497361133,4.3817861265973603e-7
37.89674653440677,-0.7036069613390001,7210.54122401761,0.012316823076452526,0.05514348651853377,0.09475592617794372,2.1614361488509126,0.6678785647750476,0.4068126529304178,2.2590790731134875,1396.8051640540116,0.018826024090642934,0.0010531189878945975,0.04293778174649242,0.000018796307470737487
46.808153752819564,0.30628324219518355,6163.969987095627,0.003630806775081609,0.04689867111959603,0.23618965807439443,1.4457845523166042,1.2889547662395062,1.3805153947590816,1.33009306560269,109.41932884471305,0.01961192803667552,0.001470277742176213,0.04048987654800873,0.005075761132014553
38.943472120546446,2.9670841181141885,7927.6501795346885,0.010639643923052645,0.03246084122785532,0.1295012233535947,2.1787764318819627,0.8436601961208199,0.860055687985221,0.9801764681619368,775.3088405134114,0.00014085918571830826,0.0843822323304522,0.04149315184330617,0.0008307539814689828
38.11560227134791,-6.7165652736337575,8964.893450866954,0.0008601890271067535,0.0471019612725454,0.17287774929930422,2.160921448584249,1.031516877547515,0.45448600118247606,1.3972442515611432,1510.11135395615,0.019284841173067977,0.08680175536231663,0.039540920466802194,0.00035765511381234075
53.21695702307244,-5.595875441566808,5249.75344856562,0.0004275529865932426,0.04613990729446124,0.24888041606936182,2.030353249368826,1.383116864578621,1.1116101073891922,2.0998774648136997,109.16180943576839,0.0005289212762291309,0.0033984249388014525,0.04030697126423624,0.0006924517023966579
46.55346482055679,1.9830554171091581,7568.799748517779,0.00005155570351769969,0.048146538050301974,0.03672506389564528,0.8001462876785319,0.610225875813099,0.6525831783881906,2.28676891018569,1212.5817454158648,0.0031346548111360617,0.08952580428094661,0.02415249065381808,0.00000391088003160883
52.307569817898326,-3.0482527023418866,5416.031598251722,0.013897598401384622,0.05570253231943776,0.03192432455364166,2.1991907349818742,1.466406524241505,0.45698849983362233,1.941842572579902,1712.2085136714093,0.01999901881364974,0.0041033422824916805,0.043750385234325576,0.0000025779336353640607
39.33620192774454,-6.794783244958563,8122.134317885613,0.001299019169503459,0.03125194350947071,0.23085104406680654,2.1553179632469073,0.9685941279388854,0.9832702310889384,2.3883461887292468,1849.9362065365058,0.00015988527613730136,0.022683274661732117,0.04449723611501549,0.0000380644293660979
50.66754539518725,6.538942292885132,7812.005227497659,0.010289919076616968,0.035425416156675535,0.20464668240216782,1.372513011888898,0.8310510961002118,0.4296769519678069,2.3970378913173667,1370.81996684122,0.0014873634964217858,0.004232393223129861,0.0387611559350019,0.0026553378574107663
51.67282376281988,2.4720909450371824,5541.424948774175,0.003195919426711341,0.050500912762003046,0.29831237938775446,2.042853967875013,0.7972141801040159,1.0724464590638547,2.3642361408230084,1886.3599009955992,0.019796246030802274,0.014510778732954824,0.033832220568599546,0.00005544028664803901
45.276471657631724,5.63914261792204,5284.23319091093,0.014964411082871013,0.05753226762896249,0.08553323228306295,1.1648799699643753,0.6201909606234541,0.4108104255558684,1.2347892957462443,744.1839811230992,0.01919845573771,0.03963511710398251,0.03297030334931192,0.000018434747750143014
52.39227353065766,1.4736559265947449,5015.252050917024,0.014331377671703295,0.03438593270864777,0.19189971527144734,2.1997917334398824,1.1426708907142107,0.4540786776194045,2.3829502408143153,93.14425033006731,0.019636747644884597,0.031306073321340236,0.0366214998338807,6.355853862864603e-7
38.724226305736394,3.3273399933716963,6122.1512767917275,0.013985950840981,0.038336633828591565,0.22511186536957875,1.9262176809835383,1.5690751684356876,0.4064197915875668,1.7922026765757666,1553.6437355529076,0.006569773542258254,0.06589632047738095,0.03361070614938498,0.0029102332018045773
40.012833198218495,5.45736962922291,5117.840311045297,0.01475142916848538,0.059413024378804115,0.16509812649261768,2.148895850415558,0.6217039946472455,1.1202208430337428,1.9332858857773538,1556.125454009397,0.00009801110247664431,0.05381069007390183,0.04138336205786293,0.0000026165595428963392
51.199730973477216,-4.821694728972758,7542.815145901912,0.014833692670734592,0.03904250737150509,0.11972330302578241,1.247901004545541,1.2527815416105996,1.2929842417379707,2.3089375824224225,1993.0757624052692,0.011884169759588042,0.008011817632025731,0.03636800527891087,0.000765360936189184
58.457142271968124,-1.827405112644243,5323.900867302482,0.008418687028431807,0.056074899097032865,0.29221934306363695,2.0495331394951144,0.6123356698697302,0.4007015776461605,0.8596429757389754,656.7581445810378,0.006226207645233008,0.003569322001499433,0.04318439712122415,0.00001108032962890818
44.632591610013634,-1.1641674880102837,5387.546241665722,0.014696327884907438,0.04373758528034412,0.2998634951347456,2.1905710426976643,0.6464073819326988,0.6432444931191373,2.319237287669779,851.2161212274148,0.017623730318514268,0.0986429240591656,0.033077737267915526,1.5458317695193227e-7
46.19096117604121,11.312529464820209,6793.569758231743,0.007363737545569418,0.04660591733021849,0.12873468811200506,1.8273725610442961,0.7695466808778412,0.5533045299358743,1.9587275515211813,1764.382675485326,0.0019026052692095784,0.014577967047945605,0.044397674194683066,0.07993455991991893
54.14692861180134,0.3520558310830175,5105.025294323527,0.009158063808563497,0.03382901330318255,0.10624440693128011,2.0159447109155515,1.7813659714787233,1.381719836196063,0.8019085735190511,425.8452752674563,0.01856908251940977,0.002017945566593605,0.04378400693923582,0.000025962230663096672
53.6292198892049,-2.1023494773927878,5586.945386346106,0.0005884345014938448,0.057877302442594245,0.06084594465231903,2.1715053633415966,1.1086723743352789,0.4705116861082931,0.8615803790414622,502.4683752451873,7.011113263448604e-7,0.001260608420489021,0.04444558543960702,0.0000014807625895720359
37.94024756702766,-2.2040749825688577,5501.764021183942,0.010197640670608837,0.05725216272037028,0.07584314131320986,2.1975689525868582,1.385202675065195,0.7386578238028502,2.3964876465366696,886.1514651169686,0.0010339144328869263,0.08605722366147117,0.041985348955927045,0.0000075486793843139926
46.22985374769753,7.235684700563869,5002.678976724112,0.011679261818352823,0.0568646129974741,0.21084057876509082,1.8247504348001244,1.0579309218963764,0.44904481646942845,1.6478880249542298,1973.1193362355204,0.0038674624677719244,0.01101980718197163,0.03995772997777262,0.0017867268117633295
47.584259802650024,0.5300528698530353,5843.45638671283,0.014920913640697663,0.05761066582481759,0.10522964285484057,1.6667359199267913,0.6040804373774861,0.4162269071656824,1.027370667047788,249.06394555933616,0.01646131601738789,0.0036835777580276384,0.039617288138397745,0.000028566000859212218
43.17300711342954,-6.590454718470671,7612.994828385945,0.0007668446121858125,0.03436985618212888,0.2693812050701667,2.1034832704340705,1.282032228513737,0.8380596409720849,0.8190096395638267,1955.6653059971895,0.002337015352330285,0.08680024828016748,0.04088284127748738,0.00010057125907060013
45.28843718426279,8.611813238006569,6674.836608608723,0.003009017693107504,0.059617388171554465,0.29708858612899713,1.1908945683754335,0.6034173891573308,0.544421887651386,0.9006304246565289,1528.6501518087885,0.014244731541115297,0.07852904002810053,0.04339337005157325,0.000043043482684290216
53.93715481664795,13.131171450852701,5063.445287956535,0.0010161890161692851,0.05685229849078378,0.12358206830743944,2.148666118022957,0.6001464476127647,1.397472716939666,2.273142019978131,1873.0360885464552,0.0034427689072053453,0.0012067707754448368,0.04158670173967812,6.56623938194696e-7
49.28162962591526,0.28372953281104607,5275.4351515080725,0.00000764043699731467,0.059970566020287656,0.2976087456691507,1.0992089077439897,1.0636436753711418,1.3624832395561084,1.319261085964205,313.89733462154175,0.0009935689207503074,0.002509119589289023,0.0436968288203368,4.1039455570236477e-7
41.94919190636091,-1.7790373346145802,5879.080376358496,0.0040940866704936504,0.05969015831245869,0.09398815483918783,1.9209842676890534,1.023816973620021,0.4977103335660712,0.817464167001105,862.8150648870408,0.00027696650221840604,0.04887631031887109,0.03844980498113063,0.0002275334307861932
46.45126282263749,5.645466329348146,6086.001790377502,0.012834981976381006,0.059989162266679164,0.02347469319659494,1.8823929212623773,0.7420337960221262,1.1310144761370458,0.9124169454824057,1985.7598187251588,0.001960939947437017,0.0011729049515800576,0.04004344703683394,0.000007509134159976832
56.44735277194796,-2.867530223955912,6023.4973278529205,0.01335869654477344,0.025372415438876916,0.28852037937067615,1.9512389189026353,1.7410957924616484,1.320997160135852,0.9179400774675417,1410.4036446663945,0.01953025405696476,0.003568708371264332,0.042895652818229435,0.00041081284037312036
48.393036937700984,-4.919032912115693,5732.880916129628,0.004370132343339538,0.0592952555906695,0.270515677956157,2.198900020346704,0.6365307275171916,1.3810469269997805,1.9903304347573065,148.6419745174607,0.0005097445961638286,0.050677654227552715,0.039524445774005046,0.000004159416442291337
55.50702511012419,-3.7759672411531238,5073.099776096609,0.013805701121249101,0.04790478969961029,0.23516630755238346,2.13388886796424,1.0329784173400598,0.40475378373305276,0.8109742692424958,1995.204896254095,0.004272518275525429,0.0012265101995469895,0.04143978477698064,0.000001633276977595948
56.31114717685424,-5.131869242144402,5114.119157312246,0.014921108659066038,0.04006933147772115,0.13517401561769019,1.4654189805776556,1.2742301065315091,0.7255046143738487,1.1377389231778943,1567.6416967303437,0.006521340413968244,0.09820546043744957,0.03973496460374929,0.0006784835310440051
40.324548016185936,-8.591651165848743,7268.959318385399,0.006833271987720339,0.048904525028989565,0.15734868760870183,2.1988105433925247,1.578342793428333,0.4087945657474778,0.8135915451231035,44.29113340820206,0.0025452908624220877,0.002423989439912223,0.038589743380296866,0.000014561227992609726
50.674592891235164,9.495554481852121,9210.061663495435,0.012695454263367064,0.021959251676454208,0.23659278027929553,1.8000391085198972,0.6995993011749387,0.7080483862817327,1.1877781057874626,1952.169178877487,0.00015534076114022673,0.08534180813622565,0.04218989184499045,0.0004107712666618916
52.03761474713858,-4.634338710514746,5077.63570237172,0.01419639065661243,0.05759873225305985,0.2841691255622711,1.576652636264563,0.6982922423243592,1.34431114439838,1.916503542615111,361.6545634454803,0.006349495615912261,0.004937584640387963,0.03716864958349885,0.0004577984910899749
39.192375019431466,-5.300581931015842,6440.471147966862,0.002549841609674437,0.05887105332059345,0.24224056316151338,2.1689534088714164,1.6714139486111654,0.4649300596570848,2.26348073301042,165.9666764076175,0.0015526167742285389,0.0072227416303055295,0.03319320994222864,0.00013962685358918675
56.25467069481232,-2.979312696999184,5089.1642559704715,0.014965014722457589,0.05880475413850125,0.0686262081775751,2.137411196434698,1.3297012117536808,0.5539426064662996,2.3886782841036394,1.6670676750737177,0.018919224461621188,0.007802594390457964,0.04111075470302666,3.887545105073245e-7
56.01503273660241,-3.4984651273817535,6476.63523398179,0.010535191132364846,0.058153355033372635,0.22634249363225806,0.8515200759356543,0.8037634763826412,1.2702703747016577,1.6550290328961665,203.74495441790637,0.0004573937802176234,0.015225737812699255,0.03198307099306303,0.0029989271551364082
52.97659665121058,2.045928829194949,5086.62904087183,0.00314903595550573,0.04206604453371736,0.25558313801007393,0.8036355849411012,1.2372518852273853,0.7244601694998991,0.8000031497547134,95.69761730930279,0.010780386457297656,0.08663669468548588,0.042491794111317906,0.0000035614695229540512
56.06633618689598,-3.613166344022691,5093.376562920251,0.014998578655997647,0.0533040693847225,0.25435575353938983,0.8683333697808814,0.6768328918364077,1.3678131123399093,0.9190369965513817,20.996285761650388,0.01882198535394238,0.08775146186636669,0.041785672210031856,2.8056394030571867e-7
48.67762830382555,9.62681107410253,5467.930132175615,0.00147163271415734,0.05125475240110896,0.19910010911154308,2.195813464506834,0.7110567953870957,1.0184552578464945,0.8140312620880509,1981.3618960572678,0.019133638686487865,0.09216089588364144,0.034269904508271165,0.000003881618969575521
45.79941429088446,-0.22399047408776518,5094.317821292741,0.0010199257550893817,0.04605163726726415,0.2870902909857903,1.8935643242919458,0.9569125386343195,1.293703220054895,1.0395090149831834,20.654952920791825,0.017008694620123898,0.02088276672098297,0.04187084426038345,0.00039337505982782624
39.87573909664876,-4.994971250913657,7207.291576661217,0.014994009950911597,0.05084279284866095,0.07035696394580558,2.1856502936688864,0.9078227024730351,0.4113565811870359,1.9471976920339364,970.2979365589014,0.019939254948822517,0.027435063004262437,0.043340564805820936,0.000006469339224935389
57.62329687297519,-4.729674899417968,5873.896821669421,0.01480692932370396,0.05973924033347305,0.27601750313554424,2.0936815539658946,0.6080293432116773,1.0059508946377198,2.021767880692342,839.1444734255637,6.064544861173577e-7,0.001493698220065144,0.039148816898542854,4.6304578074668e-7
57.751140269287134,12.42493876930192,5926.314174423978,0.003660284411900894,0.057123552507293895,0.29277929523216917,2.023008983134009,0.6098192601115926,0.4134335092398917,0.968812057448692,1141.0529929089741,0.019023168819695475,0.026707469016824827,0.030789151552212044,0.000055332783170504554
57.209894581662056,-6.228341782870158,7150.016335211621,0.0022956259377450946,0.05376823787391542,0.21359630749984806,1.0612356482511678,0.6096789002826685,0.4073940341216384,2.3450908669118316,1867.9387752452737,0.01982188736477744,0.01115554222086586,0.03659713391428728,0.000013069158764597907
36.90266351836728,-6.192831659318461,5148.8168217480015,0.014393543924617872,0.0572364917996643,0.2648357683526116,1.7885757803990994,1.7909879352893743,0.8099524058578864,2.398919891438675,269.9905444245755,0.0064750662951832665,0.03732725878562525,0.04195640807567936,0.0000035985410923296397
59.83124131680063,16.32663155424923,7684.194030093693,0.0000971835464098873,0.05903163453501659,0.28782912376517117,1.483378448482278,0.8757959462946971,0.4490755563336245,0.9812116721163733,1956.0950621036968,0.019198062591512494,0.01101839553902099,0.03670124522918119,0.00005541351740670906
42.908785941596186,5.054123819374384,5069.249661547545,0.0009711448772667911,0.05318736522109464,0.27995158607904636,2.1884559765834597,0.6171680899277696,0.41207951154119027,2.3684273393328192,1963.2739499294144,0.00009480152248548915,0.07758771204113006,0.03132899397986208,1.8113501785201037e-8
46.71940614590106,3.7052100202856195,5950.749566463829,0.0011227213878611903,0.05529610627389135,0.242741127001272,1.5885433342486452,0.7132827011956233,1.2388065155690113,0.818221568947318,1955.2050614968882,0.01214498473107653,0.006088504168317827,0.04113655554958925,0.0007913985348642709
47.49056835274861,8.50941439089933,5264.910815454047,0.007565066698255381,0.028429735148002767,0.2780294000222927,1.6362103505846046,1.0589141433353584,1.3672557467308875,1.2314072524421271,253.029688431068,0.006184673065508091,0.0987821642122832,0.040672424709534,0.0022260882180789618
45.22336298067897,4.951742338607579,5107.606745312194,0.01460506128924498,0.05959687693872659,0.2056735048768909,1.0378498042315845,0.6022058475581504,0.9544614953884649,2.1663495678444518,679.0377598769126,0.0078872298936054,0.06797222815228636,0.04004644058640617,0.000034012190662576444
46.996487711042306,-2.7151310031918285,5927.319698642045,0.009435324073292395,0.04861149281149574,0.26352171333258345,2.090505928297465,0.6085884679935234,1.045752138700903,2.3985988710490234,1239.8516799132578,0.00046189461537152416,0.02223062782164835,0.031304751847566606,0.000030234983314256614
47.587818933957536,-5.016944665449008,5022.017478081004,0.0005570062174505332,0.05530095900109557,0.2949916766778374,2.136690241207316,0.7286762050741777,1.153473050610307,2.207423113092281,1961.359721539269,0.009758439166472552,0.08008618625053714,0.038152655171998395,0.0000033164193282070953
49.84531622146887,7.125868951744792,7075.03520633068,0.007849744961432967,0.03056033846686893,0.1763114639397811,1.7989632229783832,0.6176231354863574,0.4119659661511664,2.2486280413804645,207.93385692524456,0.012439585066785124,0.0030736076414266855,0.03930790305350131,0.009375314009499208
47.41506875611064,-4.946566253719335,6266.717949078884,0.012086060336063704,0.041221779810194634,0.09035045217675981,2.0423683806250503,1.1751058567621735,0.40065399112066347,2.345340332990677,1769.5281724958156,0.01497454353585313,0.028661870183879813,0.03307464842776605,0.000546795335235
58.62991299312078,-1.7363233375645457,6764.208103406485,0.014994310025410703,0.059309543453616165,0.24186381538254173,2.142039026663663,0.6028673348389693,0.5512501130848979,2.375816411596976,1368.511464899819,0.003641514200692023,0.001024759245013093,0.043854232260230656,8.350003836683826e-8
43.3959517542673,-6.72996511217797,8946.327775750753,0.0015131370018208405,0.0594814222749225,0.05054076882386191,1.4143404474286903,0.6058207481201325,0.4424512879179147,2.371712543706617,1952.2584176297676,0.007226287982635785,0.07386719738786525,0.031246154966164497,0.000003991213446870227
48.00584958616066,13.94329525752984,5935.241486829989,0.014933868607968819,0.056135577403689,0.14371076121760698,2.168960590557049,0.7653493091890058,0.7237940477417715,0.8660809362022766,1967.0571657461937,0.012577345101407195,0.0010064795100151163,0.04120458778143146,0.000012518998241127755
44.911498539887596,0.18986378584868469,5134.079277767493,0.011569222171882472,0.05923415355637421,0.06429488740648809,1.8257541628244756,1.641862038845412,0.417647955802207,0.9995743484124365,123.63197141187025,0.00004284851813782586,0.004597864106328618,0.039350371164965384,0.00002139950279073706
54.57171310708539,-1.0736458740917207,5255.178901394666,0.014425737279942922,0.05953385384305606,0.15925135246969221,0.9501887315703367,1.774471401271891,1.1165752639912678,1.574038846090979,1999.907267456417,0.019638031294523094,0.0017491315851888593,0.04361916761225187,3.186212025138059e-7
58.47640315143222,-4.46926994340553,5261.67623874072,0.0019297256898225278,0.04122768480108729,0.27058909689675165,1.8641521966716923,1.742672590926901,0.7265367352902745,0.8296401144569959,1576.640084055713,0.016464281885522358,0.0029283285371935323,0.04362798895726576,0.0008818538969585206
49.87283760028265,3.6235552610702975,5093.717393308231,0.014924583200049375,0.041016710450468175,0.07662698749346349,2.026621880651556,1.282948969805457,1.2332204100344555,2.398464287767963,1936.2915079830177,0.002227374680660757,0.007035528098881387,0.028866948778904195,0.00001579890416385543
46.00205981641375,-1.7585919738188327,5048.596882849672,0.01439699316416648,0.03980958910445739,0.03098027301355348,2.194666060327884,1.7597174659060149,0.5466685262723223,0.8033856189067725,416.6581676274318,0.0000380203907066386,0.02427677277147412,0.03797478993499007,3.428521693476317e-7
60.71232968086197,8.456224573023064,6691.493811232863,0.011676827653841985,0.05664107302243672,0.2625786167271814,2.1821577475789926,0.6001080839952909,0.8169486882033732,0.9104552890900914,607.8529349414844,0.00004342264612372187,0.002575759126854159,0.040967518600258684,3.7833119932566975e-7
44.82933795888088,5.616108829521648,5837.231380882801,0.010476326217629214,0.051810639646208925,0.024934115384904195,1.4618196719009653,0.8429780394233691,0.4789682856166524,1.5906009758440671,1115.6840142565607,0.000036998865854106716,0.08469474761844913,0.03901187778923402,0.00031135381542807055
47.366718691354194,7.666595966694583,5505.288843672348,0.0007688533480457164,0.05349885706657903,0.023450942965754507,1.843135588583538,0.7470328620322179,0.44388184835091493,1.5847179204180781,1689.3515198148693,0.016929775956572225,0.037756232874390075,0.037863886827239714,0.0011209236228675202
52.444883855608936,5.082750987630126,5208.244276399052,0.011648872588381386,0.053962600697251485,0.25290424538866296,2.178845155719949,0.602121972575245,0.7884957863064005,1.2007506155879446,313.5453982089999,0.018950157897418465,0.0766422253341618,0.02793403735007753,0.000042973687214116684
57.99803358509864,-3.3186756965378628,5283.027171406456,0.013038555653616005,0.05921201679970711,0.07973205180762472,1.4372312488673527,1.2552449921109945,0.608358842064381,2.389199809561479,1741.6367525840367,0.019921524018541244,0.0500597115925239,0.03886621773332924,0.000020842952788146084
50.754945030014866,-1.0713810252033333,5343.1922204362045,0.00048492927336611224,0.05391118800820448,0.236087039764344,2.098221147610486,1.797436826705984,1.3784161959051262,1.8908739031322361,1219.599070015447,0.019480301514734958,0.0013737122321643863,0.04368657600695615,0.000039443177878010723
53.77309454154985,-5.415978896442329,7251.668598557268,0.007336037022799454,0.03205903638447001,0.16485187733400736,1.1336826503463224,0.7334315326937755,0.6347352418220192,2.319627223369479,1997.7921108839193,0.00011312278130017982,0.029932286660366653,0.04353351205611206,0.00011521219235450314
42.148692406849634,-3.5390770794560176,8527.308126116954,0.001686651149708413,0.058442978993637124,0.27548174537270265,0.9382393831254809,0.697023802676795,0.5691729822697433,1.5546345447191166,1931.4030100910081,0.001882657350301342,0.004754722919125759,0.03842882906016163,0.0005493615034166073
47.77658046507,6.813027960580378,5408.589589385523,0.010696442072806157,0.0598714467083543,0.022798418317529375,1.7262298199077186,0.6673886587638135,1.0430323011253817,0.9703712341354285,1966.7771399288001,0.007850989555896118,0.03570390257460137,0.036293645216883,0.00006746895488828177
43.19612806851729,1.5549073292028268,5019.582128095537,0.0028441991569938645,0.04351052016807104,0.03404952536149433,1.7951385485569484,1.7263615424154715,0.8670671478555877,2.257579454377625,15.468675969267133,0.01258140517548958,0.09619489590040682,0.04146525937400286,0.00005974310918672584
45.49865468121904,2.91632809727167,5362.569710055639,0.001622616255693792,0.05537215959652022,0.268927788578728,1.2779911010559566,0.7355455303382218,0.5046300469979462,2.0721483643859084,1436.3397627204497,0.0012270248037867587,0.039192759017375296,0.025717038197287656,0.0023340601123543
48.1106867741352,-1.1021434195324957,6386.386181605514,0.014895424561336763,0.03873231807182158,0.02095053178729219,1.1082879639099856,1.3899474047297569,1.392517518589048,1.4508935936973153,510.9329661947253,0.007940325030186787,0.09056761786434167,0.043489716135084615,0.0001557176261655016
55.87065423717242,-4.909386084075651,5025.558894039365,0.0011667837886777277,0.05861909107929668,0.02411782585795827,1.8279836916789496,1.7924309499284878,0.5571092718540894,2.0376606808069955,1935.8993805054372,0.019605058349682684,0.028217016686408296,0.04352274670044765,0.000002137496418126433
39.78220017348188,-9.556334579058355,7664.94636848225,0.004825519702564463,0.031621268009734936,0.1600448348895651,2.148529039946605,1.7017009027702281,0.5092103131599608,1.505720315120279,1923.88292764716,0.00010422140523453965,0.08937364718390901,0.038807549886976336,0.0002573727148382338
57.08419694528774,-2.738705487273503,5306.971839759959,0.00018556935143963402,0.05774736163773759,0.10600896052187371,1.935220837380624,1.2595996520544475,0.4080822993200052,2.392801946283468,780.2082175545117,0.000058475229376194916,0.015307078193828061,0.03877982242119543,0.0000018586561789281952
39.56488562211257,1.282320456883193,5020.055633939884,0.00013801302189243378,0.057651415691668755,0.21566687594185985,1.981868182071644,1.626771286668267,0.7327281848348637,0.8025254175484104,74.07841535113329,0.019974516888191487,0.01718686197276629,0.03953362284947519,9.980823231219437e-7
57.96002674905009,-3.8425645025051614,5036.872330742121,0.010920572692618936,0.056560466549132896,0.03857305544430344,1.7891972864277679,1.7840449676163845,1.0485286741175603,2.3265443688535514,1934.3064090834105,0.000021674942726275813,0.0026690741307582124,0.04307207030244424,0.0000022291492788000622
46.70567581572233,0.6159009733500387,6374.2286738755265,0.013545000077868465,0.030388787423003202,0.2655044359449778,2.044268537111344,0.6514379024675,0.45967234129853,1.931275501816328,1060.2663359026199,0.016943366945466144,0.009048516892681668,0.04268900280486332,0.007668575718866503
56.7718521119636,-3.072252187650073,5839.065288000411,0.0009817574621683299,0.05927314818195568,0.11813079932260757,1.196273731831453,1.279827297281237,0.9395858166943847,0.8863091236445482,203.48134174470303,0.000010647056726597578,0.008129114658508954,0.03749798013343634,0.00009129058945399058
54.29781690605384,-1.9392403426626217,5595.306402983018,0.01268635242028385,0.033807265538664255,0.13031965646993493,2.194933201535759,1.601216149499399,0.5302036739983117,2.3996972066476587,470.6247366775459,0.014231831396925776,0.02431390653247983,0.04020323089387748,0.0000835533719377142
49.67026118002667,6.6478993163559785,6228.238832950593,0.014745441272361385,0.026532437775252205,0.23095501362239043,2.150054447578219,0.8713232747304642,0.7139439036367545,1.606278729877575,1007.6860112565387,0.019726514832623117,0.09092506268871456,0.031491159657067516,0.0004490605926284142
48.171720142840044,5.99871926477822,5081.707320968306,0.00960805896044197,0.056247998873419074,0.22948508199678858,2.1827291551413897,0.7210955157560291,0.8862871216038641,0.8014891842589172,1917.5939670188807,0.00023468008473217757,0.09608518991331284,0.04265359826250947,6.074852534543529e-7
39.3823821355617,-7.1358225224055785,5781.915342978345,0.00047750184618287466,0.05945697880487231,0.2975242787458899,1.8280522193686972,1.3961738620151178,0.46172610472531933,1.9820980309126552,176.35676053256503,0.0022953967964108647,0.09682525833992707,0.039426666814693694,0.000010979236061708398
37.41311433809667,-4.953752258744697,8648.01086417673,0.0015146189291922586,0.03767058020970918,0.24204409502066448,0.8075219507359142,1.4749557584019528,0.5642358279223282,2.399053515699962,1997.413757473796,0.002821637344988024,0.026016044875979905,0.040266455117676285,0.0000038790149068674965
51.22471325485927,9.640660435267616,5750.146769961836,0.007229243068680694,0.05523871655380531,0.02081132824527879,2.1912917338754783,0.8490288877958483,0.9383301432653924,1.8798333504283347,1996.8001156921052,0.002195504809051662,0.0029815594268923318,0.03332929125558196,0.00003299495105452248
46.507181366225474,5.268661040947631,6971.196638821788,0.0012212948821025665,0.04306620170338459,0.04490423001452151,1.6019625387531105,1.2797137350630177,0.5638885660523767,2.397409893098293,8.17614009749834,0.01279897818208714,0.002038359104923206,0.03279179365640916,0.0007435378861962269
60.12273591760559,17.661665258488263,6595.02669839344,0.01001823023091026,0.05529217615971635,0.058874210312195696,2.0444041998618747,0.6735643297304078,0.5180577804011862,0.948932523370341,1550.8318895280484,0.017828837715316445,0.055933163431860174,0.04290168742552865,0.0021897433348510077
56.104085610332575,-4.206720935012428,5314.59986688234,0.0016432549009058146,0.059705052440653446,0.26215731414626087,2.1935717583330123,0.6980219612458765,1.1996618041997014,2.394663770239113,664.9918124234146,0.00013168593676438466,0.038148388555829325,0.039695742425927695,6.990633146220762e-7
55.642634535002266,-3.3314320997537408,5641.617657427475,0.0027947546483947827,0.05359045637313482,0.2916162874363146,0.8041828439841825,0.6485041583934272,1.1757503936688707,2.3862135192010503,153.0181379785716,0.000718935857469901,0.0853580166334063,0.03822929821171798,0.0000042460249515016215
48.92841006420197,4.582820884465081,5223.900220771119,0.012045412346788742,0.02804223464052027,0.2990638665015481,2.1220585998405466,1.2554609282796796,0.4656665106124729,2.3893263406967993,742.1704688539431,0.013943841022589975,0.03968000655403925,0.028833174806594,0.00009753973600136802
54.48373584035468,-0.6140352294375262,5405.260576923231,0.014553510215534223,0.05397677754023953,0.08721316048419404,1.1197722186051295,0.6092055653660703,0.4051840111530197,1.843339626259208,421.6390425591681,0.01167720894344875,0.09858831928604293,0.04107734610421336,0.00002022316046558353
50.41998604482194,5.338907017586429,6707.904302943018,0.014741237325292504,0.024362522764808686,0.28938138946745123,0.8076806207110723,1.1154933532037168,1.3461286539411743,2.3939526305223717,1995.4681697529,0.0021473008283017514,0.011556549568917818,0.03914204163760071,0.0000032369228544296905
51.737046938268804,5.096436044483019,8480.920935401282,0.0004050219810125285,0.0378673625252584,0.030047515123644446,0.8703772532608673,0.6067052885416845,0.4000730491798796,1.9229103300610582,1810.3250088450698,0.000392386440280939,0.07441745156581339,0.04064127794385296,1.46882404952902e-7
58.2242632044851,-5.993522739339812,7300.03038985583,0.014270260214768009,0.020329113744779522,0.299501927295644,2.1544367820036197,1.2604214873386503,1.2266355734330299,2.384742960145946,1994.3451774084078,0.01111994939524557,0.07255760353375225,0.03958013644053183,0.000002408068234567147
59.22374342180626,-5.329959785105503,6881.506627065014,0.014896228693707419,0.04187186992607327,0.1548417461146726,1.979688056202492,0.925717688411352,1.1793337257190268,1.7306004567485211,1997.9917723710385,0.008374668083952408,0.0010337522545717317,0.0395737045688683,0.00009494742344436773
50.63542269684311,6.000960855413197,6567.625472403221,0.014981779902039413,0.0353219888444152,0.08941304237660574,1.890037944847546,0.6059521417225969,1.3229263189335077,2.3347526816916586,1834.91101207899,0.010564749959171544,0.01591717752873702,0.02835234271307859,0.00005152357873814261
61.6631327658852,9.287126388804815,6690.664329400584,0.0025893467143352543,0.04689880643032867,0.2995466780515042,2.1209948611322575,0.6237769317158167,0.8734159276537939,1.036345450793933,1733.8641527494044,0.014120149750622939,0.06990781206462775,0.038672530462063995,0.000014423019007651671
54.78807796293645,9.9918155798815,5049.724690444317,0.013957128100628066,0.05991484607976839,0.046142517483931215,2.193560249624261,0.6324772355980945,0.5765109296457304,1.012281818102261,1378.7510545787864,0.006897531215330269,0.08699542201454508,0.029374936809705578,0.00000301167122535405
40.72176378732308,2.3125375882235417,6681.44414819162,0.013938666849894867,0.04702127115432405,0.28238329726774497,1.329017086052409,0.6759786450464327,1.0769016455876819,1.9486474328902768,5.49832433415765,0.0012951776122395956,0.0021645746798562254,0.033312434078656465,0.0009741027440531874
53.400717101758566,-5.004456306136978,5142.540872579327,0.013091594644707182,0.04732132460577536,0.07232288014503117,2.1171452133973387,1.7746346850882877,1.3879400035637448,1.1298848317806645,405.9960585602317,0.007293182742941229,0.001027423482517193,0.038842722136718265,0.00003155624907798819
41.60832967871121,1.8009625408480154,6991.127404275532,0.014864723140662952,0.033499493527109236,0.2870531200865315,2.0103149701302443,0.6015974841712416,0.4241572176958727,2.2774810656574913,39.93536206885559,0.019687131938658432,0.007316441073331977,0.037288810396775667,0.0000020687012065725444
58.81940157061074,-2.2261023563081848,5161.957554966354,0.01198687683922791,0.04282432664826188,0.28153461771474614,2.160423300620155,1.7790713887592742,1.1577728241207796,2.399666614439476,1657.6301812064614,0.007598516092478158,0.02757556070065289,0.03624416745197902,0.000007320256775901646
58.830251145214675,-5.293928393540135,5498.745982507999,0.0004521156265023693,0.05742294352729124,0.2779891602509276,1.2720525334787358,1.7537630463551745,1.179570714840825,1.3055683882175697,33.665253535884354,0.019076304344897554,0.011579770133075536,0.035833855082251384,0.00009286765430440829
47.78980844189903,-6.096588703750074,5107.57728574076,0.0014812540288338678,0.058201853328487776,0.12574651506675194,2.0490960044121467,1.6202331629045967,1.3360843679727725,1.6278309386032501,249.02773509892074,0.005586941313502832,0.0023321423231180915,0.0383950901806408,0.0009203313859402503
49.64717675697575,1.4309478831223679,6836.332531991155,0.00202209933031729,0.04265916777633233,0.28392654628195707,1.9750531252898615,0.7013390487793747,0.46156792394974117,2.3210944954967605,1999.36453981413,0.00030322062185861916,0.031018273210267896,0.03297406015702007,0.00000554073641513701
45.82660745076208,1.9159186227176956,5798.287133846845,0.0007097406154857147,0.057452199302901824,0.24951061436921315,1.103125329615533,0.6327063317601588,0.4096232387258392,1.314872076453234,1639.019752845648,0.0008311814546936133,0.07399646744265052,0.027102708713459062,0.00004575649225829961
38.71209960774255,3.391188677258368,6789.392696735092,0.014364996141648309,0.04297433931816789,0.2455582856830728,1.0361527473896084,0.6641943946952185,1.0916880419118487,2.0997075259629367,1452.395961617196,0.01305778481146333,0.009947274667563857,0.03793617278290999,0.011338001716428884
59.55603571777323,-4.307692517830391,6187.540974467027,0.002102069742349213,0.05986397477959928,0.14972385963688603,1.172446506364737,1.3004375602730547,1.2664439620499555,0.8290356259350568,1986.027690787102,0.0015225420973591186,0.0039281845671795814,0.03676969256737125,0.00006428712605589125
54.05833288338219,-1.3760148851751133,5631.387763393621,0.013627255995993341,0.05346738320615534,0.021705179706456277,0.8570804402458234,1.7760319736126449,1.2779600986467172,2.3173196727658167,489.3509994617238,0.0012376631065494775,0.07368965951318525,0.04111667142857001,0.000005653685832134421
51.84988747975578,-4.588185612971505,5315.1697979145465,0.012216192605773087,0.04866175825457619,0.2896367216265079,1.0208275305986447,1.4995734919949284,0.597593988881741,2.3998290889865017,1418.4194494140077,0.000044702677599487526,0.005972854619569218,0.03296685881344014,0.000003080623724170042
43.560135700612484,-0.2901020558204124,7142.2533656909845,0.00027239472741333407,0.05282167901517524,0.2993656301179436,1.1822583823212303,0.9225139967491842,0.4175966143111797,1.891152651312398,1866.822900177763,0.0026356264725926376,0.009385313559913998,0.020869967649932864,0.0001468580436297247
50.10646143033433,3.8864771352418153,5023.037408013296,0.0028789887727888866,0.04960204466594425,0.2895874725237341,1.321806263029625,0.7966742183006996,0.4357049281769371,1.976366548042787,1633.1190010220432,0.016793596600449632,0.09225825662430709,0.023016489198287512,0.0002137629382381132
47.433294401502536,-1.216531238237561,6208.715441357509,0.010395582410088453,0.030019185544161452,0.26761804534392053,0.9890164240411187,1.6244273649856007,0.4032654512006532,1.576986636051516,638.0375921217073,0.017741131388926027,0.07023155850980356,0.04064091829014892,0.004105183850256016
47.76395694939296,10.854552816491797,5178.350475342365,0.014641190840523526,0.05191128400004429,0.22747314142253935,1.7528332321918878,0.6076063204758371,0.72481980477314,1.676566265126565,839.6244721835875,0.0016358940437921263,0.018562638507966644,0.029621936036528875,0.0007850630570573066
51.96433248666203,14.956777886096727,5244.065247070546,0.013845628489873415,0.05574633739288581,0.270801530390196,2.199119136128325,0.6014386827636408,1.393540526009549,1.238792515517603,949.9626672497428,0.007406876036978427,0.022165373544885243,0.040578486242961204,0.000006517878968717335
58.55590441144551,-3.502578615201525,7756.811874790427,0.014788255908107346,0.03908616509592117,0.023158063958201004,1.3140601697474428,1.7803023501794795,0.5235342735094565,2.3901160931183694,1587.4925351911747,0.017422806563230534,0.0010625839483628609,0.04357250943550848,0.000008832522550102714
46.73476899791433,-3.373109399998559,6091.242288856821,0.014841850426809834,0.057267689057642984,0.052299421272464564,1.4762145178263741,0.6628634605174999,0.4592661924388585,0.9170581470964934,880.0701654957841,0.01995529652143407,0.009023304003113583,0.04164121074837301,0.00004057500944841035
48.02587971790896,5.410835022111749,5381.843368044059,0.013434867093570033,0.05953965352647948,0.17750171565504555,1.7445753838552802,0.6394056106493139,1.0515482645234573,1.3783550587585538,13.081428521597193,0.014200033942882115,0.0010439954527068167,0.03781041487316945,0.00007406052838314761
50.061193511223856,-0.08902953374420441,6814.686606316451,0.009559201400738489,0.03204765395474629,0.13981702103839203,1.933939924576765,1.7996404129000054,0.6749822901263562,2.3545234291463744,1709.354333670342,0.0005403004468887905,0.0018543346814820178,0.029327336945321424,0.00014254643039519367
48.05098623729105,-6.117268951127252,7094.796125857829,0.00037801875651270126,0.056186705173053464,0.022454333707706324,0.8698563155095841,1.179336836939027,0.40035412617428173,0.9761542687265652,1753.6159812259111,0.002321903538298779,0.04203937169445985,0.04286196634812348,0.000009172053746055991
39.812646538498534,-6.406899281819159,8514.9782319206,0.0011680721930045716,0.041721224862860076,0.2769075604408822,1.7259049034294787,1.6992309658789053,0.65253869898912,2.3931852605045374,1638.1401122551335,0.00007802464970492634,0.004100266654529451,0.042645983356180514,0.00002530349254357645
51.055948063724856,0.6355284488070332,5629.406328646007,0.000034037176429865766,0.05227581424735298,0.14140920062008325,2.189468143652941,0.6064841865291694,1.3855773422081703,2.398085409374283,554.4692686843437,0.0013277619364496821,0.0016124874018096475,0.04000374540530281,2.1731537917343996e-7
39.067981070554026,-0.8732276347773809,6176.004751540975,0.0029171459659151806,0.058859864957300424,0.2699486895261394,1.9546530279012089,1.0121339653531993,0.8674099821262291,2.3804579322775234,169.88690119913133,0.00229721081295973,0.0025218916054467557,0.027826694890578166,0.0005077424931705178
57.569794277887965,-1.504454222058019,5100.44171816391,0.0015546295290309027,0.05974054032171785,0.2896549805766357,1.116176324658438,1.3464145093929343,0.9318644445276282,2.0485577401867543,524.40084895766,0.0008911352095602607,0.030188696494294846,0.035986841487856094,0.00018192768357238947
60.804983983646295,6.202717535625993,5325.046856970323,0.0011406349525070049,0.058989015120081624,0.2982245790083421,2.0311484649882576,0.6251152290922644,0.5388546160818909,2.001979098025746,88.05870958751655,0.0043381704056552435,0.09927992157806141,0.04325146192927908,7.662694084731537e-7
44.669722637234194,6.715126140707127,8320.463370551437,0.012049368371276448,0.023757735958797654,0.08358334729646141,1.9053676747504236,0.662264433573426,0.8560437751643805,0.8029458253955668,1999.578582787703,0.0006686546856618524,0.03363281163857197,0.0354472981126859,0.000020684815779973356
48.31971961215262,-1.1755689487832566,8463.285499485364,0.008365597880508427,0.029931398056292618,0.17426499206905638,1.8557180972602907,1.2551200878795552,0.7077182837648596,2.392657256730577,1802.5253505989833,0.010644505439332623,0.0010850473049601177,0.03961942464072255,0.01060417976053807
46.88936680215102,3.0952724405738437,5209.190419308414,0.0017471111686573708,0.054039701681869313,0.2904497728835606,1.866398520210366,0.6038889040090848,0.5400494126510925,2.0322822193503107,1409.656524625532,0.007349201167098295,0.03087897489640292,0.03384104930913172,0.00044198520323006883
58.3675081041856,-4.967241537439647,5063.721120707587,0.002855814557564377,0.058628047612661965,0.2859859033522939,1.4336142533719396,1.3467909127218114,0.44985422783212115,2.3882020548381964,72.76024065271999,0.000502286924581697,0.06781237319612542,0.03294347024624721,0.0000031152462817496723
45.26595038875685,5.184248858578885,7426.717394260786,0.014464809878677008,0.022035225386955987,0.1423710766922724,1.4672464648612693,0.601614965871859,1.2159310976170365,2.070462035116086,1782.8020290153959,0.01983736781608063,0.01452508713042612,0.039215980968274416,0.0001950514551131938
45.96438780906791,-0.22885856059054532,7748.515491240574,0.01463660360853723,0.020459972651649398,0.032349839174440606,1.321835921856823,1.098414562770047,1.0226065014386987,2.1388774117305083,1861.1515294594433,0.01997727913309242,0.036393637738871845,0.04321862950836001,0.00029265317277802716
48.01926433027097,-4.045724136209284,5711.736044595942,0.013752381520177326,0.052639993521936955,0.0934451225534112,2.1518999562568792,1.6332962547204102,1.027401221907589,2.3894142479047753,82.91708394405279,0.0029576453869943242,0.0010783033860544257,0.03264103828635377,0.00005860881797243392
45.80692219912845,-0.058639884849911894,5530.072060935925,0.012360362587921147,0.053733974399918935,0.2851886118959406,1.6179448036435335,0.6642830883218738,0.6767204514524203,0.9536224567198386,1246.6299792248221,0.0008363582605633691,0.05134244545651463,0.039319628152257605,0.0012668405709551217
40.027723305833945,-6.380511238373762,8237.579587453656,0.014868503508516429,0.026671813365528152,0.2999560605117427,2.1842678176404355,1.1449706012742007,0.6240860398735448,2.023230441237673,1906.9987796862706,0.019750191366631344,0.0042060286002745945,0.04439083214209672,0.000003966313938655831
51.37945911903348,6.163115677213408,5681.3823521794475,0.013958148886850591,0.04074653554531439,0.2000198240031495,2.1876078106631107,0.9806711160419963,1.2702743110939583,0.9376993193857903,333.1455666120025,0.015269024998944157,0.014507321181174876,0.03260325636326635,0.004746366035556132
39.54735085024895,-6.474377052049756,9353.346376293812,0.010800534827924636,0.03626708376822063,0.04299011122202111,1.7559861865311501,1.3410657881811252,0.4674046105196233,1.0835362277440197,1958.4499158371611,0.005927097863787858,0.01087390329103299,0.04178511952901154,0.004649909419036279
46.45307993703207,0.051718932186984645,7206.285427351465,0.0013834808898036282,0.0389614327865718,0.02576248383265308,0.8926134402876824,1.5089615409034236,0.4068771471755858,2.324874577156423,716.9518289598656,0.005308830127744693,0.002679938344430779,0.04412678416929872,0.0009918280195355487
39.00355232497433,2.3971145266802765,5665.763353930082,0.00034145135695876094,0.04950790895662851,0.20308453482525637,1.9625154879444235,1.6041455762192904,1.3962087651566497,1.8664849167739013,1966.5851603509282,0.017049007320650508,0.01785219957548152,0.04234859674737952,0.00030461566895855304
48.0699362285443,-4.973628020875898,6557.679680697778,0.01028564164344547,0.028272065793549586,0.26762791808003333,0.9921599314964863,1.726571894671574,1.2881008145626347,1.8790546498284129,412.9366600032887,0.00035815224604340617,0.0526079364551863,0.04118921988008745,0.006219421682830306
44.33675384255146,6.927239218840608,7457.4147519188755,0.004208540744546816,0.0235166273345672,0.26208011569171247,2.197489402019748,0.8832445200146142,1.3485504768534065,1.8283682057267476,0.9355948080151535,0.016810784962747665,0.08763715264641435,0.03271125469607615,0.0001327837117986673
43.421930084103614,8.54981747865095,5377.868813464431,0.004781323664578151,0.04849184632754658,0.1331469871527255,2.1652237656946047,0.6015912522015519,1.112144138708698,2.2881322613044897,1895.5014521564285,0.002910001933535849,0.07563104720984831,0.024633657761528517,0.00004374722733049905
55.81619514772843,-2.7978895775284016,7858.025268441448,0.006406894782854243,0.05544965770152272,0.2872726674937634,0.9836031383235435,0.6694577034853675,0.4941581152688214,1.9761577507127703,1826.0473496686827,0.00009790824908253461,0.055549833859180595,0.034600056688796794,0.00012700362308949614
55.17677390084732,9.722597685259068,5009.687907599904,0.0142482319169174,0.05271918994567596,0.020870118743050628,2.1987088441739613,1.1723156796225287,1.1712940120727753,2.189581832306278,1747.523099022708,0.009975149082031495,0.0010004743216986726,0.04350396140011404,7.23692071351053e-7
41.65834019663607,1.6130079744273598,6496.551265015227,0.0004808112672063653,0.05919204477692983,0.15132811141385935,1.8786538891943927,0.6021118716397892,0.4704393179510416,2.255516957059995,75.68858225637116,0.014718175563209597,0.005406906336828247,0.03441732699059539,0.00009187244928200246
54.88255134426241,9.175394134478836,5703.197402931059,0.013489921728748206,0.027851229687074715,0.052326788640300104,1.9335744507072863,0.9011968071866443,0.4120505055565415,2.248944761147797,1645.3211539160088,0.007619684136052949,0.06295405042621097,0.041275203188374084,0.0017142254601274194
48.34583484884216,9.386250438492972,5307.55507655988,0.014094791384332379,0.03820427496939679,0.2513651745228365,2.177761432402476,0.7279057047940252,0.4906717249135909,1.6736397793501083,131.74424828657283,0.003690743274305414,0.012946501797834024,0.038596312659338536,0.0014745849602129935
47.50979128766955,-1.92231196117001,7367.148643258914,0.000015415656410535872,0.05864885162720156,0.14029840973360408,2.075884864558013,0.6964785893310418,0.6014049448737915,2.324158174630994,634.1457695108031,0.01375790826671565,0.0010761946859467943,0.029933126305706742,0.00007291165158829338
47.825510132574124,-0.8042835925405498,5552.5254393879,0.010822992815448608,0.05461966092773162,0.18715152644413544,1.7865856671054021,0.6055723780074374,1.3952876887625087,2.3482535182398467,65.43477106107088,0.019994651582533933,0.001464176101514274,0.03491815143139669,0.0000014164626935989662
59.527598140816764,3.483145010714507,8059.659447706478,0.0015405613818501862,0.05790407209866254,0.12344659147072584,2.021725541797134,0.6428978217486225,1.0307924059355638,0.8125402885431984,1767.782402880121,0.012987978279400608,0.0970678521357386,0.029552471101197752,0.00011473122728939566
49.68987292811015,-0.25158251794034037,6804.832171917935,0.014772399255565252,0.029982849097297305,0.21333346592418861,0.9186852418736945,0.9247420597164269,0.8519007495493871,0.8200370476894447,1045.4386332686265,0.011609539044645454,0.024576599846313652,0.036793933830036867,0.00993962215234908
38.575682454333545,-0.4073416635974585,6800.001873847043,0.014385967734181444,0.05800495322750479,0.028102351596458727,1.699454539029044,1.4217210045012474,0.6094428327186453,2.3528488151191898,92.51314712660495,0.007255463735388383,0.00323620230978869,0.03974665804176368,0.0003791514960583749
54.61029692970999,15.310083751130108,7836.816494265218,0.000024196610245658286,0.0360865386274498,0.2986265282801855,2.175170024542878,0.7840524860345108,0.4153131713006252,1.2406864391608978,1892.6659504266054,0.019729932768200613,0.0728182065590268,0.030002542950516055,0.0000050868078792518335
59.25006014847028,11.822351601218454,7091.560099662793,0.0036589231963414085,0.05326303625792909,0.2990191318853076,2.1815738218770626,0.6041185790273585,1.2914519703055634,0.8260216161929833,1873.9288287972208,0.011826931425112586,0.07914689189396015,0.02326108176209566,8.265425967694117e-7
48.415641431106884,1.2711669636749274,5244.0859113664155,0.01198445913084625,0.03134611415441866,0.2998746628069491,2.111956701849997,1.798576646385042,0.4993527981589616,0.8028411900679961,952.1317993563385,0.016925701482134462,0.006300311433960472,0.03627626385948414,0.0000011055175455461493
56.613002082124666,-5.762583618695261,7713.349433548603,0.01105929759019417,0.044310254259843404,0.040748410452810496,0.9583608407490796,1.7894808613196012,1.1666246741189963,0.8001148015284844,1885.9447327600835,0.00008069305885085492,0.00517576584023193,0.038062772717882214,0.00000771612755781328
56.279365604007936,10.808039745200844,7540.292241917797,0.014746355999002075,0.051361125554935244,0.09463701365081977,1.2361015448414743,0.6334321722966749,0.8158112033994908,0.8207682886958131,1854.2258339260734,0.002459172144022162,0.004788434867281225,0.03361073986040427,0.000565247353150183
38.523902951868884,-7.191006161876036,7542.733450069759,0.0001333344128053335,0.05960864621696075,0.29136678982536757,2.1833826709694804,1.1578833846770795,0.4011935587089823,1.7617118997209236,1451.1150924214635,0.005188674056783567,0.005872051945522684,0.03238802718014424,0.000007507204370568784
52.506694472134036,0.27339949170546696,5316.8482784719545,0.008017174055794976,0.04868929629112945,0.050345280314835095,1.9490575630164126,0.880207484165141,1.1305355509586001,2.162960155239178,258.6335503048277,0.0006332915608699719,0.0016294820349074947,0.04444047580226327,0.0033575084929967206
48.68457721421872,2.5811412597515044,5535.136697512586,0.014884204581339508,0.05509900080877177,0.020420090404313845,1.932443178395376,0.6056350195192334,1.3799108305524528,1.86294324436525,14.919701695163171,0.0025376871409991176,0.0019202883418953207,0.04349309540545214,2.937775919731827e-7
52.11213732068336,-0.8052720706058647,5090.5991813302135,0.0006572851451106822,0.052496098052897636,0.034682799292372515,2.043519110815116,1.2608488431013392,1.2739075194339873,0.9378665165216968,1874.7199301311475,0.007108134290331987,0.0020380706017055035,0.042797054943907724,0.00040354329107612525
48.48995348041754,14.0612967412332,7429.100871189086,0.0018954000240612979,0.057716488202699014,0.29756778001543804,1.978311564123605,0.8459801184565281,0.5004912769635901,1.3269069233860376,1863.3571262162463,0.0028734150465173688,0.0014163910469222076,0.03478766604009745,0.00035370433525695234
60.725628018077856,9.850779989980865,7867.717416756835,0.004237326930180281,0.04026062053924807,0.1419724274863562,2.1860004233843497,0.9335861826123519,0.48596471312794676,1.1237954512955035,1980.2458812861805,0.019520119488263397,0.09067094967576211,0.03120833046478232,0.00009114623350584893
37.21574318334553,-4.418851188992194,7272.164369235334,0.0031732130122638577,0.041629451665239126,0.12392880654279013,1.2037269344965644,1.702394592024949,0.5733931850616232,0.8000020876705227,1189.8637456386773,0.017254337702550727,0.021872722845611817,0.04433134461633772,0.00019278846299857296
36.8612290218614,-4.749051143008382,5196.302408929464,0.009559031393452199,0.05271920771875439,0.27727186884834504,2.1073178426905557,1.4447559170844015,0.5102799729259142,2.1627773069332443,1534.92818359446,0.007903021292826686,0.07685152892675337,0.041771808665071915,0.0004982763935154195
52.02736975593679,7.427984402997332,5436.764033108972,0.0006115676018499895,0.043748193947009344,0.02918374352698365,2.1461200067954764,0.8067730605652745,1.032029896080721,0.8001767780099008,1784.75328534849,0.000207229285086999,0.09063350383991578,0.043552559213908555,0.0000016056091181668837
49.622976420794366,4.011800387968268,6891.802302933534,0.005098767004675335,0.055382674091110404,0.050643993530516976,1.7216740693483648,0.646665627840625,0.6010504547541793,2.313952713587099,1854.6295740465832,0.014412431343681403,0.0011186063850410946,0.029139862795626123,0.0010890898439898588
53.31257635046735,0.14139925609807769,5276.020323776728,0.013934659835963594,0.041814027384221276,0.19637936051416205,2.162505523945441,1.2254515512998636,0.4375301860589138,2.383252314013231,238.3811419589139,0.01914593142902916,0.0011913634247244136,0.035713189643769495,0.00004930323173617547
43.98940831955155,5.27378188411792,8883.068430754192,0.014378788019273146,0.009440461337479339,0.21173335350151454,1.7972873380280288,0.6038738079202846,0.6925742006116432,2.282296167837086,1793.137695563409,0.007486320291443777,0.09180353891578219,0.04224567614575453,0.00018369057284182928
54.26249017070887,-2.577794250448222,6112.418186105502,0.0030849895501180633,0.03959552305297301,0.29997201638643434,1.8957366322608635,0.6191896639007619,0.9336733779058847,2.3915925888021192,1623.7462571220888,0.019888640603367064,0.05177988945468622,0.041700969956925446,0.0000025490302333834463
36.96052766391664,-7.035440019265328,6163.825084013715,0.014973776388604674,0.04080194358244825,0.2787170253572164,2.1722572915350433,1.3298185387942758,0.4046551805366865,2.396127943928472,1749.2001088529873,0.01518151177957409,0.09640671758251936,0.04397096987329764,1.6912937702573378e-7
57.61326299955239,-4.2928436492283515,5019.634048474688,0.00009464438680046968,0.048296355145983835,0.17609607593424034,2.186242116738864,1.0738516666627183,0.984028582789836,2.1820460758304794,1320.2548153628995,0.010371370779448677,0.089154987993227,0.04110685868655384,0.000024357007650731896
40.99288026811411,-1.3411447657413476,5144.031106750245,0.000558871709743568,0.05235223896785874,0.2600548716726967,2.1361904825499822,1.4847141598323477,0.7760720119790457,1.5389803366363268,1752.974054620321,0.004898784097009269,0.04046329223091992,0.03868345564108871,0.001504820557827378
52.804616923471144,0.8546860784053685,5439.043146346007,0.012974223899604094,0.043414340811612454,0.05933612635532422,1.893396057604762,1.676811274366004,0.4220464618542518,2.083541710543856,841.0969133516537,0.002174488785501811,0.0011540328914396952,0.0364466703153162,0.0014176472662055263
50.530702660105156,8.484621341031634,7187.173002959245,0.000012012357333447175,0.05933405737612984,0.24201095670623265,2.027741897765627,0.6070872764652365,0.41622786938784423,1.1609313770694465,1916.3054521356976,0.012304900830674377,0.021665686036996038,0.039881208152022854,0.000011210182801370964
40.28909116122784,1.9535403490859569,8253.463952373986,0.006706344559852043,0.05074903526204882,0.02104325978088999,2.0292776766693663,1.0668584408623472,0.7655886279112655,2.2786239070028778,1917.2587206032872,0.0012125331939692732,0.001786216654891256,0.035351447190542534,0.00029837061107872723
48.79429040595188,4.865932789525289,8047.1823978780085,0.0014853231119412455,0.031519958539188056,0.2987229171454356,2.1658124117533477,1.3416568592500142,1.368048748612863,1.0112171119481033,1744.0768573323085,0.01630043700519768,0.0023046928166767715,0.03426179867537678,0.0004851330687562757
58.225849129608775,-4.098753616580016,7042.81748590288,0.0008867129403706197,0.04163493518490587,0.18875635539732558,1.4757730470250472,0.6112755777862773,0.4250146102804944,2.1791853521177336,1846.1114482431678,0.014620953272305358,0.03407324177423858,0.044312886197467316,0.0008936495080518184
52.718260803883496,-2.9368825738992568,5438.765260764338,0.012583471271831445,0.05091762720678264,0.2838222686044002,2.0098225265660856,0.6127054162818136,1.2268413812752574,2.392794800278441,51.407721338624945,0.01868178124746113,0.06035730905639696,0.04136610411950736,0.000004638947250056854
50.28800247763734,6.2814808644004,7364.507250728699,0.01200661677541616,0.025212399305911282,0.10480746987213652,0.9734472574568802,0.7202424836935302,0.4303676728562861,2.169736586298466,953.328968794223,0.0009045030089999009,0.06833692179254716,0.03027928967018151,0.004799860875481997
51.15900482311071,0.7456250252354621,6367.304135864524,0.014304296534395392,0.05823740939682592,0.2815751179345346,1.058620872969759,0.6882506326160384,1.2371610465557294,1.1377765637837933,1363.9655800190103,0.01622666624909896,0.0010214594623393902,0.03802836110524957,0.0003527528563631023
43.11204377847197,-4.5192200087219705,6433.497572424508,0.00003734514853149421,0.055930932303539856,0.15656670469483552,1.8865092508720267,1.1757165660604256,0.4824490560844447,0.8140154165606959,1698.0680325894941,0.013826698181752629,0.02791470240542211,0.03837606530691758,0.0003244471313938026
52.58015957006167,-1.7789292790897004,5017.20966594558,0.014275352812856766,0.05568906033689307,0.29810084657562747,2.1275202635230377,0.6325102456325729,0.5969611034995169,1.7202865387275037,6.104503748083919,0.0002403611131812401,0.02666124119965722,0.03901466060606063,8.061833553337012e-7
58.8706838867686,-4.28394214772303,5073.947134973165,0.01279909478701142,0.047379816988608325,0.25236096017817317,1.968823068348359,1.1115214681935226,1.0437352568908462,0.8000937088158033,1940.7201373433224,0.004236492361571732,0.09453234191184565,0.040354032662169505,0.000005884610645813542
47.060248681599155,4.741669253266618,5731.095017957216,0.0004751702775814338,0.05286755714681618,0.21798034726243037,0.8700410340081324,0.7030052681688735,0.6735222165574487,2.345349523848614,1998.985684239431,0.01553418529520329,0.0819119455459365,0.02840698268195362,0.00002234247628378971
54.49903902262033,-2.786666653985021,5727.114970188708,0.014775566305421602,0.031705013488384316,0.02585660854369795,1.0495139779501428,1.6462251027831205,1.3154175102687897,2.2402104131410567,1018.6161167259038,0.018042014041558432,0.0773304294171593,0.043914567553129405,0.00015224395347728585
47.78542613279837,-1.5360786775393542,5387.444272639147,0.012029875577600338,0.024447262637987747,0.2993906657267178,1.6660748937856549,1.402316668231192,0.647828050017894,0.872938691411758,811.6609366011423,0.00004700617715639457,0.0967331884974106,0.043877833004190764,0.000025752957490017916
40.278190639976856,2.775111660862624,8801.021526669801,0.010685624509314083,0.04592934043967378,0.031531691644676244,1.5591113627987994,1.4380038010948377,0.8538580605648077,2.1887369171391713,1438.9372587491646,0.012211316225360114,0.0010258941924051672,0.03763169248806388,0.017553250514359617
40.4958785539484,-2.072383732968226,5069.670189021067,0.01430861548294388,0.0557020202960182,0.056450988717596545,2.025572369758036,1.7936056177001358,0.4004437203283518,1.3845488661352126,1538.4420323100628,0.016800433978239826,0.08598660638499117,0.04198894550786108,0.000004954595270914421
40.6657494904813,0.5958023713940666,5787.530676755161,0.014699188239141235,0.056553045496544864,0.2616678807563112,2.1435719951126604,1.2642742269952425,0.6926051260723549,2.300707096599586,144.327743242621,0.01603638461914802,0.006715406913597481,0.04305988504220068,0.0005249902007294844
47.048180273592486,4.390962361866956,5077.028574993546,0.00003596264129330167,0.05755001408386124,0.20790542976063056,2.196027384317947,0.7245085696429076,0.40309205040961354,2.243136940029239,315.7623898080217,0.015118171096731553,0.025319032381410332,0.027734541654544465,0.000002839569853317923
49.202688755788245,7.27220529748433,5698.653210615113,0.01494943355683119,0.044935257017481724,0.28580700760843186,2.1242508689363038,0.6154149626685089,0.4040649769875523,2.3852870506376247,475.1160808414717,0.0000017538821033481983,0.0016293914158811422,0.027358324241359137,1.2476356611813228e-8
47.74122272315573,3.003654303002028,8990.695006989661,0.0024680455000865814,0.034750315395152484,0.02037472487222913,2.158286595848569,0.6187458711327386,0.9327113894846596,2.2641727411528745,1999.9641988946128,0.019897238576474754,0.0035824141785134357,0.04112121553069875,9.794028040199301e-8
53.18026012395369,6.3335858634004865,7144.115976540625,0.013843823893280888,0.029333792656371645,0.22850988175643605,1.2268469477788848,0.6385451624459498,1.256917470292449,1.4152790684696805,1942.5154284515706,0.019748055358752063,0.0423842919057167,0.029969699796008786,0.0005325827867122722
45.78835488573995,3.5049064875420974,6204.712295195979,0.005817085846666021,0.04142382630987586,0.27710354194847775,2.1973374719811414,0.6174281984248944,0.4213414019322294,1.3323561091345009,1979.6661414488665,0.0022673741162318167,0.040771541448257696,0.03582408125646856,0.000014556708117747664
52.11170687758428,-4.982512260664423,5230.763034547328,0.0000026778098340144393,0.050457679436119604,0.2994741934946098,1.9318051551873374,0.6055671133744681,1.3976205568958648,1.7788595837588934,241.50261712678167,0.017084800066786972,0.06327667702947329,0.04352254249720608,1.4325994221477947e-7
51.695400341142815,4.230309808679452,8778.448093203806,0.014532483702086554,0.036924739676306634,0.2893169329294494,1.118673317192084,0.6012138033365177,0.4004927172637752,2.253231089331968,1742.7963439911919,0.014076550420005727,0.0022861668964476714,0.034868456879654286,0.000012106980851989723
46.786415947894454,-2.2237416850414897,5080.718359525494,0.014956933040164867,0.05884686893219831,0.24501205932340603,1.7868208530706706,1.2370409536608982,1.3805592407033247,1.852228713307614,251.70203097091647,0.014202695457997001,0.0027523520087896084,0.03824272652291684,0.00013338845930300797
60.998638464251535,19.003797834989783,6217.916159848908,0.010348938487668699,0.04925076703471541,0.29946816884590866,2.1999049155417603,0.6234066606131532,0.7284944369501057,1.0437744146901804,946.8468847696837,0.016599462083640385,0.08982364932720907,0.04249149420269576,7.683418276659195e-7
58.706026792716166,-6.602222805667969,6146.875775497288,0.012767877942065603,0.059651100875645124,0.1778797384595085,1.064876283404274,1.2371702547317747,0.965499020503022,1.9090069644357137,258.626195182924,0.000008721084135187373,0.0037028936638644947,0.031337205896478953,0.00033056755271332154
50.05444784949913,0.7435403546898733,5348.764704282612,0.0121840805460118,0.048736208873900275,0.2984403247214965,0.8251676987866436,0.6569250971339736,1.1415628180939912,2.112524655874442,1799.9637192189991,0.015248908883615532,0.09271084949795352,0.02946447540308927,0.00003950249837838477
49.635252764133995,9.471328490085785,5844.859377713901,0.010570914756435991,0.058008144008528176,0.24785283750857473,1.2766345614734287,0.6111369922543015,0.4362465472588215,1.1613874460200952,1946.4904437187076,0.00404893793576795,0.02337998830564329,0.0331365176055722,0.00032397027750526966
40.1046690978233,-3.9235989241677114,6309.267300449772,0.012793548625191293,0.057324434522895776,0.2650772522292472,1.8578921776401625,0.6568524706614225,0.7983487144155889,2.150381055247558,1982.901997656719,0.000425828603457604,0.003828063669129855,0.036981817062064756,0.00008046534614232243
55.06802781350994,-4.590834956183639,5452.757014176133,0.007543784094026403,0.04907608881875111,0.27536896759060503,1.274974789940395,1.6626999489147396,0.8093806931505378,0.9069536829969989,17.37082084431452,0.015235006126546036,0.05323927450058706,0.03931896779015547,0.0014505839366838868
43.32715068821542,2.395527136500686,5023.937883536918,0.012582459653472247,0.03722953158220207,0.2932747147998244,2.1012403059096156,1.1496980996809971,1.2371539270999214,2.39616551838414,1303.2303242232388,0.019998415187442643,0.08652500022052306,0.041970958396471754,3.960631224048655e-7
51.15892756953951,-5.4112411911640805,5038.797929495,0.014989496084443162,0.0565393696920508,0.1459195548965404,1.568064023046273,1.367878931770829,0.45587253892700375,2.399651128697971,1779.6042255422199,0.0004770231010188596,0.0027590207746812207,0.033142325290391975,0.0000011159089903498955
44.34145048356907,5.529954976246588,5451.594707061923,0.014853620412489173,0.05726489594900783,0.20815404772166365,1.624929261748601,0.9416186585681908,1.0860922185042952,2.316575635769204,1709.618483452104,0.019852289528810536,0.0017761866462001027,0.03206129377922788,0.00013816274984249706
58.610257719367866,-4.594154067157448,5439.148893211245,0.009003266753561515,0.057105539574794695,0.19491752127172854,2.1995347406983026,0.7817758422687995,1.2574539107252856,2.3939598931222417,1988.4876793924975,0.0010622628350970612,0.003417079104294476,0.03744718498604145,0.0000012477362486517528
38.694607287861494,-9.656175102952238,9429.28828920963,0.014313884681156233,0.054865710257313044,0.2996625578513913,2.158554015061161,0.7401916165737632,0.4108938260764862,1.034207535498109,1840.6059292330267,0.010168869579095874,0.00181560514349644,0.03711918073161768,0.0000021142609443000208
52.64279665115572,4.656222898233057,5048.0882165646,0.01493649718886909,0.025040867446979302,0.10670964960501238,0.8235467026847818,1.5533421235684246,0.5085011547909551,1.7860662351257015,44.4706814479849,0.001995124245911808,0.06773336173459497,0.04384496990517489,0.00007835073233551364
54.68806670222993,7.9334415239641025,7104.920055882323,0.014285270729947981,0.016054839141638747,0.18794921132165263,1.403437990882705,1.199526316300393,0.4415029410081349,2.298236021990272,1814.2032921160237,0.004397625452118066,0.037577761078352666,0.043188156973335085,0.005120381646844813
57.55315983208695,-5.946242014184609,5036.033660479098,0.012598330122705595,0.05789598357037402,0.07077732566047427,2.1864571261622263,1.1714197494432987,1.2638089422840717,2.356684588306885,1627.0715657740263,0.012241970166941405,0.010874971403855413,0.04014420766894044,0.00007723716336190332
39.28972488676251,-8.85793997057077,8110.288671364559,0.006559864936734826,0.05672369746710292,0.25528213897157565,1.41866912279063,0.6362626834235597,0.4043262472017726,2.0043451365377525,1835.295238792992,0.01970599932982147,0.0037897108026506833,0.04097061656935805,0.00009657298059984138
44.826656187434935,0.33434886581652634,5269.317556012231,0.0002272140625333139,0.05688448673003845,0.19878830579097648,2.080996510108074,1.5050073426035082,0.603387547091698,2.324948828522428,728.5188308464449,0.0008109759265739599,0.001239009215308937,0.030551446637913225,0.00011684160147484777
54.5671289132584,-0.4336997068706001,5887.3067943551505,0.011893876871920832,0.04015825950886836,0.29576178542115844,1.3964562494202724,0.6705821762126422,1.3226392996399332,2.3985551014951834,635.2107604911623,0.011633168514878866,0.05261874173197035,0.03503841332316299,0.00009175353422348287
60.4867803897695,15.957529390129995,7220.807918186524,0.0066463406018763705,0.038806844103278795,0.29526326185516133,2.1716356875518867,1.3148801440952973,1.3707630768058383,0.8678545176493112,1926.7535295869102,0.01983546528868749,0.007603985864606978,0.044271555176718116,0.00001798539847303606
47.97547353666785,-2.898190474785914,5981.0222685007375,0.014054257251580061,0.029763821937164554,0.173358055169616,1.5861596375589158,0.8579894377215569,1.2398941863243467,0.9087048122499608,1876.1364121783733,0.017321028588831496,0.08458380927541666,0.04002329969604844,0.0017723929205937618
47.13056391195742,-0.2725710132992578,5443.69494875327,0.004781927782200258,0.05907057277373968,0.27119799528116373,2.1364276165142106,0.6745786901660396,1.3218562383537895,2.312360623685608,790.9501716864063,0.0003315602272348045,0.006008652699789106,0.03283317930949801,0.0000514819380297692
44.202497324473974,2.2677531802922672,7509.49090999016,0.014901494197327584,0.04082779555180015,0.11759371140495672,1.1079012166047375,0.6189416412956166,0.46147499281725324,0.8017957882512338,1647.118714280441,0.00652281845170145,0.014180963006789027,0.0339542098901379,0.000053965994737068265
52.818722661207524,-1.9734540838895036,5033.746267648861,0.01401737906515037,0.059654506420988865,0.11694502397421064,2.1919874287041785,1.1731625306746256,1.387671066480842,1.0380709250255,10.027631197213633,0.01960282335488393,0.0010067908978969727,0.04340240604429747,1.1953254268592556e-7
49.108649484101505,4.7691260596524465,8178.105964032476,0.0052923009610014605,0.026293121568073924,0.26559477348487753,2.1966235839710966,0.8436480094943892,0.6619996398547321,1.172444191428533,1993.1120215694223,0.00016388955306643162,0.06399757628003631,0.03176671479821346,0.000039333370747250924
43.271780331231696,4.545263027584138,7405.526517468641,0.014974931521806229,0.013824694300931693,0.07010758096048882,2.0354233738470517,0.7601442736120707,0.42053660071140847,2.217808798238588,374.1045247490364,0.017215301289552024,0.09794275582769314,0.04353925181207099,0.00003331248019746073
37.436140118329575,-3.996016537843868,9594.696171057507,0.0001495118089686721,0.04870174922506257,0.29767772852077495,1.5235235729514303,0.6016889541952067,0.4138545651303393,2.3687020482149204,1992.7317202089516,0.00017937642131105432,0.02709572746918466,0.02208848447283518,4.052618102787728e-9
55.697423872460114,-4.346900522557512,6119.5706715954375,0.013796659243458903,0.04399844360084589,0.1552606384400337,1.7675023576185427,0.8258953101085896,0.45856294118527735,1.0307453218267064,1967.174648435632,0.004414251529639662,0.0036659994651606197,0.04198734997193407,0.0028476623752292105
48.86890346560145,-0.20951697070438868,6841.495258449559,0.014719617832482683,0.04646857848959342,0.0746948275506626,2.1889828174658135,0.6424969538789554,0.5445588873150146,1.3504782161974491,1953.2979780258077,0.019632821358559,0.0038294452371391216,0.043565204858326885,0.00003756507767321277
38.74372010264108,4.518011999650497,5052.266012989822,0.012987645819641066,0.05983674570367716,0.2775426593020489,0.9283742389141811,0.6004642153265263,1.0664050021404938,2.396062116615643,121.14680102966872,0.01981488239511712,0.09132748851318433,0.04289552660453522,2.1578105040523985e-8
49.48952485186557,1.981730105791435,5060.781730360947,0.013256791319520409,0.04677488104522427,0.05716332617183097,1.2293132345659403,0.6311089896760191,1.3920711755598847,0.8125005746574776,1994.6405986942211,0.000001735886093529237,0.08602592909304049,0.04053483462474197,3.3638669362076804e-8
57.89247847260071,-6.918077175580674,5045.703625055964,0.0009974579079124032,0.05892111774078018,0.29490773976201506,1.1723838740142303,1.5821548591160561,1.1750896862037599,2.3884923395760542,79.55859763325654,0.0009853899222151854,0.043703694589794395,0.030866602137112786,0.0000019778470844822214
46.51089147810704,3.759174833266261,7100.1113954671155,0.014664462779259875,0.02307767719076607,0.2998920877582849,1.9315545650418882,1.3082235217332945,0.7241799294975204,1.8421390302096152,580.9201748848061,0.00001714466413193267,0.01914097157963268,0.036314558465960656,0.00019679098425555262
42.51365093866758,8.241676030425989,5798.810924860878,0.013186333602995395,0.04719151146084321,0.29898646478797997,2.0584012019282487,0.648857616500032,1.2033317021649599,1.3079845492623443,1088.1508976703376,0.019870042698985062,0.0018451329908067146,0.04291794776074211,0.0001701936915051726
46.638729335728684,0.3927091606694333,5932.383735447994,0.0003661699686557414,0.059671036130995586,0.16975949450063277,1.607071404479918,0.8161632858360887,0.8443838991722767,0.8720188241778343,582.8652519470493,0.013142902375851395,0.03820545922406833,0.043393747095528436,0.0029613289407413035
55.507318885489134,-1.8911781676574115,6908.228982399981,0.0037876338318093505,0.051573484477860025,0.11301271326445979,2.1307468327685353,0.7686488377138154,1.0212998661000308,2.3782208251489627,1240.2514313420802,0.00009543689564202982,0.0025039381523111535,0.03987411067369238,0.00031473012710623335
50.85814008518123,0.19746599523227104,5004.717278122483,0.014748005610504175,0.05464904848669094,0.07731493823739966,1.3435915381092838,0.6084035049635419,0.41054560997942374,1.7801480471333733,1982.476230726411,0.01996446998688537,0.0669743635165811,0.040091486922203594,1.4889425534115317e-7
54.21052857818135,9.57393003202285,5828.1707631791905,0.007804703828188277,0.05983978692223168,0.020839730950134014,2.1330081362248503,0.6755267004931391,1.387406985612437,1.5773274337261847,1656.307871948898,0.002594471170542751,0.07613709964434266,0.03307232125322446,0.000017182437192749694
45.529273777602555,11.09856354639399,7893.192993229251,0.013255176736535536,0.030418701039922013,0.24605083590287732,1.2669597418222347,0.6039581518622418,0.7202950376774553,1.0504650427950624,1921.0416111601528,0.000012170457430269722,0.031096368550914466,0.036485344285771715,0.00010420210913421678
38.88121653164122,-7.154321256038396,6995.465892386581,0.00994145936209723,0.052182129208569274,0.1989541189748122,1.3740966230035814,1.7955941747240387,0.7813338937201426,1.9934153894238915,99.73101087023079,0.019121227128961634,0.0022008131981568553,0.04359544533652866,0.001830459471864023
49.579970383631995,1.801737141566452,5238.3164460911075,0.014457004037413127,0.04515950561749714,0.23995968432833514,1.1103530920812303,0.7465099421838681,0.45254967529376966,2.3974752130430437,20.154575597880033,0.019609916855598254,0.012036137295363025,0.03446252189568564,0.0000066711216482932675
46.693681205356754,-2.143111246211002,5404.370810865338,0.009559233837310097,0.04435552385415994,0.29311596366413994,1.1992827102947117,0.6008444171048285,0.5885485054706326,1.503837628862772,1990.9555362468213,0.019246140386432277,0.09700151261759374,0.042510639004140205,0.0000018128633765487964
56.27653294852391,-3.6115059343142386,5125.694421760101,0.011296235808462889,0.052579691195231655,0.23723855523494206,1.5100040773724643,0.6007591660322509,0.6542541999203084,1.5356990011058795,58.233543083655235,0.017530350000345526,0.031905873109481814,0.04303422747973216,0.00020109232330216487
56.304874125298596,-6.377595410236655,5105.994940390039,0.01401651927534299,0.055501483044490325,0.2920950768608368,1.281301486902441,1.0136664493687215,0.7284506793446414,1.3649879419000568,1468.53374070401,0.0013296097539635698,0.0016449935553672704,0.0439418425787249,0.0008030743352013507
40.040062336597224,-4.784413119976768,5556.4694061894315,0.011637180611008645,0.0451968457067247,0.22656809574815798,2.1833085491679016,1.7641106479245234,0.4404179646510031,0.8105591614669668,1816.2425293438487,0.012153694781098463,0.0528606037051847,0.03781373043703955,0.000024152123967827193
54.99526317472212,-3.0219706721443753,5789.644123244108,0.014994730703265628,0.04284373055664987,0.24774839973288687,2.0509206831286875,0.839749246783558,0.40481973129418974,1.2278376844149337,162.85034422752508,0.01498971555023917,0.001013302025682734,0.04141447433598534,0.000005349001911419916
37.222339311227316,-8.378020672903778,7609.73546223733,0.01424111086500105,0.04592746956295101,0.24494694024190075,1.3856249339475213,1.7520184829741785,0.4909773954120386,2.0559905650091226,42.66219323178222,0.019169418869277033,0.00117355008669318,0.040136634287301645,0.00011887868308382407
52.344254413269525,-4.92262970284723,6502.467028313705,0.007026790938807886,0.05790282423657518,0.025353277994096552,0.8511913826487391,1.4269782106128341,0.4525642665370535,2.032215960208122,1999.5736322655819,0.012176157717771545,0.08249179271604416,0.04137808782825116,0.000014132264067226711
47.212430992944356,0.7479149765246937,6597.269291695307,0.012974202797707024,0.03916945441943155,0.022294280509881585,1.4469151602492785,1.6274499676092509,0.44898713563027315,1.2152486527927442,1095.515144161166,0.00014625003280538772,0.0024608074907587533,0.0399981949208716,0.000741343481933806
48.09988446443097,-4.654408166745019,5104.981295319087,0.001378339949367132,0.05178959560470834,0.048008219567187566,1.9745775186223355,1.6254453052038396,0.5102569270899256,2.347120296769145,1996.964674760382,0.010681211990110961,0.01970784020551452,0.04254555795002343,0.00006098118059024384
48.28004490677796,7.651441343793152,5660.598559666823,0.011715192299416198,0.05713243472147172,0.031734667566530525,2.1731730407186722,0.8974113323044717,0.44201977604770554,1.198769151731513,1390.574413420714,0.00018162589373008629,0.004832196343743546,0.03509846841289822,0.00018467259056303154
49.44617885039949,4.313039061412603,5082.029107577357,0.01025830130241732,0.03737570326532832,0.21265681385200094,2.130458017604581,0.7075105731068395,0.4114691597115064,2.387869016238521,736.8575190815511,0.00578596757069282,0.06549691645289962,0.026186428731939,0.00011090770317306975
58.74288197738949,-6.534949977122656,5064.062184147404,0.008895940829832485,0.05165221074225754,0.16594380239449544,1.7481189324751614,0.9564893946529239,1.1868665198743529,2.364632383238752,69.51513123943836,0.018919187361970284,0.007814423604211645,0.04196090389813488,0.0004508539564990372
54.06071837100972,-1.1023856926391566,6164.950003777357,0.013135389347710044,0.05814661884882189,0.09095900343910106,0.9659352158715628,1.0621923633881853,1.3955285621485416,0.898756073951669,862.5614712776547,0.000694071845325498,0.0014584223831740134,0.037595349171853254,0.0004176061805939089
52.10466767023166,10.443199508928316,6036.429202795206,0.0011789932134259533,0.05962240408862399,0.29979749565255936,2.0351305279052214,0.6568450822078417,0.48691976105687457,1.2455619693064803,1542.5565446092244,0.0016664035118256933,0.017498505379127408,0.02319867941750019,0.0000339540627436456
51.93739342026382,-1.8620644530166253,6176.231771754712,0.004360563678455865,0.0441622063008617,0.04513536643180294,1.6532480808358982,1.6726324662165637,0.43990367094534333,2.396146562195349,1986.1056880720637,0.0017797197086804439,0.0023045897230463573,0.03780999424884342,0.00003567087425942594
48.82104333326677,-3.7009710270001506,5572.961976117918,0.0006174029948689799,0.04373920222452681,0.2999535065037783,1.5928259954257034,1.6995060422694483,0.40406228411638484,1.0152900588179237,1751.8919912980762,0.012927165312364161,0.09627533962932149,0.03777739308115473,0.00000383434510776334
61.650517335974634,13.599805923946903,6030.152473793863,0.014982053350150383,0.05752146782770299,0.2998196895981362,2.1555726014389,1.023536639884297,1.0445367514370418,0.91411805799204,127.97723723326551,0.019748282232084143,0.00512712767656605,0.04265724261732106,9.062350978944672e-7
59.04195949577255,-4.6615539465085165,5017.563530925275,0.003035508807973686,0.0524885243450654,0.19281455510106482,2.183355218404278,1.3033224304854956,0.4294126678440951,1.20127594485795,954.5464365311892,0.017277851618457452,0.048275733121874685,0.04080496206662379,0.00007005790793322185
48.96826355121263,-5.842763002756725,5666.432645899666,0.009335180322896241,0.05396230015876679,0.0201761315660144,1.8007952172076416,1.273811706996689,0.4211300778572201,1.543044173960233,1991.3134098008652,0.00017931271050419882,0.04039720680610225,0.0425169965070605,0.0000029068715690938197
50.570555499524104,-2.206796485990184,5676.806608197878,0.010363852483006353,0.057339069433419404,0.2576391788769342,2.192156750098125,0.6736860872636927,0.4940241837514733,0.8013094926042627,27.562246004097943,0.00903557531703724,0.004087317941135371,0.043204266431505274,0.000005126807692668606
58.73020956400295,4.416643018190529,6049.166631295009,0.009561180932713869,0.054820264724524795,0.2999521763491854,2.1869269578482786,0.6461677785637066,1.1077498580471716,1.6978898561629623,667.2377568879378,0.0034243698775072912,0.010164350871041464,0.041128493927068493,0.00008195412128845604
42.53169027897819,7.5647798499671275,5312.5156306585595,0.011298285193001224,0.03877440630146268,0.2840906515050494,2.199390388741794,1.6086668358971985,1.2074288290246193,1.8191299433041024,412.7688671553646,0.000007074087383803792,0.0019105006924438656,0.03851727911659971,0.00002864577727312265
56.1261307466757,-2.2762623078541715,5248.459239251277,0.00216642762070634,0.059870001254856496,0.13093451476813173,1.6457115998948786,0.8367249933988794,0.40072467732895667,1.0613360282550341,1181.3541736024968,0.01781498340785155,0.09384620670623707,0.04389543518892726,0.000054351089253929634
46.583534163514756,7.284132436613763,5005.21931944018,0.01023029883540072,0.04568644275488109,0.2955142857935423,1.8452634391973852,1.359160153813072,1.1910703853359519,0.8988594059614857,302.6141376719013,0.017829930825169916,0.0013849395535324692,0.04449508061650084,0.0020116192932092877
55.13731854292331,11.393188456717205,7814.579666868686,0.008738204782834007,0.024231776620419636,0.09352327011520732,2.0982489829882462,0.605564850791256,1.1271275134573369,0.8088905549921288,1973.234475366349,0.0006476175903684056,0.09838905944013177,0.044400777042118686,0.000003871641602902167
57.69819691829167,8.973154600662575,7849.324888725058,0.01217131807610102,0.04787528189807861,0.020094184424676274,1.9415825128624655,0.6242203606045116,0.4043072085802824,1.156322171079018,1988.4865538008526,0.016327927288402735,0.0013857269014426802,0.04163219913649461,0.0000021482791492453443
40.52819680907785,-3.243677383330305,7390.952830363177,0.014063350003516174,0.059112299687721595,0.07359107188521319,1.786722246190767,0.7578259584370899,0.4048530347003716,0.9136403108174005,1311.6713418476907,0.018456365366453998,0.009308355348290002,0.044338600057197725,0.0003339990522767218
46.09049456313762,3.2413576927839927,6111.846752361972,0.012817211203545493,0.02750082751615643,0.14289943798687116,2.099534111141018,0.6962961619677268,1.2616696107470866,2.397572031846896,1988.910469074926,0.0009168426471928042,0.09781053092659685,0.031527582286545675,0.000001965823018737803
52.34582836411277,10.995844614635047,7555.693135185777,0.00004486487210237386,0.04787259652289819,0.23364543999564333,2.1120009477440638,0.6377804312568555,0.40025151025687705,1.5669936228418677,341.4238731900827,0.00001365726823933805,0.009765421405318235,0.02346673329044837,0.000008774651098292234
40.37043355137723,0.32357693812688915,5660.919330948767,0.014775701619811211,0.0496121692363919,0.29994948687180917,2.17517584149668,1.6679651665669497,0.9883004139485955,1.3405461811426702,1937.3353116696658,0.019178494333606452,0.0026744687881546983,0.04444658067828437,0.0000051444020008224985
47.83874875447653,-1.8568263661394209,5044.153962790507,0.010287596685168996,0.05377309478861309,0.29898947980230567,2.1958009633588844,0.6405099418739555,0.7498932475540874,0.848462092441137,1764.3899863852482,0.0033695279385736066,0.09987190646664368,0.039398147648119254,9.753120369128295e-8
38.653126227331825,-7.140280854068306,6834.164547604115,0.014948776879997003,0.05070361603426026,0.25049413597885456,1.5518017307660168,1.5057110418425914,0.7982226953774255,1.0264495210056084,128.97223932715545,0.00014758220665060754,0.0012278115306826633,0.04131429585166003,0.00011102913670573122
48.29447948684157,4.30261985415587,5069.214481740877,0.01381607649116583,0.04646760122554623,0.020294286172505806,2.001730214730914,0.65207421725625,0.9943205278800752,2.285945973301871,1735.8272528331458,0.01587029761484092,0.011497975759258513,0.04060090992545395,0.00006615136176788285
46.15458699894033,8.178772201035411,7667.5450873362915,0.014194475141919643,0.026831402360689666,0.15925157707478824,1.1185407416298085,0.6098641636689334,0.5761079108712728,2.211559793222081,1999.4253299897719,0.01992770869117728,0.0440788557799235,0.035542275209418,0.0000026410735869501885
45.175527293987216,2.528640566952756,5511.643920759244,0.00006956324124959761,0.04443531987905893,0.2593593110242045,1.3356026419361777,1.1340231916397308,0.4305599930803897,2.3881645381650274,192.13072308206924,0.008478928163784634,0.005568843834657345,0.04190427305651218,0.0005436243542821757
40.5072063653074,2.918799683273118,6874.201374516315,0.013799270247372212,0.053399498937981175,0.20487690963246735,1.9129235183802196,0.6149440517654775,0.6695634147561164,1.0255314182799777,214.5820419582729,0.007915971200359782,0.0012668307804304519,0.04447485786731118,0.0017521244126296068
47.73199845907394,-0.27572721227325125,8674.471198536881,0.006971874234373198,0.059739696832638994,0.2866785538208239,1.5786950835430877,0.6149860895113305,0.40458175400259305,1.0753394266007008,1958.0016019340992,0.0003636330496054475,0.0012554576504940453,0.030827554702287936,0.0000017651844155913674
44.863974770400105,5.28184702612087,5218.365204524896,0.004857710509451724,0.054945903998845955,0.25855415970138623,1.3164688962819788,0.9834402800202153,0.4334083857090542,1.2365288928143634,666.9071773909699,0.01307725683174052,0.08801150363287286,0.03493797479532129,0.00631788080959379
58.57361493114111,-4.593148634532636,5453.2210784467115,0.004830209685806738,0.0598973917310131,0.2998945380607362,2.068610549596153,0.6016228125564409,0.909210626246099,0.9613023947190826,16.527744795516657,0.007524867355495983,0.0010357240669911288,0.04335730360697279,6.586136956845637e-8
54.726373001343646,-3.2887911659007365,6074.011728331544,0.006716770086802869,0.048794938919344104,0.28651568331677885,0.8370362501922235,1.6769539396726407,1.2427912479068808,0.8285975744055168,324.7924773885081,0.004895196048475469,0.022177736327059355,0.040384454122471845,0.0014709699176700321
52.368801214236264,-3.581999460007184,5006.071537823089,0.002199644544468786,0.048128193709494116,0.2624826633353314,2.1938785088498713,1.4218604753841189,1.365511184050198,2.2944311456868434,237.08153428633852,0.01996669839901708,0.007927008876840698,0.03683020685132388,0.000003759367054006179
49.593636028331744,4.866885845264475,5784.399018990661,0.0023271455931869007,0.02270449035233871,0.2993578356120421,2.0968011623555656,1.594799713950517,1.3601755388107355,2.23526259807662,4.809391115368831,0.01819124653726401,0.028751477727718657,0.04103656410489901,0.00003428579941528357
52.96015156076975,0.47832643886787274,7947.439706275343,0.014945403916264376,0.03698257174553751,0.24953447375381674,1.315013619227343,0.603095209847668,1.3355831684581658,2.3934738112328002,1824.276353803506,0.019728814994791465,0.0033768466292757376,0.026099989794529013,0.0000028649511468628645
49.22503475432843,6.523161351460267,6403.2900084635985,0.009382093958754395,0.042543835433637475,0.1922258019445057,0.993688976217248,0.9583270146974975,0.4268669513375091,1.5956066296074476,552.7473342282437,0.0182334805925968,0.01050072790729853,0.03873638902517831,0.11322658668282061
48.12741508900725,1.973121075870182,8431.273122753908,0.0058855981727833125,0.0581390669337439,0.034991130995320176,1.5116629112271078,0.601002334488997,0.6399905554064018,2.3247734266905473,1971.1621907390197,0.0010083010001124247,0.0024594064523187934,0.03773458118612694,0.000013635999523687449
42.00692564069239,0.4098895295924265,5225.716672400644,0.0022747693285324216,0.0574458608809745,0.2808708379931157,1.6522495460608306,1.5745962056363272,0.5914952797799633,2.3142547583824618,51.29607954939877,0.019696784704116718,0.00226809887510552,0.04206442442384115,0.00010530116420033695
57.624324198180034,-1.760390182423878,5162.1901724481395,0.010473540800958388,0.043261047325727574,0.11657100500874527,1.8914459880877297,1.7993320769342653,1.3972137215433158,1.8445733330340346,1260.8419776152648,0.017713237711410815,0.0016838191499742134,0.043059179343523046,0.0002177115136246425
46.67317983563541,10.445742609660567,8109.641216286466,0.011502792059301386,0.05459859406829687,0.02590274227771208,1.8540049249109025,0.6017397345100677,0.5565691817547915,1.5361337295626305,1919.5889195368632,0.01999721972825937,0.0011074293772443888,0.025292995250239227,0.000004660938437535815
58.46492566340226,-6.6870169485129605,5119.064597128167,0.014918983185224182,0.04478550698237049,0.17473638564412033,2.1326859896652786,0.618518569070032,0.5235664539846194,1.329394642546432,750.2391560279656,0.010312697067334129,0.09012014692141271,0.04418718087053725,0.00004066972026107612
46.354466574823654,0.000004407212575330277,5456.979111156495,0.007573569536268342,0.05670318409901419,0.07563256387713843,1.8387771926998453,0.86761270959098,0.5742698605763363,2.375220242616685,636.8797900895149,0.0030791416063650806,0.001337817725427795,0.041227563034201074,0.0016660438363694785
51.7179800067138,7.5787613195997885,7022.492419158123,0.0010940151883908436,0.04760827339233971,0.29764361137488915,2.198608910230793,0.6319780198476972,1.158808286658777,1.2131458362335017,200.64292072510102,0.014005907258983064,0.04889102620216919,0.042067842646571756,0.00007835839217715
39.248899819007754,3.8758952524844084,5708.608654744284,0.00032226951327516784,0.04639360786717204,0.12830727156827898,2.1362460124811813,1.6346165435719522,1.1355760298470967,1.227701847852413,1389.4231549983986,0.0000024409018069724304,0.042103732334675514,0.03820696762262474,0.000046623469216140304
54.568487179719,-3.3839810904544914,5251.004084807962,0.0010653801146911367,0.05834927624167875,0.052363168570387114,0.9444234122772431,1.7998464359429303,0.8467882940414312,2.1707589097547264,560.2677587043681,0.006332107581603662,0.01383278892370935,0.032727374731844734,0.0002868351882970656
51.42768013354463,2.6594914743622127,8402.579887505537,0.014968632297138181,0.013944717360487179,0.04745697800202063,2.1671911963649455,1.0167423595084262,1.1896023869051833,1.6169456424550228,1954.2471571228245,0.015537804604528487,0.08054714633566823,0.043419464072275336,0.0001126382587185655
57.999376005513064,12.405732255762281,5056.721695504088,0.009130210340473845,0.05644552450538746,0.05238168217234637,2.061029896679208,1.1902634390973106,0.5979807224000822,0.8620179096959617,1587.1692476909782,0.0013666941694498176,0.054929046944837814,0.04354470325995801,0.0009695172005323003
49.35997296469353,3.7983955041178667,5539.647527637927,0.014636644330499797,0.0339526528591707,0.020953083850698512,2.005832299951618,1.6233429280178724,1.3536574960883834,2.373260708452566,1211.0285575597609,0.003392752895671999,0.0014374770997539388,0.036058754402006385,0.00006473493565744645
39.54671967850288,4.7589309359169505,5048.1304278688485,0.00661939066526096,0.058022813444414734,0.16272886556409005,1.8540872961383132,1.6461561154628024,0.46027460097734707,2.2767156580001195,1400.0715224172177,0.019364757945707228,0.09651243602785979,0.03748175792667987,0.00009886462091041878
49.13284008262693,2.6067364791062495,6346.153916778768,0.005977672443493764,0.053787350480961386,0.2911083918806521,0.8116308094859419,0.6279891176296559,0.8405547942865395,2.3851063845273623,1626.9768266681072,0.00040311526815140587,0.001338802072003544,0.04024494346404122,0.00002386945954179892
54.34631725649082,-0.09242851706144428,5069.967587810015,0.010009026366752523,0.04160569260704322,0.26158964634276527,1.7422755112230899,1.4105810569316135,0.4344761162996673,2.213080498440046,1962.5888422864896,0.002594816609506449,0.047933826440016966,0.034787024545240366,0.0005954413900704818
37.12367535619604,-4.929112715532942,8223.587112069157,0.002301932637209914,0.059897703689103514,0.2496776213760038,2.1561054011864136,0.6872701224042159,0.6752162157076707,0.9421714826078877,1889.6675964440738,0.005854893768186962,0.0031411478767329887,0.04306217615936712,0.00013760719992229515
54.326281216599966,-3.1990452051254303,5400.651604737594,0.006469918477865742,0.05788841328723813,0.282220984949004,1.915786603055142,1.2643006830435655,1.3721804815124712,2.396114455357324,1395.9858668474699,0.019408507674200767,0.0014150829738185625,0.03893316829654009,0.00002685020364549959
40.45115694449772,11.561710203525621,9491.674527283849,0.0014309638145909294,0.05814573111561008,0.1432770532434407,2.0423088130911036,0.6153821389507602,0.4319460834077143,0.8498429284735348,1863.1127004332004,0.00016287443246118709,0.04264716605565163,0.026320514661196823,0.0000058846168094622
50.52399472148841,2.1134482746229715,5347.2330968195165,0.0019685517152396655,0.05937998127325386,0.021002533736686597,1.5832980375804522,0.7505657897531754,0.8402090597515803,0.8010003558030228,1829.4643122287832,0.01960537196685307,0.07106084188905223,0.043842720374570536,0.000001034828341639501
49.20874013728787,10.912882116383894,5859.391515870691,0.014777271570603899,0.0301700345695874,0.25002490717837783,2.0071400568721978,0.7089311357938515,0.5595071973087395,2.283115601165304,794.5251208283074,0.019274020248810312,0.0832159993489691,0.036894518028072934,0.0002040729409233186
41.13273015620666,-3.498563398757903,6487.06550292181,0.01263410174805732,0.05583782819573711,0.2903115837746897,0.8115060339573036,1.1596124557841279,0.4263855566899763,2.3998637864262644,1755.9921424976046,0.013953991085215965,0.00296240251464739,0.04175890650738716,0.000010617791890900144
42.97452461038175,8.203879563348764,5011.997620292224,0.0013589899814976634,0.05995163013203065,0.29935409977547883,1.6202892558276079,1.0538646390687298,0.780600546874712,2.378136625672377,1999.5369458111923,0.019811930092181847,0.0019012068888667442,0.042554743828735406,1.1827237824710968e-7
51.38441044351569,-1.1905195062705136,7012.703572453402,0.005517414523234543,0.02852276727149158,0.2919040814235763,0.8660322635571311,1.6642649736284332,0.6310884750403482,0.8303223248295526,1899.3611679614448,0.019867641347818838,0.06418973657172221,0.037810681894515585,0.00012753953094714462
46.77528615564496,4.952795394523767,6266.455410042401,0.01494297764097297,0.04080679423369839,0.09552366911634834,1.2120849475399416,0.6437504334652762,1.3831592902800318,2.338447774975587,273.30877460553097,0.00036099530762757724,0.007734419016567294,0.034234512902032686,0.00007443672801056144
60.999369886856044,8.615287090008906,5417.9945187665335,0.014954015044659662,0.05396849601007654,0.299314428283753,1.8532654663735848,0.6660624925389542,1.209442013940758,1.4587287287196498,1333.1655472621712,0.001375549350742063,0.09440950176924516,0.04425163836387033,0.0000024459028648163517
53.763297898527924,-1.3056019382787252,5166.911184935481,0.008278312979689145,0.057800832992679387,0.02903995273329292,2.18169226640758,1.3973760366340566,0.5113238564402802,2.2521227175288496,1052.3549629864199,0.019790909071649515,0.001713212790371546,0.042969976093367876,0.0000421792321005504
42.46531800163201,2.10963139836978,9280.390889583068,0.0018907610804969391,0.030061992941081483,0.07177976079901727,2.0351681712475314,0.7564371944839772,0.6500703867522759,1.2583817049950599,1977.380479131102,0.0017604724567934003,0.03421685591897041,0.044210086434172395,0.002254404622957927
52.59170166116347,6.7856041850184425,5717.000692436897,0.014379794885589445,0.030199822746832927,0.19919263264281287,1.9580291848232894,1.5324401950503195,0.40141589490740337,0.8399525398300354,1672.214605896907,0.00009494937086647614,0.006454422953846404,0.03752305625098742,0.00005093705431708707
39.497342097550565,-0.414673876287166,5150.198302141143,0.010440601370852948,0.05695085139129237,0.1845135193630269,1.038210333643982,1.7985762473711886,0.478756453382431,2.313647129958567,1585.3473596886874,0.018171374900704786,0.006351242694152512,0.04289683300970983,0.00015056339616506325
42.80509295863785,-3.3722940199943645,6780.924856904623,0.014975972764398125,0.03825647661046179,0.23384217150080464,1.7705124418182732,0.7996664906120909,0.48603692258157366,1.798444189201178,1333.740402747413,0.01735192988297923,0.01595953239940156,0.043289723234283504,0.004654909919314673
44.860044867552965,0.5946742986628699,6804.53042194497,0.011523728150173277,0.0596457241547499,0.18117683025674403,1.7620633366546832,0.7036886400464943,0.4112122136070795,1.0091306087373693,128.3750291704362,0.0006236780729812117,0.0010056398856707282,0.037200358133569505,0.000027692903195212504
36.69137968306263,-4.44023527430957,6641.550996340995,0.013359143430086805,0.05749943812473788,0.2641266109300993,2.1932773202077405,1.192249847497778,0.6599507801758648,1.9571870918293621,461.2935767467555,0.014868862554066107,0.003892800940646558,0.0403790995025478,0.0009837199923623681
54.23515300429466,-1.7222868485691336,5854.30481315086,0.014754048459673676,0.041009741330932076,0.29929009457262506,1.4085658324548356,0.6325244807487873,0.6412299906941192,2.394241078506745,1844.6548303098648,0.0014977821160244013,0.02262188228986254,0.033635953902907606,0.0000055420237390366895
41.41402910266594,-2.764006214647508,6162.033949990837,0.01397294489109171,0.04968015876373132,0.11865471017448678,1.080840188637297,0.7250231413930976,0.5682594304405655,2.0855515724487295,1998.8341088550144,0.0019065094237505121,0.018124389825922526,0.04211897817332505,0.0001656397801928877
50.95851824985571,-4.338152675579359,5526.910420772816,0.009338178290887325,0.053340721323214504,0.2865278624106853,1.6408623452100488,1.0364708269200145,1.2872726217702792,0.854018306157555,392.03356336439265,0.008680368250165412,0.0034148079597262544,0.03841682192717454,0.005226139558704225
40.27029576404069,-6.624267752442057,6849.272163834706,0.014306598689840747,0.05521455282469643,0.24563718797469133,2.1673579043735254,0.6244650574502777,0.43683225487835686,2.3789810717085165,1995.2319541059242,0.009394096249760368,0.08334331534153101,0.044391535239899686,5.168942912452849e-7
61.960230406620354,15.232383728255783,7550.247609094445,0.012415240693369725,0.05908968725623985,0.027660978776704617,2.169112355312657,0.9621027662117938,1.1371571862983139,0.9093722335797205,1812.7195169320805,0.007258739003969492,0.0839080022916571,0.04130542306286933,0.000016768395902695778
57.26455453731411,-2.2231894820225264,5230.390006819934,0.010652484418548326,0.054222048413887544,0.2817996558995864,2.1839010765216846,1.7701183599025332,0.4329754920394238,1.9247545099413947,3.4884856980459236,0.013316699115216013,0.0010001826083656223,0.03593884968296965,3.223330919564921e-7
47.83879668617955,12.801367072850564,6486.968278522135,0.01172426479322659,0.05317388642448511,0.24317355462156423,2.188744657635848,0.6137469079963274,0.7647380021411321,0.8029363428295034,333.49114895890165,0.0073764200520274196,0.0010068532644769246,0.04040177058472209,0.000016119120977126994
41.52406823467536,-9.815669536552933,7404.082775310053,0.0006561066178444754,0.05262115675142992,0.27125217805396484,2.100379168054384,0.7224789876998982,0.6829237874234673,2.225122880850285,47.917718312848756,0.00006407565251139341,0.018149665943421045,0.03902287556137669,0.00011947079159627435
47.70912883477542,-0.30445607505659744,6980.245349020461,0.010560622580645733,0.058455793062239705,0.026690388721197663,0.942988506274407,0.7912235989981422,1.2043797062611463,0.9351861303928205,1942.7124076237046,0.006573510532302789,0.0010280699186404761,0.04241314407379769,0.00010272272946666632
61.89344022754909,10.705108899891709,5863.232383876151,0.007639717707953316,0.04564148360713054,0.27401784868670725,1.9153026676765252,0.6052405357322937,1.3955715462886231,1.371715938565226,1963.6466551290805,0.019471944227392575,0.05290450539114698,0.0436173434157918,0.0000016672343935393572
50.13228253498693,6.042582044362604,5309.4489265756765,0.013729153917902435,0.05768442196467276,0.2496676379193248,1.1813131537806036,0.6209937415317853,0.5519412189960148,2.2507907661133943,1120.9290296207885,0.019251973772170118,0.00744262649987282,0.033605604432817134,0.0003560123908847201
43.992309452774634,9.574903994600625,7148.401667226735,0.014167148598423494,0.04079661275392483,0.29093372735943984,2.173463810023217,0.6785217030271669,0.5621773640814668,2.347034635393208,1932.3290265371454,0.00021442631024814064,0.00123956251487556,0.022584808521097056,0.000004822232085997766
37.039271532339505,-4.764556855186848,7492.710987793143,0.004082519912304076,0.05175232651485635,0.2315974454339938,2.0495754588631367,0.6789704466302564,0.40386242792977456,2.3092643510883137,1965.104335114069,0.0009236804722220038,0.0028071617612799088,0.04188509928558731,0.000010383006710136106
41.04805030876566,3.968328736060501,5258.174608757881,0.010892877673328112,0.057055750856145365,0.29948857518537275,2.0124751258887543,1.4946980022223832,1.3381580667015784,0.8020570195835077,178.41442283159142,0.000650609383125436,0.0034276835427816967,0.044287231482731344,0.000001654651787177631
37.55610524427315,-7.515729865849055,7142.7444369734685,0.0018050726195866288,0.05240763046425039,0.29461504121416116,2.168260677319933,1.5529098917525852,0.40000432150880966,1.8947302028857373,1714.53337264847,0.01912688441097645,0.07862872703363867,0.0388145456535644,2.7236130745510176e-7
46.64721600111479,3.149752456333724,5796.013638860269,0.0029924278279719815,0.057032424683930584,0.023101652976516358,1.4453546990697557,0.7028142435853589,1.3094245436644139,2.1340487451806016,1658.037471569814,0.001226517205865822,0.004430724987912651,0.04304716300590827,0.0005903915684904926
37.22970437955718,-3.880498894845986,7999.438992750043,0.0014508208416280201,0.048408948489354627,0.05256182957163899,1.5357360382010672,1.1654578523353927,0.40925444988197107,2.3878231712253672,726.1355258546176,0.009769935871053511,0.06087799266837681,0.03640091288515812,0.0005381019954841414
44.45897511224823,5.298026574773559,6472.264873281189,0.008927289546891818,0.03563048867524385,0.06566077807969961,1.7539978704705348,0.6259315158707586,1.0322881002514392,2.354678564279256,154.4820499252144,0.01999895400767589,0.0853993930305486,0.03163955069853225,0.0000594881663317423
55.925880388538744,-4.081952113741911,7737.298362930534,0.012952059119834467,0.04715874816149986,0.052269373554751405,0.9531079726654577,0.6223298391907001,1.3546945143184954,1.9941161429813563,1908.314015362829,0.0007901470411845645,0.0051375717757852594,0.04404395434091321,0.00043649293400152713
50.50369376548381,-2.1910040343359514,5663.107664392408,0.007972762775311986,0.05920616933577866,0.02659504487132399,1.0469530389110058,1.553671065981761,0.42996257985230946,2.329911115017265,402.1708467155443,0.005090733125616736,0.05057167736263635,0.039907537182376,0.0004413058946742675
50.42556646517848,4.883829101048738,5685.118766945106,0.014363450604387908,0.05849226800077746,0.284718736798824,0.8111380954331381,0.6001715728302809,0.41815730562243336,2.3203536318440214,1995.4745837000564,0.012142042562051942,0.0012750244970116309,0.04017654474720368,3.2921665074599486e-8
55.433856419813495,-4.172594536758806,5462.845850016888,0.0029973676250613776,0.04024042893649217,0.2972705067317632,2.0605787634125963,0.6010856415058746,1.399314832172347,2.3904254477691476,192.08652247690668,0.0014734110471876312,0.0773125561826344,0.044299694605927156,2.389062514013959e-7
55.81281174517436,-2.5012779564628724,5606.129971622289,0.010464099543588805,0.04336973149076144,0.11802484311892421,1.0176982470082667,1.794675162184014,0.9330487003492699,1.7565585742077123,168.40300900386478,0.006579566281193414,0.04677538050680763,0.03383056609265457,0.009304042854949202
52.264345206413665,-2.4822292906040193,5033.769491957504,0.012761659389992148,0.04554471267020037,0.19501013483753568,0.8691047984830289,1.7992380947087612,1.3746347308493672,0.8024956150675785,1997.505666104636,0.0002008104160264172,0.07536101573331615,0.04176282080514955,5.270029242079903e-9
37.19907486599588,-2.4201100553598085,5720.2426201903645,0.0059695643389128025,0.04285540212647347,0.18956107422983287,2.1991932511763848,1.6898504202509863,0.9886065664943433,0.836108591411308,1278.1416624907772,0.003197698803204173,0.03973913425336024,0.041034091946141535,0.00020880926202494508
50.93970688862476,-3.8616865414865007,7841.9993737944615,0.0005440427157941401,0.04010877992523645,0.21691247582513146,1.7199538944546786,1.4992782061716743,1.2158666692637188,1.361537386804681,1999.816580528475,0.009007164383445267,0.001244992950577405,0.037068461470941415,0.0008599403351195377
36.48042434332345,-7.52360258757755,8360.419713856802,0.01099723805621778,0.04808647823280708,0.24637702854007398,2.1557220901104572,1.0580387317916475,0.6426720602111176,1.020098310100076,1983.4845604085974,0.018041199999412595,0.0010104199069313994,0.03888944667471648,0.000011874316055320618
47.7612899947032,6.955232588733072,6214.692457089137,0.013715216088280274,0.032648082053787705,0.03963690601755255,0.8136760424978748,0.7798711075050058,0.7874350505405929,2.1418654471530534,1394.5576480086545,0.01654570012654582,0.09542776559624189,0.03882829097417886,0.0006544684803927022
48.73022491743667,12.564772475137747,5316.691208943849,0.01491317329788498,0.05966059220324683,0.2823045800836133,2.166661364773462,0.7741841053910892,0.55035177990459,1.3083456419451263,553.3209963212425,0.0019152833616259502,0.004199525179495947,0.02855793167123828,0.000035878894467373336
51.84204507323634,3.8524120099480026,5158.492023739405,0.008002188489859847,0.057666762648454106,0.265316312029535,2.1940573509519874,0.6526902212387445,0.42793107474636033,0.8674177988156996,1963.6429448478782,0.00019336914366887631,0.07764423987178909,0.03558490454703743,3.241188230432092e-7
56.10276084663062,7.257382313783616,6165.384871616103,0.011463068739257813,0.04302633473354894,0.2519566488935004,1.9659177895880529,0.6929974019529699,0.9988049615435639,1.6626203666737023,1945.233617245162,0.007608456840885152,0.001502317083707527,0.038316496299222,0.011724256403158792
51.65942493034108,1.7392898345491226,5020.72662146822,0.004518956459919518,0.04961409679295491,0.027499631461819916,1.6682360395526779,0.62180866466061,1.3682130606961773,1.2713382844065544,5.362651893605727,0.0024109687240293225,0.07046245246798334,0.043702904448164,0.00002354646789603165
45.55903715940039,6.732207222806981,5267.889683808713,0.014644599191808468,0.037558626973101895,0.10747056852493572,2.168188138085692,0.6016738185635727,1.067776976076201,1.0649536701375408,1627.2548615977091,0.019750975799923694,0.08785455061840092,0.03831965329841587,0.0000040126343313896195
49.767761088140574,1.3091020882924553,5625.74833654968,0.014678491469325462,0.03756386816660217,0.02020058408145478,1.016251353839253,1.54313183565535,0.41096790212866097,1.0548760291867025,392.92098419255996,0.006856143927745413,0.008808175042814283,0.03909672981443475,0.00014320691106788918
47.66436865033827,7.4534008855039176,6764.642026363321,0.013650110107329355,0.05675245682676594,0.2444997450070237,1.9067929255939453,0.6018400891897008,0.41111457907290594,1.0389296879964554,1392.1140529262211,0.0005637212502370713,0.003259016076197377,0.03123135609459062,0.00005088294498587112
55.30255358597461,-3.0432545995473532,7275.611588748166,0.014588045185079114,0.043118790737182396,0.020268733561550067,1.0671165925405761,1.4611091800809626,1.39689592814238,1.8889386686480292,1986.0758585727422,0.00001913334238705254,0.0022967223920916757,0.04413646978322827,0.0000010015539837433327
55.60164391639809,10.182742768036423,5176.20511391749,0.0049312104039698325,0.053278631573435084,0.2871456230952567,1.9686397013011852,0.7978847960511695,0.9052279838617135,2.0018592902904713,636.6419766794778,0.015903708672563965,0.0013261272976505508,0.042429153970901044,0.00809432341256078
61.635888646065396,23.886447526353976,6797.920414870488,0.006374721885038868,0.057460193271349734,0.29930863720156153,2.1376048495236537,0.8287806080861171,1.3326109555539727,0.8614571975368894,1708.398343773857,0.017354349640263108,0.07632502860182871,0.04398019502775082,0.0000021131487336417175
42.29487846037308,-3.844026398582,6446.421793548268,0.005814533601644109,0.04643005793047353,0.204398900226229,1.9940048295298236,1.239942406012823,0.4575170343724097,0.8753664273227775,1035.0935854580925,0.00015295199822168608,0.08735230859387924,0.03581974646944706,0.0006730993532002334
52.699421608242055,-2.850144955031066,6049.147908341126,0.011653783406588797,0.018379123116935122,0.2977133969320802,1.6713034217601275,1.7883584098702596,1.3762897283217792,1.1709651976105966,83.46538142608125,0.01846810008198142,0.03422250604587519,0.04332225684585831,0.00009306127480735275
48.33664438272521,0.013796871242000464,6229.273372318932,0.014295015526693867,0.01664305997739139,0.29991949678236635,2.19708151469755,1.40933018229947,1.3981427984442898,1.0128272820914792,1807.3721535828,0.01361559194179526,0.029176729929972535,0.04217693179600444,0.0000028346501178593335
46.30222492275417,0.9851692867093753,5873.385089804792,0.00007563781713990216,0.05805139952456205,0.20356658007704106,1.9557616469922554,0.7175329194372793,0.6102866147848831,2.3898084574523253,1995.808394509963,0.018871162665132352,0.003101716732641926,0.032448751209763614,0.000004400517332610119
44.19284843914201,5.99711981642627,5770.7673095267255,0.011906874317697012,0.057863147962296885,0.030101960909068172,1.6957427455548943,0.8992628898293987,0.45665378844520793,2.384718377929092,394.0924029505569,0.019452043010446333,0.0017929190021784504,0.038394505194818525,0.00011085072829116385
53.382287066536826,-4.623142298899175,5397.093334688094,0.014970225990949,0.038661947749475,0.251767287673862,1.1415407607790375,0.6579634915743245,1.0442494718149837,0.8692777621661268,1989.7173906574574,0.018931052550398068,0.07374282521397466,0.04330697893621419,0.000006085934119442492
52.80297751388245,-1.7092997032987238,5026.978844248919,0.009489457304509353,0.045232853991125636,0.2957867622615138,1.7526090193956585,0.8105416810437713,1.2250160069007605,2.3998264068088817,345.90627601694297,0.014319007609375007,0.09968394775432547,0.035890939099206154,0.0000011133840336041782
53.32000116047273,-4.9596027607706805,5499.4119469162415,0.002170895551192588,0.052217884335204905,0.11330518975282959,1.0077760917411107,1.2744231289812342,1.3208415559525681,1.6217781438271999,1968.5623413132844,0.019884912776095803,0.09447073216644807,0.037617369887356034,0.0000647941369523039
55.76453413365567,-2.1120515066964956,6630.2327873320455,0.00978442718986806,0.03799936992613899,0.1750295281205395,2.1926936922942915,1.1523277848927806,1.1351998047180374,0.9401203459718435,1838.3475179080626,0.006446666130533882,0.0027433643205557216,0.04178149333727025,0.01013456674359491
42.67954328918913,-4.415970473564789,7880.743268514077,0.002587961272145247,0.059788801802783356,0.021659282160636784,2.1117395192294914,1.7801621616856442,0.5434972257165949,0.8022942708944203,546.7850647190965,0.016340244843849598,0.0013093481079081756,0.042354493612790374,0.000004748039840227653
37.100615467932045,-2.182267895449451,9283.051014532928,0.0005158132530633837,0.03249684176725103,0.24245430907896426,2.0485334525052057,0.652309961368681,1.1831959535673267,2.223440306359153,1923.2092303316012,0.00007478506846145692,0.03236774494497968,0.04137001930624119,0.000009149214035382428
51.13752723306897,0.7406104886760492,5006.103981225713,0.011509299852181826,0.03444368488735239,0.059920337034818055,2.1422983116056904,1.4107989877308131,0.48014836930441773,1.6105032729908388,555.4619070379747,0.0054901928220963524,0.010785629813763747,0.041283811952350216,0.006095352723861032
41.37210836695618,1.852647409638715,5413.205055259316,0.011352817436617379,0.042155817503336086,0.294714024352829,2.0338428378041504,0.7280721653226633,0.43371760428052464,2.3327975090598363,1921.4405202114046,0.013747418477191239,0.08909735778321291,0.03334139226617433,0.000021620756245965707
47.96865145211862,8.341610692627508,6467.894185368566,0.014959665841207732,0.014493464754295965,0.12563262621360283,1.2456871778043128,1.3731476168926382,0.533391693412417,2.3985917318550163,587.3914798550642,0.007633369523410566,0.0802215075792332,0.04160436320445294,0.00020295591789206232
46.923565877786366,0.9093727029233083,6013.368991220519,0.01102771153597419,0.031091793175956454,0.025250394777896437,1.557030538259557,1.7296873611685304,0.4659505440826556,2.365368790120445,1277.2563623236708,0.018283253180971272,0.09180003173554782,0.04110779115862433,0.00023754604016797815
52.30982479171241,3.57393249433942,5134.408489481564,0.005251392017693268,0.046390568615304856,0.06245421305011542,2.1223429537344067,1.5930483022483468,1.1465847778395357,1.9014629013479034,710.0072622958631,0.0020924696993638884,0.001233556088045981,0.03255653908970559,0.007475029597318731
54.55536486339979,-4.1395339403955465,5007.481645974581,0.014474234447857379,0.042261265809554485,0.24718847439795352,1.6373561567298305,1.6353506661399946,0.40026011659183164,2.02922946866169,1935.3689194362348,0.019768936122179948,0.0738175125072338,0.03789674062140002,0.0000023134237339420647
46.614720231353814,-1.0758844566951797,5666.884036299514,0.0018087258679331346,0.057891473966801305,0.23646834772541725,2.050440071243709,0.6033880552455795,0.8871383968586581,0.8454163723314932,1868.3019573332542,2.8049307031665687e-7,0.0676769866252415,0.04383327602078031,7.535810008273856e-7
48.17587092158257,8.927001390626106,5115.225266973641,0.014588632854032736,0.041439930644479955,0.13435396508816977,2.1897689695165226,0.8619750676409121,0.8394463373247306,1.0530298359636847,617.289950709583,0.008770026344560273,0.07804449322249717,0.03577888413384728,0.0010697823519150618
61.90972715399705,4.1223306582080035,6729.817507454221,0.014999019278384705,0.04833859765152093,0.08845145996182101,2.1743689081083346,0.6006573610769574,1.391894350528151,1.0599106381637053,1754.7354751783123,0.0014123689081461158,0.09639223205343427,0.041398730334257505,2.5399651891467492e-8
48.98015263577048,2.5287601242262276,5149.7760498753705,0.01393011149388815,0.031208431746909057,0.29991566040256373,1.3245662929542783,0.6111103402441682,0.4140178936967111,2.326174630249134,157.95697561806634,0.01959072430323027,0.0771109343115979,0.04132603948301483,2.803626772020136e-7
57.96409307249053,-1.8231047207439417,7352.804194880796,0.004449424755906237,0.0529525465524005,0.27511911699669583,0.9281030038035372,0.6606182319098572,1.297139955953181,1.2122166762030702,1996.1497995194773,0.0008311968782504081,0.08498032943049968,0.03965861749672312,0.00002941591609496114
41.030897998241414,-9.01825917558839,6481.870535111686,0.014978467091605356,0.03368827030402709,0.29997226270613536,2.1659578900601244,1.4952476057713144,0.756831185001299,0.8428442384713327,1839.5843938962546,0.000010263521894592578,0.08712399062484547,0.043908625902216884,3.163063848957238e-8
53.025729217498736,5.607762605659989,7650.171152530878,0.010157430599724447,0.030075666926160954,0.16439176200035668,2.1438654285030454,1.5769247550707695,0.5409724788550968,2.3514587925130472,1116.8078820949868,0.00008205699146305609,0.0012374314214178052,0.04067964256337047,0.0006769670840100476
53.04290663650673,0.2782524571625036,5146.810670001914,0.004784528205982847,0.03182193605202003,0.2840891061314657,1.9936094061910266,1.426291851319784,1.3241862669226627,2.394081648657063,289.30428883633266,0.019958425011149434,0.07372885834110306,0.0364043657792671,0.0000060321084758381575
46.42547668831428,-3.508989421833655,7999.040104762371,0.00045778809491342325,0.05706933838419827,0.042046002872210476,0.9709108071180907,1.2355870284301531,0.40545936606309313,1.3551737492763172,1901.9422320748429,0.0003473589940179936,0.003163015819164533,0.03942226519744565,0.000038878378817562655
52.74684454181109,-1.971907863661917,6179.072960683802,0.012055842000289618,0.056292934094214195,0.12416456619116957,2.0827771477740713,0.6115253180077918,1.372356810448868,2.0271444970294916,99.34805979981275,0.015390099641334466,0.0013828930040232772,0.04285791684967476,0.00019764409300471224
53.62668829117084,-4.576136012775313,5503.590503086864,0.010182174406165657,0.05623389557654923,0.28939147523704545,0.9658065821565716,1.3024470044475083,1.2688377783944973,1.914149767209428,1955.8504183225039,0.01992322307696944,0.0010178804771556707,0.042686686821449854,0.000014264860561146697
37.082107264639056,-6.002800194437202,7501.114830965347,0.004644349753932065,0.04110165366895551,0.2992338509956058,2.1933008605005324,1.664267494260815,0.6433976992024033,0.9974132865508774,333.8013543693366,0.00010328535788817705,0.0011529719437310233,0.04019390381706597,0.0000033569406651295906
36.82225880028245,-5.240665086350579,5249.238565160338,0.014532852251760585,0.05941994040895517,0.28727268582310245,2.146267678271998,1.678296461031691,0.4073675224867245,2.381924900596709,1370.8438990003237,0.002138649667183014,0.035226573296972694,0.03937808977527505,6.778149002135338e-7
54.67341538601858,9.63223402584137,6513.170871210252,0.000014772646958955985,0.05833854911862472,0.02137749653431597,1.3015436068846296,0.607910251487239,0.40284229540712096,1.0416129962376033,1894.3450806577973,0.019771226285098916,0.04000926347356406,0.04120903254788906,2.4491821225602505e-7
47.575219977745796,-0.6592916922841745,8420.116550776664,0.003595553264042555,0.04167120991508788,0.24309703891646678,2.1904908671947254,0.7975311296093891,0.43564083718183305,2.228953339182419,1779.2099499942076,0.00014429833349426398,0.0011442182974385118,0.027614073164783003,0.00003638991428562346
41.788960360651394,1.7113642484694704,7119.37890348476,0.01233118998820045,0.026079893461877755,0.27975049627431153,2.1716387981029817,1.551108807142192,1.3894454331594226,1.9476542362480096,1140.0674144300694,0.0007636364938721599,0.002872156040954696,0.03411147691446873,0.0010881108080293314
51.26817883512382,-3.2048658755571386,5406.932134312428,0.008828775620870356,0.0368480976171248,0.1135358331067403,2.0287385793521584,1.7997397400928596,0.6881697919354806,1.2391835275681429,483.7302921181879,0.000030339292720329972,0.0021213927215883365,0.04153403735398506,0.00006336475339986243
57.39695141141324,-2.174553271774725,5179.3683127963795,0.0010096948502211487,0.05918621006071239,0.11851331571599376,2.1773725828668935,0.8668818100362365,0.6746569650283563,2.3874606321276524,1936.8820388499598,0.0000018997317134473392,0.002389402849305234,0.04383617130266171,1.8375948841566214e-7
48.15997145951036,5.388386057826146,5247.248553460916,0.014602815993698849,0.05676437468857472,0.0696472212065725,0.8000543533014851,0.6409058194553215,1.063204492796766,2.312958262289589,1999.751408277752,0.0002655444836314025,0.010963052751640332,0.03617935783392116,2.3057266282133322e-8
51.57083398077047,-4.959720836463421,5044.665679067237,0.003587350781436022,0.04754631699942556,0.14157301739759864,1.0347254524700862,1.5071792719378645,0.4004993293727073,0.8017315955195535,1878.328783798496,0.009912188875584921,0.022498393282082356,0.04344008987220553,0.00003483576624480144
50.601241320711345,0.15436715932854383,5757.76485069575,0.01486038218075055,0.05168948167609914,0.05763720241837017,1.4190045425447169,0.7020568250651542,0.9589702158316894,0.9545916300638626,3.9340267111620695,0.01996514487749701,0.0010814665573568014,0.044225109119973634,0.000007146227096416779
50.984154699308995,8.11156715848701,6608.1667004248375,0.00022766795042973787,0.058999951584782176,0.04596721821872947,2.173785692589501,0.6058299497385167,0.4123310156852168,0.8305109928742944,2.43208106686217,0.0198542347480401,0.010105008540178796,0.03788308309093042,5.101274332806321e-8
48.750459634645196,1.092576982833,5231.284245013875,0.0017676087280962206,0.057888410573429694,0.15940060391050925,2.0956193689941554,0.8825636874187083,0.5045063947083738,1.0708543484245676,1903.3923474551777,0.019181564829142298,0.020484830164704287,0.038077835946889356,0.0005582955536431157
53.63677273575301,0.4773235532607458,6279.687402418812,0.014375512596057877,0.026696662216328874,0.23570578820257038,1.9140526913129425,0.6107370243698939,0.9870805516799381,0.8500558401762733,1384.4020705785226,0.00407526629454979,0.06722514239707728,0.043610777473475144,0.0008463383442970961
44.43366725378422,4.957946955517254,5028.672430690449,0.013485533116828636,0.04963373837586261,0.24657488488220775,1.46079730041167,0.7375374702431765,0.5497419728260904,1.147183791158703,761.2156651251655,0.00021190403423688553,0.09854745906462366,0.03229474690733896,0.0001691517752193916
36.42131071908467,-3.933435272608527,7729.572647714751,0.000047979211234984754,0.055820005774472665,0.03278498112387595,2.1486885088880614,1.643327220373004,0.48888650763493124,2.377500184384843,1939.139707888731,0.016642593187935855,0.047468966482785736,0.0397816561414448,0.000001678114786347989
47.33930953606518,-1.408477666608194,5573.386742887009,0.014350928882812279,0.032714201973096164,0.046400685079982074,1.3940518469598364,1.7680536217403136,0.6056547982408693,0.9299196800523606,215.03070605523033,0.018535748283288366,0.02179099480285647,0.042175931207849515,0.002213946583753663
37.03927652809713,-2.528200167347671,8547.285226368464,0.013953941910999837,0.03664862860811178,0.15563097573025525,1.9439303223447346,1.026291181750969,1.0166702475963225,1.822659364387347,1933.5639347996257,0.010081190883710366,0.002363378662763008,0.041807722061542485,0.012584860488307086
47.801825332861284,-1.9615608848251949,5655.203263264105,0.014340030061402043,0.037109183250212834,0.164347419777165,2.161338865111838,0.872350648047509,0.4238991344334913,0.9478004077560892,62.27014743492891,0.00010159958117126201,0.05585644054724623,0.03776597632530163,0.000026463627233909628
48.09063130714692,-0.15541426808813696,7830.162637641546,0.014611384533564344,0.029995013673106412,0.16183179889795887,1.8039116410780054,1.4048813688495516,0.40277694997431,1.7315880330079052,1914.098800287665,0.015474638044152488,0.002565757473837853,0.035863663277985534,0.0013759418871458328
50.71713457204997,-3.572454024805685,5022.29509107006,0.009410016985645633,0.045365008021151725,0.28918068956285853,2.1957718766193857,0.8939519199199094,1.3637072005558641,1.8353158627201351,1898.9367549860565,0.004052099625214621,0.03378959485388782,0.039377309049865854,0.00005436095577917796
36.73606881891147,-8.2270924663207,8410.706962213488,0.005062810909917192,0.03167305474327296,0.28166424370674115,2.199570130675373,0.9584338056734953,1.066696575913184,2.3764175790485256,1553.1530150616547,0.002379088535170938,0.01681144882197156,0.04352278423884918,0.000017016659015610218
38.11934145021867,-3.39366334719014,8929.430226044635,0.014563914379913254,0.047721990542181444,0.26619369346857524,1.5502180809558408,0.8473259464855745,0.45869023865607195,1.433234830119038,1251.3213013133347,0.019971660984570667,0.0010005981116975,0.03076231891969415,0.000024169666551781118
51.83346264731302,5.638940635287854,5261.774420099002,0.01193346209837449,0.042197410171107376,0.29188395626856384,0.8071060348871861,0.6028782972558552,0.8460040959006014,2.0496925353372024,1900.0317793018053,0.001891184805042406,0.03921404808539542,0.04121798603260762,0.000015419372304054494
38.94352267035161,4.898216173628242,5466.222478848197,0.014556443754504761,0.057982626419291555,0.2964272015930064,1.211574526992818,1.4783020658359414,1.2683655825045768,1.820251766634561,1872.925718689612,0.010042124390918495,0.0013578909417800355,0.042972786047953807,0.00031924283387437137
55.89260218036671,-3.100182787311798,5358.200290115187,0.00012361318286730537,0.05972056128633028,0.2366495858676251,2.1314887800544247,0.6723672433355372,0.5132980124236743,2.083727172181664,1569.802742126875,0.014434541552992484,0.062347674961645165,0.04002302227838125,0.00003620188404427886
57.9809562639889,-1.570736722843197,5009.105414386669,0.00337642845838933,0.05408270459187348,0.2981144042592269,2.1945969159765575,0.6668118221835835,0.6341265447731204,2.151228794696759,1814.7854675046271,0.01773972684797534,0.0413990466033231,0.041462369683699006,0.0000014734258707446057
52.12653125062866,12.178358683738185,5218.736599180317,0.0009780712451153866,0.04594157478456338,0.28386712660526053,1.8815195204962865,0.7087659653772699,1.181841718389963,1.7519522879369207,1616.0878932912594,0.015271004280794776,0.09345988048863495,0.03819616132374601,0.0010351556737163204
57.49415264988943,-3.0318477306391536,5851.339089589878,0.014143236880921742,0.05238011635020162,0.25633776070615194,2.1790899420583303,0.7208230819131229,0.9899577867427658,1.4811656172379892,1775.5476419375161,0.0001100420894070375,0.010405640735447301,0.04334784457936437,0.00013257318510560468
51.36380844825387,-0.9737933388238513,5060.8889605605555,0.009862634188350396,0.04952259669440804,0.02241593798197833,0.8008654853062617,1.2895756368832223,1.3212301228107712,2.3368382377128185,1999.9320955917847,0.000029532630838076178,0.06286568366391519,0.03914862795417678,9.757196868678445e-9
40.73795674819588,-3.71590723484937,8876.761403830713,0.0015018355675473082,0.052972093967803516,0.29359191516123506,1.3778621253110703,0.6026513229878041,0.4132914471980959,2.3340616901128612,1981.8827888636094,0.00013585664357986945,0.0011886475030029398,0.03720387588080987,7.924007730960652e-8
47.88827845201758,2.2025834527230383,5458.197537984772,0.005200623609227338,0.03917942258556193,0.28712483076845474,0.804383060669755,1.6694680340817967,0.42376229962399714,1.3325520172480623,1992.398883673657,0.005179039432869483,0.0077450672008643785,0.04360169645724133,0.00011397405766408964
37.54225603656626,-9.388889208448326,7659.367575605396,0.00896892238605236,0.03883052586074047,0.2997349658445561,1.8095840206388913,1.5239521627715744,0.6485539432866689,2.0770926698065058,1966.852233289017,0.0029464034425617314,0.058367783390142765,0.04174233202831018,0.0003016656326330006
42.58625328195359,0.7575578399619705,5074.078454363863,0.0012152086401821204,0.056426122386485096,0.27976086113889526,2.0816597478334673,0.62075116196945,1.332050927308793,2.339934897744407,887.4102230722651,0.004837253546327971,0.01883226511012507,0.042316311981911,0.000030322384341106838
53.76410253865099,9.64248660310339,5594.722440979059,0.00013124440003802173,0.05738893230809778,0.08972308348994032,2.0936521588257615,0.6413864363574894,0.4910273123782791,2.276887748820572,187.54763017235032,0.0199240732532607,0.009057245027620684,0.041439790912131624,0.000018565787154133646
52.33832105830734,10.293860157096525,8574.074353306085,0.00046839361577130217,0.026918201203021023,0.29954041981419655,1.8423883994045958,0.735701774304265,1.395196921438095,0.9016709972110228,1932.3858287502765,0.005187146630504867,0.08718796270516807,0.04045177348018309,0.00002410644851468091
42.62755590568486,2.6361578142369897,5075.850549173531,0.008532283008973164,0.048330368812936036,0.2945762723547481,1.5179803790395034,1.655118755691399,1.0035736716065164,2.3231789590083833,1995.5466381044776,0.0007004076020198862,0.0013474551419246602,0.04319402266350278,0.000028460397575909483
40.359223825694876,1.9156142682371602,7474.385400633066,0.0021341389050046743,0.034431614424688124,0.2994173323811517,2.0028871449877226,0.6379162811523476,0.4008202423324548,0.9054305378133107,1969.6071322435198,0.006772554823836727,0.09302199417695928,0.04170606612859836,7.095188180083544e-7
44.63658727145871,0.3575471734896194,6501.013505803539,0.00806997153497329,0.02627540011852709,0.2836750863350195,2.0470414341241314,1.6963993677115714,1.3931893980160244,0.8060837037958608,127.6523266717377,0.00042984740270892504,0.005300688560957614,0.03796254353806917,0.00002052546065357245
48.88272508350081,-1.3979600933363567,5064.303554553975,0.013994797868569536,0.057260930035147754,0.26609804279997007,1.8013787157077588,1.4093264623363289,0.7070622113132068,2.260044240916783,339.26464578819935,0.00032139074430254214,0.0011524377712407543,0.030166916495969774,0.00010633801911163137
37.48011414113586,-0.08553699153330108,6685.658255789739,0.007545468892716208,0.05159285873138299,0.12460797038398597,1.980400926820361,1.0690475370453472,0.4493342908260447,2.2240002885666126,1708.9271430098079,0.009573438560257766,0.013553632696649427,0.03389587147428206,0.016544565747363602
47.83874195918227,-1.6595407416015622,8665.138252866123,0.014331751752370232,0.04904439574350989,0.29338748100473616,0.8018607391593878,0.6004091366601457,0.4010278933407891,0.8020572958536436,1944.956287458235,0.01999644124975088,0.0017420723726131375,0.04374180235005437,6.532486514109889e-11
54.84776037892709,-0.9296685066294295,5550.454754774784,0.000049067812113748465,0.05858949482337932,0.2999268075876074,1.930719368775951,0.8144589078355229,0.49312105712442356,2.2937523619808116,328.56367108010215,0.0017281568943758314,0.004241420243487786,0.03470143410856758,0.000004360335638347854
42.06501437940149,-2.6564328680287472,6424.819098801441,0.014707393209069462,0.05968417627854788,0.1945030028247004,2.054369260807884,1.2845958601057395,0.47268349987936636,1.843459982563506,1998.5362434069837,0.010388756493207309,0.0011889370559684282,0.04088268285245063,0.00003208349905753413
54.19138925944141,0.19533056694739237,5046.415213047399,0.010294762146942716,0.048687004387691524,0.2936405703795383,2.1044000402498115,0.7152185107003617,1.312650984188894,1.8231129881898103,27.2775949160975,0.0002555149051779329,0.08048501332515524,0.04034820650232671,0.00001095517406453218
37.99977070407935,-5.6757112869430095,6978.684858656952,0.014929342474183375,0.05897558793527126,0.1605942903287806,2.134280318112819,1.1373539780832707,0.47807496070161887,0.8254517623138801,38.62026848692979,0.01303008216399319,0.0010080670301430667,0.038690773534482685,0.000002242857729932717
58.607398624917096,-2.6668917235766916,5014.564466303593,0.0027489220048225235,0.05406941690585882,0.2842807507513743,1.6489174154603146,1.648620186829063,1.042830891167558,2.38206264749045,189.95577042575187,0.00018318429181221824,0.0010930455861458991,0.04084197892775452,0.0000033645830065550246
52.91531036460516,-2.3375547516748494,5020.796534511151,0.014004962218454606,0.05908945051265168,0.06730856786045054,0.8235178263654519,1.5241613488779993,1.2150147308413182,2.0633691437102626,1913.3839633418038,0.0189964524246239,0.09995745930407654,0.04237098194309399,0.0000010387398116398938
44.96084260694467,8.786465421100132,6458.337119660518,0.0012702111127649704,0.05824012023106114,0.0626463974572677,2.10750806414406,0.60367934526172,0.9260334315325616,2.373529243545824,209.29950813474002,0.018877298945270963,0.005196553995643301,0.026784030551868846,0.0000716989841485204
49.865705173881196,0.43394020183319704,5738.060940962542,0.003169534234650176,0.05735588339077339,0.2802214401390499,1.5780730313594988,0.7717482788739412,0.6804556604447786,0.8018731115522535,1307.264382453376,0.000010166577859856857,0.05356409738673951,0.04140867032228748,0.00001674615194139343
58.00893283003147,-6.762503109489259,6967.351056151644,0.000009954132661128712,0.05421279320841671,0.25455589753690944,1.7057285999957432,0.722781340910603,1.1285951676802135,1.564813284530166,821.3282167179204,0.01283584958147043,0.013016211304989532,0.04121828489021946,0.004528297246169888
37.510203306794146,-4.449666779635845,8207.670167599515,0.006055677605824013,0.04853789843582923,0.2999629707610315,1.5769966105007343,0.9304812799612538,0.40280108055567837,0.9663296633794577,1977.3663456928725,0.017917151438027107,0.08084558582392322,0.04380443864710033,0.0000032672965506323605
49.164702307337336,-3.1038582645404844,8224.726863255366,0.014785147030667216,0.05736063864756965,0.02029625449812308,2.074497650545071,0.6191156306836536,0.7025780618925682,1.7918888840917369,1690.9122581557908,0.004421716524864814,0.0018304745603153086,0.04293991107302588,0.00002715564860218444
41.53210666094485,-6.702830819185729,8402.591599616797,0.00174573844507962,0.056606390945410805,0.17103192259200226,2.18760710132147,1.3867738490074726,0.4978557132285698,1.3297769316251342,911.604941845455,0.0012622090987868284,0.0011705294930312064,0.036708691433303194,0.0006381810539875951
43.50356412736059,3.7865072379064255,8152.019981059115,0.012121695417180637,0.030902852510121974,0.23642909875252524,2.1827000772310705,0.8331983023020177,0.5638234554812911,2.351659338940353,1616.0608704878769,0.0019590143101537163,0.0012838927550667574,0.026812146319748008,0.0007447904686136073
53.70704090503395,10.863619788364453,6992.646394012397,0.009490211855326294,0.04458100094294042,0.2998158171508694,1.8909828378472335,0.6133872359153754,0.6672645511189383,0.9489926223923466,1092.9751390052236,0.003170011834029721,0.00213683915809055,0.03894793646183487,0.0003897647096286759
41.469953065493684,0.775153493777486,5330.977273226303,0.00160972565197264,0.0577977941632512,0.20472702451375235,1.3974632166071173,0.8491487305833106,0.4457923538548491,2.3824392440175943,1522.9989123449786,0.010127893978573235,0.05954426202990972,0.035421515942614,0.0005442146193775377
42.71813413427562,-0.3931158059377804,6611.845508656368,0.003634836536367583,0.05621168873990369,0.08802943297374521,2.1975436441232006,0.611978792377855,0.4066589679633521,1.8570930457873784,137.06302275788772,0.01987665916925758,0.08730301665894148,0.03728238426189257,0.0000028868654019647273
48.852063643816706,-1.1370524722734476,8542.113893296866,0.0016500378199822323,0.03606882357163141,0.13617779987765666,2.1846635430362498,0.6850143367437069,0.8970109274973583,2.127410322990915,1781.7283672182757,0.006118857526283374,0.0018732792673179727,0.044183168902545006,0.00477779374082524
47.319219693651824,-0.4594662854614473,7801.039502371439,0.0019368769420864082,0.031761362020177056,0.2870289292048728,2.174931788747436,0.6025253797803948,0.40152858192733015,0.9099187590913308,1939.8684665459286,0.002668183080560982,0.09688601004050842,0.04403234000957511,2.5225304576551485e-7
58.072536925933676,-4.30139648559413,7762.638520281081,0.0003211599720398396,0.03146053699171016,0.295365575606993,1.9039628667827586,1.7620587996121926,1.062928202991376,0.9591326042013874,1936.577563251418,0.0024432508736699516,0.023657405977323596,0.03529913656415518,0.0002610271857054053
51.75357980238071,8.806091294717746,5934.815830264813,0.01322844128450514,0.018337003963349603,0.19676664792008988,2.181714923388883,0.8697150593452779,1.006760839210703,2.335783762248327,1659.432885954332,0.0013831568763572697,0.06060278032617304,0.041782886109110205,0.0009519452403212051
40.12353365870686,-6.655415021097754,8979.032787032285,0.0018284661714057162,0.056441769879860056,0.14796322823603106,2.189860273186196,1.1730115218066444,0.44901690589019533,0.8736463358377291,1950.0407550916657,0.00030815788192132176,0.0010693649207708647,0.03695710643920473,0.0000030941526499772
46.62658844782115,6.567304560918057,5606.337411890121,0.014951611627809088,0.056462662215864046,0.12306685521293158,2.1580571914818303,0.6436376063832386,0.5653926088017318,0.8005840187113225,1900.6032551023848,0.014785148613338297,0.0022661297119308172,0.03918948649795607,0.000002097184481120768
42.51144572491363,-2.9327819438641782,6257.023747644818,0.014970672797289739,0.04591716257802232,0.17888350546720497,1.9784438515063671,0.8346232852737272,0.5563383675078808,2.373467534183626,911.033321265122,0.0031021632885393988,0.0010355906426662966,0.04256951269562229,0.00011306883905922035
57.47598341995892,-5.63654910978334,5268.868255316799,0.0009117107861152055,0.05644184376938865,0.044556036212668126,2.199082078905902,1.7895670728267787,1.1286821485597685,0.8069994987988286,1997.0075796457068,0.004590074113913099,0.02595880439720946,0.042808509086520244,2.939938735167293e-7
46.82572228874753,1.94769282410439,5598.299974386665,0.009497582380257233,0.027915493798346708,0.21498302570668557,1.8083099139080114,0.6428011389954015,0.4105349091365832,0.9020441414719094,1279.1060410098225,0.00890482517698213,0.09950300027191643,0.043684628721979445,0.0002845368052187527
44.30542370544551,5.564991386724278,5220.274221748466,0.0009022428695501664,0.04916366468401872,0.2725695024635575,1.8744560883603116,1.30804030511083,0.8928501770895517,0.8920731624749905,35.658599352482995,0.014393910982641006,0.044729551172324425,0.04032075111540775,0.0017780875621699677
37.207745459365626,16.55566046959427,8018.2158805136305,0.002194428650947967,0.05961478233684506,0.29868069175860035,2.0568469985391413,0.600107079927905,0.5985517102019474,1.872396207393578,410.8014216378852,0.009333140878541979,0.012576296003269908,0.04132901728395655,0.00002402136855923806
47.57462757258839,-4.41158495430753,5135.500098562267,0.011738858160358686,0.040763435171722845,0.29276466554050884,1.8732007083498212,1.2989129789120333,0.7900709262868935,0.8058828394766157,815.2271949637453,0.01756064542442867,0.046927652239262624,0.04025896982376025,0.00040791528878402985
52.71501903848767,2.176077209701843,5258.79201966038,0.007030957966092316,0.05906249832730947,0.16946737050569008,1.813452511919978,0.7500458811350007,1.3684084085986825,2.3862843349552447,1859.9289576583183,0.00824554497981619,0.011607683259489493,0.036514060093687295,0.00023659972855004835
48.88989207514042,5.213909898573014,9336.704178695301,0.010637132827034382,0.040959961036803265,0.026107627917056946,2.1314576584805764,0.6499899259893789,0.4607181595572959,1.2783829474976889,1955.5442854113019,0.01987848327489758,0.0012662210518791276,0.038267173001375235,0.000029356921632723133
53.8452127065788,-0.557605658758419,6160.095203479407,0.01493989648072773,0.059803646539996376,0.19489049389144303,1.0907012891011028,0.6621288163915575,1.342081639538771,1.1176437345336199,72.23513638701829,0.017285895859291935,0.00236583702221847,0.04052257334966357,0.0000404055576396922
45.40293718460632,0.3233227207034375,5896.164270501868,0.014851496068110504,0.02107740826916368,0.29743442589014624,1.8674425829643675,1.5492281086960311,1.189338469899821,2.3784990566132143,910.6430988963144,0.01558249760381176,0.08642870820933264,0.03610511972467625,0.0000645416807196321
38.751446408016875,-8.95194091434404,9137.647249708083,0.0063341720113377015,0.05521638754466737,0.1482643572096403,1.170496699799708,0.9684428270131803,0.6801913941939894,2.1527667058993547,1960.4413102124463,0.0191634943882598,0.0015725090671672589,0.032102533521086725,0.001333025469880992
45.79551905364507,-0.9005418050514535,7420.333766475089,0.0039012405975576685,0.042066675437883894,0.029164284558431765,0.8910347280971107,1.5626668379365238,0.4065477960279383,1.9540918959914972,1963.0957331536033,0.019341318366793158,0.0010126922001080384,0.044398516713441805,0.00002228981161193683
56.42814294960816,-2.0994908924998583,7601.448315882278,0.014602408893219277,0.021728294601307062,0.2237095882574078,0.8154392128482925,1.4543262152757448,0.40375506186758553,2.3205835609848133,1986.2912543331058,0.015528581113014346,0.05797265552995704,0.03548602814485874,0.000003953463803450215
40.452771443588446,-4.161687551229086,5411.112308096367,0.0009171679611721479,0.05991102781890343,0.2864575558601371,1.8813816513219164,1.7450844845174962,0.5091648455517342,0.800335516895855,1214.3148335276996,0.018523034059483755,0.05984256638198153,0.0419559895364308,0.000003209716764783153
54.99807291251855,-1.85013072556389,5059.640982513521,0.000291135589396372,0.04172389115729168,0.19108974751625346,1.7229695464346113,1.7863948840517394,0.42682206502874614,1.9420562731550595,1987.4951593838314,0.019969030224683233,0.006196495769934838,0.038824824205372296,0.00000598888978552745
48.436497253479025,3.2741937359224202,5000.702805482357,0.000019890122704807894,0.05863641343870459,0.028250429116736486,1.9883165367769378,1.216115840083051,1.2815094548188406,2.1170765394807827,45.58136561153056,0.018089897094672562,0.004179819871078443,0.034679000800248064,0.0000045271763131779095
50.343038763551334,1.915158522647161,7648.15047539749,0.0004622282154470619,0.0583825347426715,0.18153709395811798,1.4341382893281611,0.6418635556163605,0.5633948637974364,1.3385504288678596,1992.1083261195795,0.015417556978571301,0.0020080175718934327,0.032483142301692476,0.00037255783513344274
61.553654088111,15.976700523076733,5890.8348785598,0.012490838882706804,0.0433144306163232,0.19985626078633467,2.182299117617236,0.8121672490031754,1.3513131268792615,1.3532995230417957,132.14519139669258,0.0107681882705159,0.08836111473576326,0.04444811146267175,0.00011781336984363151
43.526120657818204,-1.4502359641862572,5021.794496022841,0.006414858886497365,0.05616288553756283,0.29117027173450416,2.198485759699183,1.1524472093956697,0.576626267607078,2.132724866727147,25.631205281704034,0.010911291250043413,0.002792868194831989,0.03569255379281973,0.00004300455414103446
61.84173170220683,18.87925010201959,5469.605177962042,0.0035220953817499553,0.047618118156967724,0.27879292118265364,2.199814750079069,0.7585414523722722,0.8814956671596507,1.568309636275616,33.49358825065338,0.00031209586005922433,0.05271845571667414,0.044460377436217564,0.0000024637813772834097
50.586665751438005,-0.3769743949891069,5420.330376133415,0.013471392859976354,0.04048286960243417,0.12047439249984952,1.4261700048621715,1.7772843908356584,0.4109272612136648,0.8077863835379439,1772.8835884569105,0.0024383145840057734,0.0030653141808072606,0.03471452081698452,0.00010887209430883592
52.32476951844909,8.760958677329043,8750.945479286403,0.014645689363091586,0.030435872487442006,0.020808962985249504,1.7774029923285177,0.6430038862592714,0.42432951907875677,2.399725507865794,1999.7249488756015,0.01645573957049571,0.03151592763107248,0.04420436267106866,1.8185433819522802e-8
59.4972774794995,18.171110231147917,7201.327663135684,0.012343165779172915,0.05720049615108735,0.05822910505471479,2.1985057089117257,0.6822096672361941,1.3962942358891262,1.0295639810361343,1564.4655927524138,0.016187413061978705,0.06164354922207832,0.04159488291371874,0.000039633567652150855
48.1547434522662,0.7126966053470838,5041.186533202199,0.0011927682724840053,0.03608090889746333,0.2868206441971083,2.171631916122902,1.5042246543720625,1.373381547272625,2.3362915590531887,23.1546670066852,0.0003345297387041557,0.010569858640632403,0.03867024131058244,0.000004746920594673051
48.990945623175186,1.3519839825673383,6662.784904631169,0.014979608830646857,0.011541529498552534,0.07947608571584655,2.1549366993083328,1.636429182268028,0.4565811167969719,1.9919293404798457,505.8628536914525,0.019399770392989603,0.049624033254035166,0.04077495526981891,0.00018665674246743828
54.252284631614216,-5.498140381873915,5309.789295495519,0.009334096930123744,0.05736085766064678,0.02084805642233968,0.8594592661487338,1.5403730904511883,0.6531901220937748,1.6463823515075084,1181.6910885854338,0.0008106775356948644,0.06821569340599143,0.044127581294556545,0.00015412431607918843
44.88513262951136,3.010312415574635,5237.094523815877,0.0032518385277504253,0.053431493475592264,0.27971680056745013,1.4213076683977026,1.1070238592705073,1.3817411623606604,2.3574003179523313,1424.4432637500076,0.0008821424378427886,0.004467331751592235,0.03570277372994916,0.0004378056748361707
47.51886506187545,4.9711671267592425,6790.891819218292,0.014072718760161538,0.02530917952290768,0.03609952762785949,1.2900047996334272,0.6787721033388143,1.372147136232657,2.150095789839706,1724.2074113866586,0.018905430040768414,0.09174375035298729,0.03745789694872367,0.00008578481490156753
52.91097265767712,-1.920609814849108,5030.801184324965,0.006633217728108792,0.05931308736183814,0.24088115454838474,0.8152025383270246,1.5473671142509673,1.3565584029003044,2.067328337333253,798.4384402683204,0.017747872832967387,0.00188516540609628,0.044209364361391786,0.0002656335260394142
54.27302002251582,-4.4258817795028955,5222.856615153609,0.005455033684864684,0.05569653693325214,0.2455584728482637,1.2905200994915664,1.7517205341062367,1.2088654635527671,2.386371151732887,24.162446505664988,0.01664858656595011,0.001057327465704918,0.03927758567764542,0.00003920817577260575
51.05751694828522,2.3268046605748083,6691.427785208943,0.013507900358572716,0.03354424926767113,0.28423380236549733,1.8459498387692825,1.356249167603658,0.44715385745830183,1.9678122543474916,1764.8761117275426,0.01367915631794111,0.006490348994249007,0.04128896793234276,0.022226788085818867
45.11146471323089,-1.1546757623230768,5377.346410221303,0.008995000748908256,0.04874405153351417,0.2993467412270609,1.099798694997324,1.0426307750064812,1.3426520528506343,2.396801241817448,211.65490880673846,0.019982943675316747,0.030870132775323914,0.04374809293818681,0.0000029993408442176127
56.545350432133134,-5.85522232502935,5111.0766821096495,0.000012700886468457052,0.05558375291358481,0.29804067769785236,1.8293692901004275,1.2471912368421354,1.1455049588857773,2.3686563715494593,408.02094664593875,0.007864472005872588,0.0022014596098968763,0.036624130328733996,0.000010632751874931699
52.54390307157399,4.271598002903071,5351.802910765221,0.010630081539044368,0.02382316828328942,0.2999126658151278,1.3864599133205964,1.7937015608078903,1.3753652574140864,1.0558064380796364,1211.7960242417103,0.0025292330302918325,0.07441397969458277,0.044086104205331184,0.00003746178429975484
47.40583208407334,-2.8894481295734655,5761.560003872774,0.011130347923187376,0.046903383740360204,0.03167061017223141,2.05062421421742,0.7818187588294714,0.7023363984966668,2.226182425100439,769.9579442492343,0.000012957919658368154,0.038020598548807544,0.04084249749465333,0.00021827661433276854
49.28977390120596,7.829812214415533,6122.451049900368,0.000025383661806554685,0.05273639189215153,0.29988401996092456,1.7652954203162103,0.7091579700050891,1.3733400925784562,1.4034150700069283,337.20977594285813,0.00029319997414491085,0.003666785779818703,0.029992374139862037,0.000004814242295615328
58.182759295408346,-2.512855492175623,5032.126547706861,0.0049720845306091225,0.05385384912976434,0.07717469841010192,2.057517652985223,1.6978201629364067,0.622018065560636,2.383304559515123,1909.7858552787927,0.0002017580537818944,0.08846159836537419,0.04065525015741875,0.0000038018990456149017
58.80460198677035,-6.3590603779583725,5597.870640743029,0.009186063037775772,0.058621504365212324,0.26550770318574113,1.0840920449613567,1.1530669655094143,0.4795227225264091,0.810544500208545,1775.8897424119964,0.003527579776148917,0.012579417764894702,0.0364544613771101,0.000397203739006507
48.629806877677964,-5.072148126560735,5334.486702676416,0.0010124479605966223,0.05266705474789385,0.2579805012867059,2.0786326145739276,1.7222311509881036,0.9298750968762739,0.8044521094376382,1918.2448377235687,0.000022190927528491535,0.001831700044630894,0.03860661153629627,0.0000016191945737304135
42.107918919845766,3.429733027910956,5250.346345970459,0.014859756854545391,0.036333575390529387,0.29933426292554,2.1867759537560634,1.303927103551231,1.2303711943442157,1.852290075833236,980.6235416059092,0.017387873889973482,0.015987655530286995,0.0387180346248075,0.00010007408429038713
37.764918095133275,-8.95840821226783,5913.239050365205,0.001315654512247702,0.05900640418526683,0.14379512021103072,2.197800299829357,1.7915573088497827,0.4153112361754791,0.99382049856574,1988.706448684042,0.019832161794237593,0.08016949168736472,0.0429606685512888,2.8095895108122987e-8
46.883090888173136,11.686536815065562,6338.830108255652,0.014553715023998604,0.05936844804194074,0.2811231742849584,1.3809983905668164,0.6109330623139007,0.4892747919373972,1.1317359612076527,1243.0699804566802,0.0028895344224796797,0.001192422557371643,0.03600475083266782,0.00006940430637879325
39.937915801898164,-4.221612292261092,5533.621342089963,0.005837765584105025,0.0543042139953927,0.21706027518984378,2.0834880753667413,1.2929543451742285,0.4987199016129621,0.9450232197517228,1449.9246586029205,0.01851535100277818,0.0416624171394258,0.03892225097924775,0.0035310746962982607
55.74883693397591,9.739729555908305,7609.9247464584005,0.004900659561247592,0.0530548671125352,0.2914519471835146,1.024759787679524,0.6881199951295189,1.1494803085636884,0.8994536908340407,1945.1628333670144,0.001833542175147328,0.008474545140908075,0.04139558324572699,0.0006925684829389836
36.96968543408099,-7.392941858079798,9443.28873291396,0.0009978657350993207,0.05562217827135308,0.29661850305067483,1.2990788771549648,0.7337570947893612,0.4920993257001164,1.1685105552834665,1998.9166851153075,0.00021241772991540482,0.022075702151201436,0.038928323709850624,0.0000010230197655195188
44.591993130022296,2.143851678791009,5080.3326114798865,0.013109775044687334,0.029713334575885982,0.1699900180321637,2.1086418134585507,1.6322663621509097,0.8166664023732566,1.0058989123144546,1831.8546395568371,0.004395720229640936,0.08580235268001192,0.03683190351277401,0.0015529895991995089
40.26754195915238,-5.364901542911242,6054.144047646078,0.005116474476911872,0.058086109205205225,0.19330501390329677,1.230631233848277,1.3435233524189862,0.4347682820426289,1.9233611424734143,22.13581083621618,0.00047020262510934934,0.06851590246408289,0.03647829170658292,0.00045130539548996683
45.07674376932469,2.4801974739241626,5030.216069321482,0.00415588951032918,0.05855690268097488,0.22230393446787572,2.137665406350438,0.6174651281523684,1.2689240066186924,1.6934982091744846,56.95157696176765,0.005283147012029321,0.05352700414968245,0.04217379239084092,0.00006484332529151645
48.11549225151488,0.6677368501947907,5720.199282160881,0.010430692541970134,0.04118342646554884,0.029990397368136534,1.8024067699754274,0.6046496422123311,0.40460487811234497,0.8030952955427616,1569.4640615032104,0.002126111050300315,0.03738459839180913,0.04422600351043427,0.000007435386321710299
56.79038156386717,9.414733425819524,6370.842578777665,0.007608676700410552,0.055952110247778054,0.24544767588286526,1.8699679436753882,0.6056773238113399,0.7504925059855263,1.094361843303393,773.6937436842105,0.0030037480559589125,0.01276538192624516,0.024209807710726873,0.0066320397438747606
46.80969247291817,-1.4844440377562087,6991.4839281449185,0.009278301945668884,0.02629640982313296,0.264041372012424,1.8867699613619642,0.6618234838021896,1.2557004454000782,2.022854987299419,1624.7462489389156,0.01638211522776529,0.07062147969574364,0.038685110721883624,0.009309980134823556
61.001990863648125,12.50928783597006,5717.042534580681,0.011346596686835542,0.05325337952693601,0.26439049240204954,1.901727969585936,0.606978033228621,0.5710908181367691,0.9327351634425085,131.79078578450728,0.0003088907218784741,0.08961790369830729,0.040241577582068644,0.000010971544971985594
37.633152579245824,12.411020486293754,9028.910921238841,0.014175793316559005,0.05264760780502945,0.2722715018647869,2.024714741186631,0.7137218920893096,0.45771602660882366,0.8009663159068102,1924.6626320675744,0.0003170946298669566,0.0014343148998634,0.022336678263249237,0.000001024977789429426
51.61174717386935,2.0720781706071705,5234.047575473344,0.0009786984372608645,0.0265563445956759,0.27480445385118935,1.8501060372450346,1.1306239835211442,0.8734686443815078,2.399615181771411,1843.7897711110713,0.0013782525853298594,0.0901389500951455,0.044355276354153254,0.000020839368847497363
47.643425021792574,-5.093556514433711,7614.982275228813,0.0074501611141631376,0.04022482021158803,0.03541652208975291,2.1026895866152997,0.6959129657735952,0.5431602267220976,2.247301463816573,1992.6006944918804,0.006626992959358893,0.01397775827910776,0.043919650886742635,0.0005256465603420875
53.367672264968405,0.9838588779675899,5353.542466892773,0.009379146089995245,0.04734291669978276,0.12574340604324694,2.1439408824151123,0.6198408748642218,0.47688551809229485,0.856646688424738,1992.1368403179663,0.006008284860593373,0.013228553837232626,0.044192896129325775,0.00007978954532162308
40.64282096884195,1.0514016440370249,9263.558511460811,0.010036399598114757,0.030092686016758102,0.28383804647182503,2.1412495848087776,1.5704590802515455,0.6579905769571146,2.3374299525031015,1936.343468175739,0.01804394054404461,0.0032043621886556346,0.04142828678476345,0.0008542433968349296
52.96242701111043,7.7553168762926425,8872.640920169888,0.01356433326462498,0.02104145497356609,0.045476323142702516,1.811367219696038,0.6374538216086293,0.420494476506572,1.467425493756428,1999.846205036548,0.0003987656931162563,0.09631623334466927,0.02950123047365539,4.4494956531534765e-7
46.021846739369046,1.3627123858063523,5549.614532649685,0.013520362063296465,0.015561458583641368,0.23561701829768106,2.1251090949391473,1.170377342995339,0.9102271984124007,1.8256528056824113,651.5572755895985,0.0015019917144346378,0.09940554415927277,0.04435366450854993,0.0015952067149600207
59.063480201999226,-6.335756853921177,5782.151427784717,0.004814114579628121,0.05695339026306514,0.2552186263183992,1.9944994736757982,0.8110068733096402,0.6030863858633977,0.8120784983702002,1818.2350606385123,0.015700676882669122,0.0010190531678424361,0.041600295528693126,0.00003954893166908182
37.1912157484761,-9.29845533900543,7002.9704128724015,0.014984543509879565,0.059229665272964145,0.29977231134682947,1.6592043867430721,0.8405696791288427,0.6470143120574718,1.0739876446169159,1555.6303183242967,0.019827991777737777,0.001058709176064995,0.04348678276841222,3.0859440438497465e-7
47.75028575726552,-4.836370418064341,5283.760285384014,0.011412364007720915,0.05983198714981299,0.027940355042760538,1.5297338399417115,1.464776280219822,0.4410954614656871,1.5914745724222423,1951.3906105305532,0.0015323018646791603,0.008839487730129091,0.0420450577396253,0.00011457566538693895
55.078039700744064,-1.2689497044337585,5889.08524999318,0.014442263514362428,0.02163284018410769,0.2953902049072691,2.1896672628558322,1.5836955141090914,1.3199480214035912,0.8140587904600327,239.7552502417478,0.006348193385928118,0.08622330123904634,0.04048608723436263,0.00000370023982656064
47.63773421278894,4.872033109459968,7158.763101516075,0.000040027755357296387,0.04954866081364593,0.0471523226707579,2.1145388118859616,0.8171231885350053,0.6641164681841845,0.8976877603241741,1994.8300819661201,0.010499860798915288,0.001625910406100226,0.04271697866312438,0.00008696452050765841
61.2696027659519,11.56660576955182,7967.274374332008,0.011412599458998387,0.05142764031120063,0.02641456324173791,2.199072341376815,0.9635166673902946,0.42167040206914985,0.8414010849556078,1950.2863162225296,0.014105225823151872,0.025744950475848818,0.04245628445666177,0.000015420310033443432
47.41735784546069,10.226896818910905,5152.102403183236,0.01340499883559082,0.059380474718682755,0.2839638002561803,1.8212683029699266,0.6321466337717876,0.8655809672370187,1.7089223740490407,99.30951874357454,0.019783565392226803,0.0038687499180357983,0.03397052549020806,0.00007216930938926793
42.918761713355856,6.632312655611948,5075.8187536696905,0.010965450495842303,0.03221858561351308,0.18805576972173138,1.9034701515882542,0.6068082663308758,1.3756342646397464,2.35074754720553,1785.8376512725868,0.007169254819125091,0.06903280257971359,0.044368135220078334,0.00004514575821092818
51.11255476776148,-2.496885349776502,5704.410897738389,0.007864774224551731,0.05902789314628308,0.26441352929896106,1.8671076153134354,0.6184120541262306,1.3626489098205434,1.540738847361852,493.16213875207427,0.019013826847293146,0.0010924437574089216,0.04098756223142991,0.00011476161296602709
41.02527227249587,-3.7676206859562518,8898.346201474707,0.01431110671073622,0.04059698182312321,0.11615149382592688,1.0430524709142361,0.6176279633359819,0.7815083174009485,2.368470918325424,1946.1392155339852,0.018970982463651302,0.005776173655736999,0.039071305813990376,0.00010661097737784325
40.5552497959928,-6.124787992614497,6216.185605953761,0.013504452523453057,0.054078307660345847,0.21013444999904912,1.3200485529735615,1.794804419843751,0.4190373571162729,2.3974770657808233,1361.3799677062343,0.003148821825417302,0.0011087126726294985,0.043113264288334466,0.00000598669849243615
40.6747445376401,-2.860638710388667,6968.504347280231,0.014100605642687327,0.05911879184344172,0.07933068430549818,2.198651258643371,0.676400791027981,0.5043365176364685,0.8171289703749973,1789.6582458732692,0.0031153469385684284,0.005829608049859285,0.044231207844804644,0.00001065186104313902
58.78969696449617,-4.6686288587603295,7352.932679958869,0.010380484780130915,0.05410575467078114,0.25411881386543717,1.5387378056934877,0.7835455601943926,0.5577105902807364,1.065577330835024,1726.609816098978,0.008371596445993668,0.001135495197698571,0.03895804564607996,0.008262137949187912
39.44169210275823,3.8423906325638555,5006.74482659806,0.00014478370316488548,0.05962877819967439,0.24488613760782904,2.029214495071148,1.6823127618020122,1.3613702177725426,1.0203600007810008,1024.6637467751254,0.01871999780435479,0.0053201324019296545,0.042549377517981685,0.000006279859602474681
43.6044856181353,6.734620070985102,9366.210583231408,0.0027677773506113285,0.05921954805155324,0.2999743182587363,1.635489817284638,0.8326881633662095,0.5368714118571051,0.8074036596892767,1903.2927807037008,0.015587134290116203,0.0014827640797815476,0.03333142885476348,0.0000032501606686234424
40.64787060742936,-0.6337975968821237,6095.901565671459,0.012450763954166734,0.049922586338542685,0.07500158508105874,1.7037456338173098,1.7056964803852401,0.5508050986509584,1.0943254043736679,1761.957426846692,0.01315618007543726,0.0021461814576147153,0.03998861697736481,0.019535240134078077
55.109097744827835,12.068345487308772,5332.146028356568,0.014903321431443484,0.05962856069117703,0.05953836069770671,1.9698061253543055,0.6000140625752606,0.5045366052732604,1.409033154878212,1949.9063748290916,0.019437719146204412,0.001107917806244322,0.04207251589209261,1.0075742815815455e-7
53.35382997307542,0.8698009089432457,5500.491548390125,0.013315259360683262,0.05176548487818219,0.03041457344693147,1.1012414629558829,1.1875302930779355,0.5544741857171327,2.28625885822171,1991.5299726171313,0.0014927421093653367,0.0097766936769677,0.03586082093559766,0.00013046863209376425
37.50971623871544,-1.0562619876725297,8195.791790779796,0.0149691367094574,0.040981740179807366,0.18699159548330233,1.8650817156856154,1.0005497588165506,0.4616205773292569,1.6426023757814123,1909.882986545804,0.018708534428420437,0.002024801178086497,0.03282577133577673,0.0003323908851831854
58.820685877148264,12.602735326491846,7722.783760751837,0.00036856508009451203,0.05511923211706071,0.09203284453337092,1.9437202380382868,0.6587583987930248,1.2968013666510765,0.9512483156209025,1993.3066756255332,0.019420021723426266,0.012286441885710968,0.026431962476970397,0.00010179799460528694
58.621471203750815,-4.116170005417768,6082.91567955604,0.00037409922184342083,0.03895699869545956,0.29948953942529133,2.1879041895827154,1.6251642887118982,0.7313200189109268,2.1514580815487516,316.3686383309431,0.0005997845907832266,0.08337805626237323,0.04183459043635927,0.000006302541668742837
49.31715387116816,5.870981744128523,5263.518722845624,0.0009071519120014317,0.04827789356312413,0.020066126501366768,1.9040950366844778,0.8189014036924456,0.6173819916648129,1.8534035159951412,1205.75441717231,0.01988962711968634,0.0656772190711956,0.034644680861049014,0.00009727091205846401
44.0069586723324,0.22586112532441582,5362.967868729701,0.00001549662508447607,0.05821133123561122,0.29290583599099934,2.038933682531235,0.9364614614338369,1.2084296900575293,2.1133634723043766,7.513655859411883,0.00010134344706237794,0.0020240145550892495,0.03798250920485798,2.831570260851724e-7
50.68447960982775,-1.4350720759687636,5074.3227809878035,0.00033463894297873926,0.04063131646366183,0.14911494968453393,2.1893376670154923,1.7892306117932755,1.0024372396880095,0.8015858812143097,464.7024212468324,0.0016888778140900652,0.001079881453973393,0.04277219944334461,6.297618256676861e-7
56.03737675806758,-4.295703130505313,5123.147552826635,0.012496095889630984,0.055527059153211024,0.06210818969642,2.025834552879229,1.4036323720482915,0.7938739726291419,2.37453255737815,1636.2405718647417,0.012606295085277655,0.054823877523906654,0.04225902711968014,0.0006243991581985433
50.82721157507902,7.867251411179517,5579.4551767887615,0.0007213986675233424,0.04906797229926411,0.0303000292383888,0.9635269302649356,0.9329991455307254,1.288246700767096,2.3999936099455317,1704.307206864842,0.018877702121723794,0.03002970313930152,0.04298318328481618,0.000020800939408028276
47.77262891046037,2.752654917073574,5010.546802802416,0.014943772046906811,0.0577758955929454,0.050230868704712106,1.9857558821445163,0.6662096711469941,0.4840189222751485,1.9252820065217664,1590.2545705732457,0.00031375886184911955,0.0016439150666068155,0.04204912542213037,0.0000051410916088667085
45.18871218007715,0.796157923901962,9012.994133572018,0.008933725344283341,0.034999145175450164,0.02035590507342793,0.803819129413909,1.08859840280958,0.8420286117388338,2.1006840957625736,1996.567709790844,0.0033804200290797294,0.0035813650359059384,0.043623734358857205,0.000021863996106274813
45.29031802133322,0.29400582022533683,5163.0052254301745,0.008484356997847949,0.05420276451572361,0.2657190410922909,2.1762056073274008,1.1554194626913366,1.296203652489798,2.151008024375855,13.026654902691222,0.000858328371688914,0.01691203023192853,0.04434224125250524,0.0001343722051174934
45.20519268339796,2.122460236345619,6005.131993283591,0.00294861839379057,0.035654754254237996,0.02301512112120939,1.322550554245627,1.2340048618189567,0.40897857633507845,2.155749523649054,139.796627419018,0.000013883140533418475,0.09537556849407058,0.03898909540826326,0.00001652709573843526
45.6157252339986,1.5834012208211217,5124.20464482042,0.0014997311166179716,0.05650011324582075,0.1194159396840494,2.049330620681425,0.6008633125140734,0.42351523269166724,2.3819071631962765,1811.800327601075,0.000945795004353503,0.05608781781932532,0.03306238355486077,0.0000015688250443704993
51.571502293769015,-0.7911173983259108,5266.616450451194,0.0044758614764154,0.033756838645307125,0.035330670357656406,1.2564183147860022,1.6769558939012024,1.3316935674613521,2.360333394105316,0.396461164705828,0.005079183129506213,0.06767478229325617,0.03866605933330306,0.00002741035143440404
55.05809397621583,-2.517126421519082,6034.0931491469655,0.014398843173293456,0.028719617676174165,0.2076987121432927,1.7405169371850744,1.671872850271002,0.7648401479063613,1.1753552150958775,1905.3216095689495,0.01128373703593474,0.010922752100132414,0.03573854797051159,0.024135182459519237
52.45367436933842,12.932224691368724,5061.8673576414185,0.000648811542919621,0.05366200301397505,0.0931831522156332,2.1294884452210763,0.6029068312661428,1.3908375636651185,2.368170605695621,1924.5098536127057,0.01190548991525889,0.09777483897289911,0.04040482812532421,2.775783405823339e-7
53.14838973157101,-4.885477267802725,5861.554204564378,0.0011428602770809089,0.04974685555715683,0.20013584840245513,1.6277752982756906,1.1154482249506805,0.40358293473950935,1.7315680049363484,1798.087469871109,0.0027696093509012275,0.09856739628437852,0.040067004624021255,0.0002475081981199193
58.216112575920754,-4.205875875251849,5013.550080030858,0.000055831177480527,0.059427798754057425,0.29868520347129934,2.0723143625770217,0.8508115502513147,1.3715511391762587,0.9760304427431487,315.05714416617076,0.011092850076084508,0.003417157622758288,0.041833125714869364,4.038655012502546e-7
43.74848383074857,4.610197620493311,5246.689858375618,0.01445337631850391,0.04767504155408904,0.29998614978996213,1.9644107763338527,1.4551979173749368,0.5252509062019604,1.542167841934067,672.79686089122,0.008980754105125574,0.011681285933344793,0.03955919249762356,0.0005490260629504742
47.1781589390995,-1.7259249121834834,5049.599360689813,0.012684992624754466,0.053564629489973425,0.037265023241240786,1.6282544050389292,0.6126767579861898,0.8064791251369725,2.3966488672032398,414.5855987958428,0.0009426508865898696,0.040601618015280436,0.043662086233118354,0.000011270823533294258
51.2474140997352,0.6314209979041401,6415.50520226186,0.0027451000399563454,0.05759551674412152,0.20738957893189128,0.8129115491486885,0.6696154562674664,0.5820901286437583,2.347016594194246,1539.6789264500012,0.01689896641324659,0.0326995228301632,0.023434684531723576,0.0009672285550822849
51.75205811712142,0.7394893545038101,5779.143496742651,0.014856515682480056,0.032915090141834455,0.020529551061944405,0.8244851430049492,1.7896530046246446,1.2962284775357236,0.8305166388604224,1933.7963862380122,0.0036192444173960554,0.09864071181616459,0.03789507981246404,5.7556121412292e-8
41.71803229525023,3.4861552890121263,5984.748127882091,0.008730468622495066,0.05645006106267727,0.16100627577584062,1.698350582239109,1.320188756333643,0.8686600005820022,1.0839583254822382,7.874583900304575,0.019603293896763324,0.001384050004375523,0.03965788015798555,0.002310761730381395
59.34734592050606,-3.256666186808368,5381.942824729478,0.010968381977289072,0.05821702037296506,0.29626002459912365,2.1697226362691984,0.8869174123497754,0.5037504968513629,2.1501204799404947,166.3201686307123,0.019118111597343366,0.09898346402683474,0.042866917770863974,0.0000025231092293354775
54.60765583270787,10.984929124553563,8895.822225159138,0.005164385006381535,0.032360303686982506,0.2996309799884977,1.5071934207914923,0.7255103521376263,0.47802117253905335,1.1176520645230437,1993.4595648845539,0.006023536200352929,0.061086414651303295,0.02111810446950651,0.00012860810072890997
51.48395614526253,7.438178710068932,5113.97817888768,0.00944703800973652,0.019933711699772694,0.09195211713924437,1.9040202446915944,1.775056358295751,1.163812320162077,2.3838730864608477,187.60710376702994,0.019944943909993695,0.09944782964347244,0.043675854949649096,0.0000020309957271526438
57.55331362758433,12.101430216019743,7527.595315455093,0.0029009782170891546,0.05899522229515868,0.03506985319486345,1.9758653755607722,1.093236805244882,1.389741612016472,0.921937248601764,1161.6652828682445,0.000027991832311069742,0.0010133505851045216,0.03536298834375206,0.000012456174265047184
38.240668908073886,-6.878341160936175,7559.622442417211,0.0010721776813217062,0.054204894491903625,0.28106969879670674,2.196506111293224,1.5441138839001711,0.4172508777657401,1.8523027411065054,1870.9403134898143,0.01752045986523864,0.006762332766381042,0.042632587624704135,0.000050009446527964704
42.7558049340957,0.16400300261688905,7718.681715730199,0.000014034121227433548,0.059877288528039155,0.27855577906270623,0.8176166021038229,0.6444135224139991,0.414297407380428,2.3314819549784502,1912.9452289573107,0.00028368669543577484,0.001847579402208974,0.044249147854508314,1.0023223010855514e-7
40.17735016789294,5.839783163734229,8066.409875046855,0.01332408072082875,0.03293718205792171,0.27272848122978255,1.7122689687361463,1.0393655013766294,1.334099457751641,1.9643099093586713,1987.4072178941722,0.0009792478586608537,0.0014663716247294886,0.0375092683216365,0.000981530961987722
48.82771045929621,-5.6831314909196085,6174.749731914691,0.005128354873677633,0.04674387281824157,0.29241391003239003,0.817519399402156,1.0318845194758055,0.4020117157599221,1.6983215833195482,340.21308752281635,0.013556986435120197,0.0895669545533618,0.0341347320402251,0.00011105600395612598
42.474738295560776,-4.8478656620200145,5093.491928732389,0.01493943682798801,0.05984459820745087,0.29379057526566216,2.1671544172190504,0.6627043462982223,0.4170699393736054,2.2590282602097043,1919.499696152762,0.0038982969412684506,0.09783685318297909,0.0400466835334437,1.9093025206388934e-8
49.437459299163045,10.090187362447598,5122.145588830272,0.008187750644416639,0.0598863509631551,0.02975116015640409,1.3635235993630195,0.6460139442953037,1.0141614687894194,2.280490554649429,770.9302330385007,0.00007516332982292129,0.06320974846692677,0.04150728012973702,0.000022887140647629424
41.15260315448548,-8.730747156450105,8844.576322475725,0.001937438743182104,0.05122336504881529,0.04935467989790666,1.7311438142490743,1.389929016933681,0.5653031630664229,1.1843138046358186,1664.2132160649571,0.009296986564500467,0.03285666096450109,0.03849177901368126,0.026949349806984414
50.8280897627625,-3.869275799032213,7061.003661745715,0.01235114838382431,0.04056918222515796,0.2887299185896117,1.7129024092711693,0.8569435309629189,1.236724119777087,1.988588705343721,1651.2511343281253,0.018952157908538353,0.001034849913771206,0.03774721751859382,0.0037119421695883284
58.485113311290505,-4.820133235471486,5678.717723751772,0.009950466233783093,0.05370189739066863,0.2776052898241815,1.0005056883142533,1.5235055608374135,0.5225589119649672,0.8032345117292546,406.20477926357626,0.019268178224458872,0.09359415234241937,0.04070784797152986,0.000028643312113176355
45.0246602693545,5.188516618623897,9003.226992400156,0.0031403719929393612,0.0527488005806224,0.02114471743019026,2.168696210850937,0.6410424025967787,0.5899145736543989,2.351434451599088,1959.5591448304717,0.010498705436554165,0.0013281076230272245,0.03241408765382953,0.000010934616789699392
55.906630664818465,-3.991727166886583,6772.905064222157,0.003910084770575756,0.055163388544084674,0.19244149479267048,1.165803474195866,0.6403985242947253,0.4569396295357262,2.3887911369291333,1079.3396199097494,0.0007453827797286191,0.012496803443597701,0.03069842664528183,0.00034839119259828696
42.763599862038504,3.8968588081288953,5481.726808906515,0.014891532050339286,0.05717191053365263,0.251104853502031,1.8621888593550184,0.6714119120776673,0.40039747516434115,2.302569503777251,61.88022455473334,0.010210852330237021,0.09784104989732578,0.037444504890576276,0.0000015312819476399634
52.058422958279294,7.794078913698328,5051.041898811767,0.010797898934791255,0.05913593246479102,0.02277796143652515,2.1815551690956516,0.8959665792176792,0.5314725048243648,2.3256672780137277,1997.0084122612657,0.0013237955324588034,0.0013095934557636418,0.03454754616081116,5.078095884699863e-7
43.59012594078919,-5.960411821166008,5871.3013078002,0.014977750266902835,0.05936835238997391,0.2126227881987566,2.088179332415982,0.9046056940206411,0.404431950200539,2.3661242486217056,1343.149077351133,0.000005592766444648973,0.009337487424772473,0.04275707831537986,3.55129658421282e-7
49.04443190251746,0.6107450139129664,7077.168506963038,0.0010304300740248613,0.041796584583352996,0.2921067961080583,2.1183914099428733,0.8665844227361329,1.1487687093137506,1.169164358939394,1459.831601540596,0.01830701263124071,0.0037473032454948926,0.041021718392948,0.007311541088369352
42.206201216853685,-2.9640722500871224,5093.3408736453985,0.014302269928412652,0.059141231195525064,0.23543179181968088,1.0679332949715565,1.5869171139209968,0.908243039550909,2.35341991159536,341.13758870835267,0.016470010276231743,0.0010101834793540393,0.04218581384198202,0.00004072120651427076
46.91488366926882,1.4594542492012508,5274.171371117085,0.006268251953427435,0.04342823515424616,0.2629036783259379,1.18294202162314,1.0122392233825792,0.5850572890387356,1.911409416325153,16.554389190067617,0.01908527475263189,0.0605144165639103,0.030720177887096127,0.0024306095844345904
44.460943235868065,11.891307362208686,6413.5458925424155,0.014849747335603411,0.03413688024736602,0.29725698408511714,2.1864106074550644,0.6054785827767973,0.4038024163738101,1.0721846562303563,1938.3519469842843,0.0006843872198961628,0.07067559096424207,0.029605009861186023,1.1844191747335093e-7
46.399616795179476,-0.8309678800141906,5714.299248182737,0.0003073998499225777,0.05946128164000979,0.2923063043961677,1.8640119404386757,0.7306476504299644,0.408474052073324,1.0713132455841061,588.5673936849668,0.015050861028730602,0.07549558809315896,0.036713904225091853,0.0000383907846118893
47.1761894463245,5.215537953262388,5164.411681648016,0.011875043731294192,0.05655902348526261,0.29901388279763885,2.0296500137866915,0.6815027620030185,1.3275677520190414,1.1215507868297387,679.0524572401243,0.003925244674416172,0.001833985173601623,0.041062284329267604,0.0002017311953092592
55.46580441897413,-3.572506754946633,5048.462287206699,0.0011702635530183912,0.04885534304688664,0.28573745401898587,0.9305971276821459,1.6275049792438177,0.5361494806404932,2.3942618876099675,1936.439153941239,0.0006101802452963234,0.0873274889670333,0.03286233526166042,0.0000012200614222664554
52.30705270005725,0.8202305873732225,5046.454993188532,0.0127167098522149,0.046605515715304184,0.27959794688719475,0.855780096913122,0.6008304264306744,0.4020949252009382,2.2831902622773237,1718.5514122521033,0.01792875722912817,0.09655113875156997,0.033807984609705986,1.802465094192204e-7
52.570929195981826,-1.7000948703141496,5222.700329556735,0.013578137864521878,0.04710682184419809,0.1989115730186506,2.0843725232815116,0.8308771222131742,1.2858751419258037,2.327877779765733,1503.067768311961,0.01275908495156896,0.08814878598458083,0.04033757056436522,0.00037201604846679923
45.803800401864876,4.089528587555746,5854.879075143013,0.014613444328868196,0.01878954105922653,0.2926969119213922,2.1332726965417894,1.3279563929272884,0.9378020826649208,0.8432314385216818,1924.8839946225642,0.008464376150284354,0.08401015004262549,0.034018573457059643,0.00008054722467538276
39.81014278454112,5.675993293865229,5322.343322909884,0.005801575572214806,0.05417982736642387,0.23864629682981467,1.9343207110509257,0.7130386992586379,0.6080823192943882,2.276405537108758,106.32624479628782,0.017245672645380152,0.07565433969818136,0.04425053383394955,0.0009259535520210069
56.459560743156715,-1.7233112728860807,5226.543604663361,0.00872592533959651,0.046760873504386895,0.2981965697336139,1.372423359033077,1.5158932859342422,0.4019964920339006,1.309950914664801,318.91849268727185,0.019956808414728144,0.004900024059273206,0.04224392448906791,0.00002813596058998389
48.7616654437044,1.0485444923790919,5045.631108068195,0.007557810987412061,0.05351750732865278,0.06494550127815318,0.8943232489861226,1.168030758457196,0.6515568911078309,1.8831657833071898,1981.7236531783465,0.016305928697675776,0.08508234067529638,0.041281006379561565,0.00048594971501757255
49.05143352051323,4.483026732049632,6028.4425459417525,0.004340189393623613,0.04919901638443548,0.2913721019780327,0.8167111971957741,0.6098659592568567,0.44550759274431956,0.819045947661653,1999.6072854089562,0.0000012175153268951682,0.08788914866283269,0.031450922908790015,1.5788955678171075e-9
39.138866174303125,5.422712822069805,7693.557990922349,0.010567077267248476,0.03384983516655556,0.29771503817412664,2.107748988926512,1.0645163356049896,0.43497910872664847,0.8073015356734722,229.85399893640272,0.019203315660168942,0.09443074989017147,0.036118531874918494,0.0000057763356501987855
53.30283498229251,8.558075655710493,5938.666283434192,0.014497014743399613,0.037127241341313,0.1609666824749507,2.159492852924025,1.41921002339903,0.5690139324179664,1.0427199269547451,1109.826945092441,0.0000995067838983458,0.00110022723352107,0.03418392905863335,0.0004559439195983633
45.286907255076194,9.785971834724407,7425.781728479926,0.011236694752353497,0.0256889659307256,0.16291179454769067,2.051634589998095,0.7133107763351777,1.389818840028279,2.3930681671443237,1979.3755982606626,0.00487074743954465,0.006577687726159229,0.032820331834936795,0.0001522607937240471
58.500003155689036,-4.419456245292559,7080.70116171749,0.00021068869736701765,0.036461790882430095,0.06435567428699472,1.6516380287165655,1.740515094074175,1.1332945595526263,2.3659101672067226,1807.877026877445,0.00019643721145569515,0.08060850110550483,0.041210274099636554,0.00003383654906309957
48.384438934210024,6.158199795048631,5164.578659105672,0.010888138889685687,0.03791396788254556,0.26417511403648364,1.6562614480520812,0.8521919833346762,1.361623219093275,2.39807835395371,1167.5912486456011,0.013984372536927098,0.07308044613330233,0.0277965710284515,0.00010278767160483875
54.643476103237845,12.117055597836924,5515.218100600214,0.003156545898941701,0.051915704823640316,0.1843884599972523,2.119950301979225,0.6568824844658054,1.213985496878247,2.0345331252270547,1466.8571401780941,0.00038463898068772983,0.0010868743820169572,0.038768722781264094,0.0006490846468846988
51.65384963288275,5.967669340597947,5759.63163356151,0.010670735289847055,0.05764320528389581,0.2993073268407238,1.0498248543821893,0.6117133207079312,1.2208156138607664,2.2503581441979783,1565.2071920853432,0.017550436384828515,0.0010069682710201753,0.04230123920630335,0.000014711629630647167
46.98206047547211,-2.6523908748059153,5062.708069792838,0.01373159013450752,0.042802359154002254,0.14620375911517006,0.9416744479289063,1.7594629782906592,0.40131790714944615,2.239160106884579,31.90657104084249,0.0006291871129819412,0.01532315631472169,0.03840297693711547,0.00001088558917880716
36.59971599689383,-8.62878776478528,8144.658555434575,0.005721240126967943,0.05609861109532964,0.29972831478843215,1.8019608624062684,0.7698506022301508,0.4020897491710828,2.343679379413871,1018.8715196396878,0.009328663499583573,0.08895398505182213,0.034807924583298094,0.000004138819449573573
38.69448759175328,4.701033559719216,8542.213395994528,0.01416056675246975,0.027667916603015107,0.13196793972413814,1.241712241112855,0.9060309541274573,0.4228815390943772,1.929214163576103,1999.4988288813,0.007338746167760839,0.055210824684225564,0.03063545884861045,0.000038282755123350646
45.4828529379041,10.150856390437252,5411.811131605922,0.006046198163182789,0.055222310009057654,0.1562516308250893,1.6713789995287105,0.601026138919296,1.2694591664942758,2.380144568250411,369.0578903782703,0.012215795697500129,0.011541882431849086,0.03687847049530183,0.00045235780835134936
56.47737601835657,-1.8393969144642188,5096.72931861402,0.014799028743268694,0.04180127092187531,0.09832341405459913,1.5641056765464871,1.7859549308414655,1.201126331292461,2.3999125273241386,30.248980358061747,0.00936597018527027,0.035436825699179664,0.03635706513096559,0.0000012576834232060445
37.99049537935507,-5.959634949554879,9517.651967426886,0.014335837935002725,0.055101979980825146,0.0330242578079771,1.580402521847438,1.2497714442188013,0.5868007337247425,2.3850770350087838,1866.3110403812634,0.01816345791450757,0.0010679424624195138,0.037002497880410185,0.000013988005063098582
44.46694395203159,9.179648893258996,5032.147082050849,0.01477426449407918,0.05340367281048061,0.2931521510023772,1.0151283933642756,0.8061933752915637,0.40240866752966503,2.171884811251246,85.00696309821925,0.0007537352612121985,0.03057589600153272,0.03617619039943526,0.0000062655546705234146
58.92477640892348,-6.127001935425089,5028.462447539677,0.0005505015158977709,0.05788379615173305,0.29931710659308997,1.8609375555203365,1.2258815947996577,1.0346856416241441,2.3779205267666716,1461.4980529448483,0.013670605740758046,0.013299734455124487,0.03461402707014555,0.00001884440010312439
37.5683653725616,-3.0639909450110476,5779.882566480794,0.01164883605242697,0.04704328586505625,0.2950335414722153,2.1100769454670516,1.7821624190115912,0.4459287544927184,2.3980521898797758,156.86073266358275,0.001527190769605228,0.005433665963846283,0.03854455562496789,0.000001272155930173863
43.99702161005549,2.2045308383318236,5197.013640530987,0.014773727309801596,0.04531863266590349,0.2923110049692928,2.0917402658828896,0.7814246037017168,0.645891235381465,0.8772651845816231,1890.1988965026521,0.003430665464363193,0.07268838683039767,0.03647967840657602,0.00003245404156935043
52.75370522697884,-1.7456260609647387,5356.456665036985,0.014655700273954237,0.04946397666497582,0.2744914762211968,2.029286035085638,1.5974024736570192,1.2895874533278389,1.38067417264601,1959.246319233215,0.01987508453022655,0.0010700602380798302,0.04287062947666058,0.000017420793624238507
44.61675875391623,9.51403115781136,9279.276121339528,0.00005625489032927503,0.04216228666384661,0.07260969453852138,1.206517348549425,0.7369979527625129,0.6605413891230398,0.9595793562916664,1967.988283876008,0.0000019837188605474213,0.09513605573364074,0.04322481291432409,0.000001950302031121284
48.54355939890188,5.179376052900887,6671.626447924276,0.004126336851185516,0.05114351123734526,0.13856747910489625,0.8106798669302612,0.9844516984935945,0.6298719558130037,1.1724851118112565,1865.4968608244772,0.004861593975792865,0.0010772658266764827,0.04347915486704262,0.005858928554054285
50.95154759055389,-5.474819427917216,5349.669126437831,0.00005336822607503641,0.055802503250173836,0.031320720429994536,2.0684600823372152,1.653683000734027,0.7434384628705162,0.8306794537243543,680.3465377746709,0.0008982746201058014,0.0011989959891412585,0.043365751551125174,0.000007899473745818233
36.79599670989269,-1.3761262322058627,5732.763526795996,0.014974766397109218,0.05822580103883788,0.2988566075199048,1.8716691928277418,1.2998414113753967,0.9484618389538573,2.343469982223222,1431.0459119409024,0.008844811446755488,0.003316422732591983,0.03562577867183013,0.00003647657519615429
46.76121886498064,-1.2859397904722911,5496.733449438504,0.014980746567400343,0.056808319866763525,0.19049840211201807,2.1544200627598817,1.0422742482303857,0.40101309266291146,2.3610882547909995,903.0042626633914,0.01983505924657872,0.03347445373558781,0.04415108169415051,0.0000016238939328532587
57.13127472360787,-5.593166149132603,5603.863943024427,0.009335584178633992,0.05704239767618497,0.1996702994182183,0.8179362259637307,0.7927819995596818,0.40011659795035703,1.7989855254242655,422.48517597921995,0.0003341065076723022,0.09743497877663311,0.03934506116005284,0.000003390926967184485
42.05689333032239,1.341738525078343,8591.934454044183,0.009547282821565152,0.05856922263863571,0.02057603257700178,2.1962091542579856,0.7897358952875975,0.581151415504533,1.5391129487075559,1744.3767101836386,0.015279847284905055,0.0016270450142118259,0.04337039520636,0.00011637136042066299
57.481802624112404,-5.832139099519824,6652.261397610175,0.0017356856197580867,0.03939373867222828,0.2640154537517931,1.8857890904893289,1.797279905439114,0.5870095221977909,2.3366469825047376,1971.8219240670007,0.0002707076017728753,0.005691064479607178,0.03227347563595579,0.000008881494717215128
53.32626191319264,-1.500740081293955,5226.762610188801,0.01342068307919995,0.05136465661544275,0.2435916850906664,2.192086806675262,1.7446878636856087,0.7085861149966932,0.9260358733436391,625.0602944823181,0.000006800975124378553,0.0010653973610536094,0.04233761692898888,0.0000020734433746929495
44.25320919944561,5.270899066429697,5545.96351011357,0.0020577334836545786,0.050946118693084276,0.2117304885606086,1.5042733827777879,0.8948601991510603,0.6098264331255624,2.168815897549301,200.95238737134704,0.019621020710292546,0.005589068383129104,0.04402802316182493,0.010920850383889447
48.86855975028185,4.384547385642442,6168.615265582441,0.009737863858104507,0.04061165032783004,0.05128453075472145,1.8568748509207136,1.0414785545332876,0.8383972308790074,2.285118773515461,1991.0735429977171,0.01905299420897668,0.0012690232966551295,0.032583505358334576,0.0010394713863456646
47.999478200433224,-0.6351317839725468,5962.751866880792,0.01333926808476614,0.03166879358443708,0.2840521997051545,2.145931326177072,1.1410977217287925,0.9374906619767014,1.4621726200870864,1949.1361772882954,0.01751687335815693,0.029229738818098774,0.03617265425619243,0.0024290712480966987
38.74841765563043,-5.910311647573825,8110.940827617575,0.009466676187806385,0.04439343272485905,0.025440008475120623,2.1222408923203084,1.7930383128697915,0.41717938213419303,0.8746461564511947,472.935900773124,0.010474553033546958,0.021670838282763352,0.04076775727858261,0.00014436591152302457
51.08500433797934,2.2884591190387873,5120.86061131223,0.004968388211971403,0.042006419620054795,0.05207730431393717,2.196388814615175,0.9600486395311738,0.9110144779311865,2.3243950277623995,1045.435062104181,0.006042859328784888,0.010349969933864065,0.03973320101764988,0.0023619140216760972
47.97055331068188,11.365155313487048,5928.187044555145,0.01426673363600159,0.05345554668071127,0.28739392426828175,1.9358785867943533,0.6089834890608201,0.8639737456258123,1.1806560053816186,1999.757902292655,0.017887926532564866,0.01901186605578142,0.04026778795728845,0.000010091971424539005
46.66107404424462,-4.819054340731685,6157.589730429767,0.014312062253413861,0.054320453261062884,0.1738681815018607,1.2220161597544377,0.6766132934454958,0.4828762453839125,0.9074374173854252,719.7333561497445,0.004131759879252583,0.023283119670856077,0.035422622562504606,0.0038142767134004716
60.145530119549235,8.78152107623988,7893.920474976269,0.003607450261894166,0.04343184169738895,0.2318763633270577,1.6826543324103105,0.6220625344561592,1.3216701830865771,1.602985961596005,1472.9871659477399,0.00010950224186286674,0.06030222039961538,0.043312783667032374,0.001542378679438538
47.89980383536256,-3.815021292116324,6636.683427716845,0.011439840892657448,0.025445434078004384,0.2948741289669066,2.198379120812195,0.6294022422073455,0.4558218307662185,2.357881684829945,494.74738475128186,0.01974175003572836,0.09533928337095858,0.04400314092675315,0.0000010629402634510798
60.0589052127394,12.748378568989551,6782.752730182366,0.014990513101572183,0.05808849902479822,0.05142748768239756,2.1958291105702195,0.6146463024819742,0.48552829320000673,0.8685403215800527,1099.450592953066,0.0017977302200415813,0.006752597096156499,0.03397737926375639,9.349469907006028e-7
57.06808359724973,10.602367869843523,5015.215989050403,0.007426626702296037,0.05973594029288678,0.25744020497591713,2.192584528690735,0.6338651119511374,0.41641318852641845,1.4344775636574918,1789.8346239678006,0.016920107931337455,0.07366666412827494,0.037906971668330965,0.000002337931197689713
46.97094867859041,-5.71707193791528,5936.190446359319,0.0009317838117264599,0.04864409583032746,0.021479280400447335,1.6059170872891289,1.5800416560412969,0.5553566437422566,2.378261535304384,1492.6162416920406,0.00028960908374472564,0.04934106405912369,0.04426651970236303,0.00003377137405704699
37.981076808066554,-1.4709389387675476,6223.305456779384,0.0007649035559523649,0.05840514161606144,0.27172554635053553,1.2772501433480545,1.5953950783111581,1.197305535004482,2.3833000522290178,483.49231509658705,0.013700685805688489,0.001009771167014878,0.043171884626218564,0.0000871087332906508
45.4192615019145,6.939039296242505,6520.682047223752,6.269529372362457e-7,0.0462381435719747,0.29996888298978114,1.9815846513028375,0.6134898763889282,1.23844865880376,1.0641964309202976,1861.8888418446727,0.018894895460150895,0.022059881781875405,0.04272021649578429,0.000004690308344780605
38.430557648025406,4.138148426550192,6732.061418184125,0.000019782815718504623,0.058155273694678926,0.29971159472647313,1.5217021065725085,0.9477744048877853,0.724073722673244,0.8905294083924193,1919.8891693993783,0.008699044962498605,0.005808536850832312,0.04288706263937937,0.0000237844415106748
47.87833199796039,-0.6759205245098769,6373.40364654027,0.00643757953408313,0.04779467676147171,0.15367102950608855,2.1005561860609108,0.9190246436544631,1.0288504346446548,1.1678749754294375,1170.370494330227,0.00010714667603233915,0.00420359766282159,0.04006976692384131,0.01360501995598813
49.37840162440715,-0.9619468340282911,5134.420415901476,0.0005506925460163496,0.05963994698155119,0.020054422946288255,1.6184482409274592,1.5920488256807017,0.42066755437751313,2.060333572209877,1065.8010159788712,0.005308712105679561,0.0023453761938005417,0.037361671443277455,0.000009955391268346999
40.656871516589156,1.970906578470121,5005.254554961941,0.0017794617295564012,0.05728425481202636,0.14774825671796607,2.191761967983854,1.502331241840229,0.7228300071298777,1.8750170027096655,130.70999640936122,0.006521807640524719,0.0011271741294087332,0.042679838645799016,0.00019794174587259105
57.13929603071092,-2.9022342214199357,7791.821579294245,0.010336383960337616,0.051011237643724595,0.24576003286292764,1.1255872234138746,0.6983260417497784,0.8772785452279694,0.800018776697476,1935.522362973712,0.009113616140375974,0.026737045536889045,0.03952482677499312,0.00018462074666274897
42.553370417553964,5.489577127524173,7385.304669049685,0.013984542340485283,0.028911388278648052,0.12134695193452684,1.9368530790667513,1.0312152457387331,0.8920731026972565,1.4260986055165927,1864.7449147275206,0.015576424912529488,0.01878288663088557,0.04117330472513462,0.05646430832028696
47.797316959390265,-0.5397500118659107,5701.576455523296,0.009631135172374747,0.05916653745436395,0.021960381953491648,1.4122862728492378,0.6302116220624571,0.4105931172030697,2.070828914809452,1981.697320460242,0.008692594520768007,0.015592761400598653,0.04025831847993803,0.00001568883904500525
52.142646951374005,-1.0722276959273689,7747.977891195718,0.0005204782739503816,0.05228875495134422,0.2882117695857635,1.9326297328827153,0.6212585482271329,0.9300856702637285,2.226948455729331,1997.098818685754,0.008026098640660896,0.0013565062887788471,0.03180906806752489,0.000036321584392451545
36.765218206492015,-2.9300747817733583,7497.220212271049,0.002743313722980052,0.057399176085703725,0.17434991162929916,2.1829973419253594,1.0261582011123411,0.4155310819495938,0.805442570964255,1723.789740434307,0.011976832857132249,0.0010665790013290543,0.04128026153550892,0.000006752811339155238
50.335693064279894,6.995350898859748,5998.064918255555,0.00000968714476259293,0.05996536563122024,0.07897541429331369,1.1454075829036137,0.6114650049134436,1.3990971707210367,2.1688265754718836,1860.2695951917894,0.013579421435699573,0.002482344117457404,0.03779260496169402,0.0000012212280363379375
43.773036010784345,4.88348489836034,6012.379650401089,0.012302808766033799,0.050633027163796904,0.12232549822737479,2.199960894373107,0.6472486163944036,0.6992807060866264,2.399504582695365,1853.4963215240991,0.019903894286777885,0.0015312256812207833,0.03200881502597594,0.0000015716191570538476
45.26373091765839,2.2000398614759415,5959.273400220836,0.003040678852980449,0.044625426666940415,0.03788497412470092,1.3457134145922458,0.6288301276664081,0.5941360062675267,2.1950158853688775,1437.3691905337798,0.01876952155070942,0.05647641254196054,0.042995051965863985,0.0025545633519636506
43.09216208870375,3.3648085680316537,7264.466875925452,0.006986472842844943,0.05657858640380704,0.021120898518447517,2.199848194890908,0.892415641217495,0.6556840326780576,1.231201353818867,1289.478246483343,0.00008464336229828104,0.0010333975620841086,0.040711159668221704,0.000004883627844653703
47.5327265111482,4.797559586012664,6507.224182079228,0.014990397660449678,0.04106418086738757,0.09086527015528148,2.1869901903706994,0.6099338879591392,0.8596076600210113,2.114061948811856,933.3500206829607,0.019981724187260547,0.003580472213969951,0.03249546052281518,0.000005347867051580783
40.46407234645481,1.942124783864294,6261.519586980832,0.0070474519756177365,0.04765947821431574,0.16573109264163655,2.005796111992985,0.6026536964895718,0.6191620438260446,2.396894731591874,229.37768877581104,0.0038885654216547216,0.037477962508931845,0.02655450454014456,0.00013781529517081775
49.3054120473203,1.7933966712533156,5359.043072275557,0.014356831039653371,0.03337880406909464,0.29838156697342055,2.185960984201902,1.7918773869840678,0.41225685207392276,2.0540501714693127,2.7770869215105662,0.0005483599272736285,0.004722240754940845,0.031672131874830124,1.4648169019911607e-7
57.94691731512114,-3.9304943347319368,6498.98666395013,0.01455574049855856,0.05978303342315512,0.02142591501267486,1.7546748720927359,1.7731532483493835,1.083062001474921,1.5148787984757965,1173.736661031381,0.002302003311754608,0.0020256175925502393,0.04452458227845314,0.0001335608246008707
46.137426141030716,10.478339016113207,6543.196390471356,0.008473785295785404,0.059851529216581885,0.022224029967598175,2.059017220267819,0.8259445229588065,0.5810157767254807,1.0345318389747928,74.14091289069995,0.018543787829460683,0.001364253768680761,0.03867278794681276,0.00011722068979620002
48.54393405830957,-1.4373517978407104,7984.304072853762,0.014718850787226399,0.03537655256493899,0.2384323831617973,1.2495202689072162,1.0450952609786572,0.6043895178601754,1.506613553691964,1897.1274134186501,0.006722552964773835,0.0010648498709990902,0.038642370268357276,0.007580385006605709
56.444820206835935,-6.339262803386919,5684.337107475424,0.008880392468973947,0.03028635396761396,0.18974662981142984,1.395484379178119,1.7953689613672505,1.3741618324649498,2.399968688012679,3.0629932167165936,0.015367686635686138,0.05727955895920409,0.03732428065517857,0.0000012250781683854071
36.881210527804,-2.7702672547512472,7773.265531830648,0.012733490875023786,0.015875928309052482,0.2334385711609334,2.15637454112476,1.5737424803181481,0.8029485837591774,2.2556798637124142,1957.8855529008326,0.01050471146896406,0.08812055375525678,0.041957790727021535,0.00023086671373460571
51.88366990678544,1.4576114106628584,5163.712864055625,0.0002313420565329208,0.05698064038251709,0.024487108129521207,2.011769278828135,1.540950921333545,0.7236719600598036,1.9714862581769204,1.5481317001178687,0.00677427217049084,0.011636536508469667,0.04161416568967164,0.000052484755650330877
48.968983145973986,-0.5826521863859089,5031.677553293879,0.01442486539437613,0.020051159493565847,0.2674810539059549,2.0023696702426443,1.777934093345222,0.9660960127363483,0.962900097637045,881.5855234352749,0.012955847380957761,0.09973932973308001,0.03653672066362777,0.000055936828817108845
54.40054768150439,-2.649655979247237,6571.138748402635,0.013053658837551862,0.02119195417283982,0.2931814566549941,2.0518492336621854,1.7466884642115632,0.489943486518737,0.8148613680878136,1848.9118965530058,0.005421458765546651,0.004428082912618157,0.04073607734741447,0.00015588124731689124
57.98877562524282,-2.412964246828201,6466.298153566273,0.0005172782512075446,0.05866605309464694,0.08562899771203675,0.8280173225179333,0.8367389885415633,0.9917104733042834,2.2464547525850067,1851.0410221677064,0.00388499754663611,0.036577035545934486,0.04149556500003684,0.0005712700552599179
