"OriginLatitude","OriginLongitude","OriginTimeBP","SelectionBase","SelectionDairying","Migration","SelectionMultiplierBritishIsles","SelectionMultiplierRhineDanube","SelectionMultiplierMediterranean","SelectionMultiplierBaltic","DairyingLeadYears","CallErrorRate","InjectFrequency","Distance","Weight"
48.112680586985554,2.41557772468496,5127.090421410953,0.0013654634227290082,0.041510013020833424,0.0889876023749252,2.0622148306441566,1.6088361699758895,1.3170932345139774,2.263499140552561,35.657598595949025,0.014332011055850632,0.0010779551880158486,0.04325670056443752,0.0008236208414200544
49.05064808640053,4.243770480282963,5360.207725138449,0.00018250137907988172,0.036927070653462464,0.22266704119246059,2.0974834500620476,0.6327911661964133,0.4003380282190868,1.6877921347949179,12.428520816690122,0.015073197953559627,0.07440028915973107,0.04192636076002504,0.000009053382288854059
37.70337763683098,-3.9453110976227794,6485.701976525126,0.014984333133642152,0.03962243748500192,0.22847199238714277,2.1824215145266725,1.0972587189285594,0.5031421946101868,1.5645136161619277,56.73249437692479,0.0041126489742771225,0.08458346272904199,0.038072056652896674,0.00019938213645669968
53.203521795567596,-5.6183874105250045,5259.79298073385,0.014424613599527826,0.05963934492022313,0.1790755391126846,0.9480509224596162,1.250751014477764,0.4570328439628404,2.223816611851195,86.22648309533074,0.0032785395003632123,0.001023782684966565,0.03934153996883065,0.000043312360576184404
42.5220725477803,5.797439043694325,6025.079613714338,0.00025267994915123814,0.05163454374622825,0.2820913508256027,2.164282400793582,0.6820988224115665,0.4772671568187025,2.330283035604233,184.22152053880694,0.016103319888984193,0.06779301190782841,0.026762432831181227,0.000016530747754912435
61.654007031937255,13.14724369732896,6383.239846155488,0.0024706527099448827,0.05739277361269274,0.16848285426416332,1.5765304816366275,0.6050512217919282,0.5281124810312046,0.980539919820123,195.56179475162222,0.015879111939817926,0.06486859467762134,0.042019572457224326,0.00004248297406614709
61.651996191502825,13.086242340351301,6173.163388744254,0.009356255776858613,0.03883301764730596,0.27557455046604906,2.1542751625704994,1.305275756187239,0.4214550096252555,0.802606791663694,37.682089858745265,0.0013077714513335234,0.08931013731492876,0.04146090857935103,0.0000049814528740900875
40.0002700889389,-2.779941866634294,5724.3900082979435,0.012066808782640319,0.04888638919376172,0.22005272081173857,2.1550295103111177,1.5000486792403909,1.3946609515273813,2.306285460389083,1.2406336124052333,0.0016955458093629017,0.0013467786642473265,0.040662181611636004,0.00001748648210505959
48.73649342218322,7.677886438269063,5784.537668188928,0.011479687177693581,0.05117497949069746,0.09995019819811964,1.3992626069050746,0.6309672263135758,0.9247549369772319,0.8732318634996956,183.6833666639517,0.010971992408130045,0.054753804322488275,0.04154143309641981,0.006396718547716802
57.32163765329865,-2.744621474653453,5166.829181969827,0.014852594825572451,0.05614679360481073,0.29861431195680427,1.6116025683720645,0.6066718688511703,0.8386334876669905,0.8167100131091884,188.0042134021786,0.017629499202552926,0.09513014553434636,0.042298304601328086,1.2563579919374747e-7
45.34224423114817,0.9581427391622181,5101.853411547586,0.014991382254450155,0.057551879865183946,0.16481661012324333,1.420828059590173,1.1389163438306649,0.46449756965621,1.9317947043308243,193.7204120778017,0.019996225526933056,0.002226455177682289,0.03256031867246019,0.000001891492662060624
53.01980702802672,-0.12558299253653438,6226.4732194831795,0.013631452976144189,0.017194800187634442,0.2998306388183116,1.9993496069734735,0.719819505307513,1.0378556786781974,2.3662621954645573,127.922353010267,0.010614272338044316,0.0909865578428588,0.043732458388799564,0.00013317462284896474
54.55186943503169,-4.181543992630281,5919.667281323954,0.0033024230919304455,0.057354552198647026,0.29971123973049196,2.192133937767168,1.027237298480964,0.600972627127656,1.8840358499161947,199.60558336960733,0.000031463134616436915,0.002008149153051869,0.03963233484966395,6.027505400892108e-7
48.98845443344295,10.800724715154104,5077.171986233731,0.014930118426964794,0.058856099918586466,0.03432440539563725,1.9378607456594479,0.6062558711006795,0.4093655910779531,0.8204024266699317,198.5049992626308,0.0018311649060346875,0.05620688591067403,0.04067768867924898,2.7231577362217056e-8
51.86852232126655,-4.029435898244889,5631.557938916574,0.01469485305447499,0.043874870840255556,0.2777702931578199,1.480298792659919,0.7388964046074699,1.1061893533897473,2.0100643705542107,16.54344642468888,0.01607794546712568,0.03190878620271606,0.03667416495080149,0.0024138546661647254
47.43891507270308,0.1276044369108682,5800.899568180886,0.007402683367645467,0.05961114539500915,0.23532475989161064,1.2901769673028962,1.0359244553714064,0.4195993801893052,0.8616566230293217,191.22553120357583,0.013681956955269596,0.0026548117990122856,0.03362217471037238,0.000448837997687053
40.96166593244551,0.998216114806727,6302.653501314018,0.012893349079495455,0.05890985859210631,0.2973504280400375,0.843893089532862,0.9965705969154666,0.6304109884599688,2.3902163915376518,178.72967970592043,0.001212065282396681,0.0011885228030570764,0.03527617804948593,0.000012320770949547409
56.85586277151638,12.26884811516781,5451.113629683478,0.0027236525718886146,0.05905385517646847,0.07639410666834906,2.1874940011231754,0.6231562625171182,1.1528258426079177,0.9735560582015964,172.93190056220294,0.017905628122401637,0.013588044824313595,0.04403538384846428,0.00004972842605615684
52.521790642541475,1.82225669076327,5206.415955151659,0.004029043841532283,0.05956066428797079,0.25840811676142583,0.872388589779995,0.8954408186233185,1.3047812921020054,1.9468043975259217,87.917686391969,0.01116878123276506,0.006410167349855791,0.044204997940782,0.0020719868114247616
39.31701207269575,1.4148078258838694,7726.242059761846,0.0149306209443488,0.05922400243871511,0.18159480685013057,0.8930485623720161,0.6079920481216199,0.41211583067153834,0.8074675157911777,198.59929402331744,0.011086828329233127,0.0024730653685735085,0.037687098686614184,1.3204462682466988e-7
53.26016888535936,-3.3567329430995683,5736.874666440822,0.00016170330214787074,0.023622463676808644,0.22579999858994065,2.094493152130743,1.7960822348370922,0.8765443714343485,2.0474432696871094,11.420859052240937,0.01876900238526795,0.0974065185252105,0.04385509476467337,0.000022035389007981648
46.62148837230569,-4.57079848300733,5625.715452983467,0.003023658798420289,0.05293655499873002,0.2872539389930816,1.3424548037154735,0.9457162661610403,0.47325496206566564,0.8792313522730224,198.0519912437146,0.003289872555222688,0.06265101337182778,0.038017869060340305,0.0001811914740749768
40.22717077254854,4.979322074687104,6114.812791486196,0.011363086828392089,0.059591499851162064,0.059593909319610436,1.8283891186986672,1.6864074671424198,0.4339289761099864,1.6796911278208986,22.132226991068453,0.0002500203621150609,0.0012924509102172695,0.03807143082919293,0.0001596240522848606
46.62019806548736,-3.715544487027916,5967.286802045453,0.012605050702567204,0.04794828591573515,0.1868011029717769,0.8041300340927938,0.899799885412428,1.3879476347205415,1.5847173941156707,97.7794864791364,0.009468146521298461,0.09432721485476732,0.04355932408566286,0.00039150220712867614
47.66730758305532,-1.3196893961957947,5058.174629250201,0.013930678430956647,0.05251877796145605,0.09078444506921406,1.4323045716014637,1.1988257397301192,0.8961547785584341,2.3912977236184276,1.3916003669409693,0.0037763907980577845,0.015524636553928288,0.031391216870312315,0.00016560452716754678
58.77129313264065,-4.296887297137312,5771.290840750347,0.008159345276834654,0.039288535744268084,0.29987280315324477,0.9655473080917965,1.7562118022241404,0.404185588526759,2.3387304305739596,190.71525043910867,0.0034852013158929553,0.09796819268526255,0.029184884224936578,9.62957647260184e-7
52.09061106914392,4.324773905743045,5056.108783299075,0.008772938876899741,0.0424073342113996,0.2834875018138486,1.978961344352424,0.8485377815515585,1.1968573980240054,1.861884813591254,194.94021123845818,0.011518686881588015,0.04495794367168781,0.02362717767348444,0.002037063287899633
44.419080175150256,1.6110658036330818,6651.8748396501815,0.005033446797070124,0.040307714675768797,0.2785655890478659,0.97694012163897,1.0057516044009407,0.703104550940068,1.6977018387237623,197.05251347260707,0.01647488015106867,0.0862266665935212,0.04412481803877386,0.003442380096837147
50.623791797816956,-0.7021719900313492,5285.569013437811,0.01389052532721513,0.03509424329005629,0.12194035639757508,1.982845459838421,0.7628007743043944,1.1863376966904777,1.0061652424298073,106.8397261073317,0.003987510297100812,0.0965625090383973,0.042874904645402036,0.0017931186888507928
38.67862082558688,-0.8228417183096965,7267.594249056352,0.00046665195274810133,0.057460526712253907,0.1184459354943389,1.7023439891089551,1.1220204716671718,0.692745133028642,0.9122278610454042,112.25782083041227,0.003561636598623518,0.0010601624286324402,0.0414860642655351,0.0012634372106773756
56.35414921482183,-1.6876730853485125,5041.2099070661,0.014999381919347458,0.05260069194581539,0.1332985888190282,1.272564391774758,1.5837540260890122,0.5589248619142,2.385476098943087,12.652146321518815,0.011698934726789319,0.0812035607643488,0.0381174786029846,0.000003580069611901648
59.0010922244973,13.118970840730025,5341.909008532652,0.0003878593345023541,0.057852492289695516,0.28891623364715113,2.095501454316991,0.8697948599756039,0.4003501027470746,1.01434957343011,195.95757899432212,0.018866608119575797,0.03850863186966548,0.040497122819482693,1.5003664902958856e-7
51.67866581692749,4.807817582297362,5703.106996424645,0.0018513853088924829,0.030619713821341907,0.2431352389547459,1.3697193861208476,1.2732797155019413,1.3977598576406127,2.133513916029227,139.03451360765675,0.018091024577057312,0.07924927320613906,0.037488311080344824,0.0012211571189860194
52.42506413754508,8.652547515126102,6253.0926072835955,0.00018004764962463685,0.04234579077800771,0.22403440989001072,2.1902126900324914,0.9815274025611774,1.2893411941532174,0.8203171168673488,1.33057351193417,0.0020331791056323978,0.02021696313084528,0.03043000075086039,0.00003708263485879403
55.05741014511862,-5.9987729809982895,5016.08771930413,0.004130683228385697,0.05417319426129029,0.2727995297104634,1.7793579830641368,0.6162532771626932,1.2143767372781937,1.5070572011723773,197.4909045240751,0.018050294801229248,0.00982749617319858,0.04410713959224551,0.0000486419278369009
38.54893762408449,-3.6547729202509984,5489.861479460581,0.0002869513977667685,0.0547532865330254,0.26263056339205354,1.5933828490561803,1.5938754020592139,0.7901964790653295,1.0395036101419868,197.70879559442312,0.009191977734724967,0.07787435638570943,0.04319514707050636,0.00021023164333565906
43.41815117148104,-1.2171549322352124,5825.633237383986,0.006294603287280258,0.05823540955377862,0.2848199472502679,2.068225940716993,1.0182714589493589,0.443480102230679,0.99813678290629,22.16906680876134,0.00006763137406829528,0.0015571212601896563,0.0376808109083394,0.00005054261250634425
59.42889755988218,-4.836499646395449,5247.580553385949,0.00156793209670514,0.04249764086287118,0.2735038753455075,2.175162594356637,1.7928900905149674,0.4254063877750061,2.391816588990475,130.4567315056221,0.016132057136183812,0.0013901599338687497,0.043160902573684955,0.000002530278334411948
58.32689999033667,-1.6029824184060004,5861.163555646373,0.008834303424602216,0.05161297775474349,0.05431339783609977,0.8177998948319088,1.786297062833425,0.8182070880670482,1.048239032610085,0.23456260640395848,0.002040386785436281,0.021160817087155233,0.03982635787798897,0.00008816450038515214
41.37933676095051,2.1975539567322233,7113.113523642938,0.014932052800800382,0.023530518005363304,0.2911935197331625,1.9567190675043726,0.6145878798041783,1.1169384584528053,1.0303551088239669,198.12113951393636,0.018090530784837286,0.02179901718116921,0.043849921655749774,0.00008489459388510508
38.024967466868084,-8.487166722356475,6690.366778007685,0.014122006861183773,0.05888733031477426,0.2638969566574083,1.9159874879112921,1.6199135506162503,0.5170997035737558,1.9854778386939842,74.21830167090224,0.013983718319293285,0.006416619537589966,0.04258796844327205,0.005404316425406495
55.61365800765265,-4.895791152783427,5193.78748601072,0.0011424354944718342,0.05700835605317287,0.07716353382531305,0.927221649744352,1.4733924039282478,1.3981469192805163,2.3577799938280117,192.63428977381108,0.019999316734154622,0.06453244565987927,0.03888997805406221,1.2487201274942828e-7
42.100263842912476,-3.470601884360579,5145.781182978139,0.014951419670457468,0.05947348700523456,0.23205336490108597,1.595321509980438,1.3809727419679523,0.4681525995979182,2.204901050507604,23.424310432998478,0.018821930671292682,0.09793068366549054,0.03738989162861009,0.000003063941934004054
42.570632263211614,3.661855002006666,5511.166998644019,0.014724248995612203,0.033757159411594566,0.2943618083814055,2.1408195384796143,0.984475268290256,0.6096260417563067,2.3711770896258297,199.77257713893442,0.00007295977945724154,0.07676073599182305,0.026481230417699203,1.6110190162513683e-7
48.43671550688801,-2.7173461770556475,5554.320262481274,0.011766921205450956,0.03389110232241806,0.29668280073907327,1.167461240103401,0.828506735528245,0.40161086147582153,2.124074714187973,197.98470854924014,0.00033482796074243623,0.09498848956543675,0.0397485220341349,8.299913542574933e-7
51.191824077548205,-0.16023075088441274,5001.7635664285335,0.008407091969468814,0.04370830599874431,0.2956953613908918,1.6760710637101317,1.7746772806986075,0.5924230508130313,0.8744583914901507,168.64466508242054,0.0022705760966905976,0.034439036167152735,0.043606881730415714,0.0002505853128549922
48.38527726591727,0.7517141919081975,6203.865822427005,0.007604875495368417,0.0573938386125072,0.19917538767028137,0.9192275367108055,0.7135602698756263,0.5561787699275685,2.302812895075072,174.70585017786334,0.00031278984762678,0.002968462118476713,0.029751294286578942,0.0009874704510636997
38.04178505648076,-2.8570873984493206,5604.479844712571,0.014834908194651995,0.045967443650464436,0.26065533462325813,2.177958163014718,1.768017550455383,0.4205536546645765,0.923148069409112,195.04801808459763,0.012639486496308241,0.004516990678831233,0.04377424623627306,0.000011984721565684958
58.215630417989985,14.808564854986443,5598.793861092794,0.014591883693052372,0.04777066411390961,0.2634505352276971,2.1682176480707405,0.7419285091325991,0.9494548405724373,1.897912539210433,198.58779404939443,0.000313532045418849,0.001953005827355887,0.04438166649306818,0.00004468198685931007
49.42159476227123,-4.137306704224545,5002.707715738879,0.010010611161653755,0.05057768768918916,0.24346566886722715,0.838179391938202,1.100676966067898,1.3836031640017812,1.6537945956651432,99.14438604786837,0.012595395358573458,0.0813528706082487,0.042915278187286306,0.0001232383051953475
36.75317510681624,-8.785130909968014,7557.944834930244,0.0034809412044342265,0.057456126748799824,0.05494233128950225,1.6430003400587154,1.5485533534308793,0.40375338086094054,0.8193527293675837,125.94839398916933,0.00848231494943806,0.03500872185076869,0.03958329734281138,0.00028915907630990706
54.26154209989856,8.197444753171634,5022.418907868395,0.006552274358334868,0.055032807867763815,0.06423932704404678,2.1925819000318465,0.6018094366178595,0.9821710509287206,0.8810366548030446,0.4257594108752446,0.0005676305238588641,0.054894498897051155,0.03533166896610793,7.067012926378717e-7
49.26164779625637,1.6501545534662192,5725.41855130811,0.003309459259176674,0.05994641513348338,0.15782329974029882,1.9275063891717759,0.6010822091131169,0.6918816093845657,1.7542988524034682,113.42948867596789,0.0026240453774674967,0.0010077060402450815,0.038445590000247616,0.000035665466828600344
41.716351076374195,2.320469930562405,6554.863246577697,0.0003169581512524948,0.03374568583569602,0.07070163031341713,1.9169881503377129,1.716328738037483,0.41535355701649235,1.9276151967275028,140.70928168652077,0.009826673407242897,0.09887915237112795,0.036934760246682054,0.00020574506496452602
51.01032767496742,3.26546734012679,5011.529393785459,0.009323595039617726,0.05968343236391561,0.24083827208078798,1.9096232321767577,0.6446465209015739,0.41381304679160247,0.8731302944939872,139.12590843265588,0.019914376564107106,0.0341597181634649,0.03597243972233256,9.853090230585473e-7
57.68391469767191,-1.0483210667128056,5051.310912426324,0.013231594207748458,0.04873031701568289,0.16740322002950847,1.3590764676081504,0.6964860778197461,0.8309975822467086,0.8146906196636471,93.7252470403451,0.010941924575330409,0.05690777136908108,0.044131933756404756,0.0011627380051817946
38.894066365224276,-3.0273317036455705,7537.513644656244,0.010169697017974677,0.05630684036645758,0.2837366602408647,1.8295798978345963,0.9637419190663647,0.4000661687428402,1.0592482995905437,115.30208602689514,0.009246872980885487,0.018958293950699572,0.04410816115150452,0.00040050832983370976
41.22749778823886,10.601359423541286,7937.440052679482,0.00012766780192327907,0.05227542408273117,0.2081179689477222,2.158170037773613,0.7060913343404421,0.4068405390140054,1.9509771598975443,1.8268112720500458,0.017029049109436076,0.05267276647241854,0.04058956759366412,0.000018303067614477593
50.04295831663223,2.5589672497808884,5402.7228988393235,0.0003119467744469585,0.05666854799534673,0.02653334199307438,1.3093585871061597,1.1633862937004964,0.7675645563791195,1.3528335148401793,194.2683359803669,0.00003476779555159458,0.051902384160287834,0.04022147406226028,0.000014867503954101323
48.96711020200627,6.771581931989886,6262.662274734727,0.014998578632378929,0.05757642758063151,0.0457580704909862,1.4509266585578922,0.632030427890856,0.40517220657193603,0.937490987854516,187.54535498897624,0.004265503401044143,0.004037401585178923,0.032955196950069,0.000007706105058650212
53.693551548582434,0.05026775305747222,5406.684426521118,0.013112505115273409,0.05712095510420003,0.07061127809113654,1.4283738659405156,1.3134646923505127,0.42247035484012807,1.551723341413488,140.1510743168593,0.005314906417669174,0.0076670127160907275,0.04082737900210433,0.006313628267870186
52.59721209488288,4.428148027102841,6083.784690412621,0.00017427896547413704,0.053151679013517084,0.24032157746477337,2.1729449213490684,0.6192852517122793,0.5344038172741814,1.375394437242635,52.018825481116636,0.002902744549311361,0.001234506526731071,0.043395303422571495,0.00011365709143820889
56.34888741602062,10.026661635611237,5050.968011587067,0.014474472793223827,0.05490638353311371,0.02163829660796367,2.180298558891862,0.6343005672041453,0.7956880006645863,2.32525544661204,0.8264486712381426,0.010596928081357562,0.05602106403233313,0.04072165955607177,2.8945144203001104e-7
49.426383706608206,-2.545928211764811,5178.577026851739,0.006666530236699731,0.05843921820399113,0.29947735170640105,2.1346255363147053,1.169239319281327,0.4992361370821634,2.3330985327621585,85.32155528008086,0.000014195802468644774,0.007294877869654435,0.029773999623074622,0.0000042720143210196
56.69969667136333,-4.838284862044714,5338.377681408736,0.0035654936415297545,0.05528474182608633,0.2942095159140168,2.102768403292603,0.7156399588623624,1.2730705790423387,1.2852584242219514,136.58995564300108,0.0014706254779868146,0.0010650985145990125,0.04310411676188171,0.0000818863716382105
42.10775776386178,-4.516168429650017,5056.695686349559,0.014997928060784049,0.05963612339568888,0.2996538962564234,2.1540899270336533,1.0386990396019595,0.46117093865180686,1.7875346343295753,189.15028864494602,0.010365859045430366,0.09878870331376276,0.03634954420492992,1.2798069976574032e-8
39.678045926122685,0.25781787140749834,7001.806066078963,0.00000223902600951061,0.05012988496721874,0.23457884787363947,1.6918931295324977,0.8035870040699798,0.4789118343980241,1.7163724558673517,135.7274122599575,0.0029480379239840955,0.03508772676061636,0.030147429728672695,0.001750644616197846
43.54999610918903,5.016956102638169,7636.872429428049,0.004303705781710568,0.053021769421690026,0.0822335125861789,2.198691083301953,0.8416860354729284,0.8764308772235482,1.6673849976030346,189.1002322555661,0.019199529832189897,0.0029364358505831103,0.044292002155737406,0.0012418250079094333
41.76508878083087,11.301665600151416,7156.859503739456,0.00009309199293392752,0.05636230216896461,0.1283929967482323,2.0720746350801824,1.0290568648795158,0.40416562624957125,1.6854734900758093,0.5468913724417472,0.019999726377631914,0.005692594080760021,0.031434365309226685,0.0000012033753455294185
41.213269053163245,-2.7253956355926388,5059.725863551412,0.014113810283917236,0.05609650932564529,0.2453440869941674,1.4473993984352251,0.6615196093326952,0.4017415897760946,1.60233739673474,199.94709871848724,0.0001571927182484817,0.09603980136725185,0.04222691826305739,2.380880856905703e-8
41.60829884180442,-5.688520942903005,6767.742992144434,9.248939733667688e-7,0.0518338274211735,0.2947871581296378,2.1959115536965554,0.9783027040303379,1.143151981628971,2.0846219581378467,75.46516090181883,0.0007035280515334248,0.0025345479541142813,0.0421732263775915,0.000027964016159597276
39.25388263341208,-0.4139121774598742,5569.726265986656,0.0034506221722033496,0.05702782914314442,0.27090478295325066,0.8813024597204921,0.8954777213099157,0.8343311127017234,2.231420307561333,122.23117379485939,0.006162755606199395,0.03992048232665624,0.03909458880588644,0.004698699857025178
53.365502788317855,-3.0512983296657836,5262.440960097483,0.011974882184017759,0.05195186548743713,0.044320207815102,2.1578267723198588,1.7967217191981781,0.9153189747735314,1.6553553176776719,199.53406876478022,0.000028334513612266653,0.0016708696514886265,0.04362079900697153,0.000002735221826385033
61.09288364213094,13.007851626781207,5010.471642654653,0.004706964277830031,0.05640030940256585,0.2205311580765629,2.1964548730606768,0.9731894379964363,1.340395091407753,1.44062787013418,183.464009829773,0.01905443551897604,0.012517468641746925,0.04397662281378503,0.000025665277389840914
58.16474434915108,-3.416568170161197,5350.959685739143,0.013804575183128925,0.059339187652827786,0.2986810404425974,1.3385300760728642,1.155511784276997,0.46380170088754824,1.4747417247302168,188.43588626870118,0.01986908163132476,0.01377417639930445,0.03641529932780354,0.00000670371171237006
54.8745961790147,-2.932033788476873,5319.108961040169,0.008050103772117543,0.048769975281321216,0.05736922969561033,2.19834838639361,1.5931051372557405,1.3998614894516348,1.843506956242151,8.304068650268395,0.00954315833898714,0.0011562729915147898,0.03980041652065089,0.0000019800265694533755
51.88316913880894,4.624161374814442,5488.017104954704,0.014964121916753104,0.05497454766040505,0.04170525265830656,2.1043722357474497,0.608983163789318,1.1964835781057865,1.9073974982054027,186.20703278066856,0.004430074710523495,0.005802628067930041,0.02957991787110028,0.00007346218959425162
50.21903852830174,10.528797691027151,5900.1886679181125,0.001409895012697718,0.036499222945698975,0.1800906708182835,2.1960555859204165,1.5211927273583234,1.0876172263149617,0.8723814092167321,31.779624694808234,0.019965158881169162,0.003931657634064038,0.04250395369951768,0.00015862151757541258
53.89442346659966,-0.2704235645180848,5124.036400616956,0.01299346575045149,0.059875986615984506,0.05670998956655404,1.4881045654624858,1.2176859786898482,0.4157597354884711,0.8844731943108477,198.2438165724255,0.0035982960714963587,0.001392914385830668,0.04072626364007211,0.000005836575262307796
51.92922477896098,-3.671687347494484,5110.153676655151,0.009545047367381342,0.04479734305135102,0.058935697384747604,2.025228000484123,1.5451018958479277,1.336030307434045,0.8563864002161179,1.656509824653657,0.006787712656584345,0.026632234973425668,0.041256163521212204,0.00035172685715656736
37.97361279827502,12.682200973484392,7915.3376677449505,0.0012477623505250167,0.059829456080112114,0.2997365369073996,2.1369172707279467,0.6518291646038068,0.46549920056677363,1.5683825563386615,68.73707444957856,0.0002859824917869903,0.001415304329122603,0.039182334921720754,3.7281406026571897e-7
53.07325124490557,-4.805908163292837,5016.709116733726,0.011406602398563087,0.05681972486474998,0.10291895759972511,2.194074145543684,0.9606337641690661,1.3990989196125505,1.6031968335458195,144.0345278535014,0.00003721684053281242,0.02323570522423925,0.044292605868642455,0.0000014141269617239343
43.33354909622753,-3.967953718081037,7360.023174502119,0.0006909664153240293,0.05169251918458384,0.29023962382079443,2.143715864238297,0.9540064389922182,0.4671269030852835,2.366642310124103,20.560838592235026,0.017650909312282758,0.00495789387675965,0.02993273054724126,0.00028838546982536627
50.999883609941534,3.767298208203977,5887.633067805506,0.000784070624529299,0.04879222877479688,0.2932438264430623,1.539418905448228,0.9598584607598184,0.44041572751555846,0.979499923542875,5.688261915046598,0.013990543916557848,0.0947642023394232,0.04030325095926709,0.00008557463521808154
51.00250192590839,-3.1279136887214856,5295.463744790058,0.012557406359343626,0.05687295359672507,0.23759546957046046,1.9758050612053146,1.0003963828368658,0.5839940690033313,1.3684755169780263,116.39851149241719,0.013633661457724672,0.0020541700563476307,0.03772717429939668,0.010151753072903284
55.48955659772635,-5.662171441119733,5259.042359732405,0.012740541404931463,0.058523670475917174,0.10698964498928602,0.9688201939597325,0.6477639146628614,1.3096123154010344,0.8592845007932011,145.40646475776424,0.0005877015101050689,0.08721188801476165,0.04344919885864517,0.00002071283030608682
47.20872763494306,10.013073065206957,5144.156593640643,0.0003890602665353486,0.05883632713450104,0.20252401421796395,2.146579313511311,0.6017740387474769,0.4343914515150163,2.19073196686627,121.70197791976696,0.01875961930119903,0.014909489190259936,0.03183655031435707,0.000007739638813887108
57.30254103869416,-3.4920184679734403,5709.838947237409,0.0034614269938369815,0.05820030813646197,0.21368234231499325,2.19770278263982,0.8236497200752504,0.866399417277642,2.074118434236751,186.86531427299713,0.008441635018907066,0.011594754340366421,0.03910640056943963,0.0005654077270042052
53.16075762926971,-5.476730431226027,5603.645768549964,0.014734643384923937,0.058851402058660636,0.06819060674181289,0.8259345708355974,1.1309702012209486,1.2521499982254194,1.5703333580797576,160.4450266913134,0.0029171825470317814,0.07342352021630909,0.03862890396776255,0.00024264134303539204
55.228075012186224,-0.41416870801808514,5721.896113039982,0.008431545990928926,0.04742797634353607,0.20756473123089889,1.2133378101909902,1.1133653591253019,0.7968834361494173,1.2182859071466587,144.0248544241433,0.019818847177873137,0.092271249392513,0.04207515457867589,0.004761200043789532
50.73877222323985,7.869181140371985,5016.335187932167,0.004558165469262632,0.05876961660989557,0.28539215809724483,1.2878961705068932,0.8882913467832181,0.7645231172964269,0.9587566142875115,176.34048759901043,0.007116037272559479,0.01736919191260738,0.03436694494682749,0.0008646309211846349
50.655526648683754,-2.205454058104328,5004.439658001329,0.004290534609298568,0.051636129341071466,0.18570158680432003,0.8640709508870748,0.8537470607698918,1.33576368716131,2.3898640540999585,12.13471080719472,0.004102760792486044,0.09314287627456494,0.034730497958449666,0.00001556858121023082
45.303501861521326,8.075775692251057,5090.137650143312,0.0005086239170619759,0.059948610534557384,0.170430349656892,2.1214387525851457,0.9054410803468734,0.4103245110639018,2.3224410905081148,197.9047083311101,0.008814437528066692,0.08153879289578427,0.040746415741018324,7.383402996917417e-7
47.41344985981969,-1.2657111082777188,5836.068682407688,0.014911398021716697,0.04641923981173645,0.25784656644557696,1.8483273272048337,1.0397992433513887,0.41583831442868846,1.061395202693655,34.6950233318816,0.001576823298445928,0.02522840738201694,0.03896368050985456,0.0006465139354210972
45.63274983022194,-0.4606725121433577,6324.664228854761,0.01456973827763738,0.044415469742455076,0.21758719405410118,0.9810209523080317,0.906872015356581,0.4176414351489353,2.3770711558691264,157.13736627030536,0.0002731759664366942,0.024800373083462033,0.041312373819318716,0.00020576619312407814
47.51427648901855,5.419612352211811,5133.460622030745,0.013354315376685105,0.03964578611985014,0.05811983021539835,1.7354013663808885,0.6367274209204274,1.363032820953286,0.9117663462632712,34.76054356994793,0.00010606889038613376,0.0885191582534207,0.03770683313352439,0.000023665844094809655
52.60828844751121,-5.9878512304960685,5993.1246576866515,0.014711311258589746,0.04211320325096441,0.020852227113603558,1.3478129995379802,1.7609709463332717,0.5677999114570284,1.1130211876109992,193.37870825205533,0.00026640542159017656,0.07936811652919233,0.04389792297089953,0.000012047686488633402
56.80399396747669,-4.703851368978806,6185.373230056552,0.006907371101823662,0.059450913291489195,0.2447906001708923,0.8024090104334478,0.683965291986541,1.2552450583173869,2.229039214879571,3.311552458405919,0.019509168347377946,0.09612096236230139,0.03363078119105033,0.0000025464459091105038
49.068772984044344,-1.2170958809051076,5980.8025596163425,0.01446634533704778,0.030125509909733755,0.24667945004134023,2.0939318238050983,0.8711023721055855,0.5041468425709379,0.8888031284071145,33.85679768508509,0.0015828744683675708,0.061033898256843494,0.03777061692398322,0.0014904801064295236
50.00433038068316,3.244384997973633,5385.659402324967,0.0012226129170333892,0.03249373126750357,0.2937660443348164,2.1967203442926566,0.9914041769469835,1.34315352257806,2.3858580401505023,198.11471554062078,0.01056567075273215,0.09125535707318415,0.025965276398787235,7.80498490338051e-7
50.570828328664305,1.3079993687371818,5217.291389797358,0.011184531603765906,0.03426852901414561,0.27159048634163596,0.8251965431606185,1.7715106603050415,1.1674421690561303,1.8580376900039195,24.180047774666164,0.01924157780943691,0.014205032959469599,0.04335667684652865,0.0011630378627246706
58.13461520698994,11.079073130828515,5718.734771715856,0.0006317510564199323,0.05647617120840021,0.29976762185182937,2.1997605502245388,0.794146630649722,0.6016917409371153,1.7816788687054517,22.244854863479635,0.0199221457440282,0.0015412255050583634,0.039573812675894084,1.4749863120957067e-7
59.843660761812046,12.237954635250563,5874.904979451568,0.013666206700026733,0.05963089363879093,0.2977124059896981,2.118109605956813,0.6481341801449991,0.4119607728140176,0.825073550666452,186.33539070196989,0.005205370617895954,0.09623505267890509,0.04051547299781808,1.0281950453491523e-7
49.44402968332035,2.8643347196142894,5703.486286082418,0.0015698268641081467,0.0596222467903306,0.2980120216540373,2.1971128283194754,0.6004396824783169,0.4081812852213536,0.8353384263967524,193.52835663286928,0.01830933823263055,0.015041792235066097,0.043624346013830355,5.2388471380568965e-9
53.52456416427677,-4.8414902019909825,5076.251011161309,0.007750990269775638,0.05853505738787974,0.14175922295504584,1.804097595111358,1.7259071146973883,0.8229707209784465,2.2667027665044346,125.90603403958598,0.003107783312127579,0.0012771174348208457,0.03510713579878396,0.0007072897679776012
52.3212641359366,6.42071302324047,5490.638823393503,0.007945067586090277,0.05819058123238818,0.07721873286561877,2.1493316515963308,0.666965473986987,1.395249874033507,1.1638933230850608,199.3808469599194,0.004085287646148627,0.06585052359785395,0.033465377106077124,0.0000036917943001761338
43.15801871162905,-1.662072531610649,5022.263794279254,0.0001272684312053787,0.05155024043359832,0.23162897386655676,2.1862703209956056,1.5799248078607886,1.0232318942342808,2.177666791874162,127.82485707811755,0.0005573551868853654,0.014465128549229907,0.03563264013115568,0.00002998377819094073
53.08948548786439,7.922310850234798,7093.08039266717,0.014875588627039,0.021909579141553462,0.030047134911855233,0.8388469024016652,0.6198231315107829,0.8408853545629236,2.237137570686237,51.669633039153986,0.011446640292298296,0.08870439555026144,0.04132108380036844,0.0000953733867782111
40.55729504541299,1.2695023812647683,7113.492574059286,0.014835517055097456,0.05036372690436273,0.28274377603216067,1.550831976881752,0.6130455774497692,0.40872862599803034,1.3033348870908132,40.4919670299255,0.01804908212998705,0.001620217015040006,0.04348275385816054,0.00008310356331040479
47.845432365954274,7.710116429879854,6835.192083713821,0.0135642886526585,0.03878642339397588,0.20036580245657618,1.9743077293931883,0.7078552331591486,0.5976885125104684,1.1991733598499998,199.47957889177823,0.0008697383161605721,0.0070601626587306655,0.022010859218254672,0.001836584415805894
58.55645657721539,-5.112270811334774,5788.684366117151,0.005668219272365519,0.05399254779338143,0.29938383100713784,1.983425535557486,1.2828254104731647,0.7859293836435666,0.9371232370820495,179.41913504540793,0.01990737708038771,0.0017161430495202174,0.0404200582310025,0.00004892438410736348
47.4446004162207,-1.213867637311731,5034.359398278141,0.0011675322078434833,0.052581204319723976,0.29735972217167456,1.1029760491089047,1.204285425543242,0.4394803302206721,2.377412148704625,170.31293560730677,0.016922051731115672,0.09971192963223302,0.030318824440757362,0.0000017016898359862204
39.205410223114384,4.094366235151631,6786.691576330817,0.000015028851337331819,0.030155084160325984,0.29410313575379904,2.1579385279903076,1.5164184919546864,1.3984714328908936,2.3968691954341255,173.36092014948917,0.0013598853287351037,0.07183207204363656,0.031584471489903954,8.174908980972028e-9
51.35293615580836,-4.340827677981205,5292.660159779083,0.0001065160699363203,0.044210438189453534,0.17388568677008145,2.029919189240445,1.7932828627607473,0.8025793073317165,1.1514917994038998,24.824925266243643,0.019153956059158827,0.009375759365332584,0.03845177856805622,0.00023284669308165155
51.05426740386059,1.2848990472192838,5046.377207640643,0.000009988467356638542,0.0588350744923563,0.021497296195987704,2.193516113277262,0.678234499067611,1.3688871662449165,2.3818048721937766,126.60475890212143,6.643824660339351e-7,0.0064107101915125775,0.04413213041289071,2.056441103232696e-9
41.30442306383876,-8.191854878114643,7314.4721079549345,0.007326437334540101,0.056973969423509824,0.1880395226159264,1.8973298913653753,1.6898156730004779,0.4003618412872253,1.4264417155211326,199.88249959364921,0.003662115390197778,0.0012272710549001394,0.03488272954223689,0.00001752652720019441
55.419621124862566,-1.8157380844632982,6105.477318131517,0.014867073281352734,0.05444878008792574,0.15628172545885988,1.2218378939587562,0.6269877407223718,0.43466338236541646,2.370258335423131,20.539512194724068,0.0030810876930089195,0.05469247480562165,0.04172195441642365,0.000040218022600305084
43.01592223557469,4.241145059737574,5133.492386321711,0.008998592163994014,0.053110224126820316,0.20878058039658476,1.179689321710868,1.5352356038501722,0.6659198164539,1.563453124879885,89.3760354076949,0.00964412303893491,0.0013643867280686412,0.04282912677705438,0.05600444265501072
57.552202700714496,-4.79017576533978,5964.369311025738,0.0023170587816070862,0.049651705419964824,0.28228821188227987,2.0337037952918333,1.1674736979086942,0.4494301669377481,1.9212068068441897,160.12271692295604,0.004271197541174909,0.09261792262398712,0.041984986291016754,0.0007203208309630393
43.00633643347062,3.0491345806487313,5241.548559911482,0.009229008466698434,0.047791044924917224,0.1270464831083065,2.1470836868584904,1.3121711048524787,1.3888775226474035,1.036313092833892,194.447169427868,0.00938222989931555,0.0010012409786091308,0.04261728147698709,0.00005637214024022173
36.62735400009647,-6.3166256644224745,7366.910413557902,0.002472242976875873,0.05995205515947118,0.12023692585161194,0.8073587719314358,0.680853832545248,0.40522282989644876,2.3175501406270307,199.6627877627416,0.018908106604039524,0.0902677031344365,0.04312649902365727,3.7280482892079994e-8
50.27756148037867,2.622232083440025,5117.2926596791685,0.00000979736373913622,0.05978264682782324,0.2894090279815951,2.1973433341853843,0.6804553358386843,0.9159775298247262,2.3801105005767447,65.71273489215255,0.009680265920233423,0.0948940237508295,0.039340138869410735,3.581389583361946e-8
36.62031118702445,-4.672305611714316,5963.287051333867,0.0005857677866772638,0.057835622921825675,0.29955727064728227,2.0543172173850124,1.272517716989517,0.5603319362902031,1.6501211609253763,56.46146139554753,0.003921637743517189,0.09255030330867746,0.03420662600664592,0.000027821880629984255
57.967832559150864,-3.965328351104037,5190.721834797826,0.0005783653591388087,0.058551040121043355,0.29867906342736916,1.8929594384482828,1.2669357029467898,0.511064906757204,0.8139806071859552,87.58968581988591,0.01861422307991636,0.005197150992523738,0.039532539183729135,0.000002844725751010366
52.80538452205849,7.048475446090084,5641.915451192859,0.014194554084029436,0.03940341002530557,0.2823713949411863,2.0860706726874394,0.6216530791670019,0.4085043107659435,2.373225891921737,5.77822703286051,0.013964527429744793,0.0994382051142199,0.042759149462633796,6.111213389321421e-7
52.09310394289616,-4.908982753643135,5082.639026918464,0.00799380511524367,0.05382487541357668,0.20836761802502132,2.1652794333243506,1.480220700212302,0.8210781421581288,1.9698864928752058,53.84240039462333,0.013233445407384527,0.001555497022939427,0.03599428256662527,0.0028500372752329854
38.94433627820383,-4.856814505305334,5364.059056785682,0.010944924500265941,0.057436673318683476,0.2966793895105083,1.4632301367128897,1.6479725285628346,0.41105190742587544,1.7194419447655296,96.90240139270905,0.01842998835040093,0.09613602140148077,0.04073023003458471,0.000018054561292068488
44.01506485918815,-0.002241112102709053,6022.733949694554,0.000025397556083216425,0.05891660446953515,0.17636306816543243,2.0716978073445014,0.6488565117683649,1.1784059564440974,1.8937854651975046,196.8851496781491,0.005475708299979199,0.002720437214200019,0.04044834718436452,0.000027561135250460448
36.46912207809959,-1.6397443079096323,7082.235842674366,0.014700264652623316,0.024574692740817434,0.2680986426508915,1.945538437061677,1.706328824981456,0.400147060519432,0.8721372477428286,4.19961063833749,0.018208423597137594,0.09794226830220798,0.0384356718848912,4.522959865208433e-7
48.59002109111681,-4.241200907734645,5674.603158968004,0.008339752599315683,0.05553604141986635,0.07433625961559127,1.992957663892849,0.8402897435384743,1.3802805311273247,2.3989124962614032,21.712452595404784,0.00029289313126418655,0.07191733138916558,0.03881930895318454,0.000023276436105500588
54.06198226581756,-3.837217969140524,5026.0032409479645,0.0003573456399936206,0.05455152567776898,0.0692703226812273,1.6303660772268787,1.6698929750875342,1.360320361079037,1.1315877631877818,25.059917504206147,0.018812653348654392,0.0028143036558218163,0.03899632498473236,0.00006290760538211762
46.42432186760232,4.023638335183978,6953.779969653502,0.00045500929249494486,0.02725347793926623,0.1519605995927095,2.1729075599661165,1.7232574234514035,1.285328783079681,1.0177590670120036,194.41614143464153,0.007216729156392498,0.013979865142258113,0.03808714284270077,0.0025415837558447744
56.1653462329833,-6.258616937436013,6116.76898790093,0.011113023442171733,0.0476534371970376,0.29578206662617057,0.8611326795489289,1.0023664817271454,1.1757145968112568,2.3413322332415465,190.50751694497347,0.0043437293068922704,0.005135893119892428,0.038175449801669016,0.0006378953982409397
53.79395925530754,9.827291105437155,5087.336348056856,0.010380140537219607,0.0595746108290929,0.25441173868209593,2.058725843557902,0.8319867219541464,1.093080868741638,1.5777414756921577,78.0764957205475,0.00027831941238616446,0.0018229720974444039,0.03151478151330376,0.00044348142336795925
58.51008433656424,-3.6947672864342724,5104.32230340472,0.011713503189763545,0.04654223781517722,0.25804596829327653,1.9615452484713893,1.784612306560529,0.42731964264021194,1.646474822308387,184.78432369580537,0.011222763922206865,0.001736015979123015,0.037091262512225984,0.0002205184496544046
48.10478886405424,-2.657083980214238,6252.6510044647575,0.00010891740550607417,0.050077256494200674,0.28456581927211216,1.6998189277411684,0.6185753108617262,0.40476257949363603,1.6057985169196467,36.1088150673233,0.0022654648425700238,0.054055164575169866,0.03554133071227769,0.0000331991152751922
43.33211070432564,6.6304831247904445,5936.383313045843,0.013365171140391627,0.05467643604218234,0.09160238492155928,1.6864198314077905,0.7641725319452073,0.6118344677697184,2.3487688522543415,199.17414694633067,0.019917545560376778,0.006234646377800132,0.02654293738929328,0.00008297124240697603
43.10911232034685,3.134248953066159,6020.029980148736,0.01051527863163315,0.04556519532092775,0.24325353890522047,0.9314224536687237,0.700306683947468,0.936994505291752,1.6423018107631566,10.703188997642183,0.009821779016378665,0.0592646277022606,0.041430051206813,0.023582086880605643
46.02339299894628,5.693508526168779,6037.843562232029,0.0003116347517541213,0.04661035530250061,0.2426748892546952,2.1925313731784994,0.6006457712500879,0.43987552060164115,2.1350546954536953,1.7905571432855445,0.0013400931640746951,0.0021901716785312775,0.03982041921024848,0.000002669363859267151
43.20958837938358,0.010156914061315803,5472.516242118594,0.0000678729739420611,0.059885569837284915,0.0957713566276275,2.1750717794044885,1.4354081028904697,0.40190412535448017,2.34372830718957,3.5229972814068082,0.0037715395151181703,0.0010116038577157364,0.034030980036509464,1.564266531435848e-8
51.01236498564431,5.058855402197954,5306.283056639639,0.013373641366309141,0.046667294968649166,0.09963849694917987,2.1969024588192916,0.6792986223805801,1.3980313096975039,2.043552617252132,21.595445989888418,0.008793089384724131,0.001942800261614114,0.03563558111192713,0.000030499953438211717
58.527428176895555,-5.636913203796711,5943.750627168469,0.01238608772716364,0.057364230002999186,0.2240164842111284,1.173889910039665,0.8473933946188508,1.0884350525449007,2.1875343996765784,195.62275442471056,0.01949791172830834,0.0938328941466603,0.03941078857490146,0.00011419503751508937
39.208713950997144,-2.9670491305900697,5575.117823266684,0.0030602946953283633,0.057613970252167225,0.17064514973172765,1.9366599938160252,1.763368939084112,0.4476647708796359,2.399500194341483,103.10673025290811,0.000022299196352199986,0.001095149623423247,0.041116641261848046,4.6180235641901777e-7
49.050334045292324,6.1572294370523935,5822.85595500371,0.01433837453863098,0.03238423546618057,0.07224915871174245,2.11804909631778,1.7973317119742926,0.5741557964813808,1.4432964845459115,90.63069929085077,0.019358643355015203,0.0012461985670522045,0.0418247849563142,0.0009744765872929221
44.407709982562324,-1.1834949017705014,5086.415108068888,0.0004846639713687224,0.056895651487392195,0.06240889965755898,1.6144235771249886,1.3744096533100858,0.4155539021416164,0.8524626464831714,1.061465304977552,0.01794698183400741,0.08536544649632243,0.03896621833181486,0.0000017933710294134966
47.64736332100315,1.6982753219411606,5002.182544717911,0.00006450572707565204,0.05755664103498764,0.10494452774697549,2.067334328049471,1.1039666862417759,0.40609718280308976,1.308110021011354,50.32365362644905,0.019994524248386793,0.047584368861439914,0.0423003020558033,9.397047432047389e-7
55.23136916951486,-2.338526778726549,5012.816869650987,0.012594198110811458,0.04801989682885859,0.27826976707098316,0.8041471887445666,0.9863041881670893,1.376556557077894,1.9766848766361191,153.6798075499234,0.009012827816343777,0.0603198331971591,0.03267596519613484,0.000051233703746103156
48.22299463040731,-4.42610254137041,5408.027131031049,0.00003739789684642319,0.052688208044352036,0.27088689044900466,1.0272646885927217,1.5100066593104038,1.3119885709485686,1.092778282676641,194.73880630848697,0.00036956653370930184,0.04176684937656506,0.043243801996778866,0.00002859595759423295
48.5820571142631,-5.215528017513142,5672.623120617384,0.0011000564409190054,0.05209179855044639,0.09871503591453255,2.198049704581442,1.593281118549224,0.5771084446947815,0.9979556262595959,180.46045820104777,0.0001936642621494393,0.0011985271282361008,0.04167079657552559,0.000023733690767908752
52.39745488717614,3.782412904618166,5310.217928752025,0.008605255211191936,0.053861777505944695,0.0895556139034799,1.5603960386549316,0.6976586374322593,0.5622163136965964,2.355347034269487,27.142525403416894,0.01756518934865688,0.00488164259663242,0.03192434085146058,0.0030700471080712514
58.14721221848956,-4.299145109488793,5764.969178984561,0.0006807933864468998,0.045745175198116245,0.23780935568548742,2.0827497210531236,1.363562895389609,0.5952907078381016,0.8165243466607209,24.242233811265823,0.001204989929175356,0.0015681621474834628,0.04059599954972419,0.0001834167280892359
37.35010478200931,-1.426777377115009,6199.56897773482,0.014395155919697748,0.045760476564258794,0.1943679012511744,2.088559352243025,1.081566243044077,0.409276301496538,0.8187976935319908,1.0498278510534838,0.01707563530603525,0.09842071245012037,0.03887425431036831,0.00000165012904251423
57.36184655388264,-5.575287245011204,5280.974880905313,0.0035754342628759824,0.054192019346936716,0.06451686234705425,2.1825538033827305,1.7742545330272446,0.40045569791337854,1.9891974503917773,42.824625632477144,0.018762362008443636,0.0019458544574857514,0.04037788981077863,0.0000026955075663006734
49.36216194191822,4.161022597434393,5431.7197499140475,0.014266641457565647,0.03869266231407194,0.11397754659087045,1.0434613948699178,1.0995561324599814,1.3941959160487283,2.399499559564352,199.92171982432168,0.019555131588108367,0.021849069794781278,0.035266837573290515,0.0000026379514359915568
52.010344578728535,1.2161422054444877,5147.57227762936,0.0034141401449641674,0.05858610482849782,0.19992888769182432,1.7584131662462101,0.6032378198145536,1.3094176474073578,1.3707613099051703,198.50071821416424,0.01997070578500727,0.08761717840572746,0.04405237334945882,0.0000010852076368489514
61.74014564697355,11.8047965480187,6254.447003170349,0.012896863315038967,0.05975727817560534,0.21274031466738105,2.199428244376745,1.3878246959451594,0.4024700074278215,0.8236889469682327,104.92829754045789,0.002051844503955758,0.0013471198806483775,0.04368091938910746,4.820465467387673e-7
51.40839385463605,4.661450021972055,5170.088993025688,0.0004081452282848256,0.053104082518865475,0.291047830794358,2.1366780849680627,0.6657479794105325,0.9816012637737164,2.3812518617179865,40.54798473564328,0.019605958816208777,0.09502944094014343,0.02531246794890182,0.0000015206001829842672
45.63511233699262,7.199825812450701,5619.195896506231,0.012050454411027782,0.04348952357854359,0.02451609748027644,1.78493302773398,1.0568456016007775,1.3275068488965864,2.2641871154898254,189.07874340494112,0.01192141303484825,0.008719627587808488,0.04295225771697019,0.004697195444096577
45.988050388721874,-1.2770798890581059,5194.962423538278,0.00021642509837193954,0.041520566482763574,0.10751383240213624,1.2802569090162268,1.796226014943986,0.7602454839265579,2.2081766547854005,40.56239354209394,0.00011231309408201194,0.011347919581599825,0.03960570016475995,0.00010651931175493137
52.3402602442574,-0.21249178900109555,5381.811748331607,0.011755194086988809,0.05636593446787228,0.25492494848701946,1.130393699012602,1.4433368780155502,1.069671780999882,2.342247209908133,10.480448746329085,0.011849565280896784,0.0056287161188423,0.04255730165185563,0.003972701274331439
51.21401864480815,6.430601236687991,7100.635582164763,0.014691561127387811,0.05608675861871672,0.049268773921807604,1.6918509073644563,0.6125295564793045,1.2500895284214928,1.8766733363347206,46.156869546323406,0.0003436833507479764,0.0015100888653162383,0.040046765808458215,0.0005631178740793727
47.790170701663946,6.553820323054243,5092.06516267798,0.014999391146202001,0.03129310354231302,0.058427752207180425,2.151137877899175,1.0022277880077408,0.4015893150269565,0.8677453836424467,1.1051447998686432,0.018889702186735188,0.04651890649419833,0.03863253097503519,1.490361104979101e-7
53.58460846575973,-0.8088443791396056,5122.966551739311,0.011323488952014911,0.037881701779806834,0.2999481972174453,2.1585953778058133,1.0440496527201004,0.45408857186409596,2.057920129576499,144.3574715588538,0.018990137130113584,0.0023107257832628617,0.04328379110331206,0.00004289455722817933
59.534959405258064,-4.564240013190299,5150.756135277952,0.012229436647008726,0.055456683305814554,0.09240445209682349,1.829933579217287,1.7846283969865073,0.5291046265561838,1.154388549170346,100.71698727083206,0.000003855182291034353,0.07114063731612,0.04377508978206161,0.00003450140265701954
51.51074308078374,5.418016191222737,5708.823099043331,0.014925170643789593,0.02567452197684365,0.18909870468738954,1.4066890255253628,0.9339924241790052,0.4099049823230593,1.8104231379188211,198.97859451492158,0.006581714574168103,0.040377292375293826,0.04420380921258997,0.0002899293836932463
56.37271051970211,-4.332525672462201,5104.942608147269,0.01272651838111181,0.05423130694335504,0.21093197970585462,1.796470604514202,0.7221775050036505,0.4030998494103201,2.0427149677456704,151.2108889110803,0.00019225239201070896,0.0972681104653022,0.03884704519210953,0.0000029471541101652838
53.068300306925245,-3.8246112012641253,6113.561463312521,0.009074652123875043,0.048814760415569584,0.2801771215494518,1.040582194329789,0.6118239625180294,1.300290024119437,0.8259150519565854,24.808299481029422,0.019312843741121126,0.09977186661677331,0.04392362268054971,0.00000873794719188044
54.41969316248407,-2.3427104748342806,6137.453343476604,0.0104489003362346,0.05792968644294143,0.21377531711761777,1.3424340910773194,0.6024642147902353,1.3144368828158224,1.7388858736179538,191.79753018041401,0.01998915852844578,0.0025641929058756205,0.03782523652712032,0.00003380573089433063
36.96093727258811,-4.197118246398973,6265.2115274249345,0.01425258857474235,0.05728583278798531,0.06985359872759304,1.831237441879271,0.8819519190848086,0.4546755725703496,2.0611807320054782,185.84865544893458,0.013511359218707962,0.07301027532784209,0.042833444352134,0.00024367365219228607
46.156282193326604,9.053297030708332,5073.868070921337,0.013018855638194502,0.059907893919488205,0.08264889763513532,2.1730220298199003,1.1949628350601147,0.49979403296126146,1.46339418274743,6.864357942231143,0.005057434683123248,0.0015416848690646546,0.04238204669191481,0.00007519479336520194
56.510344532517855,-2.756576252857773,5878.84588655456,0.001294612157557957,0.05428657680690114,0.034705688405660406,1.1231669977697734,1.7178228047298774,1.0004750891667453,2.173007037974072,9.620557267412531,0.008852499175741916,0.07284117923261156,0.039304916219355716,0.0008519513224396766
45.16108160569601,2.953255957715406,6651.641028915227,0.0006271513148986693,0.05741143221472907,0.264038165130304,1.605788480235267,0.6044176229703065,0.4184788010306636,0.8548288876493616,8.215182136663692,0.0009718656246003667,0.08018337417906997,0.039283926513151435,0.0000018232310965809868
54.66198915127548,-4.107677951496295,5193.193348364778,0.010631447461041532,0.055183508688851406,0.25620264993782443,2.1756951873664745,0.7517910817573606,1.2046505973779666,2.3131654144114,196.34816279846453,0.001848650199809529,0.001166704908447226,0.03871283775129043,0.000019100184542216452
53.59261881461302,-2.8873175863853575,5032.301693508915,0.014789157906047696,0.057127584002943495,0.06300470550357008,0.966349145338596,1.2271427489954387,0.43274055327972394,1.6702473864797074,67.08596845194037,0.019290256720001887,0.09908064513178895,0.04035629239978614,0.000004984802421076798
39.55647911619767,-0.7093846997998288,5137.9212995486005,0.000537609405273442,0.05455584588550075,0.2652061760632005,1.7077718650489657,1.6459899113017609,1.3929670103389444,2.373779484549874,109.78729155413671,0.0004658006975293319,0.0016772671896205132,0.04338275837480636,0.000006737085512229812
57.36582296130882,-1.6285053376486118,5762.719101810422,0.0011433037637302759,0.04110048980355763,0.14670128251082376,2.133284814729479,1.276258024800276,1.2473196231791113,2.1097671822156085,66.38221029623861,0.004812722570883394,0.07982683806007781,0.04178622634170847,0.005291793521224963
60.39547590390706,5.605202452094426,5102.411328318574,0.0044724822064447995,0.0593225103883461,0.2685538749558485,2.179560742857829,1.391050555386987,0.6365982424287189,1.4330985839211086,13.124949088908622,0.007493217611089797,0.016999414699971196,0.04437876052782392,0.00010846546172466931
49.101771578775505,-4.384504305951032,6143.728630145262,0.0006962693823722987,0.05911037395752169,0.028292746627891302,1.1386691649541212,1.6260029129238474,0.4113782978637052,1.0925159819253962,73.37893330879612,0.0004794198097598231,0.01971211512653466,0.04087813883423562,0.0000258263431429838
55.440533289962104,-1.7751992750338221,5053.474173138789,0.0004414490358844055,0.04462974249761999,0.27930693500597387,1.7850009340076598,1.6594924859679576,0.4436896891906752,2.2402573398577355,154.19422072183656,0.0004664300890191482,0.08003294435514499,0.03735230252999295,0.00001951164762440807
46.16107370279411,-1.000517380511619,6391.50408277536,0.0003237449213782211,0.05590445123942126,0.25885526775588874,0.8790069324876584,0.8606841431759326,0.5314189535393594,2.1316862037555713,121.86916445080355,0.006516815191116567,0.030638582540715602,0.030815082529017383,0.003683313374842542
46.60287211749312,-3.2574062960530936,5036.513009964945,0.0007707316728510881,0.05625977188814387,0.2971541768894573,2.0822837954367492,1.2227858373948415,0.40335344115887617,2.341373333095245,195.90958162490665,0.019415704992003176,0.06452520347203285,0.03150156612219979,1.1092394130396712e-7
39.02286229493168,-1.4691858416317132,6382.49846087414,0.013547975850856358,0.055490306282658775,0.299543530919334,1.5881107504234646,1.4956196395821353,0.4636218664962334,2.016216623018278,169.0573437770683,0.0013942139109803288,0.001337533038591555,0.03896809412713966,0.00014490814610263123
53.94750237287728,-1.4169436296978795,5647.678233999401,0.0005844667503187696,0.05977923740404502,0.09329120698697053,1.055748870754777,1.191156081825184,1.00327576439366,1.9021445353544106,0.3672218893045572,0.015130774096642352,0.04666212762329446,0.03696967786884563,0.0002866184344018912
58.630226498223124,16.922594385702826,5021.656388949188,0.0005383430293818122,0.059779941983482195,0.2951375857800891,2.168106562241136,1.1718679308537339,0.6449601400666638,1.4505377303608795,0.6260879045180049,0.003227230978754138,0.00859437441555678,0.04324548654687863,0.000002072436245012081
58.768983504176745,11.950017055449099,5556.959220702637,0.00040108614001133585,0.055616713068186864,0.21079462967199097,2.191389718208898,0.7785473034362359,0.7626122541838963,1.0425930474514722,199.42614849987766,0.00012257727083846148,0.04531009975734079,0.030274150111059515,7.628455936789904e-7
39.117666834411985,-9.311405888526949,6687.254249472443,0.01231807367929995,0.043324318891772094,0.2984158708574562,1.486796030313112,1.75899470479709,0.40147324657028394,1.0216904370613475,197.5575444004127,0.00004317089118778985,0.07255672113435163,0.042337544348633675,0.0000013120834115873845
48.08993139090789,-6.080774467507531,5072.689054744429,0.0006515967471489393,0.059882885950369474,0.1624142400310989,2.19350079693472,1.3488906943863606,1.3857970618605961,2.1693248233611797,2.248300078250793,0.019934462728114454,0.05766738104641497,0.04136452616097783,6.193107780822433e-8
51.696435129228206,8.935253596151107,5446.212249876499,0.0005036777830525149,0.05828975959602043,0.2538502852170224,2.0614036775458953,0.6761893196400162,0.4144373659741028,1.9008807239015861,66.4305809642723,0.00038718783793991244,0.006433251249810047,0.024546238794793646,0.00003578806716911357
44.04671120184094,6.767468234238063,5380.076266200857,0.008316252176461068,0.05820728356461131,0.17422655102422377,2.1874953167961495,0.7073558422910673,1.30076012398508,2.1888941429190014,0.23880139196254171,0.004024351405519231,0.007697287311757564,0.031903508354777566,0.00006025532977278788
45.72302611956693,12.28971864166698,5691.509833332573,0.013173701522910027,0.05198742640858092,0.28974158618218215,1.891006068542934,0.9778265422875123,0.4477763059934279,0.8307755334592009,0.4585970736891835,0.0034191692197265613,0.0025753942177696313,0.03868235079743608,0.00009468707412544708
55.707765782777045,7.854403868587486,5585.825487459802,0.0040252755602521485,0.03716180248224079,0.29832698783755446,2.182796453283415,1.4753153144244142,0.7200919959805614,0.8010883135835175,160.73472325282577,0.01891908918375534,0.03682999192987253,0.04419676299270222,0.000026435043298993958
53.51184822535044,-4.30350667271438,5075.887291525224,0.009726424404841637,0.048964370715783884,0.13914959932553334,1.9734573080934044,0.8435200050138741,1.397650171861161,0.9266687330109791,75.33629356398059,0.0077559691248123225,0.0010819657994639862,0.04417391098071343,0.00018321370201582573
41.701746363947414,2.233217729979586,5537.607909316548,0.01202936853831095,0.05881377342093942,0.27832396199605625,2.1908109655070493,0.6246587987901696,1.0978349879292555,1.1342742395450456,11.433176487799765,0.00033939682085188104,0.0010121284783284677,0.04369475463516666,0.000001785544280599705
51.32050887279543,-5.625899143451985,5658.957798424414,0.013460325601789318,0.0442320851070594,0.13059234249103144,1.8999825392956458,1.7954093605891135,0.4496110842364551,1.9589112469668095,0.18274796106666222,0.016868239197661138,0.0014182411986959863,0.03666943250762829,0.000055923907992264025
57.40822483321925,-6.346557752218075,5027.706915560885,0.014715340350767846,0.024000288697306613,0.2998057876667555,2.1992959161327064,1.7778650820204924,1.3885338609298155,2.384128056239259,2.2863339900114785,0.018566290378475153,0.047401218626428404,0.043478486353439184,1.0545127311938111e-9
52.12513271168289,-2.1643254701065207,5043.266306810017,0.00682099334448971,0.05861482464008933,0.09396703685669332,0.8132354468146211,1.2360610477687302,0.6719509337024925,1.5620009918230466,42.264462617991754,0.00824252724375169,0.017214889530448887,0.038647212815702665,0.0018968859079723645
43.01525683786561,3.8395015870312736,5167.212741542817,0.006561434511508252,0.04661687371477441,0.13186455814050596,1.83800190242893,0.6321016822673196,0.4333792511897242,1.761850747053232,188.67596200111996,0.019850854538109815,0.09888377439940185,0.04163821268181726,0.000012584519424294865
51.63417040387227,-0.8190038111853735,5416.451711931213,0.005052696041506777,0.05501749954724342,0.29797435847691056,1.0585900413082645,0.9784290163583784,0.5944257487947888,0.9586546633056516,67.43418149120421,0.00027422438301891123,0.06535863727912015,0.03407868369498831,0.000286646757002511
48.662171187568674,-4.476040643301279,5652.469708211007,0.010919562369305746,0.03227956332175033,0.2998886423853832,0.8119457210460607,1.7059509081946862,1.2634517495234496,0.8806638068133894,5.747821491878214,0.0017606484733101461,0.09689243478337731,0.04369126699521647,0.0000035211727361743313
40.06541160324924,4.3227588463686395,5061.2822754528615,0.011950095151461072,0.05986645637147584,0.1376791149088619,1.7404186146987997,0.7662376239299109,0.643167498927388,2.3519942547832766,26.60381916412981,0.007530156745955882,0.07562432360308542,0.039932710466371174,0.000146658002623843
51.63442662641013,1.7841405071651533,5694.463100549215,0.0030412648709306368,0.048952134981315065,0.21477076479329815,2.016885790121588,1.022564898098202,1.398607940207041,0.8270454441283487,196.5229292969929,0.015640002178212743,0.0011372194470580998,0.04004994029348638,0.000019720180427304036
52.49983462326125,10.680679696724606,5448.609529076288,0.014950175293997284,0.04984019254333052,0.02607914027436941,2.169018035918544,0.6055562490205961,0.40506405608358065,0.9445862945440947,99.83108405638502,0.018047169481116506,0.0993203653837632,0.035489023167065134,8.60534515925549e-8
45.29142172812071,1.18890260378787,5024.924094085055,0.014263810041529608,0.053891947740061466,0.2959660187644261,2.1032990337314352,1.0487662054695976,0.4079251858846535,1.0008947615523904,182.84474676214765,0.00027847059595402464,0.0011478681571414527,0.038295826970837714,6.441157469569356e-7
47.8371530023116,-0.6953509291856044,5035.230510921373,0.013601777715071718,0.04035149471187181,0.2398810984391201,2.111352219202052,1.6297153498283143,1.016709635327588,1.0222282948362504,186.95342633728694,0.00522734004967816,0.0010228830350654523,0.037490350034917574,0.0003266063488439215
52.953857912581185,-3.0123276875327374,5129.995264527254,0.012801565534979298,0.032658638685825345,0.06212768002993242,2.1864341261246887,1.6379689101739752,0.4064368693956706,2.398053149455371,195.46998573574578,0.019993474637121963,0.014742162671459903,0.04407424369525122,4.6477848016261046e-8
47.1219419148974,-5.51317843256301,5065.107778205286,0.004553075712877019,0.05276876813559851,0.2857284762380377,0.8006661632204481,1.3901322626774877,0.5191953908596054,1.7357027710556139,14.033613224528255,0.01901530153487876,0.06376611474586859,0.041174713357126844,0.000036589556152515064
57.58590055025217,-4.991688386947596,5455.434735490988,0.007705365478049933,0.05198830793007277,0.2408108553131488,1.8841118391895448,0.8807794195494838,0.6729269835028616,2.3927190457834335,197.98953985739362,0.004715494239768175,0.003884274688975822,0.03923812994010444,0.0004952332380400493
44.424246814866876,1.2535806497575592,5918.123407015806,0.0006413151146054049,0.04647047540834786,0.06870079416394156,1.9550901829537988,0.8456183447297853,0.47252194091741584,0.8056752935339815,152.3966304252823,0.0009170773457943228,0.04060619843039805,0.04204375816190195,0.00036619800617806227
40.281226767268194,4.089904472204434,6147.732175682529,0.013209328420535491,0.054358493235439585,0.26227898528158033,1.4803810482906616,0.9557909751916202,1.3437102991026593,2.338294012474381,170.87370351004895,0.0007699224947844454,0.0010229930313171453,0.03527694709390024,0.00017745028498061788
52.07754728966269,-4.95441342800167,5463.428647729434,0.012649989734298817,0.04220096462538363,0.29903952230671726,2.017182317076826,1.7801718213271789,0.8305377470860776,2.333733555284806,179.90201261275163,0.00019782652293190003,0.001119716535050535,0.033295469221398706,0.0000029663321442746153
48.217224866985106,2.0104906949180688,5270.276897163119,0.00047073001790721725,0.04802647570596001,0.027131152397298856,0.952392165655369,0.7172014139831022,1.3110790925403981,2.38440314996586,178.9553271449569,0.0007737081402056634,0.08958591117442682,0.04363666840577708,0.00000339038892724834
43.31479579573572,3.2910879046671457,5218.770935854576,0.0030135872135728385,0.051469083471927586,0.28251801049696035,2.1319664060940315,1.7814962861647232,0.9594832763080271,1.1776979328616877,165.56458309048068,0.017310949592090265,0.0030114275822186337,0.044045994519325476,0.0013252147203332608
48.25556728773637,6.872721470715767,5000.985314012386,0.011332719952902703,0.051402410331586566,0.2810337944918262,1.9825458467814663,0.6342069494989794,0.8261168576308062,2.3802375901690302,199.2751124964938,0.006172794922201858,0.006149439204303293,0.025819087491564283,0.0001480038807469
45.478494730610144,0.26066318216583007,5171.904173809611,0.011103537687419928,0.051327701510564025,0.025448053352201842,2.190820952260893,1.4026721495876981,0.6409847828398648,2.247264132305322,199.14936579934513,0.008158017058955335,0.09540371176425318,0.03892408977280249,0.000005446228378150718
53.36636695444061,-4.8037436881413145,5888.205150418026,0.014001264827341242,0.05965633795059412,0.03003375801599701,0.9933959956799117,1.789291362639541,0.6257723157945609,1.9782834799357996,198.71100513983365,0.010248277676931988,0.0025448693357439027,0.03564697035935021,0.00007803486014528453
49.48227817713524,-1.7783197131191564,5094.518013477007,0.014583929976113706,0.059759807761384835,0.22632856616366384,0.9662733107898781,1.4010175252304564,0.43717707553914803,1.721112219667282,193.96279054285486,0.0001770666882666349,0.003624650788887229,0.03770956795492245,0.000010262899705124525
50.95999157640982,-5.115007665145,5528.118595977367,0.014275877253823456,0.04750088955360225,0.047782920894483744,1.346284665463069,1.7908431989979778,1.3793073761119614,2.366029157196331,17.82037743679966,0.011142686459430413,0.001420445055939068,0.037974667406296285,0.00004980614273869873
54.69074706931676,8.609214300101183,5014.999662672957,0.004705617860750436,0.05420415945473884,0.06748699791107983,1.9846482188179688,0.7228891854672537,0.41092917884140095,2.385670132371686,18.9309713396612,0.0032700736729431397,0.06698312118310869,0.0435208945502367,0.000019214307936308017
54.80612403622718,-1.3440982117270224,5083.623081527649,0.014019644741499146,0.0530907960954092,0.1097362554692644,2.1716370379559446,1.3754457197358263,1.350872603479083,0.8016704036199529,177.62864913247697,0.0015836402652659595,0.0010063441367492226,0.04066147067438219,0.000002551184481862869
45.04809601667938,1.928638278360145,6289.50337333661,0.0022725876768196923,0.039550594115211835,0.15565474161992596,1.128402843981612,0.9242267865660871,1.2613410539824461,2.144682681599622,104.31742296054061,0.0022990659004294336,0.006103043005733128,0.04279340087168519,0.12949017794163015
49.4027655866586,-3.678260276048843,5587.263325361642,0.007691415685925094,0.05958702123546388,0.12091451312899135,2.1473350839966523,0.8510866412005382,0.450417579562012,2.390487804954149,190.55137868573,0.005660819794403781,0.09628414806817322,0.033413728125787585,0.000006398754026662713
45.406874997727186,-1.330148078155931,6409.361882433127,0.014865790103864678,0.03778906661797447,0.29712428583955164,2.001815817305162,0.6447357868751541,0.40737694142849357,0.9022807786492626,184.53171396315125,0.012561184454926029,0.09868652308906899,0.04163675119826126,8.595016677093054e-7
43.01336738211773,-2.444906781038145,5400.839619560333,0.0006621792817146893,0.04913838953799505,0.059179396955766086,2.0323057024359414,1.796222520192483,0.4010998988136217,1.6741659674460043,40.69897681797216,0.01102171906809698,0.0656095884027247,0.039227915625080996,0.000018531185820672464
38.55232427028309,-2.1797652309994167,6191.061450035394,0.00031117083370198786,0.05050328762060906,0.17526814434650678,2.0724574346625184,0.7766926626258457,0.7021946014490734,2.399310099283216,184.4999972393876,0.00037521733082872114,0.06973662417043812,0.041260000165113955,0.000013989716840836765
50.6450559916542,4.039026118895334,5210.378215374568,0.014823098497023894,0.02423160413956063,0.27091003593059937,2.129180462314002,0.7483324343836584,0.43775173383220367,1.632039268829503,174.11356145929128,0.013359999119253823,0.099513688291237,0.03898880324698174,0.00001549714337108108
55.547345948809316,-2.955420664790905,5344.160036794037,0.014387853518045026,0.04447481897344484,0.17131060179445587,2.145033711912015,1.0773463302482689,1.3423172411065318,2.3974169503463867,84.83104881358075,0.0017976744000263761,0.09286997186728473,0.04254991316176473,0.00002344388155920972
52.75043980754069,6.740826485005741,5708.978460626797,0.005649591298322627,0.04690797900246285,0.07047947103893681,2.1354376901097734,1.4618293541984961,1.3861987054521077,1.5810907833689973,197.32169768577853,0.010400503168105552,0.0022915841503773184,0.036064262427988096,0.0012238474867535046
51.053692751615074,6.480691294292971,6917.156915531159,0.004137398176382713,0.040281978863931665,0.036501807196929414,2.0231223530955,0.7640987627106784,0.6573153548506847,1.7179760273633287,199.72630839390894,0.015270166719574128,0.0014372120984291286,0.04340580617155567,0.0016757565859012162
58.273233720801294,-3.5188740865725316,5065.636655701317,0.0141846168039295,0.05404369485564536,0.29685628493023225,2.1930944218562627,0.9995395894459447,1.3999457911683009,0.8669101080233652,2.9866095488647657,0.00906267028353404,0.002655789041743932,0.03955244753138611,3.186042795599361e-8
56.70308289438754,12.980163373948901,5420.376930787494,0.014740271948010326,0.05461118003126877,0.29990243271243344,2.1836342708672865,1.2027757944054631,0.4157574066013965,1.0206348881480232,10.130307131893604,0.00803873920993135,0.0012563957600843433,0.03592222216946102,0.0000010209318120087975
58.93268706465669,-1.7011377000652068,6029.393184287384,0.012082641539154042,0.04973434665120207,0.29617290168764365,1.1292189128293169,1.4851258518214865,1.389636366037978,0.8325148066906741,58.969924315306756,0.018387957315948732,0.002694849663368535,0.03665428354454875,0.00023224918337759077
44.235601027488805,3.3745131136246282,6539.514940584763,0.0023743607662151892,0.05748354075395341,0.020019049255892197,2.1943800147957813,0.6299315177376972,1.0413650282364073,2.3967277033807495,197.11002731239594,0.01840455415733154,0.0010501416594900725,0.040661741828101436,1.688723816836158e-8
55.42639196986214,-2.1464604466052872,5030.902710057094,0.001499409323696179,0.05998834249810072,0.29404751747016095,2.1862209159261186,0.7571783187370352,0.4066455308859083,2.3844541589166752,0.17915761370432384,0.002602196623435144,0.001413137027423769,0.03632769512003597,3.7180583811637944e-9
41.28430701608542,4.2464114222172995,5065.087544446265,0.014999890508704844,0.05503729761407126,0.122609383571725,1.609128995259212,1.5147293499979182,0.401322179951014,2.0432759679378636,195.82195974682315,0.002584016346075898,0.06656011636337782,0.0364541665149598,8.175323931297696e-7
47.03357023076346,-4.327195890761696,6229.278418797515,0.01498451680748747,0.052434068285612034,0.2644138085069946,0.8385084933394588,0.6001165373581231,1.2860776539621583,2.394835881281015,14.319803590430919,0.00531377886102951,0.04848505196633249,0.03579623962214575,0.000002301607318974023
48.22595465782976,-2.8265335639573284,5245.351477367729,0.0006393903929271964,0.050175455386415,0.2992049069842902,1.4161291037288755,1.6317099329102152,0.6801545817166745,1.447619112082323,199.5836877262757,0.007094697170794115,0.0477816949393143,0.039333602815410935,0.00005579711231223453
48.165210728073106,-6.392005217128741,5382.532930871979,0.00917876339452548,0.057832694681673034,0.2954152223962741,2.1066612382826397,0.9272426076973799,0.4020117209034129,2.251969597886638,150.6063845211446,0.019997700141647173,0.016598953178458987,0.03219780642451548,0.0000014621101068477256
56.65291735043384,-5.8529449362823085,5938.921075000012,0.00359540006585701,0.055974864596726376,0.1173617638897682,1.0612093677712973,1.779106676324648,0.41148458332740956,2.3743269268860514,194.56761125933627,0.018149841387299123,0.006056668080307019,0.0329128942701185,0.00005674579888131249
58.34465813604989,-1.4976157869952544,5033.59033154989,0.014114955901272359,0.05587373590802747,0.2921090214533096,1.5139327910075355,1.5452297732857918,1.3112250077199112,1.6415976503967258,50.46166055504373,0.0054961190607436565,0.06675397658434923,0.04315286601094209,0.00015553973455259123
49.86127962218078,0.7633486113288992,5980.78388414163,0.0027200491051715013,0.05995274142746607,0.17631283358428154,1.3091689729969263,0.6412917528450401,1.3824233807281991,1.1444299667738362,199.90191719274662,0.01978454708576439,0.0011174829140999471,0.044107477867710215,6.298786329408553e-7
39.3215352382821,-6.6843597578307605,6753.710650200709,0.014439067609711389,0.03886659942122,0.29714746036298145,1.2185987791227455,1.104159041506994,0.5658650528189533,2.3727319415593477,19.796464169890772,0.0029840075876545096,0.09014818207490008,0.04132688313561047,0.00013409765593773348
51.895241905933055,-5.076198590091328,5089.357953908615,0.0017990649477308074,0.05890963580647476,0.1199044157150178,2.197654547859414,1.3033463696416419,0.8676893178689427,2.3949331480134233,198.66048588476735,0.00027047313859789377,0.021327137074062922,0.041343282698987766,3.1638252522009254e-7
56.55272969246181,-3.869171885812306,5470.342897187253,0.0015359302950628268,0.039021964485007214,0.24868068668147453,1.9360873915644288,1.558558457480356,0.8613790738132843,2.154043124881584,156.3518025706454,0.019974553567519888,0.008146653451508518,0.04100747347832369,0.0015551820538665122
39.65055032951735,3.4534371149623695,5430.535366980907,0.014873518290974656,0.05993734525793701,0.28839987954305335,2.194356112922123,1.5157480348555867,0.4813758561724316,0.8716410175531779,108.04377171178842,0.011437731926442136,0.01315625970553156,0.03931478887631189,0.000007527672203535908
48.20408099756689,-0.8862542200960046,5553.062256277126,0.0027614288870174766,0.05531179872798242,0.10232235539715989,0.8000512604627307,0.9392931277894725,0.4018726632310355,1.052905686650317,5.312844837562282,0.0037724410326531416,0.06602171449678086,0.034731885464375056,0.0000055548261437719556
42.9818152645733,-5.071192088849624,6209.958352911963,0.013898572931601762,0.034234789870405014,0.22817759392664425,2.199426011350039,1.7977403051531309,0.40264854701167974,1.9338015249807388,9.784611120633445,0.018758444139866624,0.09468978085964658,0.03990946080339997,7.60093157234541e-7
59.12100719060374,-4.330272450057575,5371.59096664443,0.010629583795784771,0.0473136801117897,0.12541874655572682,1.5937353867662367,0.8877466662674515,0.45607777201745964,0.8351770540996402,192.65802465159962,0.00192772358129534,0.02913109480512809,0.04429602351953677,0.0006255151388340343
53.30646112362054,13.543541642611782,5258.01778050126,0.001925609512624471,0.05930663249718439,0.29664838649450176,2.1973576444855434,0.6024112996789542,0.462371354975815,1.2437775633008066,184.03036110446715,0.0007938788957822368,0.05019073309823509,0.029863649262108626,4.668420801276701e-8
42.447333103213566,-1.8228809692913615,6610.041886158011,0.00014347495390922146,0.05904264268813297,0.2925702045480165,2.1482868352975695,0.9328020348804644,0.544949165576359,0.8371506365044222,177.02656453211802,0.001148022406040497,0.002392990352706276,0.040202737223740403,0.000005526071779888842
47.00550180217389,2.3981434797746477,5087.873403004503,0.0001190815689709388,0.03858611275497347,0.2292914332894279,2.145020052628589,1.0954305828117148,1.25642674583643,2.3072675265488822,174.74124897898187,0.017948730124221993,0.05339890383382109,0.03204406423375766,0.0001425689809963479
52.11936654502402,-3.4316627049272377,5249.265640806823,0.0004941430088423508,0.05940172988218731,0.2586482405408996,1.2659934200389276,1.5351718622686072,0.5066719560694267,1.157865175674356,58.042702297772976,0.006526732175012971,0.09814643641263329,0.040670898961975954,0.00009187735042912384
39.64703048720146,-2.3864835831168945,5944.332157481196,0.009904156037614529,0.05746508766516595,0.10885417819010555,2.1839657745078247,1.2547946920352375,1.068287718167935,1.171609400303003,90.14492833273258,0.017757835180218652,0.0011802151881526288,0.043617272010287804,0.0028876709301539952
52.41090610123864,12.13913330415265,5351.122327883099,0.0003137280626430207,0.05400853784935126,0.18084165769785343,2.0345049175678325,1.0525234109974835,0.4535725894736292,0.8583734835238166,17.80984844143899,0.010225128707052545,0.0068465287925397285,0.04137725325745964,0.0004671289334895218
47.856446052346165,-5.29639028356036,5458.505576206832,0.01480820318414115,0.047218889998656234,0.08583257382844361,0.8223729255076663,1.3987023165597254,0.5644870879570665,2.3885267754003454,160.02337118380555,0.019856191687722503,0.03925512232294714,0.04022215927564049,0.000015977424917810918
51.37244949080424,5.347501009419888,5290.4801534053395,0.0036026327621160132,0.05922995494701688,0.04039780979262422,0.8000509613582033,0.6114106263899125,0.7970848817273009,1.8211957201267674,197.4399119058566,0.019394343577111787,0.08167728777769026,0.038889715488406716,5.645367101063707e-7
52.74138323915517,0.03303375164828459,5073.572823063312,0.0001107537726373701,0.04716204172076403,0.08052151406815755,2.0091522149423513,1.6783286611400312,0.5933563620183215,0.9188389059177456,133.64462581917547,0.0195300831797805,0.014341926772947015,0.040888732796681634,0.00010260062419068128
47.11797325627346,10.044437144441606,6106.446050556584,0.011003042515540455,0.05794705612952668,0.026527874063850432,2.1816912475401153,0.6178014300299501,0.4491462754247875,1.0186528250900146,199.9224341764023,0.005244851909099874,0.02279824839142471,0.03334975720702616,0.000001099856442933989
47.80453380898679,12.356999105548276,5543.77536438458,0.00009197327502869063,0.05888627881510152,0.0549442759670109,2.1597064724322124,0.6292195192194774,0.4075753987426291,0.8188670522218711,28.44577599085017,0.000045889009411831504,0.08312851428085352,0.037369056735618744,6.403043721670542e-9
46.71740393418919,-0.9139147930513065,5085.837989520417,0.0009130419977096188,0.05611989919780353,0.29891638300486956,2.1881518208790594,0.992517673661566,0.4464647345459957,2.3720601398344616,35.93714946420743,0.00015461004689477627,0.06923504928671832,0.03129064809472898,1.3824748691916423e-7
41.419355848314005,14.28995365665886,5772.1280415054935,0.008610868260138363,0.05874136343202502,0.1489615408143722,2.19985813278951,1.136379278834709,0.6636996572084087,1.4271062027960029,3.7448300818314504,0.01622357537233462,0.0015306712052061396,0.04247193375712394,0.0002609233977767906
46.99930100910936,-3.1247009684613785,6866.932395398503,0.009086352176699399,0.049047382678297495,0.26855212294757796,0.8557753699571621,0.656680539826878,0.40017371477514374,2.032915498344179,144.3674119524441,0.007487525352172559,0.0857664777083903,0.020395538304843402,0.00005974955395161802
55.49936531955525,-4.131154169456517,5425.49263455618,0.014860377677731788,0.035171784190983525,0.19105061197294926,1.7026922519596357,1.309770764620944,0.4191812726298715,1.1841562232427123,177.16621882815127,0.007477822989469287,0.004178283560147804,0.04373217894907113,0.0023172725461666527
51.664761365446964,-4.344343770276782,5004.081734894847,0.00053033561727789,0.05531161023008824,0.14449274041013155,1.1818846058065962,1.7893857375272826,0.43122183713483553,0.8501523007463399,154.01418634687204,0.001725569209256759,0.020770083019804562,0.03484159775637787,0.00000813059807735779
38.643434670577065,-0.9524382086577745,6329.316296053638,0.013119954704370584,0.05930440679785053,0.1815864035331179,2.161216919758216,0.6569078505543031,0.43227246608121306,0.8176026184996986,188.13263049264268,0.00001804622381194054,0.04382315191356357,0.04177485612652859,5.840363865484518e-7
51.511165280536744,-4.220713436687276,5165.036086320059,0.0045744197489327254,0.058106338092510826,0.22106690378389976,1.4864081903166388,0.6940511422670887,0.5431139593050869,1.2190248018146694,67.2779001579979,0.018743670300167627,0.08526168579393331,0.04230868261188482,0.00045476739487546004
50.50633740697339,0.6309317227372269,5259.439710455116,0.00020461567138873216,0.046541908788246523,0.025201290915360133,2.029247879858883,1.442816422344456,1.3274372325943409,0.8264637537330163,169.18764901994706,0.004250887591195256,0.033448451931688716,0.04343383191036541,0.0000887023822041587
53.23686897101307,-5.676754945438007,5609.102777854956,0.0019151943969821193,0.05647303859445701,0.02431708748927116,2.0017400964483816,1.7930963980148085,0.5829794071368396,1.7154550688293095,6.773485583915018,0.00001296908269392002,0.0010919104955057204,0.042569467232528656,4.4072355119616733e-7
42.274941816091534,-3.7807365222783105,5208.330634503913,0.014857605228226147,0.05779455740258321,0.05323497800055453,2.1932731917129606,1.795557473035371,0.4009815293687172,0.8984333660820715,199.99598378470432,0.002437637168161772,0.08498386581590009,0.04167741435413976,6.903433695612193e-10
58.410513767013896,-2.6254140561992267,5309.193009426179,0.0006433228699941868,0.05109958979886721,0.27360253339464446,0.9712291877196447,1.5355370003591036,0.9015210816527566,0.8094225297303357,199.9631854763538,0.01989977621455782,0.08952240711871425,0.03860765792380661,2.8744148373754633e-7
51.03617730091567,3.6836888811293846,5644.082298271457,0.00018326163405869307,0.059260033693561094,0.07205112101863059,2.1853410541272495,0.6705071478817517,0.47468332875951813,2.225889170602122,131.7195338159181,0.018234114554986493,0.007031966459675303,0.03201066847468896,0.000023181073140024518
57.117254469490476,-1.528329702195876,5477.692409937204,0.014994891265336926,0.05403465196309546,0.27048405517950813,2.185751111601892,0.6198431352037882,1.351627271899591,2.3796563092471708,104.82414011650789,0.0016349778763970874,0.09250036117077329,0.041175436748358815,9.431296118636194e-8
53.2585942865408,10.685249831281237,5797.9118643669735,0.005545455187244979,0.05039612606116137,0.23993625699078924,2.013873647027231,0.9590814863672896,0.48198689350316737,0.893506458429896,199.69545210141447,0.0066372175626766144,0.002026950916140468,0.04195162093695394,0.0004494078830404074
45.21551434536232,7.890237020047465,6136.275896697012,0.006646853424968614,0.050266003244956205,0.2995482877779505,2.19873412144591,0.6697053320238314,0.40213367946898754,1.2497441791062371,83.00540828640916,0.019321507439603418,0.006979382637530927,0.03435437419436315,0.0000013689182358132676
52.085300436540976,9.476107850669809,6501.377448874349,0.005513983581023404,0.030058824118744092,0.05809483455777578,2.1852097735252376,0.700747407952362,1.1730414122009405,2.356212730196412,198.68093236994255,0.019943373535970213,0.07076280906126417,0.03482017357077598,0.00001467805678999996
45.51301872904493,6.647182082878157,5202.900051362897,0.014992387857162134,0.0594837777420432,0.16854707213344294,0.8927349881013575,0.7792910765234189,0.8244890837053473,1.0085396347576678,155.2224244070402,0.019999978248066968,0.012296707137785868,0.042498753143069855,0.0000026809311971016664
58.53817769705765,7.1030111646152285,5030.048618584652,0.0023654418775845,0.05535580520454026,0.25160957388084,2.1967439971920046,0.6520368731213628,0.5159909683021148,1.812079397135625,166.98670301787934,0.00968791818166995,0.08151064476269204,0.04263206864900058,0.00001645187684007565
52.968143905616785,0.9770316463578403,5041.023801042667,0.01330678492374276,0.02962069051407774,0.11675519585191017,2.179108517650246,0.6443014160110134,1.3975632792842272,2.3846532243279848,25.50661511404074,0.01790885986519994,0.06627621488889818,0.04390192254245162,0.000002266889317783577
57.23311268813417,-2.3654999374525527,5180.091946593058,0.012387408401213199,0.058962418935565405,0.2980731243269002,1.3447854488115183,1.789576568756598,1.3600147691379587,1.9538537535135545,7.792815402743479,0.007408505422439502,0.0018939269037018575,0.03377507116734197,0.000010845504326609461
53.413235442152256,0.35323292568658893,5038.894526804166,0.012607113140241424,0.055229079167313844,0.2868804967287921,0.995933374077778,1.6248294238279635,1.065843884264364,0.8270107255549668,48.377902379095964,0.017412152171042805,0.0016144257964245971,0.04011031356813663,0.00017995277536107804
56.580594953631405,-4.53218962077828,5231.508720297242,0.010669794084115619,0.05692106362159592,0.07610615739256052,1.8748573083932663,1.2083335243732478,1.0295310824166681,0.8711728479454746,195.48511961685315,0.0037448341433291015,0.001968492482838684,0.0416163165131411,0.0007492230670469586
61.63182529122799,6.703779610873887,6097.359390341733,0.014845588792497089,0.043337950864486406,0.2049375262570273,2.1874463458783717,0.6679614179127596,0.8576174410249471,1.4931406300702355,180.26228941992647,0.011888101231771255,0.09215254323335846,0.0410220050924873,0.00008133829207905883
47.30064567016416,7.988989937149466,6459.491308984639,0.01479358007228402,0.037358993299208526,0.2939621835444455,1.861578100365633,0.6820036937646919,0.764691128176329,2.272571735507041,139.50935041170055,0.015160865799703405,0.005391578166267329,0.022877241342371724,0.004466609531363437
52.49205105506209,-5.306443028125136,5153.058581094355,0.00036416788610716647,0.05858707680094042,0.04479258796738063,1.5694039554966928,1.5675748957576823,1.3825895821302137,1.6163988465691481,84.63284401671876,0.01857128882028246,0.0010755891927300859,0.04427144581765591,0.00002407257672667475
47.35485938117316,-5.006732984503433,6176.999653658455,0.012355664632408059,0.05878293284457162,0.29484389433790115,1.2202433680826426,0.6136460155142905,1.3804474692982376,2.395756635927625,74.41805940649196,0.018638493221256793,0.007182089850798932,0.03376219304262948,0.00001618262900431674
49.47431856764536,3.2240008643179348,5332.7155438360005,0.014816190801632743,0.047715051080881546,0.2977181965635443,0.8693542400937168,0.8417120096078816,0.43264295904013483,1.4256174049690733,165.50025154708462,0.0006199446706730466,0.014915573570767875,0.03132729721205151,0.00003355006680755651
52.77101876014888,-5.958194159253957,5265.5941452624875,0.013696508906265495,0.05045643122889247,0.03945919759656208,2.1807988642148155,1.545044242117266,1.3837496522690402,1.8472319289628143,175.3312395407006,0.005413404875574711,0.0010622768096906412,0.04112631160711462,0.00004373483610611298
36.659751650521265,-8.460840392244416,7166.7923359100005,0.014920695772233913,0.04291212572098347,0.17022188281444128,2.197926831323114,1.4109343480727006,0.4588183329369361,2.2453439662246546,86.58080023009951,0.00021640343997053323,0.09496711192195484,0.04064170483895647,0.000006483679349948484
45.4797101749417,1.2992272124724522,5482.863721167459,0.005999430474473992,0.054252165921016275,0.27086038527773365,1.8506774615998725,1.3437693370658716,1.3883469864711948,0.9693345250099996,193.57380033049495,0.019991799481176253,0.0010507283155203996,0.04195434490357598,0.0000040183647571426966
41.26791735940053,-2.413042428670252,5694.439471376379,0.01483754810714476,0.05242551990938614,0.2984166707450615,1.7120108150245505,1.77132026708632,0.4561212666834598,1.808761862615722,197.53704425308334,0.005909411110101856,0.002280441842572307,0.03868021502881747,0.000022584419231264615
40.61066110820967,0.548708220366235,5270.098090256943,0.014958443813848922,0.04106503419099061,0.11891339185945385,2.192739497917267,0.9837833171804713,0.5958669097885172,2.1975661723639597,97.74883172208607,0.006108413598065279,0.0990024950395334,0.04079887691203494,0.00002208457742463441
47.917512735275494,8.351642408945562,5090.128155793361,0.013129958194361229,0.059831533613968556,0.021458143790010088,2.0086718652674236,0.6127345019806002,0.43735103496023825,1.0350864838824259,188.02679714151301,0.01913587679287321,0.09094060079492933,0.037903548921594324,5.7469999891545204e-8
51.492546377682714,-0.28320968480103126,5044.223221761423,0.014914986126093762,0.04701414741428253,0.0200099943194887,0.8426479704445531,1.3038787012788338,0.4030779000846339,0.8045018208797383,22.634127341881598,0.018241266887815046,0.058944070617835465,0.04052815446233155,8.179876030960974e-8
52.440113242235974,12.58116578256005,5280.024501241164,0.003162021059427442,0.0593240602574898,0.16217341893166706,2.0958090071569084,0.7125518329617562,0.8474642776390273,0.8476267276072065,41.37217435661869,0.01982057393512618,0.09878738718619656,0.03738529866756118,0.00000900284321302321
50.26745139349675,0.9172901144981829,5249.119011743838,0.0015215738156147158,0.056417377424603586,0.020356279614618594,1.852288480056158,0.6811011612107524,1.3988830520406004,2.376943507112202,145.9540444251737,0.016980300928841504,0.029883928334815405,0.042143448348258485,0.0000014539246781579614
52.02872608004005,0.9956566270821323,5161.622607571879,0.008959409080422564,0.05855005237850594,0.28397576899359595,1.0222013165402717,1.4917435180335783,1.3980212449686387,2.3137829202369202,194.47692359190506,0.01832012570049022,0.001330179783523446,0.035057772124792344,0.0000040160103095919805
51.33524542369092,-0.6638725931641574,5057.144335501295,0.010962530354043288,0.04005396723841767,0.21817867428225018,2.194438922596026,1.311890576648039,1.3401624252608952,1.7970813730501938,55.835748985475895,0.01759266328934653,0.0010631279660013736,0.04134771271551449,0.00022468380241739082
51.49868664346169,11.73103208722219,5997.875623360525,0.000007881741138651435,0.05985864146448832,0.28708662541810337,2.0083257936145507,0.6224574367367011,0.413393543415501,1.6386155359102774,103.92953593181295,0.019497475925145395,0.03699966939290812,0.04117984105123306,8.89214997967651e-7
47.53839730104178,-2.684455653469321,5730.18102260727,0.013915637640625707,0.04349195793400801,0.2548332322060195,0.9711189071580819,1.6193382687622564,1.176045952237108,2.387748349918647,8.548941436496778,0.01969387517755212,0.00396006467440128,0.043187756712503855,0.00016867046715925984
44.39116801596967,2.8761513911681913,5440.728420965972,0.014938233015831803,0.0581277019324838,0.169440428433863,1.6737406037431728,0.6683723935785942,0.4193706112851103,2.350384886602618,65.05049338816758,0.0005792465346778386,0.09578636088943938,0.033773047200028106,0.000002584594937641766
52.97945284668703,6.896262775903313,5007.900344347917,0.0026539418408561047,0.05811156056316125,0.1828903478979542,1.0699945288579593,0.6064003037106424,0.5339124275989657,0.9307848064116303,199.37848758242774,0.0014413809478281856,0.07480714192035184,0.04397044654501898,0.0000024755079345413574
59.47380008830051,-3.707441400392838,5294.316936639069,0.014800599308735913,0.05364935529292887,0.24029856378506925,1.4506001303191804,0.9359199971766398,1.3792946150795484,1.0007671576221049,63.52560018522774,0.019986968119591293,0.0037298186972921283,0.04133925980756215,0.000019592657591372266
49.62384441089972,6.754364059450047,5104.150001465895,0.00004730110445295581,0.05907858901749618,0.21010012237965073,2.0679599592580917,0.7948523038281382,1.3993078701605883,2.140706842776134,14.427889603540297,0.005273480519398825,0.001041456012727204,0.03289323628741608,7.526554430843446e-7
54.04258073604895,-4.6763454774764295,5268.890788377303,0.008712195157580508,0.04717914276562821,0.24247095195462778,2.041647027621806,1.7839699756397271,0.8122611946329664,0.8545889193113102,149.3241811621383,0.019981590013693977,0.008269549948937725,0.043723585744481284,0.00020042737012590872
51.90277192852605,8.628892325802127,5095.344154879107,0.00815273915852436,0.05425529901486528,0.29767083647362974,0.8355142797507056,0.6428825289548031,1.019364622391873,1.0769006697516803,11.130850929764216,0.01806359833083653,0.0917877199223777,0.0397002486981615,0.000014669270126518397
50.829464019057404,2.4905959265613653,5928.192153479334,0.013641425513787846,0.03491105260648173,0.14585005347345226,0.9316728020065733,1.1755785387038333,0.44375647241673366,2.13037761892073,18.534575148038222,0.01993348437969971,0.052816132020725964,0.03545202618404598,0.000644264232103861
54.57824628974975,-2.243505320709332,5071.760436381823,0.014826361042305107,0.05759781294552406,0.205377833610868,2.073898535322013,0.6341516586608783,0.41429150162828027,2.257899285664471,26.8269518813703,0.0015566230353478083,0.0012274492211139774,0.036488890786891055,0.0000012223584841391733
56.35682576402239,-2.7247543481819454,5223.822657796183,0.004954571374359437,0.05639696489308475,0.2009672972694874,2.196768092105838,0.6341349134302317,0.45023995781279963,2.160501442849106,30.444558075454047,0.0017824460821065128,0.0025554045967319185,0.04274214634213109,0.000024707936803461748
43.063688454675734,-4.108452172310318,6394.769790921935,0.0010299818296534203,0.04187511017665922,0.2587464401122616,1.497380554127906,1.193276068522089,0.8172246186915391,1.718661361664102,3.4233697007105075,0.017137988392641346,0.08625144194276732,0.04372842628573465,0.00484775453750171
57.17914638392477,8.707456065775066,5860.4013731049,0.006193820548264447,0.05654658355143687,0.29812173132568537,2.1563162833377802,0.6118834274892815,0.5039204343182919,0.9259784921610127,74.26827743426053,0.019702488965978742,0.08908532712695756,0.02851837171484932,0.000002298924697860201
58.355491908865005,-4.61146203003517,5089.516257521687,0.014913868627724307,0.05971923515853075,0.11070383912937946,2.199366027518572,0.8529047324085559,0.7355408711680751,1.9412471236101816,162.99632157614133,0.00010054018330838977,0.02221588985540787,0.04114226557622657,0.0000011318971076251596
44.57199701429796,2.4954205189021206,7109.411243545143,0.00019608180262959768,0.036364512374596626,0.02641636856791852,1.5776894453089585,1.1823615583005327,0.41843625081928243,1.054906718302917,6.818090956304392,0.01949934506272625,0.09870505215968711,0.0406031736203246,0.000012828409473590973
51.361877914826486,-2.8187215355568886,5904.261136226277,0.000348573479474302,0.052737856005024196,0.2827975416013821,2.1036589306188196,0.7373519041158999,1.3893925190023575,2.2573945101485933,57.833000309847414,0.008615121638806645,0.0020640727232128925,0.03640794981932533,0.00015591642582258192
47.067629705108295,-2.913893902279379,5662.758124070584,0.007231752493156073,0.030914525925196643,0.06216960675233962,2.1202390491731276,1.0517983852007462,0.41363664831587954,2.259039382710264,20.464483428572528,0.01116196370127554,0.08235243682465576,0.04297064560607301,0.0008248918649509494
42.25776217331387,3.2044062823379527,6879.5954368014045,0.00021368575158972904,0.05306645368925653,0.22178024065268911,2.1977196270860846,0.8292812294172673,0.4040886596869266,1.5205928605424153,0.199030431593479,0.01792963543703673,0.04899939095456704,0.035418988967580785,0.0000010427055176931842
53.03883363483723,5.332538017927417,5013.318061191292,0.00010856334110482827,0.05834004534354902,0.15204560895061398,0.9809560173481537,0.9760836023281576,1.3998271806660552,1.015017913290618,197.8658230556689,0.0016175958100343613,0.023036699152834753,0.04322510581240591,3.0474856178096337e-7
47.5957227255045,8.96873697169352,5532.999718165367,0.002710774740115116,0.05930700200338223,0.2969922131259131,1.6194157509097635,0.8251151193671927,0.92576171383184,2.104121238623633,153.0495761888359,0.01910241865353406,0.0017812037981881225,0.029731688098491412,0.0006068488962152829
48.878083224024564,5.101495837251246,6888.395197628031,0.0031669741480989592,0.034263369053212256,0.044283866437642455,0.8039426039342101,0.6102831235160231,1.3961847846812718,2.3841279154499877,179.0908033818716,0.0002547462106280379,0.09851901750938531,0.03623916262475321,1.3473252929000317e-7
47.92280153642046,-2.5903856241734093,6779.8471537602045,0.012778653298530965,0.033457085625082754,0.028830444351219335,2.1492094953499365,1.790491975063083,0.4173452887538899,2.269302765441297,9.969738292293542,0.011896795852563214,0.007606988536654777,0.039101828419268576,0.00016202014746186046
38.000145562580755,-3.744103903138419,5500.3196133296815,0.012657860858459697,0.05778463650803488,0.29335038324880724,2.1581324769536607,1.3500451916734204,0.5031323595381793,2.1891876675236155,28.600698221748228,0.01968876492178833,0.08921405532108553,0.041170384340686886,0.000005773930940228277
52.9537731030042,1.960230343236736,5027.915266066945,0.014834843154981962,0.059481397901722605,0.24125398675374754,2.1465123864102074,0.6629316337229759,0.5618290606439953,2.3884743813720783,30.12007443793161,0.015932161813065497,0.010182136788059754,0.036344682765762935,0.0000035014388139958436
53.26907188952295,-2.0334615458707397,5688.374717890446,0.014614880339269106,0.049131196379343586,0.27124381102107215,1.2465235460448914,1.462532194571455,1.2116197817762608,2.399797374646338,120.28885642307685,0.019991319652137116,0.0010655341969068113,0.03060491654677679,0.000006496029896076157
41.64947199033692,3.591242567661025,6410.453352756805,0.003474403415047175,0.059639856704403804,0.2999882961830542,1.270556242106971,0.6721261327632948,0.6283921405468913,2.3902763226009642,26.297920671745022,0.0015800055906808087,0.009657422220308479,0.02187584003978721,0.000023102180474231364
43.27711686848075,3.4802924569374305,5006.789493644858,0.0011476830182721388,0.037451319699958165,0.1934158333336637,2.1600752132739025,1.7474772199627764,1.3976773596439527,1.929218943135845,0.031303496046111885,0.01769335366310608,0.03218630500291541,0.0401369047052229,4.1065475679099725e-7
50.49453847600608,-4.133987439226905,5012.681070323721,0.0011981782495002966,0.05755374753470075,0.03235096985858066,2.0180571085356727,1.7359768702246066,1.1925350212487367,2.2698515349450985,1.384551513123437,0.019336359268808157,0.004390838193495683,0.041872814348397555,0.0000029780188195571053
46.89180117683647,7.465079068655456,6572.722075232043,0.003833380238016671,0.05828573572100578,0.02351805882674631,1.9592163827623847,0.6369703563284119,0.5940792599158827,1.4773737873763164,132.02050363919147,0.010338837829937273,0.0017593437508960415,0.04160824308542445,0.0018838294383183372
43.85907118312604,4.061044364731325,5217.932479116407,0.013548570050259667,0.055154787304544005,0.27470435040593205,0.8248986804056843,1.1346447914679678,1.2789397557517004,2.3928239994924265,2.9573630925488774,0.01967597267746603,0.0010056911430631628,0.043215941658537864,7.091350934070307e-7
41.97679385529919,-0.9500739212958322,5438.415447566261,0.014866534061983573,0.05576770221323401,0.2990153447033993,1.9663800298388072,0.7204073249746569,0.5860441661920015,1.3313540277469558,0.07196467934500167,0.008390579074220425,0.06075368660342423,0.03762240251799684,0.0000016130436267849479
49.44769281813879,-4.306936988904301,6253.085664330407,0.002792317101359471,0.0539708963819511,0.038643316447538684,1.0191202943486228,1.5473435624321308,0.4631952811586636,1.853206187147621,77.71916431720888,0.014695675860124005,0.05656950378268977,0.04090118905773203,0.006382762804255346
44.65836959860699,0.5006196752418273,5319.504028412942,0.00155764981874527,0.05806088136671383,0.28486524412368225,1.1623747846279424,1.019998918756921,0.9242385171016976,2.0618646474190307,21.03124631363241,0.019774557563315986,0.006080460734469635,0.04070592888602091,0.0006366832397570065
45.18289016923066,7.409573032193524,5030.15905798409,0.0013035747662083102,0.059036342921275485,0.09029565907923319,1.3297194283240148,0.724532277210129,0.42104186761872653,1.4714289888272,85.62871656686283,0.003443781096388987,0.09130405796456352,0.03362323420722617,0.00007573936534329614
50.28832487450751,1.5218945556735743,5766.9060781007,0.0025733578644166703,0.059273886441551925,0.14063427541752882,1.1179908121923086,0.6017092965994014,1.026453857281517,1.7961411950433193,197.97341330914722,0.0011764989731777422,0.0013096729101338654,0.04267644047065589,0.00001612708227127931
48.86999445679388,8.500945956565577,5297.24667831238,0.005505338109950257,0.05697626629887548,0.10313166507473057,2.1671949292911092,0.871945629203541,0.4057221675387059,1.8967516599580858,192.55912902426485,0.018572923508948118,0.0026595617962890147,0.02889221412715719,0.00007918920066891404
45.72430630059666,5.141926632003992,5317.4676851082295,0.0016392952521053926,0.05981783059493538,0.27180498262107056,2.089937644966973,0.7892055736655837,1.3990687794300414,1.4042210072918615,146.66857471117248,0.01087501111423822,0.008425644411905207,0.03804948500765167,0.00006876827951507323
44.14299417330115,3.3907883472876197,6907.900464061276,0.014829075561639989,0.030334856810627808,0.23594460096949516,2.1986269798396263,0.6765963510548875,1.3508983536696468,2.2516579252363553,191.8964722764801,0.00736520109311846,0.00990260065749821,0.033175160138873755,0.00006835279986627532
44.25573298273822,1.6559136364244331,5672.57389224758,0.014959696958089663,0.05890487317717573,0.06639892859774338,1.8522307173633632,0.8214949830630088,0.449917846941589,2.247832181587667,0.5494749780343132,0.005624492684346095,0.0010747055655305582,0.03675006052445507,0.0000018887943511238618
54.45654269504573,13.138550943186726,5496.359358740731,0.00017430305057013505,0.05878606789347279,0.10769243956178161,1.697099182889895,0.6102969767390432,0.4091391385508833,0.8152420669239171,193.12974211993372,0.006350260793075307,0.06881296752863268,0.039940196022891894,3.786520325875329e-7
42.7992915151566,2.677118197612902,5980.80896812404,0.003531865060711073,0.041124613090486706,0.19169852293876558,1.1961045897351967,0.6503745896652207,1.2242049666528079,2.3516680254681015,144.09645239044576,0.0017722983792653885,0.05596803739560122,0.043382081628459156,0.0034995917681974404
49.0970843230022,6.536694609173654,5882.835655304334,0.006542017166225646,0.023547932728053913,0.20519928408127827,2.1961123453959264,1.0654957796580187,1.2278278024906002,0.8291666503609658,194.34047023231201,0.00016960103662556344,0.07108576221662691,0.03951469803251974,0.00010122744989418035
38.49903940307192,-0.9427464433817896,6968.192804469134,0.0003460865598618435,0.05708947740894943,0.26673894765878187,2.1924095913544144,0.7245819489567681,0.7746164172269823,2.2139916679772487,193.82279854312924,0.01619519734686244,0.0076056566434311,0.03365081957222979,0.0000847863305006975
48.09472821131733,-1.498995252426976,5128.379433913368,0.008252692253985144,0.05165432464369111,0.19736030090893394,2.0493568378828595,1.1944363880261428,0.40126108321368525,1.151520499579539,23.596069817272646,0.019885524209064556,0.09881331859704853,0.040977802030562976,0.000003608598183827887
43.18845296323006,9.29230957241505,6562.889565652281,0.014241868416886487,0.059519576051339694,0.021694754464226227,1.3719434480884756,0.8836214515250083,0.5253052618756757,2.1637487767530126,163.87616901280046,0.01981074741001401,0.001021111007210974,0.03678158776022683,0.0000099995086920741
39.95210039955209,-0.647821973240978,7044.91353049166,0.011939862852603667,0.0342090937048336,0.14478432749727296,2.0282095510510225,0.6547607837155736,0.47857351982022933,1.6005305059469408,162.1210916040163,0.0005735007415944822,0.09690961986691944,0.038298363771086565,0.0007804272132012794
38.94031387525257,4.704177762228218,7149.341199298517,0.0009262374354716174,0.05985460397249492,0.21365012065566955,2.1891591453135946,0.6809205175902997,0.42538684218838735,0.9067693581223862,198.4136895888808,0.017621533536883522,0.0977468575897058,0.04003942297626579,1.3084866535393178e-7
51.55789200136043,-3.778977109751196,5753.060489169389,0.007827342223612676,0.034295252085581054,0.21846402042783916,2.1001170634878443,1.0085322834950177,0.9048086684073624,2.2406874757135085,194.536002833727,0.0004979804568885389,0.023962681680991162,0.040363142084683744,0.003567452380589774
47.57437437306035,10.826495557427023,5008.964051628688,0.014056962779641446,0.05601319917786897,0.14689079694256635,2.0058135564803163,0.8585739109701954,1.356846029976622,1.636150322043981,25.627422864359673,0.0075355292681169765,0.0022159551933483117,0.03502318890045193,0.0013972158891953689
45.608225937283656,1.8902313802623034,5198.277447332483,0.0000767439415161857,0.05268208900056299,0.11012264852226956,2.147942348025151,0.8883020413156612,0.6494899932288536,1.0785556673166432,195.6145355461036,0.007751811715899907,0.08877432450427063,0.03763055329112225,0.00003164158765439993
44.15683488813737,13.457550796370956,5242.29613666546,0.0032270658402377664,0.04939908342149206,0.29691286823386004,2.147065160685476,1.1256614416674404,0.40759033135612804,1.734620027427435,177.74597050967841,0.00009307977746760373,0.01976519810257853,0.04228275914649807,0.00002084347937370478
51.317590160935815,3.443708454146355,6350.37727066118,0.008376458355440845,0.04457256325360885,0.2810918897229417,2.199949386621456,0.6051857495191836,1.367029129497539,1.7418386241527561,0.891209189876572,0.01970969574296042,0.005874806069013332,0.03362936163311036,0.0000012130884204978466
53.40775249582226,-4.824962962255759,5134.8590183905235,0.01451981081127451,0.05644831127749089,0.1339904389000287,1.6657972383032202,0.6048930054497913,0.6764926411426431,2.3222401623124505,5.270191219369639,0.00014133029911298062,0.04716871758811064,0.03854570857123637,0.000004334516971751162
43.16098937024201,-2.276806085555286,6635.696171860582,0.014180267229545159,0.051797011350863766,0.2509944179469695,1.7969150660488653,0.869707922324658,0.4714380811875919,1.9999511235191891,124.67749525981083,0.015072676094694933,0.00771222691229496,0.02864961658145051,0.025920477006978766
41.99078728741083,-4.126025050593015,5150.319613076426,0.002543805069516575,0.05971529338428508,0.29435101156266696,2.0530875227948,1.6600278989663684,0.43833045699303697,2.395706375409962,27.260337713286038,0.007388644697938334,0.0320622341223733,0.03479332931303298,0.000005365203522654523
58.28810336647889,-6.915017267321849,5040.209945001868,0.0001856275129819909,0.05865484579137126,0.21116879840723604,1.4595765685187299,0.866003676688019,0.4890774257488981,0.8558363501606865,116.08990109229578,0.0037088177875702942,0.02948542969337833,0.04389154552430384,0.000032199981924439424
50.46433840347911,8.555597867666112,6127.713058082821,0.005477607917588492,0.05566788292722164,0.2923013684979157,2.1658161110444376,0.6486047553099279,0.42505695535319465,0.9025603867054615,149.49119168200602,0.019583256057847928,0.010284125386789326,0.030514030971419928,0.000030076934627298553
54.90655725010021,-2.3070912389221707,5112.061884205594,0.004150250778416003,0.05688165875925141,0.29613922673826026,2.0294555087468993,0.6019693222219956,0.45067755957445504,1.6363950778598042,63.218525424971986,0.011356340466481697,0.011156701825206335,0.04121104160441449,0.000054077573141943875
46.91718496287483,-1.912256643811567,5183.182177296708,0.014693854897058725,0.032568557727843214,0.1574645057827592,0.8399744286093856,1.2688806420847167,0.8609147816440227,2.3979873560511815,127.46883606061643,0.00015378805325774107,0.08739085754974264,0.04256538337421639,0.000025072715189189036
49.70280666840206,2.929439024352323,5146.363446702527,0.0000642460976964537,0.044544083836450525,0.0339340848845767,2.11475553849304,1.7775459859392835,0.9790408231734227,2.294708825264304,5.115357522276165,0.0026864840349924268,0.001117576473207395,0.03670029071123136,0.000005248586736172281
57.52177160778131,-4.778795824260024,5073.896692722715,0.007602596564035666,0.05427864830883083,0.29963481754111954,1.9812832603047272,1.3720988340081903,1.3294080394410421,2.0897507540398923,20.566480368282036,0.018138277192276845,0.014471143868923553,0.037713037189374035,0.0000416432930878369
54.73439364451881,-5.257058328672096,5341.8667046759965,0.013926023760694663,0.048577777598537694,0.291230500668725,1.2752549472185382,1.6492305559361462,0.9179639549661028,2.3906278928151456,29.36467067432015,0.01651643043875624,0.0010080895562457244,0.03737966666797812,0.000036337542375428743
56.297123261019635,-5.041863495651651,5173.455411558665,0.006800478001056324,0.0542608633969052,0.24095308851038783,2.1606558482090246,0.724381100143288,0.5186937270047656,2.383135248482632,111.69680435727952,0.011996796719947758,0.060465042981248454,0.03808334632238372,0.00011773417360004072
37.207485189787214,-0.493008315984687,5783.639335424145,0.009720124573951567,0.059536218592511826,0.21195871285482532,1.645202740435952,0.6528246834710149,0.6351874419251745,2.0587496276879484,159.30059520680032,0.002820727388996196,0.0840284602440694,0.03754076690665232,0.0002487538471782971
50.00549030868995,0.18609468545501784,5052.46820911164,0.002195944765457395,0.059122461761003775,0.2623849321413688,2.005917418159818,1.0983000531653664,0.5246375712532461,0.8280684056601052,86.00495932378789,0.01415962632552505,0.001195693844532821,0.03750909009029784,0.00004976392688378138
52.780587134026646,9.254240022000594,5310.189090472373,0.004689594590956923,0.05509336452236021,0.29989442496396396,2.0995491803315884,0.6022324061642076,0.404462956875885,2.013680298732613,192.9911839391795,0.005020472652491391,0.061430219405842354,0.03807382915464759,6.777251391468324e-7
57.18073849269969,-4.58482257712132,5006.525513900838,0.014466140860752796,0.05418052976528456,0.17732255908822753,1.863849701258005,0.6092009453616204,0.443806536789126,1.3130712084613063,198.44550839502205,0.0020355325400717755,0.0760368575366566,0.04343076273554459,0.000001211977922006762
42.58370748954544,-2.6017031007927,5996.604704242368,0.00011333712548564502,0.05612274499195168,0.2094652815507534,1.0737262068996687,1.342665120044148,1.3901686995770546,2.368457969102822,185.738357121235,0.008072845209707193,0.0011224496923984701,0.043416322082640985,0.000028152899030337955
50.1186681011442,-0.035167659327221656,5063.781523073499,0.000008619073548595249,0.05977658591134205,0.07327992793913596,1.9737886991533697,1.078282471808682,0.5445254515543201,0.8034090087983842,169.28050985590218,0.013746280536984313,0.001365640506396231,0.04157252779691443,0.000001167961321301073
58.023005275455375,-4.070216389418309,6014.297699090833,0.013232908836786893,0.044418116532039205,0.28708775522101926,2.1994674031376933,1.6443066600564795,0.7743454563707891,2.3550917928998207,190.73122300156328,0.0015593282142272965,0.0011732497054461953,0.040217933228667,0.0000071011302261599205
60.64909939829778,9.223772404321856,6132.447580403612,0.007450765831427381,0.05674624053629565,0.2982356869291548,1.9564096663119517,0.7239923463700791,0.8333661716126722,1.1792807429590786,0.6942435793059567,0.018999735795263872,0.023294455302714043,0.04000601160020895,0.00003794851121473595
50.56954014712598,-2.010710984404146,5012.422873702952,0.006962772121305299,0.057526876912851424,0.03298499586651446,1.6747403123581495,1.5337063551284835,0.40101471084251955,1.1157114759029736,20.249018650837026,0.01508360265348271,0.0010848208126351547,0.04192002443087804,0.000004511160661376441
50.66337532308072,13.38235050339738,6117.783604663409,0.0015690123289913073,0.059803585335394295,0.2438090932575584,1.9139132553834177,0.6666705952589725,1.2643144969922295,0.8960812527259328,195.30235589358313,0.004729726972270247,0.006337662858956443,0.040251407159531176,0.000054428647675029454
58.15954131082775,14.785834738252362,5613.541959309008,0.00036450238423655127,0.05978980807300704,0.215009468699714,2.191726074976519,0.6151859174174024,0.858611440685902,0.8343474152222163,199.57267061456477,0.001231624248083331,0.056317202479939994,0.03438998607748807,1.5747912334867694e-8
52.25899013681744,-4.47933327987005,5855.967651725924,0.014053475808655415,0.05404494794936158,0.03484061324418147,0.9145939172067059,1.6134869427966172,0.40078813782747424,2.190388344788569,131.09138391722718,0.014558809615845833,0.0853672219543571,0.041369013540764235,0.00002197974158796829
51.02655837497451,-1.7261198268187474,5007.571811907432,0.0000891016748221831,0.055240447549412625,0.026766289352601554,1.6146326636160362,1.6383981352657866,0.5429179881075138,0.9427653606378241,47.842113483238286,0.00030665352105725896,0.008619091244348601,0.04281650356877089,0.000006788475285244353
58.15869017438685,-5.569891959237297,5053.079899200287,0.007062569320253146,0.059580951420222066,0.29650723197660755,2.1738392837728586,0.9156006989553114,0.5171457641012074,2.2322702551842233,5.440135196083258,0.010688759784694848,0.0010526850810137548,0.037562545734017884,7.581158846776499e-7
42.08115404585251,15.565736105278251,6066.241565015395,0.0010375622720342364,0.05736527776170732,0.297436945530956,2.1708165652972324,0.6309012123710153,0.659014464707472,1.609624118829962,3.1242859035031163,0.0057038660999487656,0.08408736620297057,0.027584212064725586,0.0000032100193198620094
57.41273094046339,-3.724887653762627,5065.048689892477,0.014972464828235601,0.05871816499722948,0.2836662037946281,0.8013018571521217,1.7796032137524023,0.40916203038214327,1.318390908904118,37.42093598872073,0.010962963465471884,0.031034730582010957,0.03400952230585008,2.0209146202499334e-7
49.29901675563458,12.699053718950136,5899.929136109816,0.014349099556132627,0.02579822900114478,0.09333158538820432,2.1916939089379746,0.692724821101432,1.2901959058170385,2.1247975639213523,9.842841565655453,0.01991856198842239,0.09264004318082852,0.043800490164714094,0.000008413982718890468
46.87018423020765,-4.764116757094211,5058.601384801496,0.014870093606149848,0.059637412399899656,0.2125024458849019,1.2047678376050746,0.7174575454057487,0.6830343168877573,2.3908668117451772,92.81193046673374,0.019275514225829116,0.0512207604739925,0.03198262351109054,0.000008250182469868814
55.363143609591035,-5.880834198908312,5867.585218384958,0.005811246338585611,0.054570615520339656,0.2940832015379713,2.0929373774741267,1.0208968634758928,0.401599737500729,1.550926525814281,36.968804234994046,0.016485586620993472,0.0010461834215701438,0.03850850141777375,0.000027344789210135294
49.841824104695355,4.450308815385286,5393.951007518536,0.0027846487842658387,0.05755865575778424,0.28037090434406375,1.4739948395641123,1.3791239481227726,1.0959245230678585,0.8564244966966383,192.65127215769053,0.0010992368395747769,0.0012692654363339842,0.039526376675998384,0.00022741217522934134
50.03821603486285,16.01794782490441,6757.897038619082,0.005638817266997658,0.057859784905349196,0.23641837570921526,1.9372354837517167,0.616269974596874,1.1605100913531081,1.5533145132802564,164.2372868957817,0.01974323024973105,0.001047391586426706,0.042121739314547345,0.00027328476809575664
48.48740672849743,-2.1919564014163786,5966.9759549945275,0.013896480488913602,0.058896245996327264,0.29498758961987154,1.034420757283304,0.6079291100682231,0.42675253811072994,2.1590896540846756,113.50132443571982,0.010589802229925557,0.008081177356748747,0.024068389641868346,0.0000730332554814671
53.26104961977769,9.375857137088268,5280.233541017504,0.012145950378219821,0.05529031619522052,0.2902596542697213,1.2447420666556728,0.6261716192923289,0.42378240462283945,0.9839019469053669,179.9606128367644,0.019966942434414922,0.06382868285272178,0.04014276424902207,0.000003576685544198016
58.47375178771149,-2.1219338658571907,5219.814302249915,0.009052896630604781,0.05747906302447047,0.21916034816309504,1.0124986955317574,1.7785989056211893,0.5116644442609631,1.937053308972565,80.39681415168296,0.00010638418670623789,0.0277138666480409,0.03251566854844104,0.0002602214106168225
56.19519012638885,-6.347212699650261,5188.0693888606165,0.013430362836504695,0.05913407000682611,0.29515294527837693,2.1503514185480235,1.269464617562547,0.4010349807606268,1.6429548698953471,6.249335355848444,0.004775836314368694,0.0011513615625832684,0.03663388777907594,4.301715745057842e-7
42.43325952841703,-1.0616580330914474,5859.6331567750585,0.00010003409623071197,0.05835451446002958,0.19694766462140512,1.3994910725248175,0.7757655635391933,0.4054082539573999,2.1026935206570823,183.51670823086513,0.005517007777656259,0.08518214229165191,0.03367265016583689,0.000019686313067327986
57.50253305294943,-6.087716036219039,5144.436604270791,0.013348992068093802,0.055863185786756434,0.11521796940030282,2.065180705105453,1.726248095626905,1.3353595535849903,1.3877883793638626,89.68886353036845,0.006303803266450892,0.0020775815797006536,0.03888898454010466,0.0008802286387731984
46.17286675716923,0.3570646088210534,5705.235013828577,0.014178273632870718,0.022573422725631422,0.026789384892127843,2.03498075711797,1.58980668468749,1.0720840297631153,2.028952099607224,44.32433626050191,0.0011790737092805393,0.074342062515575,0.04269449019537648,0.0018963036696049726
53.50860245482119,-0.09106486651661427,5451.750882077053,0.0007983178523807841,0.04074880032444137,0.028110849036625557,2.098757081924492,1.788946611212599,0.41037607994448333,2.3958841900209955,138.8672139454517,0.00012407579212926655,0.08870762815820396,0.04378925131861368,3.1448431754895277e-7
56.85369722881477,-6.553139982792359,6115.135257914498,0.00004298441343362369,0.05290270092227021,0.2932800415906847,0.9551296690631716,1.7972123486057572,0.40596339581826535,1.6896769821555144,199.97052326146556,0.0006346071462512003,0.011549753450580506,0.03612404630677452,1.8313081392028971e-7
48.80813086430773,1.079139059670057,5509.45538875261,0.014977423560209814,0.05542714013658196,0.08859435366171022,2.1818896579620164,1.0648510250334076,0.40865424543500223,0.8372011625505432,34.18800483068014,0.015541155132944413,0.0011732054754221737,0.0405370755723726,0.0000036014759619477995
53.640833844162984,0.6200994831714652,5765.047351244576,0.004866068729200436,0.05932415262757419,0.25670946385631055,2.197421224669852,0.9057745571785074,0.4274770880051474,2.175221594356593,24.29958500866602,0.0009071606893785235,0.0011203759354181727,0.03748137394824725,0.000010554080498917449
50.617232582757275,1.6608530402835253,5144.36106254249,0.013426084178431141,0.04817228030904639,0.2988241132936344,1.4726147011924984,1.6572356775714865,1.2215890176685298,2.393966556381735,31.41230893627993,0.00019025743161814768,0.0013142709776349686,0.03683212695227657,0.000006055932925266372
53.485585161608014,-3.0683103916750385,5285.722710253031,0.007882078970165211,0.0393546867909264,0.28033764628746755,1.6046816903353989,1.7446780268257882,1.1846958877409468,1.008919483215592,56.37922513109282,0.008979211803917834,0.001548032091188841,0.04000100090136958,0.01271268291342368
57.17910424081565,-6.197500797366683,5012.672036292315,0.01325853379558757,0.058789316336109475,0.09858078250627307,1.909347538762288,1.3452119897720798,0.8695504702524084,1.3004009329946613,185.5237427657771,0.01828909893575096,0.03249885468869601,0.04224231271893308,0.00026379611638765283
46.841104127372674,-3.920703505715734,5881.637642949436,0.00883402391763967,0.058761573569643843,0.21016874697903148,0.9785968786302938,1.2264389504686748,0.4689172531126308,2.39487613446342,198.96991705740757,0.0031291140688159574,0.030144076831691215,0.0442673183652048,0.00011190322587785551
49.50109125984853,2.5430882487507347,5631.1895846364205,0.004879633023501935,0.049318923468428595,0.1859179287876267,0.9161753910670084,1.190826702645177,0.9386803936970121,1.2318792599885384,143.7767495545949,0.008260415049252286,0.0034658773428563085,0.04280874015247961,0.2170786039283344
45.83326865544545,9.893655040235227,7479.036218696501,0.012526882574417676,0.042130123197367975,0.25782481789118294,2.1951367405637345,0.7522557890000181,0.4684591880251606,1.172732976840642,188.74341222268455,0.018682194103513423,0.0026920159610221454,0.0249582242330872,0.000778941713558447
42.37029972808869,-0.8859526252313703,6707.697066904837,0.013855162551178926,0.0585330719343733,0.25897124402121346,2.09363565366146,0.64970112643328,0.40703837972988793,1.2512185049149875,195.6006455157215,0.018962383642745953,0.001635353396624674,0.0377163748499335,0.00001107063975734875
52.730180256537,-5.831781318526353,5027.070894787035,0.008363732293017056,0.041876403479902256,0.29780604833918844,2.195864115698078,1.518543650264351,0.4223662101280346,2.2985677934438784,196.691383699919,0.0009846470530062794,0.0286626775375806,0.03556006817296613,7.233045145654973e-7
43.392309708708325,5.271216454346785,5569.497777533628,0.014124374479651126,0.04769972140713445,0.16890977782339045,1.8643354125346052,0.6392198516378721,0.42338423127575514,0.9397803998004848,175.7689676265264,0.01765798587100685,0.06815645759115281,0.03293197293758563,0.0003024176124079273
49.66650204318247,2.8207176897179718,5775.210481853311,0.0009972054388636018,0.05991496358482845,0.020420069321934763,1.8670115229054884,0.7873981960223637,0.4653564810107145,2.1999705318315854,1.8245554261792216,0.011118594118170365,0.09537700925362022,0.04382176869469723,1.8741863832468539e-7
46.692834707890796,13.239315202021821,5142.854786323116,0.00001585187327506254,0.05916894595689702,0.2748076185497576,1.9109244993785257,0.8815270337871088,0.43767255787266046,2.0317843546703234,197.4775244599063,0.0006701499904570492,0.01345637182926733,0.042266160724835966,0.0000013390017863805388
44.82682185765347,6.92396191081254,7137.261018627752,0.00009338520734975901,0.053462049796082205,0.10567784264085667,2.0931807472305226,0.7942039079229519,1.2223877826454368,1.739253709462362,6.729367259733422,0.0011072714109273657,0.001690358679597079,0.033536828004620954,0.0009143098939068692
46.6795711225443,7.769664507659609,6466.351723103633,0.006775038681202361,0.05911804830515987,0.21095966074379402,1.3578058996502558,0.6626271430315611,0.6134697644341792,1.4754159176012904,0.3999032860769629,0.00000949037849794309,0.0011488527430394896,0.033868668597580906,0.000042138702340969226
54.30221317705846,-0.8397710052595997,5178.098609286688,0.01305448817382052,0.041554535932019694,0.27592132783429735,1.3228799727405698,1.4002377533563344,0.40558857140521876,2.2280969775459365,198.35155428373096,0.0008878035932165947,0.07090060650636382,0.03275229609649862,0.000012912943308734708
40.91121381785473,-0.2681076685900319,6153.495936178521,0.013804894711975388,0.057637295758948534,0.24846262844956962,2.101616629317067,0.6898520129619975,0.4887694033224273,2.399634728159052,184.9135553333482,0.019796474334547422,0.00865203053655904,0.029252814975445973,0.000015566163331496832
53.798687919528945,8.544774680398131,7030.268075412016,0.008080382379149618,0.05390298445263583,0.20448653272897296,1.7418666670692948,0.6016885813647433,1.3979981938161652,0.9001603751972207,199.7434100467238,0.007759311568740963,0.0018556347986072941,0.02866415669205479,0.000005121270090845251
60.073151010711335,12.14513206169429,6155.563716675886,0.008351247168256457,0.059427534148197854,0.12063570131064293,2.0636634053106335,0.6429028331147522,0.45869176971676984,1.1121003937299263,77.13353270235139,0.01455108501225124,0.04448665253044415,0.03890181464631497,0.0008827595497652911
42.718283318659125,-0.4325298561129767,5997.282895342345,0.012716638023117472,0.04444362497908307,0.29988915102238256,0.9853029945474009,0.6490725421855104,0.4000084904451807,1.8286318932400565,198.01069778232815,0.01081298857123022,0.07805303337391818,0.038672906813183125,1.0099163104831863e-7
50.45023029004015,-4.4339563734169385,5124.50814850113,0.00016889382093147981,0.05924578697027341,0.20990582275128708,2.072493264603783,1.7781508888239403,0.4697406543798845,2.273127998085771,10.781652267148434,0.0006700139003688993,0.0027542113969004243,0.04000893180285166,0.0000015118193404973773
56.81514457900698,-2.5334538525600427,5311.146678324462,0.01487890184816501,0.052974577075418486,0.03175319807452472,1.3089776778036974,1.4655135677026332,0.4677645050989172,2.3950602108290138,189.38427343705897,0.003973996564131924,0.09455809520294342,0.04187564673747862,0.000003379246004161766
42.609268326509465,-2.955080304146951,5143.272105062724,0.0006088857743516942,0.052625839199840534,0.23673835761068526,2.049763786079935,1.5099963149056088,0.40617233414508563,1.9743820912924452,154.00329410130783,0.006084855722241149,0.0462848298361649,0.034561956137247725,0.00016845445845417608
49.012832166682045,0.8442772254755067,5688.595093111902,0.01468000160699708,0.05994338566700172,0.10055065525969023,1.0509856224184966,0.9799306111568393,0.5771963505729294,1.7745434040030632,174.8922472952685,0.017809076345401895,0.0010708349884356954,0.032713838582838606,0.0002770988889979804
58.108788324923786,-6.32906391573988,5022.331882897209,0.007573010858623412,0.05691524580470991,0.29960631130251164,2.171522510898071,1.1820656252718467,0.9321007685504992,1.1755176081002985,181.25202135129248,0.005876932386645777,0.002883044604971879,0.03822828433878452,0.000019794029826558328
56.837366742208964,-3.2201867278120355,5975.285402013212,0.014992551131037379,0.05783343909478291,0.22038375854956913,1.202100281114737,0.6769932778820728,0.762082733058041,0.8750662394098915,169.62462769177645,0.019560082131847314,0.0047721185651108285,0.040794833935695274,0.00005451328978702712
46.39050939194145,0.8018227370120741,6200.969762870409,0.002863425534033748,0.050142554812436,0.02136381649860731,1.0873025386629744,1.4248473140378222,0.4093807729849922,0.814810032267553,180.94023101023237,0.0020011797511556525,0.06821940066098028,0.04248877954946328,0.000032813666924741086
51.08421902019235,1.3300625026004163,5526.519490952273,0.005877578838413109,0.033758243989247205,0.16892306428302256,1.9349258512993737,1.051942299957646,0.7773537935808258,1.221384476759691,177.2644949046809,0.018520896630071743,0.009136471939631654,0.04253761230351945,0.09587694759961568
60.25509269427967,13.202837608684696,5429.582665908876,0.012640817962125711,0.0571879911185723,0.250080553703263,2.1866627848541533,0.6337848689730515,0.40068025218517833,0.8753056731921188,165.01284517644712,0.01498569335612754,0.015826609850791037,0.041141013980333735,0.0000023735608978677746
49.118481728521886,2.3173082026053393,5154.145184360013,0.014951265605474332,0.05125070840643914,0.022674737585169673,1.6713155441290328,0.6575403648921021,1.2520881986518595,1.0325257777144812,199.8440295821814,0.019110650627143348,0.003441435227226966,0.04394439100089565,0.000001924301876353208
54.92853056925474,-0.18107078290391776,5082.658663616203,0.0000876457402016118,0.059064324487608226,0.2436173290141186,0.9174452643081454,1.7858974423532463,0.40999789620612215,2.0450269075502456,198.76650735107214,0.014703739876040385,0.0014630931634933004,0.043673126428750375,2.5875558871143854e-7
55.47622258093298,10.159123319728554,5446.731604979484,0.00529910751698891,0.05724718755580572,0.05378179597663903,2.187609610054066,0.627487742506023,0.6640573116293539,1.6422221127831937,185.24781156025247,0.01803764253158467,0.038516383997936936,0.03660414610843718,0.00015010568869802627
59.53705632196113,16.634585242894758,5407.405224517956,0.01268932492447707,0.059718249119808324,0.2171473394508185,1.716054513911299,0.8296682593421588,1.212828089128878,0.8312805120413651,199.97838437237274,0.001607700879563976,0.02583121936128384,0.0425207543425862,0.000001662567353741398
52.62846139908281,-4.074067960443657,5538.778930608446,0.01413197144315268,0.05998083663655126,0.15108864147328777,1.325708397821547,1.019949577900418,0.40758005999391284,1.8690996464977074,13.63331890049878,0.0005072720659495698,0.0051246316200957405,0.034090754267411254,0.00010363569836890817
52.55748397431476,-3.8519698571084016,5018.9760626704265,0.01144002399642898,0.04921154923536361,0.03421133869909483,2.010135806771981,1.793846917434347,0.40008563245733686,1.3515062534499287,185.6087424249037,0.019177728377977772,0.04144655069865395,0.04312329254553125,5.974675530024829e-7
46.483513246867524,6.629264689857184,5422.271343146011,0.01407632062947682,0.029420763298613765,0.29728548602108584,1.7198286751432148,1.285172236562509,0.40375277994586645,0.8573675163648776,139.61121434253718,0.00026415711159354083,0.04666505755498572,0.035262352940182665,0.00004067121512831489
41.99446082639876,-2.9105355365340415,5583.049076169077,0.012898896781708436,0.059599778542997674,0.2860746139688167,2.1489348575235288,1.6122714928538122,0.5182057740546707,1.6793502673134915,58.20490891244995,0.0004707477157422172,0.0011074365311486728,0.036608100672859266,0.00004864389677356836
48.694495152000925,1.976385979859785,6470.85121124063,0.013429163033974534,0.04200422736254548,0.2779464441616939,2.198203051222995,0.9446774158100122,1.330434052825526,2.3946454875797425,5.972340605462829,0.010660690317819431,0.0012481215507401753,0.03160007008684987,0.00003196149287250459
46.46845309596907,-3.368634934358159,5436.879130652961,0.012504274246759444,0.05863810052054336,0.025434026358611927,0.8167328227449606,1.7929006556075016,0.4630754165253904,2.0245534544519965,190.67963656783462,0.00011857197547385977,0.028549279724356932,0.044109997067329994,0.0000010843964769023377
36.68124839954279,-5.884593609737989,7625.038218859974,0.004472361669226071,0.04821378720324768,0.048410835214363915,2.109586380767329,1.2354484781764317,0.40037422443567966,1.9600245031773744,19.595629579288502,0.011274162087467208,0.09917004618487821,0.04091364045898199,0.000013457891920220774
46.09588898799217,10.415060951311386,5117.640735312863,0.014893687076054938,0.05988810294124809,0.28770608525788594,2.1911247503812468,0.6906350114139748,0.40008319763422623,0.9983462454254338,197.62415312218218,0.0005079026999407963,0.0825043109300024,0.04394695199469941,1.2012585054745702e-9
45.87236619083155,2.4647998409797918,5516.585223559371,0.00021680230960341066,0.05608513788718164,0.023817083628617945,1.0209424052098204,1.3687689161208294,0.6813352237885214,0.8982517807585315,199.98668461133028,0.005318677791138157,0.020952080487623783,0.044280414842087584,0.000006717594697808162
45.53364301724827,3.6157536358320232,6873.220631720182,0.0022058417369169047,0.0593851419700973,0.0540420178928718,0.8132401622226466,0.8211402419518352,0.5356915669509827,1.3861091160478465,42.6101639245825,0.00027831627367383985,0.0015994527050534517,0.039825467212309965,0.0001646837879569339
36.69790294595653,-7.027237221081781,7182.858355824051,0.0023101147841384675,0.05749756216686432,0.24237539438769967,1.6737164217981817,0.9382137764889624,0.44503122852066057,0.8119006722697281,12.621606226808273,0.018080507181458743,0.09760057206958248,0.04023701198775953,0.000017713169200131958
43.522828368511874,0.15552672710409254,5276.554364218873,0.005979494958208483,0.055708032990189615,0.1483712491213032,2.165124571175224,1.0796986529293744,0.5417266043531722,1.9848892151921307,127.92712370664157,0.01765718268814731,0.0011578336742355051,0.0433406955209733,0.0018904169743870153
43.47107399769169,1.3280573966726426,6361.294096390248,0.001139334574304145,0.058550843418660514,0.020759849945774227,2.0636974236793835,1.4120729276890343,0.6333830802910567,1.4776648530355865,187.13816681871057,0.00643805376568298,0.002085144078437679,0.03924254948077477,0.00037004935302776957
58.93660572463827,-6.545305469557507,5268.270057609819,0.014957903584855643,0.05485365912581864,0.2960798942265762,1.4744887344275557,0.7808768588277369,1.3990330542191898,2.3037010297083835,2.4579957113280737,0.018368689705302168,0.046541754882586765,0.03641667444822111,4.723147845325548e-8
48.98114371978414,7.7807108912156515,6745.259508451272,0.0031432140816993422,0.03643967714924918,0.03132889689920261,2.1039333508149527,0.6201647326618651,0.4034223452320982,2.372078937916046,165.7067234886856,0.007496018490907018,0.037478230320469784,0.031877632875220316,0.00009329315000744822
49.622701973866434,0.7193694986132275,5050.018768234952,0.013061645946205678,0.059969133404763425,0.29900404415010007,1.629470768705819,1.0394691821973994,0.4441982158556069,1.2403472203809696,2.098604928059369,0.0014389435746223506,0.011973746032663258,0.04135347070392128,0.000005713800736412122
43.21934755184358,3.349668264200089,6352.977879507396,0.004170951853763715,0.059667698443888736,0.09764417573779534,2.19867772368404,0.6118353721073885,1.2049492540901894,2.3606279961437258,54.79457070225374,0.019303178598330237,0.001578121268244041,0.03819614409820356,0.000004781259086725401
57.416069928251034,-5.7037945695626435,5316.832583984831,0.00032360714343387486,0.059274470971203,0.23413283890033582,2.1900934495697757,0.6890650668616339,0.894962103745679,1.1290800902260125,163.84696420849963,0.013500459279845275,0.04928780269106945,0.044363367480663496,0.00003215586548320585
36.80068934100767,-1.4280107780791624,5900.254901326634,0.013048181788495374,0.059541191166437954,0.16578190691953634,1.0069982406409297,0.8495600688024363,0.4043658749916486,1.8618362647112994,65.08853525551017,0.003794127304008002,0.053394654411782615,0.04205771596021793,0.00009437083107765147
59.0247723954085,-3.8385558197749523,5185.129224898503,0.000541843440037575,0.05572927246521373,0.29758066726414306,1.6371527422936458,1.2602649770376453,0.75782822648475,2.384590441011783,14.811266879270224,0.014639059028154315,0.09791635240352768,0.03445350354020984,0.0000037944135362277723
51.14499985358539,13.0598742300098,5116.5912075963315,0.00005137029309875444,0.0599086699600893,0.06825060254131803,2.1576155682647915,0.601094520857808,1.3460138529799823,1.618247708304775,7.018257641219279,0.000164232163540984,0.07305409958114632,0.04390246432449992,2.2993903735699866e-8
57.762078337900945,-5.192132189283552,5028.959919429131,0.007048577638824211,0.043691463065866194,0.25466113502371546,2.0845123392891223,1.7754329770177373,0.4265140096776759,1.3842150693294428,79.05294594660721,0.0071385750269867,0.03745282142351952,0.03722475366288058,0.0003078158174234731
57.82436471796426,-1.3231145924814527,5338.001985487554,0.01218295669489854,0.05350522088958431,0.25599328445681807,0.853294338006268,1.7819413791906111,1.1246653981788581,0.973146509995479,6.650995721117761,0.0022788424194911537,0.08351509129873926,0.03826363860560405,0.00007623511158229206
58.6718516060438,-4.140090434355115,5012.899013742821,0.005722667940965,0.05949550613614175,0.10897946811391555,2.1608397425996797,1.0667676101629686,1.2754961689661362,2.2623995190453057,179.07740411673382,0.017509387641981268,0.0011779082724219716,0.04109580082240285,0.000013854341559548346
51.58913128904565,-4.423913176576417,5495.748154120854,0.014667102379208794,0.05413976000447354,0.17574374546452964,2.1993494808359646,0.6881031770202591,1.3659768911157357,2.3781456048993803,112.1031573571398,0.012534620835244098,0.001884412352302281,0.03673758887747577,0.000013194586340656921
46.49655598868157,2.376232831683202,5583.954919115327,0.00392180761252815,0.04953484976044933,0.08776035205301642,2.1649101247060294,0.8109549475368709,0.6293962900152009,2.388574862824615,145.5338342149937,0.00275493764605405,0.001064601666935499,0.04368371274557387,0.0005439606134687949
55.25045952180383,11.333586676596706,5975.96944016493,0.014941004464693928,0.05729721006363387,0.1550098892495479,1.876394484016667,0.6403442905772524,0.4202976549924081,0.8591608261281719,107.73240254095215,0.004586284717832674,0.002175087850542918,0.03652543850048612,0.00014194130567719965
49.95604043665098,3.458531945746625,6872.979330163542,0.0002481219284009883,0.057512738335560365,0.06032658510398782,1.249434123087204,1.1463638620745606,0.5581080811198843,1.2956686091126155,16.121111779242177,0.00013228715480046284,0.001347005323263847,0.04427285685603588,0.0002366184583875447
57.2813225736756,-6.331830187752546,5695.815619856129,0.008157446507758757,0.05708570938698519,0.17999216820342284,1.1189303390219592,0.6647489751439746,0.8394809744603855,1.9735591848956775,196.2673677924113,0.0037532613562530188,0.022319623139628413,0.04178389760645093,0.0026581199865116484
41.95133935073632,-2.576296041865433,5258.578834292735,0.007182867016823447,0.05049573890676019,0.2276588644727737,2.1919569655779623,1.6889487650461565,0.8263829627849111,1.3375316830875936,140.0074320055955,0.002670504288591494,0.0014449287733986915,0.04039262534899284,0.002092198612671543
38.98103865735348,-8.927647248311247,7273.009423091695,0.007261411748964839,0.054176154259734245,0.22921805783629662,1.8887957732216156,1.4017174135688921,0.5193478539761232,0.8553475805833531,0.2215817274956783,0.010479769749391835,0.0010510902689756527,0.04054985878414754,0.0001647096303722616
49.109722286487624,0.09439232503162565,5078.577078278061,0.0004582838354238021,0.059351319053585705,0.17368836507326638,2.0460374859940176,1.4338414064452576,0.590365127626203,0.8312944080132464,199.48456338761588,0.014971679236150615,0.0017260685612936343,0.036517415266858644,0.0000042204169686498665
52.95372151739246,1.8530443334895779,5016.288585275873,0.012560959368075173,0.036023107161606456,0.13983010681474092,1.8385993384903352,1.791860480833909,0.7764143422832281,0.9118302653402579,18.94378280703631,0.00047542928572324214,0.08810724734456503,0.04410962747637916,0.00005219277283263704
51.35484903020755,1.2643190707906804,5035.605769214896,0.005286572372947351,0.056757204309993474,0.24016555125430694,1.6922396607425494,0.6552544640060375,1.3583359456746336,0.8460642765581995,3.4672915878064217,0.012657526566822046,0.0033363567869468765,0.04285567101129334,0.00007448279679794615
57.09474405399641,-6.243982990791722,6101.833471944833,0.01423599071014628,0.059939640019507336,0.1557316131039671,1.351526209968159,1.2640108572024782,0.9436070463233679,2.327297200108056,188.53928877405542,0.01889876225972344,0.0013351933381908485,0.03596241986717191,0.00039563050570845217
52.36067320315384,0.9234465631566255,5109.524974380344,0.008361347236912068,0.029642696631227233,0.27634454006730974,1.0407668283812535,1.6267070914578365,0.8442905099303888,2.399870956606187,191.84543614802828,0.00015625976790313963,0.06394429965037919,0.04138770981607175,0.000025089511577593177
54.99641337471637,-0.5779012499945662,5347.78058794774,0.014997084622674163,0.04801582046192204,0.10760532990990028,1.4329961452471234,1.0365150877234441,1.3617799017526802,0.8098782661145582,199.09188268039836,0.00017573999343141575,0.03343890340760986,0.04269461796728327,2.450958341475975e-7
56.77251187011122,-2.4966497446620686,5524.288960728524,0.0027648869194569973,0.05618809199798437,0.268029986093458,1.2662767473325176,1.5350003035272999,0.5436706026151086,2.0523008369929188,98.92048162521692,0.006664777631001562,0.0011356031991986027,0.034903078806831876,0.004143706326401359
42.38301790366581,-4.252868868527317,6421.126841327787,0.014619997577976988,0.05689208161660328,0.2863652612125507,2.152552533443351,0.6635844379512799,0.40028285763947813,0.9662440622987327,199.50703970937045,0.0009454076459446486,0.010264569042797277,0.04144147060177265,1.1913825435775557e-7
50.92637293884146,-5.3057428728929015,5165.7318845328155,0.014448905526801309,0.04147298408042807,0.2974243758782221,0.816994427121497,1.5865865962707695,0.6078730596651816,1.0165065105751407,190.13440964105442,0.015865803655117066,0.09952786608030192,0.03453738896400507,0.000002028281780282209
59.16809589694043,-4.593484175445481,5368.540198434261,0.014599158261982494,0.05615157405681177,0.2969193472146632,1.1270873101593106,1.6922126305889003,1.0661076553448758,2.1674702806012904,193.4901095388997,0.01260250981804697,0.004283111317800437,0.03154165444878384,0.00007872103051089503
50.13851828036262,-0.21885284665176918,6112.538910184307,0.003150948649199145,0.05421419533418002,0.25406171742549155,1.746434265282862,0.6341195012239076,0.48459315523755664,0.8022475523203875,10.764300656788551,0.008234634381552539,0.004066751787551806,0.04304830943432645,0.0003520663488807631
40.82872519239113,-0.9897136811865153,7235.93612127606,0.003589900285782047,0.04544912120420914,0.0596019232657129,2.0269007475332725,1.5316345803172438,0.4276038085617017,0.8213552038454248,22.96218870169153,0.0022540941035369094,0.0014639942317928836,0.04196404465661449,0.0004745578241680718
46.47798108999619,0.810784132306118,5498.964142049864,0.010630142020191531,0.059105804074471975,0.1346921580145288,1.9219046803063515,0.7106880882615386,1.1679792690065178,0.8179880267179909,94.73586833705325,0.0012295961789237967,0.0012508349716552024,0.04348674550157409,0.0003969591982705314
51.25781362352764,-5.819020425654683,5246.76000841838,0.0009687340150370687,0.057579950271586564,0.028756515428521427,1.8246687231271874,1.7746961931049676,0.47454549138599,1.419117148662782,96.2159421188531,0.0169390347311516,0.0034095670918938793,0.04270511225261292,0.00014583733587596946
50.66789034209725,-1.5670393122962967,5062.498825776252,0.00805453358738873,0.05973156619630642,0.21330694962138713,2.1228921035234762,0.6573025948810163,0.5224593372615121,1.8708054854051819,194.85849352746317,0.019643095176476194,0.00607498493898594,0.038876753558034015,0.000010575113008445871
52.64487397781264,1.9837050537931304,5924.790518038448,0.014383344682375692,0.03607110106168123,0.1670461953359514,0.8226631347217661,0.6739172497672868,1.1861591752914844,2.3122861035184297,41.90738145982867,0.00541146413908198,0.0627950428802673,0.03142074223896757,0.0011721001150574064
43.111807071886844,0.7269596831287206,5298.017665656197,0.014414504247474532,0.05851137476999926,0.26383187314484413,2.0868957326161466,0.6309324131561662,1.206373912823969,2.3975340097895677,199.3034682439191,0.019780302311078576,0.009701173916021873,0.04347164560976594,5.29583481260302e-7
49.353256521711316,2.1298419294731534,5805.643301317597,0.014929923164094874,0.047774592558287116,0.2952968355647861,0.835684327937044,0.640762243330962,0.5217919033877356,0.8077688465770199,199.50076752431042,0.010355911048055421,0.07074371373054934,0.03314528529444656,2.870095409098259e-7
58.94875769618234,-5.460936294319547,5066.326528611451,0.012235185459290468,0.053609652317786895,0.2932157378068895,2.192816854862226,0.6194046911056076,0.4266634133452346,0.8646985531923888,179.4662427825667,0.01162738718412756,0.018012730467914875,0.04255302002139401,9.462691624776651e-7
49.76671031095527,8.614009693859565,5317.982067862895,0.0016441618618775326,0.05474154385720742,0.1788990952418037,1.2991932260399368,0.9495475192201313,1.3179450028637225,1.7513309850951457,199.7973057322304,0.003373199768402487,0.002281580347496236,0.04109591434026167,0.00034121132911095166
43.005524055845186,-3.3080668320182216,6518.566375087488,0.000026569312660603306,0.045908893639415034,0.18962346708717484,0.8166987240326974,1.1713797879946415,0.4860263190268271,2.359943203404862,3.2430796177206815,0.007747829015116895,0.08987870635451808,0.043486947979926305,0.000019041676915275297
47.64069746586551,1.745990045210437,6603.4058194818845,0.0025154923473826923,0.023691624099983162,0.22507293694643976,2.1221798627142565,1.113206691707326,0.543416134428226,0.824753131705257,78.8220695899518,0.00003957268522746785,0.0974757114429601,0.037124907750781186,0.00029173846559111253
47.44435674929605,0.6033238199656683,5090.080963672601,0.011069540343161807,0.04911906250447332,0.16207791705155614,1.8663259376325316,0.738124258419186,0.5727806853064902,0.8360215980511051,189.96109635684283,0.0017663790202441,0.06755229317180171,0.03804909929300085,0.00035239409131613474
46.97061089860395,-3.6930599350226307,5396.354412629308,0.0023212192143613314,0.05731376919012417,0.02117484817973642,2.105183863264026,1.4553230515758693,0.40349473996180013,2.357481831896819,32.66876625702582,0.019932382820049714,0.08258141207615602,0.040750400641048894,1.763725603507909e-7
52.59743915847113,11.898128575123081,6286.726010619816,0.006364940891627394,0.03410429711363035,0.29822027854349376,2.0865051933905114,0.7917649789988083,0.4000960887615878,1.9615542745695953,193.72363491108325,0.014111673796693909,0.09249668121495756,0.04315112664366942,0.000004116639066478201
54.7525224637167,-0.01899138957222668,5022.718826761891,0.01490849674859803,0.022326453762340256,0.21062332847889942,2.090637695871684,1.335460188359413,0.42266589019693274,0.8102446294821101,199.96813250117964,0.014566380230654952,0.06444427108935828,0.04274526525820307,2.7246532631253127e-7
58.94398717564843,-3.828820161862992,5147.819410980186,0.0017364004318382816,0.05416761168875046,0.24587296165427344,1.7374922715014476,1.7436522366643739,1.3920177190980538,1.2172099042418423,41.849624230943824,0.01899028257693997,0.08159170263345411,0.04336419294158773,0.000020959038499459904
57.21127354417533,-4.872193586819426,6165.825931682019,0.014748005837651755,0.04941990273604456,0.02197709211295797,1.0828157614662588,1.7628225292727726,1.3097184142988723,1.554397933464658,129.58281800741884,0.0008922029783858828,0.04649591976711761,0.04270423368837564,0.00026853832482132736
44.70591675712569,10.830447000298147,7255.995560779981,0.00019213615327838345,0.04351943069141505,0.29726952778040916,2.085372611679115,0.8328479295981044,1.1373442669525895,0.8140283758960244,171.4331453640456,0.0007725760413547266,0.010504715629749159,0.03792806842269328,0.00011719964154232752
58.825674833666156,-4.19929261704888,5943.001429328221,0.014042149450497194,0.03373021620765833,0.29629061369684323,1.9815224675261567,1.7229543652406498,0.8027216513016695,0.8004919955149836,186.85638780767405,0.000351878256314863,0.01600638883121493,0.03745038460842302,0.000050190003544629914
47.388007797298584,7.287652311285356,5076.804222051532,0.005288934119392673,0.034348219772699494,0.13213219829488995,1.4699128929848093,0.8533627278636189,1.3993182860246158,2.1967857681138514,79.82995433495856,0.002794544027544205,0.09099797198420778,0.040614750659251825,0.0002552221912520978
50.62398132144955,2.0222245862655903,6549.676300754934,0.007659525157137061,0.02512987698883724,0.25529554110584973,2.1654145535040685,1.6481907295898468,0.6872704944908922,2.3146960346571914,144.35482388773377,0.019980433940529514,0.0016717998506630388,0.04048869718475741,0.0007635503234126044
47.60364165397144,1.7291194055990822,5000.606114719282,0.0017396412583324768,0.059604326460423476,0.1524776356885415,0.8041443883160673,0.9802107145661391,1.064627896475252,1.8423374128065644,5.122161225325299,0.0017481085398911487,0.03502984729312762,0.03443315332834542,0.000002146221175004116
48.52630020773984,1.7005577340900473,5962.3307438640595,0.012952915599016072,0.059750259861386296,0.0655166398495711,0.8871427187375475,0.8814647210942232,1.208860102704111,2.380844013016344,0.3214620902348749,0.0000017447206214221724,0.001004863330445906,0.030033680498637416,1.0469414565859125e-7
45.60498249383973,4.983424593885832,5877.1897511980405,0.0005236231337995444,0.045019702963598245,0.25286023532357704,1.8093947192657076,1.6172522264736906,0.42172803743126147,1.7763107136038112,197.92919844154625,0.012197369070041701,0.0011686995329103092,0.031874646011687185,0.0005056156555707376
49.554063334544644,7.219715692983204,6373.0579642146195,0.012091762724397034,0.03498003037718816,0.274656862869442,1.6096781849505581,0.6177816162562721,0.6929132694552034,2.287486473207627,188.5819607940637,0.002332275017828242,0.01525913890583199,0.02570888519651079,0.0035615320658582516
51.1431446308906,6.59779128048843,5043.346341502392,0.013835977272846802,0.0564947038383526,0.021220604336080078,1.9667380875564777,1.2387147040709605,0.4243328542383967,1.8833160297378333,106.2190390810549,0.019761685207160675,0.0011120550574818897,0.035270127972928604,0.000004900070331530411
57.74078010915635,15.340662318502492,5171.051094305558,0.012801655384857563,0.058530846594212885,0.25464796342383983,1.9757097152986367,0.6037832229677931,0.45474980081766736,1.2276481382069104,121.05375349449561,0.0005007857335643246,0.08270613596879639,0.04287414745633195,0.000013275914729642642
54.53735256422879,-3.2709203151156814,5079.245711916189,0.014784539385777886,0.021072376807919537,0.27313216961711784,1.7873317500764445,1.5401547391521206,0.563965171844682,1.425650772336113,136.63417242268628,0.01976241339381652,0.09801899824448489,0.042168079700153765,0.0000372876601728855
53.12667904523792,6.153333191357909,5994.6070322273845,0.001627439331981516,0.028161313478975974,0.020045096316446118,2.197485815641243,1.679135792558287,0.5242633594135928,0.8550079667932493,173.3039916781139,9.91582684862846e-7,0.09905871985933172,0.04077441266748577,5.338894639219197e-9
56.90974453015288,-4.341069621092337,5072.40017119449,0.013138198002724668,0.05935164168933088,0.20283047981777622,1.6009071756279005,0.9284153227034846,0.4097756637527879,1.1553928065630843,41.286939291713544,0.015760704986970814,0.0011834702035084996,0.041236391697372934,0.0000439368270099977
48.744054429363025,-1.8395108255446129,5765.151517571312,0.00039858205999608625,0.0579969141116728,0.0246615384575047,1.9590592582873314,1.3698304763789506,0.5694690322670439,0.8698127870888257,29.563797652189333,0.015342412040058236,0.08878733264752982,0.04338930939962556,0.000058746098933083815
55.93869120473914,-3.4716007851816446,5838.24087341821,0.007798266320251607,0.0571304522722667,0.12179842411059451,1.0533452856467733,0.6178944541226541,1.0174151394795794,2.183028043635214,79.2863040322451,0.011849490221801299,0.0031745630708881665,0.04389624067045078,0.010913231632769744
53.66891345755559,-2.992785685513957,5139.813737150123,0.00003792187370334008,0.05969344232475838,0.2000103841127206,1.5601342021625184,0.843828882969472,0.5044644094097839,1.1905846681239323,100.60362844933255,0.008503701149432939,0.002480952357390597,0.04334285189414604,0.00012561116212881276
57.85975432014861,-2.2412486796632196,5156.525371712754,0.014915317361718628,0.049041029992868544,0.1871217834847598,2.020346435237668,1.72163787533592,0.5737807919681017,2.3260909108889423,24.622414125652703,0.015923476347403237,0.0011152880889935973,0.036143857965636614,0.00004621108864170571
51.828210231154195,6.060716071572969,5089.308210986618,0.0004812674506719854,0.03544322658069578,0.2997637737723694,1.3718045265333498,1.3991258347982285,1.3948685113829669,2.18722147250252,199.70242968724384,0.0010161602223703716,0.09353159221928185,0.035756921846914765,1.3978565710764863e-7
46.92054599665314,4.293533526293569,5594.004475785176,0.012292564522019812,0.052160386402732725,0.13831284015960135,0.9388998249690964,0.954322094739289,0.5489137039953589,2.327298692773011,183.1271152257921,0.000032541965617164474,0.012546555556791551,0.03730397404151457,0.0005014036406065716
52.884727573002266,-4.48285002180296,5900.101496457436,0.00029249371291660255,0.05342830402793227,0.26186468235402144,1.462871844686719,0.9060172540692992,1.1755030244409594,2.1140969573149677,0.05578871039743793,0.0018423513436933506,0.015046082473424571,0.033655262774703494,0.0001738246200017361
55.85868718535624,-4.211365663932091,5283.607657863623,0.010750590405453887,0.0591677988217437,0.2287635260597503,2.1683384513121746,1.0604322209594534,0.41341955161580646,2.370484233894061,20.851006219392136,0.00029462327870936303,0.0016925245344677283,0.03656859770157745,0.0000032039059284984783
40.26782491251768,4.144616138435529,5840.701113926938,0.01482288615523913,0.05645815156829169,0.244571559860036,2.008475703125028,0.9862076962483408,0.4030669051360945,0.872977971312638,199.41924663898888,0.01745263091111904,0.09999638813005984,0.038392447335820666,8.707811973654996e-8
43.45212651169539,1.4641281134883286,6543.830527910839,0.013893010739563274,0.03015236707718436,0.2947444666544694,2.1886108003207765,1.412186891277638,1.3933228890881668,1.9025901853719211,167.65924609731,0.0021741390797777476,0.0010044501124803185,0.03297751357691752,0.000006977843209503783
47.5707680724936,-2.593714425392248,5117.267052621718,0.00792872138972113,0.055741162885572286,0.08015201666306232,0.8705484443787769,1.1698313054185592,0.9989852094911292,1.7860536915702852,9.336008257385616,0.013040340043881807,0.09053606081693136,0.03912621234559185,0.0010765832963226644
47.79044406637698,11.080761147479478,6200.075974421892,0.0012843319216539406,0.04138264210877513,0.12663641148352056,1.91851568157043,0.7649185284653643,0.541423770985621,2.3477362259696353,107.68776727437992,0.018528036095059434,0.08918781162056996,0.042042930752017205,0.001784103933531649
52.37084518209531,5.653026690337901,5313.497669598442,0.01410911412086734,0.058115113330781475,0.02171941181172568,1.412302510117426,0.9187545717458792,1.1583026268401841,0.914204310020533,177.34438816841276,0.014828374448136042,0.008589714469536162,0.03800624103540563,0.0005349489050807366
52.29894513545639,0.44514323958764557,5229.495480548645,0.014778708662074863,0.059971600726655444,0.23354467162483172,0.8004928940362162,0.7783550602512364,0.4512024326928837,2.3517307408881045,166.78466499217677,0.019628455597296087,0.057913900219464694,0.027081775649614327,4.196120833970077e-7
54.903850776686895,-0.17733488724427637,5134.953739586114,0.010481090687402904,0.05688520423462276,0.29953471332522236,1.4017965865512483,0.8628080933513658,0.7641374442172589,1.1288638453001212,0.33057785101417214,0.011901581114553703,0.0017755485481482428,0.04142647332322357,0.00004118529409637278
40.75906152167664,5.899284657766039,6547.499593400398,0.013635622567560148,0.04259627285568289,0.03158522021229572,2.084231635881324,1.7828021400002183,1.248211761275851,2.3884419638749925,176.0259944000379,0.004326506441246062,0.004142914801731178,0.04388731641268426,0.0006533476684284005
50.96249526279412,-5.765585511728309,5028.636882727252,0.00002694446228720757,0.059116217505216465,0.08936792741500088,2.113627384348715,0.680853395167033,1.374544100756933,2.25049523102071,6.056559168441494,0.008114871948847606,0.07203446676681427,0.043716055314913,4.6276478224219666e-7
55.049669777364905,-4.756532504001774,5037.759614139455,0.012144034167825515,0.04559487480796554,0.049211797838556184,2.1357338334483007,1.397619261982632,0.5225320433929275,2.23984809300992,104.52412291989353,0.014743022070405756,0.08200701851244421,0.043518192907057614,0.0003638308874425134
49.024930130266796,1.2322714969593207,5412.326640844248,0.01453639194358204,0.03895690844682108,0.16883697903873954,1.8467988409808385,1.0077287044788128,0.41106283544262273,1.8115836919950332,140.7483192129057,0.006544306892231063,0.015490481026107818,0.030960249709118936,0.008247595870318772
43.894215835106195,9.83782248042736,5393.950184535141,0.014968241733225798,0.05999388934193828,0.15204652378877373,1.9944276951920916,1.3211843051587762,0.40068044941045433,2.185480567950507,195.71387720902032,0.019491577424623686,0.001037848227465881,0.043608031898855794,1.8499847060363745e-8
47.18039802042528,-4.881525042867088,5926.714820686492,0.014576150612467496,0.05248229197634408,0.10203943019607283,1.9635162508192872,1.7640819268103596,0.7455789643995092,0.8975006519381935,138.55489973290045,0.0005983585601857205,0.0010058610040609996,0.042422500788039594,0.00008596205474746802
42.758038709570855,-4.085935485499759,6057.5770553958755,0.014990785953370367,0.05877274625799516,0.2947365546447476,1.5243407853200572,0.7103910590607349,0.43638767237973786,2.095927083167678,135.20535943153521,0.006443672579097118,0.0373919467401537,0.029299746066613844,0.000029203310828748355
55.86541079116597,10.144507808146646,6525.448583776955,0.008286690764056859,0.05974360882590422,0.021693029615117824,1.0034249379654445,0.6239272399022009,1.301411132808863,0.8674633083328783,197.87947281418704,0.007597324697546176,0.0768949610376523,0.044177479342328574,0.0000014279472495399364
49.21646899279588,-2.961252785766284,5533.972306262145,0.0038047209660962236,0.04316430212769487,0.20626233124461435,1.8667629756119537,1.6300181501497244,1.397738120863961,2.3981717708342885,78.37524185457141,0.0026724797036813846,0.013068207118356878,0.036480626952765126,0.00013901592572356823
45.08924380151092,-0.7929254331412583,5037.310030715829,0.0053170683662055376,0.04141214906996605,0.13015333698468065,1.526219430964098,1.2015733738223746,1.3656396055599571,2.3956258770015424,0.02729893738282474,0.019505515014143885,0.03240870502408863,0.03818640328229965,0.000003242102211778131
52.11495896964442,-2.199041991564103,5744.347101925521,0.0025587094356397085,0.05346561168937884,0.18905392574811292,1.026312153678811,1.3439664003907348,1.338806817294832,0.802569584817797,80.22059418244416,0.018135466202420066,0.028484603306069167,0.03877549306342836,0.0024528493395645995
46.89267649232216,1.0865771659551875,5344.787800073884,0.014775588333384245,0.05629454588967991,0.022389384552130905,1.746567662908796,0.6113748605961813,1.0465960947546225,2.232081845741673,174.3460489242388,0.019831911352509758,0.09588887566768357,0.04205268429948913,6.310987373568401e-7
53.21995203446298,5.4342593005994555,5160.376940257488,0.005559588228710267,0.05932024764793676,0.27118104186385916,1.931739354879892,0.7414847607459791,1.3593887536990144,1.7485005553974973,79.3066770431532,0.019307503042035948,0.0038022504246425096,0.03137356536094756,0.00029035283613709024
42.42451792822428,13.353952513743856,6859.075080882489,0.0001499716964420182,0.05889046477338017,0.2869270705155827,2.0630186103350687,0.6452775840589545,0.440588874859505,2.2787041307406426,46.840680739697824,0.000367478593539341,0.0065339430990052905,0.030817021892048192,0.000007433330475520015
51.578566345929715,9.766559826144139,5180.276250496811,0.013133383547523128,0.035167679276917316,0.11557103375572358,1.7871556324666509,0.7725503296190112,0.999200060328914,1.6630578045124755,95.72557819851572,0.015694072609502042,0.0678324527666992,0.038979478317475766,0.04273456731654218
51.32937481892575,0.5749024904965037,5423.837567253866,0.01283071224715267,0.05981225883338957,0.21796979366770042,1.600174318625351,0.6063825412433321,0.6702860005868252,0.9759674354668363,3.6010383184604517,0.002151680506414305,0.07984265265779444,0.043460565900182935,0.000026117807662149746
37.97809108078892,-2.3612001383301076,5250.677552217614,0.014232217630253554,0.0591767511818241,0.2810373653460406,1.5246228279489482,1.7536033571485925,0.4129168001655826,1.3726268378483168,25.56500652241963,0.01760917211791712,0.013738173533706448,0.0413781900704531,0.000048682250848240975
56.56984899356293,-6.147401006046816,5215.283280281227,0.014982966899422632,0.05992796965729112,0.29955944664634665,0.9239070759168222,0.6063914322697218,0.5006517961111183,1.4123224987777925,197.65220859513641,0.019567975616559503,0.020459661649806296,0.04349681668573112,1.3596383370954403e-8
57.82161840778994,9.465764021559213,5079.415790576131,0.014809332285153173,0.05659683413619775,0.03346655627721881,2.1796642141689464,0.6473066077742979,0.4898391736756701,2.203462909342692,14.434728928815716,0.002595826570260913,0.08750253823305972,0.04026171943896973,7.17988404508129e-7
41.861225920408685,-6.2755325009384695,7616.16361995082,0.001165701990227644,0.053503568371956405,0.2924588215042266,1.533299296803234,0.9012304661430998,0.7299744409688275,2.381075510543446,135.0166245890755,0.01997036979403843,0.0022402836381715105,0.036557140079433725,0.0004183098651936289
39.86780077633648,0.06237379763238948,5241.62863402172,0.013572081537564834,0.05109420944120297,0.2738044026745822,1.516322319633211,1.7947998650041348,0.5296950626653116,2.3693649815170295,178.4291332092326,0.0008410592924047686,0.03855041164937813,0.04182223702782455,0.00003669693286051302
53.843231058394686,8.455237504210256,5040.392147627011,0.014992064422865575,0.04135787788854188,0.29631759138414504,1.199474057942217,0.8656168175724714,0.40411016168601105,0.8019994667925435,197.08575107825925,0.0006513913769932333,0.08751541179787546,0.041833297065669295,4.053707895915942e-9
52.53989980995519,1.3749908330718164,5616.91127176486,0.003965952365505649,0.04413406988063695,0.05238939493444454,1.749220645451818,1.4179447500567295,0.4453842387052639,2.3832235020689314,117.51929571102305,0.00027632898945745743,0.009810900260101086,0.03741180861413512,0.0013961826178772183
48.80678313773745,-0.42266084018653416,5859.943353137039,0.00046785563330725574,0.039336408956149156,0.06328159940781342,1.2233726190529826,0.841507845894236,0.4463538489874127,1.131006202834933,150.76320721030484,0.0036183751816774596,0.09128111485212051,0.042654516040446275,0.0012706674702026336
59.240471515180246,-4.53055572941804,5208.338137615113,0.010400151054870363,0.05237886650303149,0.25836196979953585,2.006823843324333,0.7138776828787241,0.47985987610853953,2.3877341072994334,11.5089539306414,0.012666071924226766,0.03578625669449744,0.03833220086514622,0.00006386059326589831
55.57140601396325,-3.1500777316348803,5028.461708807782,0.014003536545076448,0.059846955102286915,0.24189287761573602,2.0398506938731744,0.7020668810159837,0.5086596406528668,2.2456008437468737,125.88372067517138,0.01997923030189455,0.03154669136469606,0.03899140301920661,0.0000022439415782490265
56.29323449804413,-3.713442957606323,5015.727876696862,0.004845561965518388,0.05101530964424558,0.292404706498739,1.5296920654690762,1.4424840126190617,1.3787648110583313,2.216890959537865,8.354476077717198,0.0036013178733955396,0.004078254378902194,0.03708775845462011,0.00007067464877806444
40.959711292512765,-2.6807872118749883,5937.970842877589,0.012440131522475828,0.05722685568682312,0.2983833598499332,2.177919112804201,0.6896010414371585,0.430184439590101,1.5256399593864756,194.682545127418,0.01918435985107216,0.03405828176652415,0.038250834671142965,0.000003737749923879746
54.841596576869456,-2.6856640274940773,6255.770962463042,0.014122381504394151,0.04583021266600122,0.2752081602177168,1.1938206780241951,0.9641477132425249,0.4002348355947552,2.268972545477509,130.06306391760089,0.008167393171058853,0.0018422714255562813,0.02778633441364139,0.0003304668367615205
50.69078403303808,1.4115953210475354,6491.281717889047,0.0033291815660925947,0.05019494660076242,0.25338251845109666,2.035151032947095,0.6718210704290705,1.3435751376175502,0.8186256671458108,181.6957240337169,0.01919365155260507,0.0011015689677729883,0.04405664569077082,0.00008214523507299481
58.73734928258847,-1.7088037970569445,5017.277587933609,0.013249546866759535,0.0570006133116037,0.26031462144554485,1.7099146252283166,0.6369133818616686,1.3848156453278533,1.8056927208324587,42.07553129743424,0.005236799977682425,0.022432971543881006,0.039870884721122705,0.000056534176511521306
51.6511138624034,11.070661109067895,5280.842585737689,0.000668700936268043,0.055135421630108164,0.24036090917576994,2.116233998895998,0.8308269312286414,0.4901585577546935,1.6893321899812919,191.25955835984857,0.0036117381417342443,0.02476180396436881,0.03397819733270608,0.0004010319894662228
56.72457987719976,-2.4050053134998644,5048.4232864532305,0.010824083841031656,0.05868204676867484,0.28951302235772447,0.8070430055746904,1.6857057655285077,0.4270434416242862,2.1075208588703767,160.27211262236298,0.015944941062623647,0.004963884157868892,0.038068886884164536,0.000015341025471341007
54.64317059367215,-2.4643091488987583,5059.4446058934,0.014201725476708095,0.05863417368218185,0.2567001456466703,2.1927789215734363,0.9276138295186157,0.44441213741530017,2.208320531731534,84.78460454672084,0.018016217909369033,0.005212953433057827,0.03960069477347998,0.000014187907042348352
59.18653966665139,-2.6744653745346874,5221.9708095128835,0.01381670879014094,0.059001083039518516,0.033278187936108095,2.025086825163507,1.6741524263718182,0.5951738620703722,1.999062268592174,77.07051167637792,0.018559650080910293,0.0013215323228682257,0.04313156497072405,0.00009831019664733343
40.12507551927723,5.109027231522372,5102.078763084206,0.01486738711680007,0.05036310750469867,0.2136117845339562,1.99350761991753,1.7997296348126017,1.33619760544706,1.3457944885976072,0.12881180907328674,0.019618448419998373,0.003177334542863434,0.04297092705469324,7.270212786618372e-7
57.65105562070772,-4.635307089636765,5025.701224378558,0.014929732399153238,0.05973772295276814,0.06314448029712282,2.190699717051501,1.125958400593135,1.2222612826131427,2.3296087191974664,137.7110012151486,0.00002823040572934068,0.0011500015687980686,0.04197794247133879,6.629287302358087e-8
60.81233877532209,18.888258807909146,5081.52617143728,0.014254629924783888,0.05946148194475983,0.29957669094495476,2.086984816318719,0.6296426809964631,1.3543039909926424,0.802688942632467,24.973352251815882,0.015888896458734127,0.0689283226934403,0.043507834967093525,4.106621867143208e-8
45.25474710649221,5.290025230725165,6242.933927015325,0.002673460207371501,0.05399280091836641,0.0350074997569195,2.131146245527723,0.6006886705997401,0.6661573383895245,2.3665629618942257,198.0566196981755,0.017956155591319328,0.05120887618043493,0.03059183003316752,0.000010528441595020516
56.09229130905234,-2.804572040446131,5143.750439792886,0.00043030068157781214,0.05320503183352351,0.14137378347065557,2.1864459456202123,1.3211521635313601,0.4167374030086844,2.2760811541455377,199.39493324522198,0.01868924545473136,0.0059964862757017935,0.03881197157520684,0.000002148607508555894
52.53426162691436,-5.559245213316133,5014.241817289729,0.006593003946154269,0.05989120892098669,0.16292415542916358,2.052043245649014,0.6296155750896958,0.4140554210379376,1.5522479232028936,134.57218279804772,0.01288403458470091,0.011078475683015558,0.04192155169476574,0.000039629687252438894
56.05722388506125,-6.106073180735789,5079.101219455376,0.014844333634230092,0.04773108655911097,0.20794497626862946,2.157126499072331,0.6144240993919625,1.2331035271570872,1.303165289451143,194.98695434702535,0.00027724503384164614,0.003327485373625107,0.04383032617357949,0.0000031109329340391575
40.62076473527034,-3.805834596725739,5108.895545091553,0.000025249949592741724,0.054445239786191896,0.2932101532297175,2.1864597452021903,1.1964874949261652,0.5062236233336015,2.2923229883914615,155.42827237345526,0.00849172810013845,0.0937552887925201,0.044200363357412835,8.890216643461554e-7
38.49073927191341,-2.7606139226585267,6305.940732201783,0.014567081464224061,0.05665869540571269,0.11857712118375634,0.8771018796078808,0.8604327732647588,0.4336268123493281,0.9663925861822189,195.8634420360555,0.0025917314121893654,0.08675249929308135,0.04423684003080995,0.000029280819184298687
48.065133507593636,0.6099736482391016,5001.772211830302,0.002383317292155122,0.055891235849940366,0.02351656640873383,2.128219171145508,1.7647391458425004,0.7865744838285852,1.8532006972645272,191.82504954403194,0.002608696240557474,0.0010162131535744316,0.03683368303085555,6.114764174877723e-7
40.553819896343136,2.679719092473782,6476.554316852058,0.014752973281097734,0.029413181999516858,0.22906046782280326,1.8636741222983473,1.3920808123388564,0.657155876868524,1.6602571555057475,92.44092928828023,0.0065802284175500644,0.07287236518604379,0.03530070960719511,0.04816123744623436
51.458698884328975,5.645343267918893,7083.243488929418,0.014978680818463373,0.01346225706935649,0.020082418803083885,2.188465266039774,1.752115594233533,1.1881673790930347,2.009341172696055,133.67719062676488,0.0003743447752882531,0.09931328562425595,0.039748418271457316,2.2879549015240437e-7
36.64610645972647,-5.267497977563104,6286.898136767853,0.01302812474067412,0.05945297123105737,0.21446282065575242,1.2921795974637322,0.7868378856922473,0.4871484298680577,2.1246672438246765,161.52191589833512,0.01677549148057848,0.030607000172515247,0.03908870678394773,0.0005475230282555435
40.57132205413576,0.7968047153361955,6379.117593011976,0.013721874564368026,0.056105012870886414,0.24890894238848618,0.864462139578709,0.6088659501191322,0.4003792008181713,2.3930295470159337,83.77954508142793,0.018775335597004162,0.03892872181898692,0.029376266010339495,0.000001640423528575976
43.25371660784616,4.7480372945402785,5554.944973152628,0.007606880202466062,0.053279660149394635,0.17600985670187796,2.0009691416286897,0.7001708873917498,0.428025792957911,2.3019998890447244,9.94242834659797,0.0012622924385944027,0.08724218063763174,0.02716702313945488,0.00010844432671149916
47.44592636009745,5.533908583573027,5988.407335462092,0.005422365574713973,0.05959376626933247,0.2934792828888475,1.4319965704495894,0.7339862431000823,0.4472281040347328,0.800821145223657,60.47844966275947,0.004205228117140359,0.021172039537790826,0.029956158862996032,0.00005581051658691729
53.13231915280239,-2.525801103795681,5083.719524649345,0.014639511454495924,0.04574612543834265,0.2817963554551609,1.803471624009179,1.1491728987861682,0.4309556672019491,2.365544104251385,130.69617891888436,0.0015320596566707912,0.0015818121956678165,0.036696936528339365,0.00005727137349407357
50.29621198303851,3.640604462411199,5397.1925224211145,0.0023962081658709987,0.045461042600346085,0.24163151856643542,0.8571175271431622,0.8622793081898112,0.5371322788466266,2.084031617724167,165.12563095157546,0.0018319041190605742,0.03440191337872051,0.038121363901424045,0.003817041747738032
50.43179504626764,7.927693519145169,5051.421007742774,0.014925607538600344,0.04447640589645871,0.27169754338285407,1.9091851323157962,0.6026007789061988,1.2288171494514144,1.5012855322056522,40.19986073011274,0.019492329200031716,0.06454246250247948,0.028048334477248815,0.000022190911672505154
47.56271706048298,2.703860475008936,6396.76699115931,0.014853379593041881,0.050492143491410985,0.1902653395874995,1.9839427225684374,0.6043432409195088,0.6300348812268016,2.2601387615080974,198.04244887136434,0.012556712483199705,0.0015945008214090768,0.02858630631736902,0.0001400605048486511
54.92788133647494,13.615514989472612,5182.61122963648,0.006645971338800924,0.059804403632889386,0.2994855021304426,2.1735607662590883,0.6014922839160206,0.5023580645381154,0.8717811800480508,120.7605425420623,0.0009704447679760316,0.0703205791713128,0.03311314110956577,3.7026176611337255e-8
58.830635519179445,-3.368041201903875,6215.294746214135,0.0006671925269372767,0.045199233647532026,0.28683817294033387,1.9979381055549055,1.455811419633018,1.3968754411032407,0.913827446918993,1.285135708527578,0.00743543785090303,0.015443156907376965,0.04215485107063719,0.000040369944444282105
52.72565658527392,-0.33025517564600015,5136.169147310504,0.008838453150237282,0.054523954406217344,0.18117307465958943,1.9530611736500378,1.026481569904798,0.4039303321331996,1.4906441375752952,179.8619343348726,0.003105933101331087,0.0613764000018713,0.042286171675371596,0.00034861669939217113
48.97967732840654,-1.5206484578929533,5182.6850627285,0.009752838167159958,0.05504921844546191,0.02398694749248235,2.1360037047569658,0.7265205697957069,0.4026147611136554,2.38572860124415,3.7912921784068616,0.009513282173218479,0.07574681103546996,0.04244861219821908,5.717643079373788e-7
46.17636146299833,-0.6452000258746864,5245.052210909218,0.014744899619390923,0.05710702366204516,0.12870146503408572,2.1646821051105776,0.7666691610653429,1.2220637355735917,1.53953034593204,198.72436942982173,0.014751732213547695,0.0013624884402506185,0.04190537203971252,0.00004379486975783132
57.7733817268592,-6.199771612797601,5114.270921520287,0.011398833070715084,0.055456254471749754,0.07901308335354958,1.574491786522537,1.7127459096342883,0.7430558533277493,0.8630252337531531,67.06215168165568,0.000009384383158315247,0.0020925258767680783,0.04096252560272821,0.00010377013351122676
47.3216767729621,3.2360997462455003,5665.192198538832,0.005912302888078567,0.05662958850963237,0.2813441396900037,1.6833563912019167,0.6180860597382637,0.40895916766516427,0.8579528474986675,199.94268000162762,0.002754772083490001,0.04694684536043862,0.033932519442387954,0.000001252909106745722
52.02606837681516,-1.2213639485299623,6097.396800051652,0.014983512145540858,0.05405386870401056,0.06748855423176309,1.3482678211155035,0.6057048586781443,0.4511664513376534,2.3020142035211597,6.478631752364458,0.00015562008707695958,0.0030270464736551336,0.03911343236228408,0.0000031855110298771174
56.12373947742393,-4.902790619223266,5127.8363702620945,0.0010215060418639038,0.053782163302045556,0.09885576325125793,1.9278675379811814,0.9494093827551254,1.3958456887598487,1.7844637938154024,14.44787543446296,0.01994692498398853,0.01806894905833533,0.04411852584192845,0.000017833477521461145
53.86551010218574,9.583277736397548,5036.285138839769,0.0006011764042314536,0.05876830782746219,0.03207115676310891,1.956209124723751,1.076448380714992,0.6430515353862192,2.1802263603068193,69.02008452920523,0.01997408573405421,0.003953243011737963,0.04209987985088507,0.000019808107477225783
58.23081277269249,-4.908395050816413,5171.0705613072605,0.014192902340505844,0.0388472285780898,0.2689912413383368,1.882264897672066,1.5001918742742097,1.3859970597429287,1.4361732036962975,76.46367252020244,0.019139183600691046,0.00315696002437523,0.04350270228584971,0.0003222019544665529
46.615235186948695,7.894407304303115,6590.0206037187945,0.000726096916400898,0.048674320666669796,0.05559449814671426,2.1858289531445694,0.8804995047021396,0.5926440397477926,2.217326056970415,122.92307726352132,0.01628242538468467,0.002225736801857252,0.02759976643741252,0.0034932587557988917
40.41076394802003,-3.824012724769246,5150.506291359667,0.004439156876014679,0.05668947880595446,0.27715538196668554,2.0848816469392477,1.7939393481214045,0.48363790630018133,2.3814602117598196,119.80341882676697,0.008343224311525585,0.09607631256560797,0.034713255633761465,0.000008705514809002913
50.54267772576789,9.246877137858249,6886.947469569726,0.01131155502012843,0.05606929675718514,0.02424672053183433,1.8989995807611009,0.6317778175259272,0.9358067157335135,2.2605902106742066,58.44172028455876,0.019820123195591847,0.0011049310512282946,0.032266363917466755,0.00005997407873471628
50.47000406305292,6.168712736725567,5028.3504725300845,0.010057320181763264,0.059612729106502976,0.02168301251040945,1.7592448966293173,0.6726338563639173,1.352485901907787,1.5211607618489156,80.77948346224503,0.018107351657746854,0.01652423280256078,0.03465949289382271,0.000042174006584468146
60.635896709891014,4.20381889597099,6602.841131581779,0.001185463121946191,0.05621224516974202,0.24531631718205163,2.174554348278357,0.8362292831541482,0.4135897129951271,0.9252813850923758,94.39195520799795,0.003046084430174579,0.09616414504641853,0.034081226422327825,0.000010655097619096734
58.57958215852848,-5.530741014810741,5335.016153770953,0.0010536580541685853,0.057740104123114984,0.10430354460551626,1.9735576591224608,1.3395475532978947,0.5932160078709969,1.3027539680401246,1.1929866370309599,0.012309361757026856,0.048591154123944234,0.04232835041225868,0.0002314338563392745
59.546609964049935,-4.457519928819387,6154.3603318048135,0.0006971202777607437,0.04612679523524849,0.12395960477612031,2.1256787708804357,1.5128889647035313,1.2054481241207382,0.8415026737137602,120.47009128324966,0.001515147470822762,0.0013634716710889542,0.04002472175900045,0.0008722857385540444
45.40288735650565,0.4989304519869826,5478.798078494634,0.007252141842391333,0.057438630446414264,0.20405068649846864,2.183301632602649,0.889673672719534,1.3932075239913355,2.3901956703958795,31.301354302593236,0.0045890788198405495,0.010879577553605883,0.04188484960309457,0.0000796093084682955
46.714046215170605,12.493334150006824,6643.448873017101,0.009199298535731829,0.03933975685906105,0.1594226965084153,2.1977596336816134,0.6834865439066655,0.4136584693678478,2.1465196058331033,20.57723615851599,0.0018403771600097854,0.09032812597176199,0.04432894671150506,0.00011829677677808172
37.78817026189361,-2.986570014857877,5971.59573299826,0.012916569500903205,0.05666567476494177,0.28897127989280974,2.0514431598800806,1.7174444420113728,0.4148004154714407,1.0563106423392534,173.87326458649815,0.019359601399909953,0.003974509433692387,0.03925855976328968,0.000058057780295340104
58.75013073234151,-1.6204353954097463,5110.545928115868,0.0004798311166777575,0.05577631040648293,0.19308092161043208,0.8761906456755874,1.5278431142842916,0.42481694317385077,2.2432949803429265,197.98398975818915,0.013821547950978189,0.04065705834180472,0.04429188293309887,0.000014107045884789855
40.83932845126673,-7.789753013122403,5837.066656706591,0.014982920341528075,0.05315945152498614,0.29872755671267937,0.8547833437824797,1.7756781436303846,0.4000157545661919,1.7715936227790152,108.36540141787327,0.010933259786757339,0.040749133446184437,0.04363464318547262,1.8129137050057198e-7
51.430679413593644,-1.8110719980099201,5005.117804906432,0.001465088324156229,0.05605579735608623,0.2802953547017207,1.37797918120256,1.785824724411666,1.3998651588942825,0.9016854165890558,142.99220910769435,0.0037063457031149363,0.0010022924739098086,0.037393576748651805,8.086884293656867e-8
56.3236587992665,-3.434868913659323,5162.558956545583,0.009404916545364912,0.059580051345917005,0.1521862103362608,2.1464256621918825,0.644688383326068,0.7669270413548251,1.844285592905053,10.4398632829798,0.0005239031470518736,0.005760303214012757,0.041660970681313074,0.00006083746782013405
51.74123347799781,-3.9188819445526555,5065.489363929025,0.00926409045884147,0.05688408497964865,0.29954089879467266,1.5632662205453602,0.8563182245591279,1.3988888208207213,0.8838401495008987,173.36834870267475,0.00008141229003814052,0.09509189095843067,0.04322754989473122,3.291536466371348e-8
43.55535599444207,5.826741284531366,6847.320632647662,0.01461542124486899,0.03827658186880657,0.2988383687348655,0.8078734342368545,0.6425108007620863,1.3998021217533083,2.305066204398413,2.6364288652041674,0.0082327403946943,0.001621930342593674,0.04060445442234166,6.25239762626e-7
54.51023567503429,9.516332943223013,6130.615795980486,0.014920943179002883,0.054790294508213065,0.02013170158168145,2.1787795731060218,0.6695715770647249,1.0956353763931947,1.8823039239486359,199.85703314156328,0.0000678693147424011,0.0017360534334336776,0.03260710259217794,5.521392629525591e-8
56.730794426190386,-4.0799545893451885,5417.951358226407,0.014045158317125368,0.04299204226577643,0.26147788243446807,2.196232025513526,0.9775315267212258,0.48927279564811865,2.3815895106548544,2.139283905927106,0.019077763684716167,0.00467266441682683,0.03817855037432323,0.000005146990183633183
48.16946712386944,2.3156998894607366,5102.754812717695,0.009708137399339662,0.0589144611748646,0.11986125542939342,2.0731107483637192,0.6401289113590282,1.3036886981321543,0.9006390722730311,32.847019699241834,0.00046488336971369073,0.0018509757128409665,0.043640078463485235,0.00005817462629149694
47.67324933100507,11.835513063123127,5273.514815172711,0.010667129436690464,0.05883838887011443,0.29419636492089124,2.1864056995342738,0.6003833153228122,1.387792231736854,1.4988828672717451,21.37529160854605,0.01051741170376705,0.005855144037346576,0.034931358482286505,0.000006285104444671447
44.248489627012965,-1.0300386713835916,5200.287789133534,0.008003579879601952,0.04880035060199197,0.2898524233141782,0.8873483716222124,1.7268341552728717,1.1804865353303402,2.352861425973502,197.8090438015792,0.003745270694465045,0.0014841373018912483,0.042830456528997286,0.0000316117896603235
44.83428870646427,4.757365669325152,5871.2841006738745,0.0006412004466463379,0.05049311586998621,0.08635425837721095,1.2670379549525976,1.3174816936780642,0.400390811066978,2.3122470496876097,180.71976741060845,0.007375150925821649,0.013554628613034359,0.03423627306786069,0.0003525254779268436
41.20573619513818,1.602884055520601,5720.463496267307,0.00739827287166472,0.04202520947820715,0.09586169064747614,1.9631811297002297,1.2162960540418815,0.7454664079999755,1.2941156794087294,1.6555458193706036,0.005108536002825348,0.03688454479538551,0.037247802267843334,0.026519318057024687
40.29534079364145,-4.834484760744592,5357.423965945796,0.00010207548828236201,0.05679861310346572,0.2413096559102167,1.158160415407024,1.7068072703051396,0.4925367225737336,0.960097938869416,169.51665502400445,0.017928186406925534,0.0981558768071455,0.04418496112299966,0.000010035548437082821
55.3858013779153,10.364669862178353,6834.185351069175,0.012161627140083783,0.016924427460446784,0.14161651801555014,2.1996718647730655,1.5300078155722328,1.3816014457674028,1.687853037843893,172.05554105561384,0.01120902831657021,0.09890333093275032,0.04361249556420685,0.00014981930118698706
61.55035109415975,18.156818099179294,6260.770073798774,0.007695082822357777,0.05513530121019976,0.18047181120126035,2.118791835162585,0.6430371004047499,0.8659147282667917,1.2019419601410037,151.92240327184814,0.002043239085383115,0.08406983813618231,0.04263734351803882,0.000906332990331103
46.44552258568102,9.737827502801348,5140.559314600977,0.011279517192767555,0.04220304755574973,0.23449144606685957,2.1608933317092385,0.6298981278083619,0.5361083265317764,1.1103674693338164,188.91835056535652,0.019766827307091537,0.09636917035350645,0.037166353455334526,0.000015055732751239982
43.60092990656596,7.426497336989453,5668.9150843298785,0.0013946190896451528,0.05786182612383708,0.2992513074897963,2.199434531691569,0.6278922391176855,0.6023872820287596,2.335240479157547,30.56989710305487,0.01271056003049872,0.005188973596295071,0.03141826252426248,0.0000023267033952291803
48.07824826637771,4.755744205460466,5230.414513752984,0.009443301050471763,0.05987055499876061,0.29963414854701453,0.8086853785402209,0.7119641397364306,0.8038080500579123,1.2853375631314332,42.65803880504502,0.018723454479814796,0.0841926292691892,0.03818192931988879,0.000006754883992132193
46.14460169742204,3.150077485954858,5100.685222616646,0.013424322935905028,0.04084852870359722,0.2693073599251237,0.8048755164387567,0.6857737808648134,1.3841286384241713,2.3997384442502794,193.83022583511084,0.00016400525084172575,0.026398150223614424,0.04091397257592023,3.050386308583859e-7
54.665645121464834,-5.093764052902328,5001.88267037056,0.013259692028969884,0.05015189516403179,0.09946337770832107,2.181077753510328,1.1367860182411258,1.3362818637181944,2.238017669250947,0.2759107800734266,0.00023093371889452578,0.029875135635180572,0.04118297371665749,0.0000018426155570290623
54.83213024409233,-0.7961640118850575,5050.583690530045,0.01134527017323515,0.05709938144414235,0.2635641678618862,2.1935580182155556,1.2779568444974203,1.3979742733195253,2.2046152509419104,159.84541333898798,0.015572893200197826,0.001006246891546391,0.039161075211602316,8.745761982483879e-7
44.738015097031735,5.945578796248167,7217.27465307123,0.002577647151545894,0.022615259523761155,0.21970153497676528,1.304998945530683,1.4902237519864994,0.6061083751911579,0.8941816074174425,3.3268471794573857,0.0005631920859082547,0.09923846296835555,0.04136836918923412,0.0004769987788766261
51.496735932981274,-4.751377863649749,5041.895259711348,0.013701572658746117,0.04102936378813806,0.16450206281071164,2.187052661830666,0.9784079373788486,1.1370431239743386,2.301465118872864,0.06901810499717972,0.002847867529571292,0.0504595280691195,0.03910906873614838,0.000008329424789594556
55.571077850072285,8.304946028025785,5781.294999383895,0.003759024865892078,0.04539187605044925,0.28871796930687854,2.177584880956884,0.6377343572189342,1.081156970478323,1.1314542956113156,2.5143290038620836,0.017865842404822415,0.06145903240948412,0.029379247265662812,0.00009446848542198358
55.169438672080204,-2.3128360807325956,5040.476486117583,0.00009836809818454177,0.058659916401354734,0.2723016450019387,1.5361800198555065,1.7361251675402922,0.9320401066626623,1.0666470682004243,1.00203256310085,0.00966353140275946,0.001013930229611966,0.03460561281403024,0.000001261329831075559
45.977125633708305,-1.8202311714086044,5036.6789171696155,0.011375678082302705,0.04669896253335279,0.2732009859244577,1.9251511561385068,1.245956887842171,1.3320717658593024,2.380716783689655,10.669797429866849,0.005287356275619656,0.011343956062837836,0.03500038718126986,0.0003073445829554721
41.49379357049097,-6.095990173949673,6785.674693347502,0.014945944389831134,0.05963719736328423,0.2927573449263671,2.1875500004853645,1.0530194322510575,0.620410949039035,1.2251002334956493,17.929393907278573,0.0004934413215536848,0.0011029838916960673,0.037262914000594664,0.0000021868414952304195
41.426233137574094,3.2606988860007107,6377.98657303512,0.004869888214600352,0.05535540882229098,0.15223825858465004,1.0633488895738326,0.7974505934001032,0.7416917460272001,2.397006338529595,197.0561395501458,0.00017197937798890114,0.0029105647071951146,0.03608601624560898,0.00016835300989402643
58.149917872564345,-2.67022960547376,5107.567136237595,0.0050660619070518435,0.0599787599692937,0.29840458305262235,1.989131792806031,1.5233602265406943,0.4377060042482216,0.8175845563378054,197.8156794578435,0.0003770893705241945,0.0021436899032734576,0.037847960786083136,1.6251322622374346e-7
57.455320419650945,-4.2114347764011635,5235.747782848205,0.00009159066150181252,0.05911566222739663,0.18862606052329264,2.1985556462072395,1.6835323202988466,0.6242913908478951,2.399609896105967,197.671758366413,0.0007828332474520688,0.0056496633071579285,0.03763142339777438,2.7186686199864842e-8
47.4403661534173,-2.152280778452697,5397.811205552337,0.011656070692061087,0.05067640952285674,0.2844531076298218,2.1743461063744958,0.6261541136432293,0.41652220394961353,2.3536843694944665,189.28275659363067,0.006996112612519219,0.06759580653693786,0.029885964255908018,0.00000486373930568137
36.8719396746005,-3.270619292395585,5217.526619300611,0.008137952244595676,0.051259628402485165,0.294368061974981,2.199120745202679,1.4633371868302987,0.9855729417400891,1.9819436919461713,164.13841526041975,0.0018102221508215337,0.09153648925028354,0.043313703021719475,0.000015911614406912632
44.608142739196396,0.8080011337751412,5397.855676712474,0.000026247951380607383,0.05995955620978303,0.033250326784855594,1.6427098076576527,0.9725253595750323,0.4326685301683319,2.064978709925316,190.10003630978753,0.012725849681897713,0.0963538882708365,0.039154430666709185,8.247100516727279e-7
47.85417875742973,11.185602118939737,5431.500550163735,0.014386654353269546,0.05807234595961735,0.2927178176123961,2.153425499208997,0.7435305024956946,0.5812517703835355,2.3805153340437917,51.17091086926777,0.01975387486189968,0.0010621100874110617,0.03671126553963542,0.0000029129722029130567
49.19988317636185,1.7025845696048165,5041.655528297052,0.0006794182868386735,0.04736000041211998,0.19903799553023657,1.8063726736945822,1.0240188821584757,1.3611612111349358,2.3933128842108093,199.38397631609183,0.018287689091371222,0.00475755244658278,0.03531365446624271,0.000024663323124109274
42.67959307283298,8.113759081070878,7369.207716146728,0.01438160080717832,0.04928298034387371,0.27147224235143524,2.184020324857621,0.8017488082430846,0.8186099760643906,1.2455615529148012,199.49652626775716,0.004249140882684756,0.0010319036600648427,0.035083301771343355,0.00007693140008142708
50.87187257017848,-1.2303825465981415,5714.06649317625,0.0042215285486814505,0.05633311987012701,0.15135690367633292,1.3409806294885482,0.6166424855058059,0.46487986195608333,2.2181726841750615,160.08869047393122,0.009080499584310477,0.0901177932445675,0.03654519991261899,0.0005601423129471809
51.559471941126105,5.5072564924106775,5297.098646267948,0.0052313850666759355,0.05728167626829827,0.18248271177676711,0.831258980080538,0.6291851520491899,0.48711371399619685,2.2723921062231045,3.3865050812126247,0.009616487507360117,0.06158781699151285,0.03959121206316992,0.00008476269564186638
39.281233463118475,-3.9401418274171975,5002.363397405878,0.014263831896839729,0.04862628859428692,0.29844031893700934,1.5565146678098596,1.7572704558809962,0.5523405470980891,2.3998372049518584,176.56677615336264,0.0009061531593747915,0.013906057016399732,0.04350873863590723,1.4303632993590122e-7
36.769940599085736,-0.7625655398615745,7198.765941405157,0.00005263815114013237,0.05619629174366765,0.28464255728756266,0.8365793789527226,1.202953721749957,0.6914539159618682,1.4470857303125253,139.84293776446592,0.01481542052540227,0.00533839023646343,0.041501735264633806,0.0015211087313465599
44.45555697911246,1.8817376354373465,5656.454958085575,0.0006020032285164453,0.058228759513719246,0.03533111232345659,2.0216871303060335,1.290029016475298,0.5433913497596415,0.8328158617494712,44.65249717642733,0.019379635046452477,0.03433718098731522,0.0421382399529863,0.00011446690691671734
43.0848731641355,5.895230296180586,5477.129857720369,0.004331861899849826,0.049464885608049604,0.2918773231726069,2.1967494386546234,0.6433841484137628,1.3877484844956582,1.7505459760918523,2.130940840277438,0.004179676576732469,0.039452691493850126,0.03481571878862087,0.000008022723456432379
58.02908117881054,-6.0325246888035995,5609.707461706335,0.0030943679589032504,0.05011513429899494,0.18103728054968876,1.8774848990390833,1.7282855987011803,0.6643050696197049,2.362273347328169,179.91340856081132,0.005734062474685155,0.004332678220421524,0.034267749278399054,0.0036485448284616605
50.19278328641937,7.762442985047706,6466.5398471509625,0.005714317824288829,0.034740549972878725,0.23285901310388532,2.1604712863567914,0.955615625920766,0.44568561812758933,1.5700632875259872,18.836677527386005,0.007997641114124283,0.08868213689096584,0.038920088919322124,0.006368552591680912
55.10781389360628,-1.439511698527534,5066.749422890617,0.0015852614332232836,0.05226500702516089,0.2994325664511673,2.112148551791571,0.9547611268405556,1.061123514933004,0.963937382350724,84.84554368609099,0.01999911475136707,0.0029445776623560197,0.04184130323598133,0.000002892455617870302
47.60501364994669,-2.0346486790279457,5060.448361056148,0.010857377433402409,0.05814183713983587,0.17756290662150476,1.7587413843293602,1.4928733182425393,0.7290685267457091,1.4663327146628629,125.40951494012398,0.017038939118070848,0.005585962173594585,0.04088391316853776,0.010334057846652237
57.644083968572055,-2.5347001083172955,5938.296176402845,0.014476810164378968,0.05714706061841493,0.14587161618699446,1.9684837858084403,0.6336277174161582,0.5028927407702132,1.626198768645082,5.040402290398522,0.0021234283480912005,0.02073830343976287,0.042607086114184844,0.00025479252633301677
48.058665544503455,-1.2764761500978228,5681.343688856091,0.014432219157390506,0.05257778134194318,0.25511971765773456,1.8346288722621689,0.9526316049202007,0.4071792898834579,2.1870107750054713,51.38066176285467,0.010528380220780072,0.004410417513163991,0.027819799114214738,0.001461293302011772
52.42323195567309,8.463765986822057,6750.0040551794955,0.01393468372781712,0.058656724315472274,0.029580274651914436,2.1652507531179435,0.6241079634521723,0.4495127378376885,1.8770587966048888,192.64086995489137,0.00437088679100167,0.0011937451757633333,0.03917943548812786,0.000011065235648842148
44.11561304643554,12.013828756314542,7304.099110990365,0.004470993156074209,0.05928519144197204,0.027550991844050923,1.6339680423875782,0.6338861404652453,0.43303787418374723,2.351252799350006,199.774292532187,0.018920983715271948,0.004615214226775086,0.03979823454965867,0.000008651495765067273
47.00717902467576,5.44377129695347,5267.809296586487,0.0008375208338095218,0.037735417976173004,0.2525535679197707,2.1619591889119762,1.3345983615484256,1.3997242219901738,2.3996143447677034,195.27921453383473,0.019800366996890754,0.06616272443956388,0.04284591908392029,1.2726509719495334e-7
59.09986771398627,-2.234976823256079,5184.732146431392,0.00189938475324518,0.033016991584579936,0.20250482198419054,2.136598687539163,1.500402588823115,1.3938799767255885,2.398818342762235,170.66665031692546,0.015148289086188942,0.04992872955785273,0.0439008102195294,0.000022074321709516752
58.557878185718245,-1.6962594258984858,5589.548933939126,0.014971855947063597,0.04380174515946305,0.23074121151535992,1.5230821190851698,0.6449285485123633,0.40102304811774436,1.9810543745263223,157.85776817739836,0.015492119715552808,0.076968818057878,0.0413075266049615,0.000008740561448685159
47.34194800655055,1.1550925586351362,6026.969762342009,0.0014910632180716963,0.05411252255027488,0.29723320150742566,2.102439733929499,0.956430797082861,1.2112795571682984,0.8845032473788815,39.728423429197015,0.012662524372795848,0.0013208370557105382,0.03948985702732188,0.0006109960121461036
36.59287713901955,-6.920688587343923,5931.0709207534965,0.012855986840734449,0.05713481091787872,0.28884304392076526,2.009299242568564,1.4525229964187858,0.5801169043189386,2.193706134011478,197.150629012453,0.0006231509922553563,0.05997663338336252,0.04182793912278149,0.00003887520948709197
50.37402864221623,1.1190193271989592,5099.104611146739,0.012277503850876849,0.05900705850259862,0.295363700438908,1.8071798599471947,1.039130002511171,1.0267290206221165,0.965265575641577,166.17183711603786,0.011618227722664456,0.0012291382474589536,0.03580181741695512,0.00026465630832211664
58.43082428199635,-5.4863308928919725,5332.228274169057,0.014918163282929367,0.05073336690360819,0.2988811411627088,2.0563813523668193,1.3208018006515452,0.4020039711120486,2.3606323475427775,13.409878189222779,0.01184299535848042,0.0015793862851276042,0.033753122915999155,4.316617753084051e-7
42.92781804172813,5.747876413561132,5531.510625829074,0.002488435166248566,0.05750707535378129,0.29927526445830305,2.016832252846916,1.1271186208193231,0.4050616376709556,0.8003108499468553,158.05574969573502,0.0017760962457916514,0.0024373713002427432,0.035499239477035024,0.0000021098417226450516
51.638389784742834,-0.7000010835220465,5231.709492213755,0.014949004654034303,0.021279335054360454,0.23973100208728476,1.4604399009817017,1.3534958812293783,1.2942814041881585,2.2790503463895124,2.3993046779316223,0.012994747185781036,0.09207756894521049,0.041966358936636534,0.00004651034071798343
47.430407004577546,-0.16965040656746133,5146.391800497263,0.01426717649212133,0.04594290955705496,0.1471121545845079,2.12284906133399,0.6078498050678752,0.402859741210863,2.1159854861627876,155.81885174066136,0.007377145250951853,0.08132763549940646,0.03320730582350129,0.000012063649161028583
55.45774287886863,13.164105057221668,5468.568805080134,0.01119169359807971,0.044887138368020184,0.23327195544615226,2.1946286166697258,0.6056553879238931,0.7851108809596947,2.2407874020727134,121.46303636062865,0.0005239565881764474,0.0012484758790214936,0.04405191558197409,0.0001738358462503641
52.74907529419605,5.8569887148618776,5525.531536715369,0.000025958739925948174,0.05862153139097818,0.20146076833908333,1.7139746348076301,0.6163988398664264,1.297421828014309,1.8228613618469036,175.03682109475915,0.012511275874633748,0.011321881833061717,0.023203160107789344,0.00013855651912671307
47.32382846629487,1.596949010909233,5039.299311807185,0.0003920983204145552,0.05053142756097218,0.20410303470523325,0.8216235687491581,0.6399604721610733,0.4682973261886214,2.270637232051816,71.93704599697648,0.01034505852850126,0.07455686464484736,0.04162650038929843,0.00003741671362050435
50.71940116353702,4.236391038739942,5824.426514186338,0.00034219288972850583,0.05696814500675876,0.15161182329335335,0.8250736394530475,0.6238418247356131,0.9810136393041814,2.3102600441923284,127.65169366551336,0.005654710022291235,0.015318588457670673,0.033268612117499874,0.0005307515296187529
46.471270678533514,-3.9036986040311445,5932.201790891022,0.014550034448365425,0.059809594194163644,0.04940333176617785,0.9942054668910527,0.6186748218672996,0.7770937144984096,1.9304999840865635,177.47533503947778,0.019827251885708448,0.06909669483117338,0.038777602877293336,0.000015279179311031454
56.12852452167611,-3.4945629603913924,5395.335050241945,0.012945929517803597,0.043022078824329145,0.13770505106059286,2.0746986980382145,0.6665772174641126,0.4882948648526474,2.3773302706316484,170.00194328596228,0.00027315158222059955,0.009414692794537589,0.044102380240764696,0.0001457734737903828
53.04652744988124,12.408708948163941,5140.088760602371,0.0025266825152559422,0.05779562126629064,0.23999877503295997,2.1882654255626663,0.6516998814778371,1.1098057614482775,1.9939320486701304,184.54925575738375,0.010018051077263682,0.001023965561245324,0.039276837997306954,0.00004622514798731289
48.84630366925883,4.767451186475014,6210.12486260416,0.011837384928749395,0.04337793432870373,0.2864449641215558,2.1940055137336305,1.0366461055749694,0.6373871389431893,1.223847865081356,14.60288253298648,0.019702597138331907,0.0016505355154829565,0.033980450485318,0.0003714441239766947
48.16627291068106,11.991198079913392,5800.89880360474,0.00020877373010613754,0.05596301961536537,0.28365517678300517,2.0824473045039182,0.7164666446157281,1.2721635776845341,0.9108537298148288,174.62480725525145,0.002105303049896093,0.017054724239785962,0.03766099660507392,0.00008012602297050607
48.27882491854561,-1.9181431871613253,5013.608323901943,0.014050994691868183,0.0570255660980846,0.22337696462379378,2.1823388529823453,1.326721441091673,1.377381686375934,0.914918571378435,16.88376390579845,0.015599605498184883,0.0013626531439457179,0.0396983028671675,0.000010029763642909693
48.08713776268901,5.00041448267643,5269.1549901410435,0.00026402569959171646,0.05528075317728433,0.021284828198524557,1.6162874069007045,1.181919355446255,0.40443821205185754,1.8155631437115107,7.677597348798189,0.01718955793482872,0.004619102701737973,0.03953510613359316,0.00001381712709605422
38.680708584864014,-7.297485499114554,6721.475177021021,0.006524190363563117,0.05480986094308189,0.27980569581340925,2.1152570631147882,0.8585887728371093,0.6192672098777907,2.1929386693017765,103.01080571656638,0.0009969338099394044,0.04084711764796746,0.03768565514312321,0.0028864289133459075
37.74440561197398,-7.598742718982699,6901.677106110997,0.001046290446573592,0.05768737014129543,0.263907318131041,1.6787576422003685,0.6015225580652046,0.45052111007075224,2.311409259514952,86.35353294325984,0.004830322719520273,0.0849682168822527,0.04300769618792742,0.000021214953306301802
55.62024907563408,-1.2946145490873064,5439.1000883942625,0.014538501245358685,0.042592637027614594,0.21759986015270974,0.8480956181746728,1.7699726586810551,0.4087881650834749,0.8764665526218233,199.72932933521105,0.019987927493728314,0.017376742968571408,0.0362659740564548,2.3682858467907215e-7
49.25946592186249,-2.9018172127284876,5261.15577241743,0.0015789859768422416,0.055751670907549546,0.2035041817721951,2.1415889028747994,1.6450969790870102,0.40470159356827823,0.8120038431445811,2.993362133105955,0.014662957197437501,0.006235468198068641,0.04309188378386128,0.0000034532856436935596
46.72022673974254,-5.01696251294377,5251.004612833989,0.000980936536346442,0.04862315248853817,0.2881903221562832,1.8939800059346892,1.4352313141498065,0.8080435793041192,1.3176767412113606,199.6775195685525,0.01939436151015501,0.016096857698853852,0.03931876658363534,0.00011743256900776647
41.04938817574897,-6.313278091176634,7022.285642703278,0.00941657509564385,0.055389415144255695,0.29488347326104214,1.793395263450248,0.6402706545160063,0.6138563616991779,2.0309740530336393,178.03950484275833,0.012495392629188244,0.01540112675995954,0.03531819556911788,0.004028606318124863
57.34510583937858,-1.8350779911600892,5450.696469089409,0.0017321533396625712,0.05479396904209172,0.14738529596275418,2.143278159415615,1.2119954874243595,1.265229001788549,0.9864810558117338,199.96799272031856,0.00003692850425900776,0.001250545060025621,0.04149030992340837,9.112877043791032e-7
47.33950236517674,-2.6599564540905316,5255.508569018914,0.010510594966458349,0.05050599092638385,0.0807714430599406,1.5026173434270556,0.8372750515420287,1.3036193133572072,0.8229024421854527,126.23372742101748,0.0014855628698266909,0.09802044322952685,0.0428416393325095,0.0002892933258612234
45.67004688894206,-0.10405887105979694,5299.520972198101,0.006014558337617823,0.05713110449670297,0.020611421559433876,1.6954749327201815,0.7408665445531744,0.4412081005060407,1.3661006993878058,66.71524397258437,0.019497032912753724,0.09921903562959701,0.04163810026121226,0.00000320978547849867
45.85208880238159,1.821243253935565,5255.8709934208355,0.009485882198437986,0.04208491821371207,0.23043361108222643,2.049710947082234,0.8400033531485349,0.5289834022220767,1.697911730358506,138.54963770604735,0.009005163977770096,0.09521567642342547,0.03155120429283668,0.004901300484391245
48.42561032390947,-2.899332347325947,5007.859614009433,0.0033499412854811578,0.04990595844538118,0.29814119394743227,0.8228819884697531,1.3286520784844449,1.2683870957124403,2.0399680265034874,162.67074082603466,0.019661268484595755,0.09734589548376905,0.04382421332038394,0.000004640220580547079
43.802613091340966,-0.3159233179023815,6937.695554630709,0.00008710481431339968,0.05792124202647598,0.2143514319677004,2.162212634409287,0.608446775222731,0.4859465706109319,0.9043085528806208,147.7858555299718,0.0025392671684629758,0.007910887660651856,0.042541374395918395,0.000015566979827780537
46.65706061989725,11.314319878910233,5652.560872529691,0.012972091395690758,0.04580349932637889,0.27892082763888015,1.8362823571010374,0.6246083676694753,0.47306356508661995,2.281034677060693,110.17032237080562,0.011063985483741934,0.05860071955117269,0.03828614328322244,0.0018436468377770001
47.97295517565056,7.2193063578637044,6186.678827047849,0.001476487006641871,0.038598074964707935,0.29413241742461765,1.764722922508007,0.6060900423309098,1.1936911675643271,1.6644529101184709,182.74638605086218,0.0003683817453210124,0.03694615081931238,0.034236766738469905,0.00027595749946113804
59.44612265524128,-5.405516021921644,5472.0621449168175,0.00013230690338919088,0.059062108253827975,0.29755478134756924,1.556891768495597,1.699939520248111,1.1836979703717119,2.1698447539090138,133.74402171032867,0.014246142651968711,0.0012266873023800997,0.03386063230789734,0.000013496449547857714
51.396554483401616,1.5663200475364647,5023.260478232937,0.012061446091310825,0.05701613243243137,0.26035721187939453,0.854563475112773,0.9862557694204365,0.6552345709656597,0.9703431947922506,198.61271025203993,0.0002718320426180217,0.0779198885346864,0.04367051164805448,0.000004977913372829426
48.085410478171326,-2.314612037392859,5290.353213336824,0.011865846037557002,0.048626126064814756,0.2973125067344034,1.0607813709801701,0.8196578592642321,0.46508024773987683,1.4002296248234214,9.814389416835036,0.015415948240364826,0.06537211405761402,0.0343444730751884,0.00031957406627117804
42.702841465279704,7.818905465137821,5084.712412565896,0.010847180090675736,0.05384178723165228,0.29455893601036126,1.0448452412468816,0.6257744487693958,0.870014152214262,2.3525017760013007,104.9906011260058,0.019775893312825924,0.030998573052121763,0.0388201999958141,0.00007305459479082484
43.73803869849527,-0.8490039615648897,5155.207874872861,0.007202348794477891,0.05779501024041438,0.2718464403468016,2.1929760231332125,1.3294500399427083,1.259651473434006,2.0712289295174715,6.120322658777728,0.0004380198937903973,0.006267013647032604,0.04425386449567974,0.00003787107703329464
53.02350177451103,-3.034476042974134,5132.943341584996,0.00023412946503381383,0.059805459815754254,0.1329489083930064,2.0129906560532786,1.6592421735859761,0.7540907878090353,0.8053059646138355,196.31569182806626,0.00014934076513028062,0.001081708751173408,0.038622117772157495,1.1995590118237446e-7
42.797248703400214,0.9971466384933088,6470.158226630361,0.008810938442404551,0.05955007388690869,0.29995046051245483,2.1252641450548726,0.6123670643897009,0.4460011948215358,2.39118863252188,178.64399801508867,0.010013096092703653,0.0010589099301362556,0.030380420422973294,4.6444624765532355e-7
52.65920018733047,8.024928659789133,5513.8427209714855,0.014631846235191415,0.0501494673287798,0.021794461290771974,0.9754377614717554,1.0853804631741686,1.3666380470180126,2.3724987706817444,43.29860209780347,0.00692101411305937,0.0023962822562871968,0.043314130713009165,0.00016734464529767404
48.0399919942189,4.5072489553367365,6718.570529908184,0.003970468851752598,0.057378211244032466,0.026506193822440977,1.0486078913989716,0.8474610077444503,0.4008664600329403,1.143861918292513,5.136710026009279,0.008598791691118686,0.004822041266697915,0.03477853821216504,0.00009699318341239536
53.32433684605944,7.846028922849648,5026.724636669108,0.003821103429306425,0.052377515436422564,0.03158362103601943,2.064758389170379,0.7606841201473993,1.2832637150329695,1.3735503601404169,180.58477949416542,0.014643346993712595,0.06470572866393713,0.03231774411789247,0.0004760655282267613
59.701412462523734,11.519576194366213,5586.229504625593,0.006595638691953419,0.052781532042719036,0.2662844323962156,2.079497085785687,0.6358288261334228,1.3972453374664175,1.7736782094413082,194.52058244385876,0.00015609815688245554,0.00837061268330738,0.04301130817822431,0.000005705795363188866
46.62917640271575,3.6256332448313113,5369.425224192016,0.014319176681425287,0.032768006232817046,0.22399143313854153,1.6672416604440914,0.8171237692679186,1.3801917724264077,2.367712439007466,1.8876034006851137,0.0008408906113977874,0.09220560193047028,0.03253315962466966,0.000011477476090755398
45.310991222523604,-0.6837204480838714,6539.450301140477,0.008132773932032255,0.022802614277010264,0.2847568066102891,2.0677728674912057,1.3310539742109015,1.3918040733002965,2.1438621067456984,0.1774776465403561,0.010807927383970246,0.09835408435198946,0.03967614550575544,0.000021759917920928865
49.02461483925828,2.5680008244418957,5087.10313678985,0.0023774685993348853,0.05931781241719606,0.22601547502388725,1.4786757433010407,0.7128257614820424,0.40269044661754905,0.8132886154047401,196.9703729327108,0.0007304216241041934,0.09786587378242595,0.03703989188158735,8.349687171641744e-8
47.98490566759642,4.063495323009846,5121.382030390887,0.01063578979076673,0.05899296968447133,0.19467424979002507,1.7642575661570785,0.6735973350829552,1.3845811827243466,2.2316163565255014,71.48336357279247,0.0024281717827770396,0.014940619767475809,0.033705194115384196,0.000440545951456971
44.58661546449946,4.064515077917024,5061.618977519338,0.0016078003016445702,0.05851400894380219,0.04981076006181491,1.4532246976184355,0.71348668302834,0.8266727445642865,1.6062749658318554,15.129215154300047,0.010321947829337102,0.0571649153160975,0.0442321800655629,0.0009832843769960044
46.72042485911363,9.965431101185217,6233.303159621246,0.001549335101509399,0.04157947849380464,0.2560779870086425,2.1824699936310097,1.2806249418957965,1.1827809770234068,1.6953538719055752,194.7620264291891,0.0162713184244153,0.0010569672824647049,0.03919034702302087,0.0008677764651581413
58.86772121926231,-2.3474518225804593,5711.159131807662,0.014188100554702411,0.05723147470392889,0.2704735765425087,0.8827920105183166,1.1358586408908966,0.919669018204594,0.8469214989449818,191.22285530873992,0.008566890732832452,0.02374850962882984,0.035032110187120505,0.0004640014073763506
38.92393938098854,-2.678014797072997,5292.391372628541,0.0008871151205978739,0.058414374945234174,0.25338744581203426,1.9412417317701758,1.7393447407775722,0.40967577899967744,1.2768557678270704,108.61699970256421,0.0006196205829823106,0.03510167328084213,0.03809851143033783,0.00003672447704606319
52.717964719192835,3.779847188443984,5005.000452262096,0.014055939676347209,0.037985369416313905,0.2855638258145367,1.9070745843975963,0.7697444968723196,1.0048283197111054,0.890686092206754,197.40401568670515,0.0012484050043150108,0.06857814584371091,0.03405196701503003,0.0000310702178823721
47.02746345590326,5.781593330394571,6483.61527006816,0.00000963280871140104,0.05227937218513529,0.030382469178929034,1.2032991843914334,0.8483509780888874,0.5190645464856966,0.9135472732051186,13.709857360325273,0.0007825569542140056,0.03518048535972873,0.038063466573920186,0.00006714125051604596
44.5279088765549,3.1684648722805004,5049.469645385961,0.014940877186348645,0.05822316673515101,0.2884515629125234,1.3915210347106646,1.3921443620453378,0.43092413092923515,2.2044244342523047,1.661391242109315,0.015715563051098877,0.0012438665521763473,0.03668107979396794,0.0000024493386831574747
46.343023174451304,-1.4431307868727412,5210.748374758216,0.014512443534778251,0.04999132608025958,0.02211438383371395,2.151008164586156,1.3283076163512173,0.40103912814639037,0.9938521588564107,90.09975918781336,0.003441807202304819,0.0015173922435946553,0.042446431419805225,0.000002994291690855782
44.63338916471461,1.4470413170258691,6612.838837281347,0.00007758982863831972,0.05614065566628739,0.20030266580011796,2.1755858076668897,0.6274651508901944,0.41217683950801326,0.9170159549526323,43.82371366478162,0.000040649533184321994,0.018151518014896194,0.0414549696449852,6.793364636284388e-7
58.4588026869406,-6.214313384830006,5456.001363586823,0.0021446077440371034,0.057920570776244025,0.2905108098615086,2.1861879929089794,0.9906333355694484,0.5711479605678501,1.907042556233374,13.470048559941599,0.00282636263498297,0.0028380526281736817,0.03764262067505407,0.00006061278704991591
52.334287411991255,-4.131763431462144,5611.990846014042,0.003569410473602087,0.042407028562625376,0.2995255996456262,2.06089316280726,0.6370019777099541,0.950122542947915,2.3672096504686513,1.2513302831579187,0.0008521555145833058,0.09026469616265274,0.04053862568090787,0.000001386469851285874
44.75351434607782,-1.390418976435587,6439.4797369342405,0.014863398286806299,0.05541696047505646,0.02526410245826289,0.9373112123721872,0.902753011410418,0.5988714352376238,2.225663512709603,4.590770239107495,0.009238336695512215,0.09255796459914352,0.042743751951205555,0.00003787558128033086
51.00954882463698,-4.242126793530848,6176.46465627842,0.005365054578245001,0.057860139965700046,0.2793949056579777,2.1378084595896847,0.8224595014837998,1.3270592338216307,2.3871368227499383,0.2974466033653689,0.01959099075172908,0.0012251386385415469,0.04157918371761662,0.0000021147906991940314
37.2380541563683,-4.643162046126526,5604.804778944983,0.01072469095865729,0.04937612350896131,0.2954674919638814,2.183659591665144,0.8563039063666495,0.4092177879368853,2.181058919153126,44.60454871078085,0.015011355294604251,0.09991458810867482,0.04356976670518429,0.000001169031663052884
41.685687659269576,-2.236554257922384,5479.391924262927,0.0003002305059596578,0.0537673796616311,0.18500630792320388,1.7765259834938703,1.4549702012352919,0.40779021422916023,2.2678440476977366,0.2523935316016409,0.014708880183289553,0.04542053405945076,0.03214854863147448,0.000017372451279546727
57.154595963437416,-3.7370511021095387,5007.3378965393995,0.014343422988974085,0.05086193185124663,0.07449422068575724,1.5489011340388827,1.4755874842121592,1.3969221730575314,1.313731890251237,88.1936646832406,0.011405190718655788,0.0038549498403390855,0.0422490606208307,0.0003078494292281584
47.620727447104855,0.7406266751291142,5284.5322031711985,0.013381920421110622,0.03463613997592229,0.2994693495625671,2.0963060283344794,0.8031868494889898,0.5179661448181093,1.3794076667930073,60.04577125480348,0.018306620600058002,0.09974732485831919,0.036587998787014075,0.000016189397283199052
37.845107518943706,-7.949885476243617,6884.553293066569,0.012220741945942427,0.05864068529358701,0.11234691858357035,2.0441326816311642,0.613539648924526,0.4843773933783642,2.353025227218229,165.97626877573012,0.013057593807579999,0.09828172615743856,0.04270643396330476,0.000008490563367004648
46.86598402583827,2.924517477884585,5299.020632603431,0.0000023626229081330927,0.05941523866421139,0.26256164271555854,1.1309164720658242,0.7724581779263262,0.41107217980436184,2.339933516516471,176.29628238509767,0.014261496742794668,0.08585597425155188,0.024507504897788947,0.0000010502684672562446
53.86569095078991,8.897208184980283,6211.898723734335,0.0025045984845009006,0.03613213778937145,0.2922524487833748,2.1373654606781107,0.6681040416172153,0.40093909342727835,1.9884655108112037,54.63826397448428,0.009036720047408287,0.06350649763389046,0.02918822914391374,0.00011605039114338919
55.648788894277374,-4.636724681830865,5099.737720562629,0.00018708788943181868,0.05298797949352759,0.1231735463229467,1.9190110587359448,1.2684917583604136,0.42090678457952696,1.0488257416402091,119.88452016231605,0.013470134222689735,0.08651103306159455,0.041853973705495415,0.00007523652012096015
58.64347456808589,-6.823133610686083,5023.56827973927,0.014759989166835456,0.053979889052492146,0.29849362700570103,1.1981600929579725,1.7353315690370188,1.3873535354218465,1.3812404717923075,112.82246907252194,0.007935545288436919,0.03573624683169881,0.0376345433200246,0.000006513281480148642
58.63186325063854,10.6564511078891,5988.183405771265,0.01035438174337151,0.05648751800011656,0.23391181945050984,1.8134342174314941,0.6681047232914344,0.5195879195015494,1.0055420748339106,31.525848389522753,0.003759593850384549,0.0405421524961472,0.039466317763506724,0.00407081760707921
52.67448804340209,-5.366529236520187,5046.380759752808,0.0033390579484588326,0.05774921979182449,0.11690292382918713,1.0737000020188854,1.671729547710417,1.3647220101873314,1.2759792694102774,2.457326496094956,0.01939794200808266,0.0998947666469307,0.041940740951680267,0.0000018828091398921137
56.118173374830626,-6.1240656929952735,5256.873262505236,0.003321318963377616,0.02834979452503561,0.29988539634614714,2.1645847819355026,1.7958229745174537,0.40650069546077794,0.8360068276212526,191.43663083124892,0.0013109291282683792,0.023426015142902948,0.043211907796039346,5.486147093006346e-7
52.417091360326125,-0.8960575256082493,5245.278243386135,0.010441397849549042,0.054093876189871395,0.29149336594083664,2.19321505574327,1.2463680017961423,0.42312231764827374,0.9292966963424855,178.33519013105627,0.0020012189686304483,0.003519774088084113,0.03895685428598855,0.000029060052659398095
52.701366496997544,0.1936199687878819,5026.808040232766,0.01247150283569464,0.042218147420315835,0.251089159949562,1.0797046116946558,0.6124919296706959,1.3957770193786887,2.038067812794048,113.02560842399576,0.004041000520557302,0.09946874430491426,0.03595863564867311,0.000004993924103640919
55.05238366892166,-5.872818755538502,5684.377880684799,0.00315217907856322,0.030391418405629006,0.2964479115605846,2.1163191022193693,1.699535797656015,0.4017568523811106,1.7296993402313632,9.454690574025214,0.01723355109558374,0.09076744461622668,0.04000358778680182,0.000008903724353687502
48.18629087436183,-1.9121390876605808,5124.909638955755,0.00019635046178345582,0.051180319481117724,0.2464358283888989,2.102663957367918,1.5024204794031855,0.41172361609185,2.2880013339847873,197.88277970531283,0.0010142278529101621,0.04099492695900746,0.03367683547130045,0.0000021915784661206403
49.252296547430355,-4.627811210636488,5638.365094713331,0.010594755067438308,0.05813220934689037,0.06095526136685332,1.2986210792014132,1.4295330244905815,0.40332419561210997,0.96909726725245,159.19240333859327,0.013540081963322053,0.09990269559714098,0.04325030224508933,0.00003536763338682003
56.90285314640563,11.893643112533688,6061.755366841482,0.01493283121849954,0.056905036828348625,0.08706507740935995,2.190200594034675,0.6293034177637841,1.2775847961681706,1.3065550027478525,27.689657890852224,0.013396704889055991,0.0024253869745408233,0.03473468338240221,0.00013728575566818147
46.18167568784347,2.163384339486921,5009.033355164081,0.014635605536210135,0.04009700952109178,0.08400901798821861,2.1948200805163927,1.4479253648697217,1.3577036515978218,1.6308265673957254,30.18274003950358,0.0031850469254641627,0.012550025452189043,0.041381836853913015,0.0001239799891128629
53.27667055677009,-5.686870124989241,5520.263014901179,0.006214577767550118,0.04278387284303805,0.029658129464078066,0.9872351311380183,1.7325738968291007,0.6950325057089002,2.3296470280087496,42.14060741196922,0.000113803120283095,0.07680692497072768,0.04308447921347362,0.00012644459318377356
55.94545317922423,-4.000682129078834,5256.676170565473,0.003938680902555738,0.0535266727198146,0.17431973076111637,1.3112794670590024,0.7328148316200405,0.5369571362121349,1.927907976297999,181.9154002518282,0.010779266961059583,0.05893996062506831,0.041773825244939534,0.0041661535407839225
51.31323047414429,-1.247558418039894,5040.750755961033,0.0021155732842791397,0.05356377116198267,0.07645411079566881,1.8530173183407543,1.4811168351682964,0.6854688777422346,1.007664108150792,183.00081672837624,0.019807580919297865,0.04287969654500916,0.04398430963748132,0.00022460112541510454
49.70121537232815,3.70938736451674,5002.0355084777575,0.012233799736685173,0.03902382475714882,0.14846252160191878,1.0236802806311651,0.7516519095977904,1.3837150036879065,2.056511634134557,166.85363031464698,0.008807177348907982,0.06895761989975607,0.029957048295295732,0.0010810448486677263
52.45798193496255,2.178113085581746,5069.967942735613,0.01416115314398688,0.05615733472750719,0.27558777885664776,1.4902090888432467,0.6634450034749537,0.6228878908628127,1.0409442816541319,163.33591992165805,0.019519075489707535,0.07356651550319909,0.040088124369350185,0.0000443624424335833
41.49651130718668,-0.9030304607162876,6057.777680983477,0.002877452965553446,0.03168296372977872,0.2464133762252989,1.8670464236839022,1.7770375001788037,0.8942641389250006,1.0743752344791822,127.20112035920748,0.01993833766735394,0.07572648512245495,0.041631399333490665,0.0015160251002109158
57.81887232534534,9.166323718690602,5597.738709276504,0.013992926209754857,0.051444379615814634,0.27323842105738255,1.8088102142840639,0.7063875730907908,0.45326811493976443,1.5147395709796836,27.6305611262438,0.003676864963378506,0.0016955795072480294,0.037726069657753124,0.0018725741102353563
56.8796649060035,7.840215653543687,5027.4283492178,0.00264689814045652,0.05773780416735856,0.2257381810356083,1.9930135858747917,0.7065727983767367,1.3313213131864055,2.1226337707988985,133.31807420899767,0.017359863146304746,0.002123466267630599,0.042170612500196505,0.00035051491722603987
52.66737016645579,4.699304434167397,5534.862755215666,0.002085021970899266,0.0598569187223118,0.05989505493999124,1.792165059061865,0.6905036426814068,0.6214369450761135,0.952317449056419,199.92611837322693,0.0014388433369784187,0.022187391391405333,0.03549067151426768,0.000002098847457457777
44.5773957483176,2.064319723411762,6021.792639225819,0.00048245090466974715,0.04144711263730884,0.29549447112148175,1.1778252002361942,1.7660501591448843,0.40007464780640695,2.384345025530237,169.66695524864207,0.008575657617020328,0.0010006747609112591,0.042170525137222886,7.732396010980424e-8
53.868508640334824,-3.491200260805634,5115.000099416959,0.01160334368477516,0.05107572239571986,0.18592627036207002,2.178568144931641,0.6726900980002752,1.1266554405651514,1.455062416347078,2.2608668290055296,0.002020156675678097,0.07376307348241444,0.04409040784550053,0.00006106740843814778
54.032778951049394,-3.8546645382656237,5205.117469596044,0.014697053558471201,0.04826499997073105,0.020068391281261328,2.1514444972527484,1.7657899275976328,1.2876927954773494,2.009423988833685,183.68326175390487,0.015107087247080231,0.0038351742337963688,0.04269407389841868,0.000013591545432242326
36.741330518879366,-2.184762377694894,6321.062557647669,0.014894753118132048,0.048827877052234875,0.13151019629867317,2.19965426134683,1.0766998957529588,0.40157378937581156,2.3216904698069256,0.12648999572570596,0.01946892137274286,0.03138026576800152,0.03257030014744273,4.381629353196622e-8
54.584572033406324,-4.7533258667036495,5134.681357076798,0.0026420623523789525,0.04584577197039899,0.29911962612353776,0.8734643669109816,1.6314211032446688,1.39644459039737,1.5436685251720919,1.444360131675193,0.0010886630649877076,0.0999494571679453,0.03772455365024848,8.98594946358962e-8
52.14774110812657,-2.184875048108938,5298.748718894678,0.011921794362597504,0.027215902222676194,0.2949271214539502,2.077885328791731,0.6542076132569854,0.8823911450302118,2.082434121395781,153.17433030959893,0.01415512661735329,0.07594505273185878,0.04419524508855648,0.0008361520864198565
43.10881968840509,-2.0599162679104497,7469.290413803836,0.00012598747221104797,0.041361526235719315,0.20440922535140343,2.03251935302798,1.242861717813081,0.5940666013040687,0.9245621952983746,120.96250275189423,0.00020836857917084784,0.005487739786012374,0.03829569444432997,0.0033436125970700563
51.55723978015622,-4.369307551404013,5036.751521744644,0.011909988356268674,0.05843329774764646,0.2893120046416376,1.176235414853387,1.6719301419249546,1.1002646581672995,1.4945262694753514,197.97153898117915,0.009045155626634677,0.0038323951153939376,0.034256792441564106,0.00015135611128959853
50.75241847285303,3.0690224590379174,6186.357154711546,0.014066689011104628,0.028600969652211195,0.29902486483737317,2.1461631354120043,1.0302255310128494,0.40223356197550664,0.8272770615224369,115.87638928378612,0.00034949133730665066,0.0835689161897003,0.0377638824842887,0.0000023885323002393532
51.72691586524784,11.958677331912764,5973.832646915972,0.00016814445718584483,0.048841491877174355,0.055016683849554854,2.1857007071367525,0.6478578340546897,0.9525964871337703,2.0145932077948854,164.48777827867215,0.003062649411086352,0.08631361461838859,0.035759494387587944,0.00009571011055430793
47.73298954237286,-0.6508102600143086,5051.829265401133,0.00006737438217160026,0.05197994827070549,0.16323622494544268,1.8925837307274067,1.3944176182830441,0.6354857443007206,1.2870267284832018,16.509040374334052,0.008538004256979691,0.02529400698013608,0.038074383184502465,0.0009777184427392763
51.49778987603061,-5.666667585816194,5296.570668702744,0.009543084880875002,0.03487729247641126,0.29825327302422694,2.1981876542928984,1.2948890797703447,1.3995583703853867,2.3231651540667873,199.55278532033327,0.004250314485292921,0.08535968902961384,0.03767668085380169,5.4430755360390156e-8
50.96026780717993,4.767546207213464,5074.027580035195,0.0009166797810586386,0.052205638470026156,0.12921248313283784,2.190898144481917,0.8277536708767483,0.5218726707640937,0.8684301776797453,1.600723352883348,0.001489857958611452,0.004958432471710775,0.04441579360422363,0.000012523576225529794
50.504422870557754,-0.48086955212973237,5200.846155277418,0.013469366611431551,0.05508818120016947,0.0206336481868243,0.8250844392889689,1.6421967230893029,1.3295100292841076,2.376189737327711,173.28421293100712,0.016815972080690616,0.07718554858780259,0.03817831341867708,0.0000035743203257828636
47.54302844450278,12.91647604603316,5056.839607110867,0.006937413304335478,0.05926251527317636,0.19429337667746593,2.0752085580779154,0.7947593272456853,0.7987937597014882,2.38722283501271,89.74498495523483,0.019291146073727925,0.0012726960237900134,0.04116913305456843,0.0001451748568245683
49.388779906974584,-4.838957448578094,5354.107120277075,0.012486105546472686,0.05971045620150057,0.04662077061429555,2.072218876603046,1.679087335267126,0.6782844947403897,0.9810764180623539,179.36820793502667,0.01021720522287364,0.010904568152326502,0.039750278256520444,0.000804373364739089
39.496920925605,0.13413981184826618,5300.1182738767575,0.005221658322656939,0.0592367610404153,0.2988427585874491,2.1278585205420146,0.6051949936305735,0.45976025154093597,0.8531138975065264,180.61445366960933,0.007961819090636339,0.09373562970253438,0.0427788095726574,1.1242374995662669e-7
55.334034448494336,-4.554441278694579,5045.567049255118,0.000017297592909382063,0.05688821702244462,0.2558681425562315,0.9472498390084698,1.497475907654676,1.3970404681719424,1.3147126662608195,56.45250672451348,0.01298223344836651,0.08974906354140601,0.03454463183683687,0.0000017317391921093843
56.64237518969183,10.213080753111011,6244.660565386503,0.014484574534172604,0.04640598633518183,0.2661483342091324,2.0858787051914875,1.3129053978047962,1.3986419019713487,0.872450729711581,124.1343665474091,0.0022298104594061564,0.001591031103906359,0.04215878129833244,0.0002066838669228817
38.88230703526733,-2.469392864968251,5784.529636038255,0.003223843792218907,0.058768914059232465,0.21696393421731328,2.0242537407577945,1.494042626746871,0.5755310855406737,1.7158772086634158,170.69077714542001,0.002897392490919266,0.0018611817355727262,0.04317541345374848,0.00464377893550453
43.146753644939565,6.705794711168469,5339.47649774904,0.0010937367814398402,0.051662370740294165,0.29971487246999445,1.0070292834520378,1.4812685835689727,0.483013349632338,2.319054123113334,115.78699552430966,0.016385536742091592,0.0025798256601098344,0.04326821711499317,0.00030289300924511925
57.09602593495111,9.73493526692662,5619.934133641719,0.002940971259831323,0.05950796671644599,0.06705460032218455,2.14552267965603,0.800876758355782,1.3971814966459069,1.4753811778035846,186.64335499942726,0.018022894675185263,0.019934781956316816,0.03874616173275371,0.00003516877820938336
53.261434321876244,-2.7887293173260543,5053.167079202545,0.003061849265185425,0.05889748684859466,0.25950216446035246,1.6241411333030986,0.9894640628355929,1.0110877382261467,0.8285974646528446,197.42014761963847,0.01836976208892102,0.004830696865216325,0.03983774114312692,0.00003505757029503609
46.43158919013283,-2.2139712751611142,5060.527377561695,0.013301816185475181,0.03588349157760354,0.05370090289987847,2.166883763704171,1.0525851350258417,1.2881723840315535,1.3893241618268923,197.2403156483457,0.017768839382710774,0.09808137942827795,0.0411261141836695,0.000019633083699299746
51.58495774003658,-4.121371275609395,5378.066642203283,0.014753446695565487,0.04691523472796019,0.14466509244955092,1.8728435184135332,0.725938939903441,1.399753151923077,0.978979347488124,197.92461940796585,0.005573671639253236,0.051081532277335175,0.04401181727720039,0.000005919197067635868
49.328505835035976,-3.7942051846499307,5011.791744497224,0.010158265036748684,0.055846323046810364,0.2917828230971608,1.5542995271071778,1.644919336712515,0.6358749474437382,1.1341546702605514,10.214404233574395,0.012591708550293478,0.001082081229454766,0.04337845937315349,0.00009801559682194927
59.129271465867475,-4.629934276748766,5276.729871587569,0.0107715347113729,0.05800581229771642,0.06951473662745038,0.8554723381462151,1.7986057851788306,0.41293066184255495,0.8021527485652691,128.50367014400658,0.00043884619635467406,0.06882969002792798,0.036064480431596074,7.164347380009199e-7
46.50830311522045,2.100544930041222,5114.101512461782,0.014961061635816774,0.037076839715077296,0.02957291195885077,1.8824068432334373,1.0249744536036682,0.5401410055115214,1.2026581830031149,115.70399447260202,0.005810950388062512,0.09957694684169309,0.03824153349931836,0.0000450145525291369
50.68969019695155,3.4955616903866122,5038.229483473622,0.003346740333098579,0.029173216308806076,0.02230127046877423,2.1960991623783004,1.7648641871423267,0.40264075427948753,2.3145648980019713,51.99408207945471,0.0011287434833813868,0.09834550105060264,0.036469827048277774,9.786693082882408e-8
51.7179225657694,-3.847279344404713,5353.141733378852,0.014569667109540689,0.05553688179591745,0.29956431677147227,2.1978913261062254,1.2447374262391915,0.550133309205135,2.0109645634452695,192.2372245029382,0.003929192351229169,0.0014445953853643176,0.03900099254140773,0.00000271455056341915
57.85118611773471,-5.218762630198002,5469.309289201028,0.001108451929120258,0.05958289837057868,0.2287438612813749,2.177965565932167,1.3796276285517306,0.6790623296172711,1.5413368781133334,176.89721952906933,0.00042615567758782667,0.0010835518683964351,0.037802247323800636,0.000020017477277865235
48.195596015767826,-4.495481091480186,5797.441007549586,0.014819378918447219,0.0399670892515952,0.2621619852647754,1.8761180417538228,0.8608824628250991,0.47426605933735333,2.233031960824941,198.57070194017444,0.011168746008923891,0.09545983687109022,0.02886453234535408,0.00003194667771208726
51.54560655680402,11.035063332868681,6472.525028117641,0.00033896210129695894,0.059185881941356176,0.29851836701288126,1.458566826900746,0.6101470179623969,0.5096050545718077,1.1553671476186216,24.94496984995191,0.01203003120374633,0.044238382149049085,0.03541941138591364,0.000028639531904093143
58.99014896605237,-6.198885341649074,5290.007036596396,0.001968406082386828,0.05598397203984993,0.22402601603233824,2.003778384296252,0.8337119621670652,0.6718377531457927,1.0787481576493776,168.39602988053474,0.00517722438413102,0.09957684561120173,0.04311043387496436,0.0001823731632303684
37.529553261919055,-3.304833948609607,5454.84089859836,0.006052727716787752,0.05981997312371302,0.26069148134747006,1.311727924817974,1.5259702825464692,0.7251885349520968,1.5889823722567424,11.148913932537145,0.0006821426132436884,0.0253748484979931,0.04284040207671053,0.0009474774854582728
45.25501465267226,1.3824920973585382,5424.392413948758,0.0024674077628435917,0.058832508021272795,0.07020290559195909,1.4342564153769821,1.3880968395038507,0.7523856225839616,2.131016507102475,88.15083327976687,0.019205338921046203,0.006729374740950291,0.04269591917979798,0.008334848489454736
52.66100838086833,2.008636080601299,6064.695476477816,0.009402782147403765,0.05361488606758845,0.29723822418940293,1.8038828544760708,0.6728412813611688,0.4086080886669342,0.8650152696842899,58.54585166389009,0.004302456115812693,0.008857907059938207,0.04165248555610801,0.0002242385567238963
46.56131822462444,4.986351865759577,5036.615209792563,0.014382554707254915,0.05284499846634147,0.04008437302722535,2.1989818171980966,0.775451200595977,1.3814380526606023,1.4861089541697026,103.10676668033081,0.017164988533721958,0.018193589998502773,0.043128613028417105,0.00001312425557027559
53.29342565954883,-1.3702754268116806,5228.525359782094,0.00006410651008087656,0.05868944412375915,0.2898922074241359,1.9527470880116582,0.7780382545928215,0.5810705519184495,0.8589104636185525,57.3306057306231,0.018759124257556953,0.0829518719852141,0.0441517181317911,0.0000023412562536405297
44.841495068743605,-1.4679791740285566,5977.812683605221,0.0003591766782348826,0.05300848674267688,0.18616797625905776,1.5975972811121217,0.7784258243097109,0.40613847283336263,2.163922043252348,128.2567891373312,0.016595031562610718,0.08093837762810314,0.027506767348190304,0.00027161744756567466
56.32362424216072,-6.505902911831267,5582.171279985623,0.0041547589247983375,0.05163262742352652,0.24461824330742063,2.0067223178461258,1.3560477618726856,1.3661631143656634,2.39107494223549,106.32279691836455,0.019993626104737844,0.0030192314918369664,0.0376951743689716,0.00003493456348447276
52.19525323866871,-4.138485417006236,5119.068642145973,0.006694182078794725,0.05664180811343862,0.09653033842092684,2.037849993952965,1.4437318027223576,1.1341966381450064,0.8117901728419464,186.25258043436872,0.00046610140184328566,0.0010122973795124578,0.0396556997438656,0.00001759305801682719
51.714234346540884,-2.53373513444226,5073.880600075951,0.0000923957718540314,0.05149693918706823,0.2988229216188253,2.1999136754575352,0.6414785958897791,0.7118111296742653,1.5601875221403523,127.70201717257663,0.01571251640338461,0.004391680678888115,0.04436060800469971,0.000001856293907725902
43.48531269896271,-5.60160892646162,5142.727825946015,0.010919934722243377,0.05935343168953405,0.2864668083890438,1.8955320633885413,1.7765093397387597,0.40533402386356343,1.3228439244994572,194.35752505903508,0.013718673524466814,0.06956249157860313,0.03994126453315328,0.000004940212931977148
42.22920422650816,2.6222674305212035,5265.421051663717,0.013075577531920733,0.05248361179345053,0.20543389031342651,2.18294791095535,0.9678130239527676,1.1735423560441554,2.226658730574779,32.673985879580876,0.013390468950116158,0.0022130276879021556,0.03505496142532155,0.0025478924104117796
46.72123100318103,-2.7052233132523797,5157.861093276165,0.0013531570300995964,0.03073146635194201,0.15061925231503331,2.1617984669709283,1.7488533255209107,1.3552653199622917,1.695672883886442,193.47606818217366,0.01911536924595584,0.09777691377877214,0.040094612305340706,0.000007993799351896353
58.38553003386261,-2.79540218093815,5045.522613672411,0.008261130143310823,0.05517240408897458,0.27929348373623414,2.1766805157254066,0.6652060663783899,1.3764316325658856,2.3437781615480535,196.4059383901893,0.010119605068673933,0.05757609503273625,0.03849230442510346,0.000001518815609670819
46.921288603945186,4.267241785385044,5823.6115716965105,0.012327854299035075,0.059638685440539685,0.09195138879125224,0.9041457463349674,0.7760428108942109,0.8026686516644497,2.3365777232336002,74.00524322184226,0.00564386596586504,0.0010054433048910037,0.03295614116040984,0.00040853380740468325
53.83345192115823,-2.198928532798356,5013.771595580208,0.013402511326926698,0.03580727289909259,0.2460771598958389,1.8966300823186661,1.736462327960163,0.4413987316169787,2.044586176921444,169.96656378644573,0.016613824157119747,0.008810081024361562,0.03538017295660333,0.0008401017237967442
47.26364111055966,5.302293595303247,5388.649475088363,0.0006532532307083163,0.05405147308663334,0.27614811707991743,2.170151987594652,0.7227641225668623,0.4173329080503375,1.9313725998419313,136.53412158180697,0.00955877742454461,0.0012555228366348343,0.0408664596804113,0.00009542553743124305
58.68059473348883,-5.692164565765311,5492.592968389954,0.006910440765450405,0.04737446073223865,0.243983689895994,1.359942367395539,1.304508665688298,1.187046424735322,2.3416219681069084,196.01207842661648,0.010050396543405789,0.09523699610843196,0.03385452617501546,0.0005430107755981669
40.91601464106552,-4.026707989022169,6890.625530077628,0.014947083139842054,0.05923640501599392,0.2999715677458113,1.3866103821165634,1.0896936267608315,0.5057257478140813,0.8024419709636816,116.3344062751137,0.019222101311814968,0.0029417071941032487,0.04376237926394644,0.000002590391747831803
43.55975727547007,6.927757463110062,6705.889726615975,0.00020745485748807483,0.046518830553589255,0.08674774764703284,1.8554518239309759,1.2326696687185543,1.2329971003030726,1.904026194743466,199.91014297991887,0.00007585951663974351,0.0012572417661463593,0.02966269931937266,0.000025564130803213633
46.42984100265482,0.03224701822227871,5598.639312643403,0.0014724683298032615,0.05689241213888011,0.04002731244241982,2.1120665500569293,1.321886398197795,1.0595212824758886,2.3655389977010888,4.383558990366979,0.0007828433319198086,0.0018738685546519295,0.03511868560922963,0.0000757345897939364
56.10990676297517,-2.8251699262423946,5167.943698761849,0.010546877272922766,0.042718937453660816,0.047886785558958256,1.1037418656294524,1.780792113915239,0.40061753938424827,1.8239934374431312,199.4962657495253,0.000004981417978217703,0.083959840304436,0.0422946261301191,6.117753728654371e-8
47.919247766509386,-4.6899671714575,6017.566696335701,0.0018987826269497845,0.0515055945442087,0.07792099446539759,2.1791969057594867,0.7676379538533584,1.0761077170916673,1.561179257048185,186.5734659360739,0.01999300340321311,0.02322029210340448,0.04300769090446302,0.00011920453852470425
48.73627879828678,5.235464470913335,5195.074153590919,0.005047522949032378,0.04623165032206708,0.29464496910826127,1.1505864975157547,0.6447719630378721,0.4638077851795056,1.2578928719232154,158.5959717140635,0.01062079774992554,0.08190263268623288,0.04086803220523546,0.0005524124664649829
40.79739666227597,2.4161964989118374,5820.306066146057,0.006552845778314884,0.05403511523963103,0.05011591115087646,1.034985586228443,1.0087042484108175,0.45674521114102007,2.384229529991069,133.4201118168265,0.011613501228964271,0.09653956328898937,0.03493932239368256,0.0002998054330206494
50.48227294741889,6.984367443300105,7315.851862717679,0.00016002822649179276,0.040485568878621855,0.21434959392237518,1.913283475161045,0.6284969418706174,0.4348792175720278,2.3843844659734197,199.84125551952894,0.004771536945171547,0.00161571406137274,0.026170503510167673,0.000009588192000564294
49.15263275670622,4.04293834864926,5815.230800711152,0.0002763024684872883,0.05935743489513196,0.2344944226115808,2.1022306883530066,0.8439285047421791,0.6747855422775382,1.2409639483823507,197.20220641188718,0.015795141322526393,0.002422949522959344,0.03476396436552254,0.00010968085333451985
45.89157978167211,-1.824668371822268,5035.211419019226,0.012696810044898976,0.051321486463762625,0.2910052556091821,1.9699350197150463,1.2945524805405193,1.2019134671506246,1.5207536190163178,14.67449053782267,0.019292639291213155,0.006513977210409006,0.0427833632940563,0.00047985328839911164
54.67560764278452,-0.9620886417301389,5021.67296056112,0.012106221303349048,0.054811213993888684,0.2034667933851189,1.123354841433597,0.741117420616178,0.4003813146133548,2.3901031853920647,117.69199592498877,0.017043219369318657,0.08859621393776071,0.03342064140382862,0.0000033814908633963785
47.42969033451753,5.241762127567448,5162.466567268566,0.009303601773076391,0.059603149914248824,0.2637774118294061,2.1394028709908324,0.6154049535957884,1.3667533910221716,1.1778136989292982,121.52277874486921,0.0024876298817042325,0.0049546947786518825,0.03787129639076379,0.00005261456763136595
46.54250042948512,-2.5970169666986713,5002.197497274014,0.00020405741601967102,0.04288672027346146,0.1462115308789729,1.9792565864896126,1.6846647069708598,1.388804454879442,2.3968426749068583,62.81867105464699,0.010213594755844727,0.06346899000440959,0.03559483253252392,0.00001797345634692263
51.68564655926059,-1.064637972377847,5092.891463532809,0.01244077887743587,0.05494309977920121,0.09599375259338087,1.2846290444388269,0.6439680898319987,1.1591479176202109,1.6097638855565441,173.36040809728323,0.0001226359257183817,0.03236081994109994,0.042672918508112244,0.0003558053166908695
45.24071347936991,9.38173252818213,6630.3983674708625,0.00014923016334302179,0.04561126095991864,0.21726607904781217,1.8501869464384408,0.6040376590223031,0.6347824740436909,2.299835133393114,192.48349118273936,0.00015229800685895469,0.022851350642303998,0.023943300576352453,0.00003320116254951712
57.80714389402866,-2.6369935720056565,5059.433963813728,0.005806789038541579,0.04755848885309783,0.2819411311128833,1.9696365141765828,1.6631532439059988,1.3981469610124566,0.8448181063897371,0.3610633778272751,0.01090329697423301,0.04932023842564488,0.039504401371056055,0.0000021154706739833215
50.23275546041865,6.5321218260822675,6245.7201264632,0.007810161446802554,0.03161410312618027,0.2732856321583229,2.198828821554266,1.0519340310725702,0.5936097204681025,1.8641303446093642,10.400965174920525,0.01975759112884206,0.015428689216948515,0.025864250363107688,0.0005089753957514023
40.890255455699865,5.039736844912113,6093.957881249759,0.0149973342571654,0.0529244572347971,0.02358816894935514,2.1509784842205515,1.5141239864442375,0.6416284959752979,2.221968618319774,199.0724726705179,0.011609554618277325,0.09000971992523793,0.040045403416021814,0.000003366084065239273
53.38551933133739,8.118462613054675,5988.021446354108,0.01396874407618094,0.059247894328665535,0.11871848592570236,1.6252879141103023,0.6150453716173483,0.4095895876598619,2.061967605766854,195.64856351095057,0.007451778716483789,0.00105473901720311,0.034448075046572026,0.000013672590299793152
46.9555315574481,7.4862653224247,6067.921906742718,0.005600274040098786,0.05858460585171874,0.2622459893524779,2.1515704140639196,0.6432647194199282,1.3972926665453225,1.0721452153389344,179.92161476938466,0.00456705053533867,0.001869377833423369,0.04264100501600877,0.00004381984934482587
51.16440898267716,2.6116267207559005,5164.874524528228,0.0027992264342386283,0.04328336836495694,0.26835074931470293,1.6550337263125598,1.2499852013209836,0.8682714971895209,0.8138614243806526,1.4295706679621918,0.00006661785832844525,0.006634776265544973,0.04066308766082601,0.00016342314009537331
47.2928560669833,-2.1841626879570706,5778.178521123981,0.0056447946253927,0.05935283309430586,0.1564227795460217,0.8182061421868557,0.9947204589025456,1.3979376407832802,1.8592529325108966,199.7690483725947,0.006522137514296756,0.0024010031223060746,0.041867330556680286,0.000015155794006271346
