"OriginLatitude","OriginLongitude","OriginTimeBP","SelectionBase","SelectionDairying","Migration","SelectionMultiplierBritishIsles","SelectionMultiplierRhineDanube","SelectionMultiplierMediterranean","SelectionMultiplierBaltic","DairyingLeadYears","CallErrorRate","InjectFrequency","Distance","Weight"
46.93021543781744,-3.060333521156428,5001.4208608246245,0.014983749417904304,0.05620475756603444,0.2032641418105815,2.1911347908768537,1.7546236552206067,0.5908953814811433,1.5488509539522228,225.56564340730012,0.0006719289257029442,0.0021686060359808394,0.036760664727339874,0.000005322143726637593
38.28666567767512,-4.8587996890495235,6225.253416684523,0.014851646343568798,0.04650642613873495,0.2491671962667342,2.1998829426792925,0.8105129431311897,1.2450455253134898,2.3974286842338906,1741.831760428198,0.0003279896675367199,0.0035217238519996423,0.04431662781740368,0.000001488314926975917
42.24181427144936,-2.1249839148922316,8364.666044281264,0.00003129594929045239,0.059903769844037134,0.041047135786620066,1.2809996266331338,0.6721404883752007,0.8109113395985239,2.132864153327585,1752.0689752326987,0.00015049528882447158,0.0010166325735682378,0.0434719005726085,0.000001399156691031774
59.09528775374311,-6.373758743555525,5258.916033231705,0.014048326588024813,0.04790061092889185,0.2719222716246546,1.2498328372210923,1.7812101222082952,1.0171758858585265,0.870276231837306,1204.6724398793565,0.0005992582594683158,0.001059246216981163,0.04520623420839578,0.00017904501259164655
59.40498609006474,-4.102730608892757,5107.060614365276,0.014691062139082523,0.04994340419562308,0.07545730184079927,0.968738931235484,1.7726941738548225,0.44014453056155584,0.8996785291576531,198.24461793229617,0.0005468163114288979,0.05594039220091228,0.03965916855439706,0.000020074217219734334
52.009578843345736,-1.7139149244189493,5045.420642465783,0.014196931542596877,0.054221374184111666,0.2932208518462741,1.7785702665339123,0.674680325646979,0.40627045399198936,1.163678705560413,8.40076205561467,0.0009950086469468604,0.0019930904622528253,0.04227356565159857,1.0064904051303395e-7
36.447050299127135,-4.271235019108852,6816.901152612311,0.011881750559953193,0.049074457889061694,0.2720017558979003,2.1916877680457194,0.7418752443733521,0.5584566714134638,0.8459761797468243,62.72774170201688,0.0009520987264336669,0.003078373165202615,0.044876412718270815,0.000030511312843921643
39.37987461624692,3.194096285774382,6600.616191884765,0.0005341798569315386,0.04940621939331535,0.2987679672348754,0.8102342965580457,1.5174270248455923,0.7137271821615877,2.390697893522405,1984.21840612752,0.0009945417279120692,0.0022692611343645593,0.044022231728976936,6.319974672775512e-7
39.08569420155116,4.874618987478536,7807.522711222371,0.000007313496825593948,0.05753606760123504,0.16150741139839359,1.0850276647122805,0.6857789410028319,0.4353447717172916,2.1894085484443497,1649.9358672353499,0.0009899851571390289,0.09877503427757124,0.025269905214007706,4.952905236712191e-7
46.16737125331048,4.342439212325896,5461.149863348974,0.004143844520962866,0.05182603873617103,0.27405861401095327,0.8173783468786525,0.6486766816789901,1.1365008588005976,2.3088152754712317,422.08682284356644,0.000847111514354996,0.0917138216224994,0.03403826697436602,0.000055683177460952815
43.98281272460625,4.178587538864864,5596.209769564754,0.0025818132269152705,0.03257532265571537,0.29948275675899616,0.9453119551654202,1.7840749130730544,0.43490665918808874,0.8389125890749773,69.69481760166768,0.0009525426817801289,0.04554866808464962,0.04578820900299246,0.000004020931393201201
51.21698135572826,2.7130763946310097,5274.943945672609,0.005506954986000443,0.059603721620568824,0.035676541218220365,1.8022543410737182,0.7986551037339167,0.5196170171135932,2.127412915339132,533.998608244619,0.000863431142089534,0.09206277146276923,0.04097195715752876,0.00039370800211487424
55.89335645616135,8.711157431512252,5304.130799720337,0.014986951450111564,0.053391239080555576,0.08708057655435694,2.181310198016762,0.6131224634485932,1.0869443572682984,2.396164813369576,1994.868434271074,0.0002553978739265085,0.0018654873946167057,0.04452631189758295,9.435199798457469e-8
51.92091872672201,2.5398693411494406,6138.904031345744,0.000027135642176223924,0.03613083224856737,0.11294387965790659,1.8825149976138553,0.6017666595885125,0.8893793247564744,2.3251590025791953,1680.4755594595545,0.000683717133831095,0.011866056513981782,0.04318827161693619,0.00010939222503970479
57.690035708474866,-4.0465432981230505,5135.932187334473,0.001327518547080414,0.05836590149257885,0.2997000771574461,2.1859998790886,1.367991115619835,1.0945998664340948,1.6560821611252972,1841.863456526654,0.00014258804526147244,0.006708374852301357,0.03817061369561707,0.000015879593147572594
43.51897065563133,4.3026116078539385,5015.9001461876,0.005592654970078306,0.043767009703462596,0.2584037966463936,2.1915301941719783,1.7449739150101284,1.3996639267625364,2.3558048709916766,44.62599243516012,0.0005311109613480106,0.0020602413755978297,0.033733110031676526,0.0000069442254935372344
50.31830395696655,5.449811019898478,5476.482087388824,0.014798481539319308,0.03468615369570586,0.29919348232875925,1.533006149691467,0.652718682449898,0.8147610895648245,1.3351289223722356,6.78431689515833,0.0009397338174968294,0.071167108581009,0.028495754869977383,0.0000034391235507424345
45.684016752537545,3.664645902162464,8136.32406172843,0.014138497153010462,0.021478817891693147,0.0919974184574495,2.1962303445128275,1.7747409314865727,0.9718538249082077,2.147731477707294,1703.5260222961854,0.0005903227376371587,0.001497668386268096,0.03358510229919107,0.0013392200003061025
52.41798942172194,-4.285743364083635,5101.072211525205,0.00016535129969636573,0.059422437774638674,0.2980791337222362,1.742912846186715,0.7371189561252266,0.40053381704379737,2.135632230009875,1102.8136952410814,0.0002906747990433215,0.029711189758036986,0.03772641756881536,9.751991444524588e-8
51.03563241293689,3.855988627849513,5691.557711864376,0.001628907902895897,0.05633525680523459,0.02078975678275857,0.8086666077580236,0.9700917531806927,0.7381595322830595,1.6008513793933987,1381.7443818054633,0.0008924366414298819,0.09988323571520516,0.03730181075540426,0.000004644927349703772
40.6322827651306,-3.2312592546143923,6243.992048277874,0.011723931630559263,0.055156997657376965,0.24785016939241458,1.7622317543669377,1.217932264931544,0.545149944683401,0.9176900940388006,314.4998945870006,0.0008807875009853926,0.006324493422943771,0.03634786560394767,0.009921683517756536
41.03676701290294,1.408857484301567,5114.317234322585,0.00929300643936818,0.048921635917664956,0.2696774223018686,1.7284870463406503,1.7025348944883243,0.42682221626024813,1.103805726255904,993.3371718107287,0.00024559483709778765,0.0035200541605442497,0.04193371864354296,0.0032985318539019573
48.53881551326535,12.259626975059362,6104.849117864599,0.008701169974192128,0.03075576355205827,0.29252903354815407,2.1595736884442864,1.4122944053880586,0.8139556309664321,2.0008964153859043,1631.430694405607,0.000012743781497438546,0.008032478840474429,0.04108277686996686,0.006116676937052551
57.42785287227648,-5.3377928927574505,5208.883312672688,3.678078208114163e-7,0.05669263960535832,0.2429399337846797,2.0026079711875453,0.6171043840744124,1.398109824431991,1.24045661304118,367.64155120431747,0.00004281500204395591,0.03842474732276635,0.04498475414612672,3.1572872065948296e-7
45.63098568059089,-0.19266811868289402,6768.987722131306,0.0014622154422723602,0.04909966652405585,0.2260688098913311,1.6549543056245966,0.6132879674006921,0.4860562838287814,1.8996431745065652,1726.9222418271486,0.000006996484848847505,0.012407428634150355,0.030560675262472442,0.00038209316742612067
61.40328542937525,3.70139714798551,5067.882055443223,0.014513712347476653,0.04998188494674513,0.2992386586438738,2.182305541997081,0.6889370505744321,1.2924343549128117,1.594339807766957,1896.0582808909564,0.00015386475324733186,0.0572661717078401,0.04583682676816995,9.251751065591856e-7
39.82579196750769,0.20604385520363522,8051.642622249592,0.014018066025372068,0.05198256568354987,0.09868934343624719,1.816168201862569,0.6115167580332578,0.7322713497103068,2.065401655217859,1937.9264305599515,0.0000049918978321228174,0.0015408087544683839,0.036043956117570705,0.00003425623653404037
41.9710384349723,0.2365333766024147,7738.7790988774905,0.01118861558777956,0.059791659815382814,0.045994186512015145,2.0276123359622495,0.6809428632142103,0.436376241857476,1.7259713391638543,1968.567087258064,0.0005936449206523807,0.0010754254283695595,0.03763328361821515,0.00001641109570464831
52.31304032586229,-3.956787764956476,6341.015016627922,0.014428796804109115,0.056271776369471026,0.1927366029416733,2.1869133580790203,0.6121482812095304,0.5136961167711533,1.8126613645388245,923.649830139465,0.0008584962725050975,0.0011775383022911102,0.040701873798262934,0.00002462614387872737
58.771354062704226,-2.8385357446519546,7676.763117028591,0.0009380813556008921,0.05928758824538381,0.2977685602345156,1.1667593677421562,0.618058805482561,1.1962065652615936,1.4639670567230052,1951.9052962766461,0.0009691970706405259,0.010367343163180456,0.038960690905815755,0.00000190802288181275
48.20450872502116,-3.2579299407633995,5078.498911203037,0.014858408173881881,0.03449239631883394,0.2015830667762533,2.0645458105761203,1.711662269233226,0.4543474412637862,0.9215053978659808,1956.8741873142537,0.0007384132184888927,0.08840787064557903,0.035631742214998166,0.000011039397044516535
50.73992082945679,-0.3023723866943495,6386.645630028638,0.014420613536136285,0.037031678793416796,0.03631530727875405,1.9983185062923579,1.7190960481987232,0.5482403323268833,1.7197426987515634,1900.54031182115,0.00007532650225456589,0.001805339044565939,0.04221876698420327,0.0007415384172478539
47.54220853294691,8.439571563735296,5113.1415777091925,0.007627161009392629,0.03610145130741417,0.14718864876261864,1.837390656796326,0.9584923727476944,0.8475528537609276,1.948089368737904,1320.755209581973,0.00035961032884357846,0.05157860619107985,0.03456036863626326,0.14586358331846916
56.565646564079216,-3.3482345486947107,5477.58351944711,0.014737890453969742,0.049539497952862034,0.1435225307344882,1.0492157359999257,0.6448191940828102,1.2416801650180824,1.7917690911198298,996.6236796961846,0.0009985658453969515,0.019708577390244807,0.044264087217310136,0.0003494522129635542
47.534413012316875,-1.8319153163096669,5157.860950613095,0.013119594636306037,0.059820001380958755,0.29529271064419876,1.822854624311214,0.670649036389951,0.5651817520263868,1.8350402575506184,1382.7609502000441,0.00007563200202494033,0.05035100534391547,0.03167363495543733,0.00004447463388029418
42.74633904767374,-4.799446790902288,6519.413581416675,0.0000017891984132626097,0.04761368717639268,0.2910997199888704,2.1015612801990518,0.964391343999216,0.8759103758550097,2.1469064133915263,1903.8027421017302,0.000023591789727576487,0.08267003948000919,0.040514415826314196,0.000002176879057578824
59.0280577610273,-2.0674461538093496,5028.180289004195,0.01030456082426901,0.0517167557983895,0.22377882047894554,1.8476219654440977,0.6341122864847397,1.3601750292626578,2.1937382885738446,1.656450440644944,0.0008983104655731984,0.06842692507145708,0.041011457592454496,0.000005301377860860456
59.468117866428926,11.891587404059603,6025.198862402448,0.01217016672770492,0.05892009489062357,0.074080980313196,2.1845929089370344,0.6338476090470896,1.2771748889298364,1.8110905291900725,1961.5893734963347,0.00013276423277311722,0.001306635643675412,0.04505403474155037,0.000006748124854932861
40.760629019186766,4.7637946684554215,8014.103547692914,0.01193377610588316,0.03781836215657904,0.19897111306386853,0.8020650857371565,0.962854440366803,0.41879642082307533,1.8583981286105347,1641.1728675091315,0.00009477601137124596,0.09628179834817131,0.03790432071867604,0.00006711296572118983
58.4856793184076,-5.567816174845821,5677.800567687627,0.00010377723663161821,0.04663626288060527,0.12992713924437613,1.6003397530597243,0.9946094947592043,0.9139969902393164,0.8471527708391813,1918.0782674814834,0.0008333117822511115,0.09019171961032986,0.04486813986310047,0.0001488848319713606
39.44256778682642,-2.3767189688495307,5916.508456288353,0.01482207906546953,0.05649327415314318,0.2929161651864215,1.8104329655919558,0.6098217088977395,0.4815295470326783,1.8229718007508207,217.73791062599196,0.0000978638374113445,0.05815543672090048,0.035327724243686964,0.000004203630613565753
44.024204415428045,11.682577853866764,8887.563882163426,0.013321999442279348,0.024752969860277734,0.2855430653403857,2.048164424267973,0.6407587056119898,0.5213569653622359,1.5101067624208286,1981.259667446844,0.000029253561984067554,0.06437456619066217,0.028920468845166573,0.00016812812137367186
58.93829499349921,12.280108236447237,8071.404621238877,0.00034167565135316606,0.05528478791696087,0.28373684717516007,0.9161215187626415,0.7552955424712604,0.5916914762075607,0.8071077970966395,1935.6445981024422,0.0009968494106586104,0.030006596460032196,0.041253994878836193,0.0000074381425950777
60.747463410306494,8.002557133343196,5858.935876083448,0.006163642392716143,0.05514719715543384,0.1710243444446409,2.1007930855822554,0.7336566505654151,0.4119881085534529,1.9881504116544018,160.32411675431462,0.00024820368205939487,0.0024755253719608993,0.04351490688663852,0.0006686269724797855
40.23093304868769,-5.308950257184542,5998.777459346688,0.01115868647499308,0.05556306710117482,0.2644066875684225,1.1356106506496868,1.7891590419917893,0.4797475575175676,2.1539669782917956,1865.8304032086135,0.00040465062228529637,0.005281463019949199,0.041280070661219206,0.0004554365926108001
45.67519059470631,3.8983538947957115,5186.943853833711,0.004713591618352625,0.054051255589820296,0.13859458760915225,2.1112374092379596,0.8229589441728726,1.1521228518288127,2.087368287860828,675.3933132787237,0.000568546718684552,0.0010014157150100979,0.04542714953473949,0.00013225829820162827
55.86012304273204,7.483447973076814,5611.4580353358015,0.004788721335794722,0.05951281446587498,0.29929689321229597,1.2972577110361003,1.0419824768451158,1.2493507579370817,1.1788301835598012,1919.0993843920241,0.00040312151592977486,0.001270622112554402,0.045136152878125745,0.00009516474308891854
41.550271205331455,2.7198342438038896,5403.486026504403,0.012941715639051592,0.0339478880926493,0.2413871665372282,1.6314933616988547,0.6062635792558856,1.190360041336092,1.7516071584088058,1934.2291142703991,0.00022378791836521626,0.07994355772723571,0.04597728658921423,0.00026644678440313906
51.83410648311515,-1.8679605621816506,5212.7885300605885,0.0008694072793645956,0.047002679269010895,0.2763819919929854,2.193924897740776,1.6850615171607752,0.6892922686015115,2.182809037598659,158.79119893909038,0.00006680115014406285,0.0010159424426627395,0.036291411148538164,0.000007223797023279634
52.93333158282186,5.742197732542653,5401.719489495879,0.0008387596163112653,0.05197425039040994,0.257969236223916,1.5749678939336116,0.7157086843571498,1.3240084727228125,2.0568155108368655,17.741684416665997,0.00010980450782939264,0.024056005674324952,0.02521247828754714,0.0007903491745095197
58.842084155709244,10.387247342152836,5102.3707711091965,0.008773189658986597,0.05900277126741785,0.20548866987059977,2.1408286341608744,0.6246421016604773,1.3864850914157334,1.506018864564159,479.68372956903517,0.0007141782010115165,0.024311621435590357,0.0401806550299017,0.0001052907752805781
50.510911754715,2.7342764730514695,5101.278332979188,0.014957810323979909,0.05511709211957457,0.297788751695108,2.137093378162688,1.0363631455773739,0.5941090089728159,2.2277588302211893,1225.6000480681048,0.0009912854319586086,0.0019370324866253652,0.03168537512069908,0.0000037707743925006585
59.28918491658848,-5.062553818950429,5089.051949434318,0.008018377772762743,0.05283326316173894,0.2863174836648801,2.122395567205276,0.6131108312362838,1.3855885411399602,0.8926106580774311,1773.9595398699837,0.00037086805824772256,0.01595201536303031,0.0438283535818934,0.000008204700338197641
43.032745694437864,11.298623423649627,5097.252143257107,0.010063447806209587,0.052930189917437635,0.2803862015935519,1.4069491252850757,0.7941509653126277,0.5906894549201058,2.3963800587611828,28.210908926758403,0.00018534112672656414,0.022540905650855304,0.04447410296691407,0.00015258592671981542
45.532433961045655,-1.0632293701707418,6347.562615333295,0.0035449429861936273,0.04271258810040246,0.04028781743341989,2.0741795816079205,1.3801242398013724,0.4575382523305174,0.8080922017070351,1999.0266920069223,0.0001510279620003257,0.001005297859128242,0.0388867560353352,0.000002077321847320264
58.19377352440485,14.079356092116054,6565.989735375059,0.013232768705839911,0.03505131459721033,0.2990618376371163,1.9723359915701097,0.6019658051664497,0.6534845921868613,1.252661527727374,839.2604261197736,0.0004600295630820563,0.0979613016639091,0.03790076355256181,0.00003247872293962376
47.066992327504664,0.5781917174425732,7368.284583063106,0.00456076261875771,0.05870027658948695,0.10832403551171359,0.802905654086126,0.7966368290643828,0.40355744728592186,1.1369980473925312,1645.9318476108506,0.00048764017685226505,0.010089655938829486,0.03130111920309937,0.00013837065555594483
39.88525934413213,-5.04344842913449,6445.5938531464735,0.013841379992545854,0.05135658500145979,0.19292124088371573,2.0364047864249146,1.244224776937618,0.4655098304705313,2.370938463659787,334.09522908574075,0.0000012646137734369307,0.0015905743048633485,0.04440858250783264,0.000035425061083528196
52.07781996385792,-3.1147629551954,5531.388139917464,0.010786097634972472,0.05991217080834614,0.06660335630859315,1.8909072300563923,1.355505424790109,0.43140280591087027,2.392051189123171,1972.3212798192365,0.0007034218147154308,0.0017969196299935006,0.040362961143508624,0.000023339470195073907
46.64131373123552,0.848135482958833,6354.996251199668,0.01466082483863302,0.05185030307766958,0.29989415941411446,1.1563253921186492,0.759902937678699,0.40478211671295417,1.9715879760436918,1933.4045181235813,0.0007962625188757775,0.001573679619312356,0.0249047732713247,0.000003203914023110656
52.890256986384344,11.95036797642329,5301.075342886536,0.00292396616342372,0.05995322860039296,0.2865476111359518,2.154031903556005,0.6804662202556878,0.715420912781529,1.1320860831966955,979.1508158744684,0.00018384421732176457,0.00436526703860987,0.040932860926391375,0.0000506473577399369
39.80267765336442,-4.573715107350971,5532.490798324352,0.008664922832871111,0.057012111433822926,0.29224278229438644,2.0572553143084815,0.6869087348854992,0.6236923242934128,1.237927877053017,0.13606630087100574,0.00005528181957628798,0.0977002335689796,0.04501487739875562,0.0000036818284243323997
52.959921662892015,8.131092901874158,6255.895332490181,0.007666554070014469,0.03117431898910678,0.24360694784692408,1.1541391652380764,1.5992232736029235,0.40508362193819925,2.3207256032772645,589.9320406458199,0.00005919656193714158,0.0011611217808132456,0.04412037013045843,0.0007214109138847822
50.54999167617639,-0.5150732047847786,5847.861623368097,0.013827362223800386,0.055948765796883015,0.21975046864726375,0.8260344295601026,0.6112264019893298,0.5778327197012852,1.4810422156070677,1443.5549112339113,0.000037137991129901784,0.09930832893844564,0.032052662663733536,0.000006195286122341468
52.198979172953784,6.5937298261476585,5494.418528660458,0.01217052724095127,0.054630506608863455,0.08681051616878764,0.9199063201451443,0.6025307875811962,0.9346114636118318,0.8062469917191638,1887.2012165508324,0.0009628676233323529,0.07283203712637942,0.035144563808641026,0.000006432180282233418
54.87429415038982,-2.668161674262757,6059.672241780539,0.0014954720182312792,0.04989654027595453,0.021806849442926712,1.184673816982091,1.4669959660513952,0.4022164186140557,2.31354408953608,724.1987592424507,0.00016646830320410336,0.09504593825340656,0.044775435774241035,0.000009526484222019476
51.363323208240146,-2.696358291050494,5400.787651260893,0.014224024279263997,0.04545878461762058,0.29636976744102356,1.7672070972871923,0.7334303820791043,0.40812882339840106,2.3976295415814084,1996.1976330790485,0.0009947051459408985,0.013678921888529502,0.034640698140041976,1.616493205759072e-7
59.3065544973708,9.962734945082953,5848.906307321622,0.00850740712329,0.05873129585571615,0.28914094558416337,1.304151106900079,0.6949891377775537,0.4260141212147971,0.8231857453130431,525.7085245849213,0.0004644432328865856,0.09815835648601254,0.04200456185577056,0.00001302412973849967
48.830511005786164,-3.254289581967197,8046.422513953953,0.010939658921563412,0.03245070909486599,0.29994432781061425,2.118475028181716,1.1651022691802955,0.4080762305635444,0.8132192887736835,1987.7464253070218,0.0007672314956642568,0.06758035845446331,0.041426938759451436,0.0000015226996068352629
36.47727401769253,-3.696540767816214,5384.76551206157,0.00005984365792842279,0.054329883927154245,0.29996505230500575,2.1773195162077466,1.781203200844859,0.40355851546436755,2.3713796360424535,417.72576615971684,0.00020640012714339854,0.05966428230330476,0.03732414192662975,8.683762465607831e-10
47.41195474622162,4.630030303627098,5326.716401055015,0.014890278498249261,0.037190104623235194,0.020000875796241248,1.8801713548949341,0.9741958988216263,0.5270734242589412,0.805864762661798,92.28610006560127,0.00016432540060454243,0.012211406537782885,0.04022963708270572,2.4102317736446214e-7
52.277204868667795,-3.7182689422095034,5121.507289179407,0.010973642636983503,0.0519896855967629,0.2906929019960735,0.8226586662913296,1.3240453338751406,0.45753047966596133,1.8681057773876293,32.70444902481428,0.000028712103929467865,0.01887214099886195,0.03912606892680866,0.000025285477954490048
49.1947038749773,-0.7135705207501069,7647.235982890694,0.00005740835779923953,0.054576446062018495,0.2743657115050117,2.039032161355416,0.7880115221599602,1.0024198335555297,1.4683343862176415,1397.941719557197,0.000982725292406832,0.001001707160052019,0.03448146795572337,0.000003907175690291023
36.838572820091876,-7.678055378659414,7552.030464123397,0.010341049257740528,0.035291488322780146,0.29180513100148503,2.1199990232157226,0.9974454384781497,0.6670456914923815,0.8258344338027149,1951.354829847632,0.000027164158138699356,0.048527756744306365,0.042099221224955116,0.00003911461841577892
44.3742708776558,5.891302262055323,6380.816873344696,0.012225208616554156,0.05976710196296198,0.294342879491606,1.6073682534224258,0.8470956529954895,0.614341261309407,2.3933467934390142,1104.1003741976017,0.0009603031148564626,0.001472875023162884,0.04541518294967815,0.00004134069263995462
45.73612437951526,9.647832129022571,5019.874884145629,0.007528697125293251,0.05998388659018086,0.29217637982295075,2.087944366610029,0.8238187609711238,1.0134469299527114,2.3055915697172518,1891.7176395449112,0.0009235216170871138,0.0014181744440454462,0.0335505021656535,0.000012834793797015428
48.21544448741607,6.817917076818059,5196.1217484567815,0.001632831688359736,0.05964166389396249,0.2175360760343358,1.679996866145782,0.8081926093587682,0.9880660623429246,0.9334500446073675,1733.0651287766552,0.00006863190540371446,0.08603497418379893,0.038743130748209544,0.00028098772706705414
52.310031802264035,10.66740860216386,8906.912109354555,0.002365408973152815,0.03834923422876171,0.151158828010714,2.1853425108350977,0.7966648424586983,0.9762644108861138,1.764358146935101,1706.7968972234505,0.0008726389506926522,0.001007337631186886,0.029339126723349953,0.0007496861932814752
50.17226128746714,0.9617514803951899,8587.82569348218,0.000054180239022546364,0.04644935506673848,0.2688434854947356,2.018337336268766,0.8715379908369121,1.3714897239447779,2.3169201086723117,1907.5813069424034,0.0002045205158680105,0.0010086556422496296,0.031085149541457243,0.000003935735751698139
50.26024903401627,0.40608669266713626,6459.000745475929,0.010917444621601666,0.02748678928139024,0.06410505175465485,1.8381309739559668,0.6371124078689772,0.4088684084211838,2.2357666520518893,1803.029219573032,0.0001440565182220488,0.07101944272758713,0.03894688340405725,0.00047630237630576515
49.37703601595402,7.147406460530455,7898.929386143165,0.003923353498472213,0.056555890778843064,0.021202420875224774,0.8298160721179499,0.6992158919886472,0.40374213270914494,1.7002706370132719,1938.983925030377,0.00035717558095104773,0.0030346433376631362,0.0411515608396714,0.000010616537085878907
53.92642898180772,9.232721359052693,7355.117602727076,0.008317907569161785,0.02981974035088697,0.21373768820111125,1.931629519921562,0.7987555790573777,1.103777386899489,1.4596496592991994,490.00931053234166,0.000005244888290083518,0.0714931715370768,0.0331084616729916,0.024735580743950665
41.383144026440924,-2.0907341121319263,7656.287819343754,0.0055783455108033815,0.03200724786422588,0.257340485680121,0.8474979829312357,1.4810927199964088,1.3881566878282645,2.2689398840429074,1035.6566788785212,0.00003622103166718152,0.003443943290448183,0.04517043043272915,0.001500809598130809
50.34434839411438,10.205327661295751,6269.76878791612,2.33223086045747e-7,0.026884225759092235,0.2993836066098386,0.8223531379717206,1.1561390678042884,0.4026124819599549,2.3588596528795494,1845.7153223865637,0.000998663710043404,0.09948065103490779,0.04565243653237489,7.262357230555541e-9
58.033638882969015,-5.096012680414364,6124.335790463681,0.014913422209671737,0.04597813857959325,0.2095883934242234,2.198847102223984,1.318690129658473,1.3949476492134938,2.2931770909189635,1733.1561266762621,0.0000016958639811376473,0.001001216523588715,0.039766896565519703,1.3729883285554121e-8
58.259916529554964,-5.51919037150788,6297.325555723936,0.010686461264775335,0.04793408103825821,0.2792637493034635,1.23189377124418,1.2131499001548707,0.4248591055344258,0.815454325273264,1998.8898986032852,0.0002320782316970535,0.011860456265522241,0.03574587565449471,0.00009755522123187288
54.72086163802558,-2.195189406044009,7198.418324198783,0.014948875136098059,0.052734015962401015,0.025071715334752942,1.04012242921392,0.6109857148063481,1.371294480489376,2.281197955947148,1571.4334474805298,0.0007854402534706733,0.0010428763469566347,0.045298539208853815,0.0000024687921223643898
46.469219355950514,2.3363053280088035,5339.282644311567,0.014354286490703043,0.035673953860324084,0.2839532042360818,1.8742361397098561,0.7333660216583229,1.1786215229359769,2.293216019749382,175.4454127906727,0.0008929370603947466,0.009049981180297682,0.04076673449978111,0.0008773814345250283
57.856282449311394,12.68635577230815,6111.334895016196,0.009800866569045264,0.05570829516669496,0.0462471179303688,1.965381604094935,0.8779296870867338,0.6181456567855708,1.0730349204497265,184.55899535938073,0.00031415669948895374,0.028386614654727083,0.04447497949362997,0.017188988369756002
44.68281406477592,8.515396358920075,6781.461743320749,0.012435188013347928,0.05406700046163805,0.02603120987238696,0.8960117105171926,0.8526303453173194,0.4510651171883861,2.3973978598181636,63.30528875471953,0.0006871914595854613,0.0042980454292272634,0.04314514933989678,0.00003868302810876922
57.52751101008555,11.677065580759397,6339.703121204109,0.01465799032717973,0.04316633630184914,0.2981626481187004,2.19898269628779,0.6026625012728899,1.3804668449730495,1.2385488926785568,291.0209318544667,0.0004391409119165842,0.0017406357307970402,0.03699688967928123,7.080692861692121e-7
52.77575395159193,0.7692853035974618,5873.280632388716,0.014759285141777134,0.05887026973703422,0.04067811104196712,1.9625043401073554,0.602301754406162,1.3265940548048447,2.349632070386907,1409.1167646042593,0.0006981727929983534,0.002525031766279721,0.043017396510434645,0.000004716493018706966
54.077404980008296,-1.9190646397834055,5592.978612004701,0.014646178056584396,0.0599352373186104,0.29158673108566724,2.0365830526465,0.789407905941911,0.5463150367037329,2.2324815461250784,1023.1360435045127,0.0007903091131048144,0.0030136325052859546,0.04247770507633991,0.000034687419036481493
56.46367388903255,12.521240677807842,5162.368785127513,0.00044241060111524006,0.05977306458620005,0.28765014309140097,1.6878866138342934,0.600982699073081,0.8520013593501046,0.8075568721585307,1761.0371939180338,0.00010433925925280289,0.09392086344435098,0.041413393125525715,4.3239970410150736e-8
58.34699646121585,-3.4068287988903574,8472.015786336404,0.000027817081887914592,0.05949661842414587,0.07365098242553571,1.9599112056240204,1.1137808460396048,0.9095638262684242,1.9890333418909822,1995.1841580764446,0.0008557561599276892,0.002732122115954912,0.043154318458556246,0.00003450750746512981
53.37577034052388,12.336164121441275,6117.427043384301,0.004507824007753419,0.059858067264363775,0.03359087807484046,1.8451387066597167,0.600064996327557,1.3899528375160999,1.4926510500922059,1050.0374712695843,0.00016577026482119672,0.06912332080744561,0.04575161154107846,0.000005661287119630475
40.68443354155076,2.061130342852552,5280.826435842186,0.0029444404387918874,0.034516176307239195,0.28703596536266107,1.7328813490202997,1.2207771685969218,1.3991635157996019,1.6183774103392756,1805.3495238940145,0.000999800418993618,0.058389602181225346,0.04391191222109379,0.00008578216419866841
38.19756187927025,-3.9891119249798948,8532.041266246168,0.003460988388568185,0.04566289706368177,0.283810013437042,1.3062868795775482,1.0684008715883881,0.5909539077494037,2.3977094240609853,1756.222878526828,0.0000606872551072236,0.0014884882135064038,0.038040587009307056,0.00010595029370115129
53.16948575538209,0.8604266047303817,5316.383512760315,0.010703338515043641,0.03991239190467471,0.18946953376499606,0.8139740606959011,0.6079994830641237,1.193398161180248,0.809132990258646,1666.784645883264,0.0006929198810766436,0.06901075475793352,0.045986865262214766,0.00003363423942310989
42.34195243824452,-2.165499168803521,5074.567360556224,0.014305966208297737,0.042179748616581456,0.28135345551064506,2.177173082152005,1.7808250031350785,0.4866729957582927,2.1582917886121473,349.59147156759315,0.000251686034239127,0.0050547247760958655,0.043670837664354284,0.000042174449746083555
49.471952327291504,10.96172980284496,5056.605751114522,0.01493351601064104,0.04474563925839751,0.23381201961619144,1.7758811835848343,0.6024484025517475,0.5363326226856077,1.0239404290605854,1992.5484933954106,0.0002705111483299982,0.0917744319767923,0.02865955802785398,0.0000016143188317206111
43.83996353762328,1.3471132789422668,5387.592299610131,0.0000036600608333737664,0.051349976653432675,0.17347144583093177,2.0818170506743,1.79867097208193,0.6696159818716488,2.2769980254698234,1783.6470914872398,0.00014519535375165146,0.0055836868736569775,0.04244628333746766,0.00001536036002973501
46.63063202239647,6.7953063285605,7729.944757327845,0.007128600162679886,0.03436535115374162,0.23065641186334265,2.0855127653125765,0.7064995650372646,1.25421979216986,2.1251980534184876,325.54482613196313,0.00022952616418251884,0.005165841999198528,0.021563302054227882,0.049456374347438964
54.70679318407943,-3.9158015561173496,5229.885661346342,0.001493891205142733,0.05851560343820027,0.29538570045777157,2.122705518876794,0.6144048221987584,0.5283978043132147,2.258994080017632,691.4106880060701,0.00019516027342345287,0.0016055637495454081,0.04301066844878744,0.000005047820080583268
40.390492663924974,-1.154359716247086,5009.311175662147,0.01468696770953672,0.05567231003638227,0.18191561207366247,2.1993348713383574,1.719700470580066,0.4000761358162744,2.265037655546541,352.44213429776124,0.00008044120235405044,0.0012108648996238616,0.045839913893678016,1.8058152784040527e-8
46.191432736666385,4.029750458923063,5506.908730451488,0.014993838099759899,0.049185628428933106,0.04763316881606934,0.8682445272427529,0.6669131828658745,0.4039825415220616,2.006181746128288,1975.6834168419182,0.0005664549826552097,0.02753974288454313,0.03396349714574477,0.0000016861826298164737
41.019333594674876,0.7279767323494326,6489.358841225336,0.0003327679008746049,0.05237791629949865,0.22911340637327623,1.267263425149317,0.600281911634962,1.0263977297831097,2.25573362743049,1513.1371816362036,0.00014076660109761676,0.09825963360776693,0.04479752689708214,0.00000680515975885791
37.232846692992574,-7.28372859755194,8861.109070107255,0.00022791024511016806,0.05891999349819188,0.07361255329923184,1.5669644631061792,1.3947185718684683,0.7396304760442292,1.6036383198206052,1943.921423144455,0.00023222126191323558,0.0017710991374304094,0.03563415938925854,0.00004359297092318683
46.48387577928834,7.019113106397231,5781.670786112101,0.014947155696453891,0.041683610931481506,0.030033873601608932,2.1956123957948956,0.6004559748396504,1.0623433125619512,2.2805032400496605,1003.2236416715124,0.000240460228312431,0.058520407597373855,0.027948658917680745,4.3760595630040797e-7
52.714983837190985,4.354046538600084,7232.0865396227855,0.006479764399880147,0.04281651511284959,0.27915906469404883,0.8415073928494413,0.6042290959753991,1.2917780606386784,1.393074185641629,1709.37365402459,0.0007942772871880252,0.05608971415388184,0.043178350705362814,0.0002873091496156055
41.235546552867326,3.2884526499117825,7161.941463604382,0.006515545264448098,0.04185813844803875,0.26599327271105855,2.1121369790091244,0.655527076797752,0.577860407170525,1.972088955512142,1994.8486050392069,0.000030386528963629222,0.009941695164529286,0.04423981679068198,0.00025283747225510845
37.06880550791351,-8.588860966285532,6626.251299705206,0.009366460478003531,0.04873744646727623,0.2802542805187496,2.0586472611419184,0.9326125153741204,0.9004116487715992,2.250371527087321,1408.0901156831515,0.00006809804204892017,0.005305422181240545,0.04523710638616386,0.0006248070962007508
58.47640619472892,14.243329531075869,6594.607474425358,0.005106268686305009,0.05246718678841562,0.2157496463603223,2.1941378092483648,0.6003598770611969,0.513814610087143,1.1662901504231027,1994.881735627464,0.0006087180666767473,0.054361367440043835,0.0338880777169807,0.0000018417097527284366
52.03315845904023,3.859702418910807,5027.11588767963,0.010673457176851515,0.05613380383596226,0.09712141825559789,0.8050986779590887,0.9489469439306955,1.3825682408626077,1.0754710351258556,114.58180226659833,0.000915931403766358,0.026587734954098892,0.043084489352573536,0.00002481515565268544
56.08890914976119,-3.136273644409634,5608.087863118654,0.0006008802416917767,0.05911739520000414,0.2994489048822682,2.198079419866475,1.3307313886858876,0.6771875391023618,1.1159960934225719,1440.45019312339,0.0008452042220842042,0.0012685742497133504,0.0416854146420097,0.000002320243318464662
48.17584311976688,-1.9872686671514987,5045.838756078733,0.014559356473786984,0.057929280076183115,0.021395046889975122,2.069497517445635,1.4617871062154069,0.5029176572401669,2.328285521179289,1552.7396248176333,0.00018421362527673815,0.0017599530433500198,0.040079949768023544,0.000010999832292363164
36.615354842766806,-6.816622944141066,6477.653615395129,0.009698083870090156,0.05516393915923745,0.2707477746805017,1.0669547883520267,0.9319602593676715,0.6068313096352815,1.9080695673998482,1996.588861003823,0.000393670690600225,0.026317976675607188,0.04409538637621515,0.00019265980519022157
43.69063312421443,0.8423978335700575,6068.036618604674,0.011462781546201681,0.059195553565260954,0.29531993918490085,1.2241331494867536,0.6076086972352648,0.5648150302668922,1.4383743466385104,1977.893767907937,0.0004003814647697186,0.0025593229235745755,0.040740319332277654,0.00002737110854571924
48.025466661067135,-1.5698947164269068,5399.376649526472,0.0017155739429842588,0.057774227665871175,0.11972867407609919,2.023551741085633,1.140870631664608,0.9927344142916464,2.3889110187604716,1792.7440941173638,0.000979864815059154,0.05782209042153763,0.03948317705874149,0.00014534784105522345
51.44809772361642,10.954199932463808,5052.888974752298,0.0014620878306890557,0.05910126010417472,0.28089012125901436,1.7366246655892275,0.676426563260925,0.7265081711341149,2.2865296778010817,1640.79127131255,0.0005817084185996126,0.0010827054162242322,0.04297087994890244,0.00005469673938689265
58.565269911954786,-5.061770546746665,7325.644929514114,0.00027904607951294785,0.05558122477887758,0.2923903558126854,1.4251261258011338,0.6017374422459785,1.2328700472881502,2.338124460753609,951.6568261927016,0.00069254228079874,0.06377513404824987,0.03600087145798302,0.000010641965347034804
50.71739019145299,3.386579292018304,5002.786203205563,0.001537136214519015,0.035464571847501195,0.29493580448129575,0.8987243620069104,1.5773682600624377,0.8608540027440867,2.3444777802642536,1995.6684183303482,0.000938416212722554,0.0809979464865634,0.04120818718202737,0.000007273001331780071
39.97710047231402,3.4681471360984695,9096.710898888376,0.007292192108024968,0.03132923717445597,0.02296992592541946,1.5144517472574703,1.7192861924684748,0.4530826189698477,1.4997842846792002,1821.3889521493932,0.0000339641631503813,0.050325136736920115,0.0437617006492607,0.0003463411339584821
41.02070073607395,-1.4895883073873328,5822.674500231189,0.004801005957645327,0.05975488886164331,0.28409305205279306,2.1290348956240486,1.1578217142403289,0.4304226603176752,2.371978825639176,1757.8419048271303,0.0006298323504077929,0.0013148473536353546,0.03336853646676541,0.000015632063205182562
38.40377260579394,-0.525044734818934,9101.990436695442,0.014194609358036125,0.05047444186695437,0.29131357383108947,0.8015831300447306,0.6192035342083874,0.6546950564474273,2.3801944454844812,1628.800755286966,0.0007840803822900224,0.0018610022374743807,0.04391929856120795,0.000002502174767015124
42.59545317284497,8.037284041289922,5191.982021792782,0.010268372724764812,0.0598198772779024,0.255672255457994,1.9180180433858447,0.6520919605142174,0.4398175191567438,0.8398341264872389,1705.9751882823075,0.000960810048793154,0.05974378330520786,0.03258257822735934,0.0000025588644700295007
42.15269899189959,0.307261267802847,6446.332353397327,0.014877379678285538,0.05915231123455733,0.037236799707130036,2.1953990711975266,0.6237640869849259,0.4156117081756476,0.8431757208036996,58.143534140810885,0.0009337070081761412,0.009903627500909099,0.04373390608502277,1.484211655336653e-7
61.04040281160752,3.7514377573852684,5263.543726147956,0.006365485767489639,0.05933821667934418,0.28811726320829606,2.105493670812618,0.732752724333695,0.45946260115289683,2.0571246021783485,1949.2632296293739,0.0009653819875730333,0.0031113581902246917,0.04465017867459942,0.000005444487823857797
37.26804346431225,-1.5079878254394323,7073.069974977307,0.010268348095586834,0.04916956032824112,0.1837512263608172,0.8006060870235575,0.9215897509575831,0.5432451293624424,2.229323912701175,357.23931346538393,0.00025809607586443857,0.047023337460113744,0.035352447075871894,0.0001818575205791168
49.65019384600923,11.208883029640713,6448.900234171151,0.013409493691206661,0.05914163036415312,0.059516433959826975,1.526670399807582,0.6193225842537448,0.6305215354354683,1.2186046577118028,45.39371909376048,0.00010649781501919266,0.002984761795646136,0.03717695668996977,0.0004987591382189658
46.54351320363701,-3.3948869120038863,5430.096573784681,0.014989384146528652,0.059465367523115285,0.0538528232235712,2.197712193086873,0.7462878454235458,0.4387969894987483,1.5307234313504867,1600.843439205788,0.000045093969255315565,0.0021334755523838046,0.045796519365804256,2.0491266757306185e-7
48.74443179392583,2.9726533264983814,7093.738636595629,0.005784358522928594,0.030299269295340367,0.04710512321839233,2.1939375581537375,1.4229664342815482,0.40149400409712627,0.8291756950951281,173.21126947855188,0.0009992487887701903,0.0011586776360567688,0.03911685304386272,0.0000015876031217802148
42.099573258109885,-3.2075248777067857,5013.8878867163,0.0066426531605683955,0.054238463192998417,0.2570812321731587,2.1755468535399793,1.0781711422326836,0.9265087704894035,2.3971805425197377,1566.796546257925,0.0009529111004287447,0.0915817884661859,0.041090028353690564,0.000009627570971966042
52.34908779709913,-3.1262447116961614,5305.750509146199,0.014365400388862049,0.04619749430198716,0.18013286087295305,1.2844660840135012,1.2435173673572062,1.3967588339973163,1.4570971913007376,30.71811266397385,3.2815165294266614e-7,0.003952257747234871,0.0399929549314393,0.000021373522359569794
36.56586268165054,-5.7749021866884185,7529.286483797789,0.0015494454657413227,0.03521934804150745,0.21533778735959136,1.2622244146455346,1.7846967797288467,1.0244900882206907,2.3634940976963366,1246.9396325102264,0.00028928063593775823,0.03248782270751119,0.04586807595388457,0.00044979671891806107
56.65417282762914,-2.043007190439104,5155.006507133277,0.014923606955131737,0.05947657007098101,0.023960283692132114,1.3876076554824652,1.5913037727921187,0.4220986002677545,0.8328746952977113,1898.2566813966364,0.0006399841929393213,0.00981932432557433,0.04372682583176121,0.0000012375712520418105
52.56875611685996,-4.407327992275221,5159.20841460588,0.014278993091629638,0.04926334096319374,0.29831437129378696,2.1417352671397296,1.14890395529567,1.2285705028199883,0.8228833183662846,96.19386531312922,0.0000157101208732397,0.042745675215066184,0.045792368675751705,0.000003453683510552387
52.735118182912586,8.412528018855664,8760.393648535737,0.013797379700932798,0.04753257515190944,0.11488090897990413,1.0791444001834454,0.6348897290829832,0.4522137365278226,0.8192713013586403,1522.2829300562942,0.00021104859724710984,0.003095267660607077,0.029085677431825423,0.0012137813209668802
44.27916507352596,6.041222613367431,5357.3734953682715,0.012795216754242526,0.05875053950574946,0.09879604604810682,1.7989349142012558,0.631449905756521,0.9706042242594424,1.8459279522363872,1759.5860363050583,0.0007587157478770372,0.0028256540589153252,0.03715267690919163,0.0012526241780966522
45.084976896392135,10.895134670636889,5000.473269083558,0.00026572550331598586,0.05217736697296385,0.11464005880505256,1.2571808583216046,0.9970981717747178,1.0721358074265912,2.2563885976905764,570.2948229007566,0.00007924099373446255,0.01063848251642414,0.04574715921577963,0.012851466522757931
57.03419174459742,-5.510219532353373,5245.188933710993,0.0004994331648355879,0.05619909854739215,0.19694639130188527,2.1680517277307105,0.7514103852736477,0.48834956880842945,1.9020758984618873,79.1025212652719,0.0009978919837641553,0.06456518089870787,0.043326642652916844,0.000009259443811120706
49.3068107753585,2.9359791872906786,5188.582848600024,0.014764226163168397,0.05160933882898055,0.21921605470521865,0.9688727128270598,1.1865297142821372,1.0302102870468666,1.3546291061808038,354.8906776885774,0.00008046774986036647,0.004067216935151558,0.03571027085659209,0.0023529542267830953
60.959146951195336,6.8241093861271125,7211.102622876722,0.008261726312924137,0.03947190851822848,0.2998772206699292,1.4500869122680085,1.0087218330332193,0.41231730241408393,0.8592475985724114,1233.3882860218232,0.00036074676621262157,0.09510967224508264,0.045626666281761284,0.00005382733553531433
53.093508175532364,8.39000865419386,7560.235099025424,0.01050174054813319,0.05308073597087212,0.17413508389609225,1.9351598802397798,0.6469241256228849,1.018723853419603,0.8574052599073194,1130.3357493059511,0.0002715084703020389,0.0012522220027778568,0.030338355568671597,0.005478868185393773
49.821094038405924,7.665921182479352,7373.862270860511,0.00040403351357029093,0.04486144964367131,0.022159107186611605,0.9012821285054976,0.6053915008089525,0.520375115534283,1.4596391643226052,635.278944096346,0.00017093029367164662,0.0947603449258477,0.038070223795785084,0.0000072985948523347595
60.859858927480644,14.777695799000643,5541.413025432819,0.007480358318652819,0.05293478344625148,0.26925787114577154,2.126614863797996,0.6098069012985932,1.0969926237011975,0.8073842684253738,1902.821896745373,0.00010467853437057598,0.08658521395222496,0.03761722315873121,0.000002787505632727295
56.46344618344772,-2.873786225264382,7130.279903607135,0.00928403597093586,0.03398526910418014,0.292445546572306,1.3788464380144734,1.3489260468912567,0.400461641065713,2.3444697708612536,1973.5694063330081,0.00017054534053811637,0.002915348767376652,0.03958377078204463,0.000059078230193392904
45.250986243995776,7.237561059339381,5022.445979400506,0.012108363096671248,0.05190730121827653,0.04587376704308813,2.1972570913958354,0.6507566600258988,1.3403749797599374,2.344152849583371,138.28503570936962,0.00002943434170842792,0.09983130844416264,0.03303031763155038,5.710582278144082e-8
50.98792261005714,-5.565801236995194,5816.942671603536,0.010574852757410737,0.03977634622824578,0.14493334796789623,1.1136463383476887,1.7026071612540723,1.2497297949139656,1.5336776443887212,127.1943167233191,0.0004981389346610918,0.004469964893893173,0.039873161513256324,0.043612432687709854
46.14644027257996,-1.048423804050195,8106.0361463405225,0.0015036526481153663,0.03931214631627335,0.27974367141983403,2.192409840280621,0.6275381665469595,0.4860698267294198,2.3042715064852226,1654.9695966978834,0.0001703094966345751,0.0012997575774863766,0.03580546656292767,0.000025478221546218646
46.906432185650424,1.0509831922935238,5036.113138791485,0.014989291394764763,0.05018498886158011,0.2953383591869996,2.1931765720903478,0.8625550507297229,0.6203299274904408,0.9981536299961999,10.548860636754688,0.0009440527814900913,0.09989742950604157,0.04484254190216413,6.9478482859670985e-9
42.707275797313,5.7590194325446955,5008.988154905448,0.004209645073952488,0.0573692585814183,0.027766942018712708,2.0465327621229767,1.0603068347188873,1.3799198827959818,2.213491067819799,1824.812233318357,0.0004757880274745361,0.005684841217198183,0.04295158039573215,0.0002199667728934236
57.42569197002561,-5.233347519000122,5084.942896080655,0.013630959388136238,0.045841054392679874,0.266094355710657,1.8504082995170272,1.474031317515871,0.539884796505613,1.559510188750202,71.39582548643148,0.000025059060346957163,0.09167239424799407,0.03840789668589258,0.00005947268312855844
52.18436834679337,-3.565084231896214,5534.538901886236,0.014720596525368031,0.05236113583986733,0.2971696987899856,0.8179979972544773,0.656497432774677,1.3584328029881385,2.2516477065677782,1626.889923383406,0.00054709006302748,0.07446866492049425,0.029902986553335436,0.00000238983815282831
41.09671787463564,5.0716512413670465,5567.3438242468765,0.013838442994268904,0.031512967588613564,0.2941202092742023,1.5646196619701616,1.6541057128799213,0.4360564313979538,2.38392279697031,1934.5622109684327,0.0007005094826164362,0.08923314831617801,0.04389117852547334,0.000023039057459136882
52.86934329736722,2.2159503533750655,5079.356702168691,0.013986839799736734,0.04248218964049494,0.0995884188332394,2.1676897565849087,0.6113150415759296,1.3736443264418015,2.3513941975270534,2.5805485692968766,0.00004798104866329473,0.017414710802218875,0.04111435847994628,8.349885655894967e-7
58.71763806490111,-5.783756474866067,5598.582156603692,0.0000023070709935770387,0.05915875823390179,0.13220227542919907,1.7282840069575562,0.6000203553301144,1.3843111503700256,1.749583682849368,875.3425996568192,0.0009885398198140058,0.020825047670254265,0.04520022257003519,4.140109605853174e-8
51.011257254684494,4.34241412060833,5476.204088344316,0.002177519059560181,0.05665070164253115,0.2952958608609646,2.177029497257891,1.351448423861334,1.3504856919724144,2.3752308064833647,6.314410372556259,0.0007661768894966306,0.0011139958849290589,0.0390987198471677,0.0000030086168412624103
56.61281024393064,10.992156945271091,5015.97078789852,0.007666685904960932,0.05984894087293782,0.14976550725564325,1.968680665375889,0.6227004567518707,0.5405335300721554,1.1458991280278068,1713.423662964863,0.00024299245527523186,0.05374741077335573,0.03231330495287673,0.00006032865880403839
36.55200923061775,-2.713973558913021,7982.080786874691,0.00026357498898957235,0.04066655041025288,0.02732276378287502,2.189475895292879,1.7924797722129862,0.4066592796651433,0.8004484806605128,1826.3953870523187,0.0005859716815244237,0.08420992227296287,0.039474109466767396,2.4804277741097538e-8
50.98587472421764,5.717628942162781,5246.9940441212,0.009235763083620221,0.0593602174340599,0.04654672556251483,0.8830669173750982,0.8946003193986659,1.3337467895978592,2.3450905044170067,1934.4108979845726,0.0007545838615415574,0.0014159420902916183,0.04308831713272522,0.00007466757046495771
45.14703237700638,1.0671498043684764,6754.82270722033,0.0003076179822720096,0.030317797670949078,0.03337987951679222,1.3188452320827388,1.4492010882081152,0.654065477924896,2.3975702238046495,1008.2398843326141,0.00007822275750820912,0.034135986816383634,0.03727252765284026,0.00038873615752134795
46.61053249087501,12.17230664744822,5965.237735485376,0.012060840198507889,0.04559232036340424,0.2631079349519873,2.0630620834076945,0.9540823660875009,0.4127380474407197,0.8735356815703721,1867.8546140003757,0.00041336071823638105,0.0024785866971601,0.04266713189393421,0.0019614430032754955
58.59162558849509,-1.6108598761368125,5675.908578731701,0.014994849576831091,0.05564240559682987,0.08834315279366974,2.099651592530149,1.2845268758818262,0.6559710954358502,2.237458456877019,1113.3625658498213,0.0009213419061253354,0.01883640010887994,0.04535881932674794,0.00006811871613558452
54.69839641008749,0.15593835211419638,5063.308215713503,0.007774025186179348,0.05154428319076455,0.2982235564886307,1.320161029073698,1.793908439123527,0.5296293659771899,1.3070448703882795,1128.5313155409249,0.0008872597768458739,0.009154447703658997,0.0365205305469995,0.0005109723165443866
47.11638514339206,-1.0884512598152956,7103.608417335128,0.014991584712820298,0.05989951016366793,0.027968836025512533,1.0306485667091305,0.6893829129785191,0.4668278827387742,2.3029409811080095,456.3509107458304,0.0005687966822862935,0.009965208829219705,0.02862314830037732,0.000011046428534022062
40.098318360649024,4.685230683269886,6316.485763713095,0.011652661278917929,0.03960856769214826,0.027098896694473268,2.0999396398080146,1.4868083312008593,1.0861373282731293,0.8305566586717934,1993.960278608374,0.00015864005210652294,0.07470429711018499,0.04556122431211318,0.00013201244348465122
48.11870262406194,3.092579314317975,5148.808993495238,0.013870287469919041,0.025931892625450963,0.26313745777199343,2.1838218937335596,0.615727077174307,1.3165830860248007,1.7381982752557374,19.585084824400322,0.00001838187896436677,0.08000994142971064,0.03946073184173874,0.000002849971595988193
53.55268208974876,0.386683944854477,5158.207178053057,0.01336584057150225,0.04373456198390912,0.27155093499498156,2.129622523153181,0.6704318568880593,1.3968551078570828,1.570061825452724,1963.074650893003,0.0003096288264858787,0.009815399640173247,0.041112575802121215,0.000049242073129519103
37.78318105938708,-0.7792550384948456,9303.048345939607,0.0006058841403387553,0.05016655656748994,0.06145932055441332,1.850394559826004,0.7097965709205496,0.4863866238483495,0.8775008287906014,1889.8009689540847,0.0005251940969091708,0.055930347791868784,0.043958895635905985,0.00016664207749447093
44.15680245901623,-0.3409616419551398,5450.068358051199,0.000016369831961969492,0.05970872388375116,0.28159385141235954,1.7185289278836864,1.03215060819582,0.5325417218863152,2.35003204978673,1993.8197301764333,0.0000034859962081451975,0.002289528020074199,0.04089454318868083,2.825759069140134e-7
56.510580068680994,-5.306391045212559,6538.578996796981,0.003708976047563317,0.04819582302360914,0.22297213940936725,1.300702338867406,0.692300822450429,0.6683066573997465,0.822467886701326,907.9761149153297,0.00032800228437102443,0.042149513871818894,0.04411781412128564,0.01236991426830149
38.41660634351234,-8.17880985199405,7716.758450444917,0.014521788835300682,0.03855736340807027,0.1050153799145057,1.879780265224917,1.7410297386089675,0.9351090724957377,1.550889066448196,1161.0783993795096,0.0004602906073611718,0.0011320986359101635,0.04408822183283741,0.005066834420573332
48.586451105297776,-0.35262539013698024,6567.423321707196,0.014252130217271588,0.037498385224553725,0.18899197747269966,1.328261080119502,0.6036157477630166,0.7657652323204646,1.5980922848335777,1884.424195803751,0.0004896814780107333,0.08846195719415395,0.03707353112661593,0.0006005001094053062
53.85866758823529,-4.615389704459488,5390.705476669915,0.014979066668346436,0.04979382653786318,0.03790951199470804,2.192206756348563,1.454765679475635,0.49243399903104684,2.1816283735985627,1577.6844538375008,0.0005068239356336095,0.004721272636158714,0.04249438271368917,0.000013714032716736068
56.80704966843171,-2.3794620454245283,5157.245133238124,0.00568900047859092,0.0595669822156943,0.29998824982870315,0.8050482501969248,0.8697265080828841,0.7439341303173325,0.8066082665220383,1646.2734505595056,0.0006889296056795919,0.07500529823161756,0.04235081351145213,4.0125541885171014e-7
46.95092118898999,2.562392817325504,6002.681588811259,0.0014103134027352053,0.05892966857030915,0.020618684340999012,0.8041320409870563,1.2072613682816142,0.4494119378520274,2.018295039372693,86.7959445992653,0.0004220492450580107,0.026079428811161487,0.040842027801791636,0.000002724913123949986
39.11617300925631,5.207316838663742,8041.291461603132,0.0021216105052777336,0.05986871329689354,0.06766025075003228,2.032612339875455,0.8774235448387877,0.4113901924771776,2.158966109221362,668.838021242428,0.0008445786833911242,0.0010282954098282653,0.03196071427086621,0.00001070473003141074
59.57550181540867,-3.6940549699928766,6931.98998681384,0.014977539309749049,0.05744613673678797,0.2796836713445014,0.8443973769831766,1.3782641082063487,0.4727167099311175,0.8052681451323713,858.6536015265647,0.0001542465257490266,0.001040417735007365,0.03484519979255893,0.0000011685587659228739
61.812100212467904,4.7570058699526,5901.548450576901,0.01440569705439982,0.036524646881562546,0.2815642901872502,2.186420997797776,1.7683918796182838,0.4268586691155101,0.8772745575111685,222.664910335371,0.00012749001197062692,0.09061307406121369,0.04560390915165004,0.0000010527932195564208
39.93165109206879,-5.3881044761676735,6976.176822842301,0.014981706745317881,0.04214122978852001,0.27416634807811646,0.955571304548088,0.9748810432176238,0.586938570243172,2.241749991931714,1200.9247430096007,0.0009846137937654053,0.009776386262606015,0.044270635124307844,0.0001089624167199499
39.88851814572442,-9.118941771147338,5567.856276058984,0.01497496596058795,0.058674235200560636,0.2891165288069455,0.8086842365078445,1.627888490804395,0.4612438297219664,1.3411104697992455,713.1524078472319,0.00005784412002243862,0.042709960140608474,0.04570222875613883,7.82670061600972e-7
52.679313465940425,-3.0651840605640404,5517.2012773730075,0.014338724332578821,0.0421438627759332,0.29864232638978105,1.3020843767598171,1.114858760693528,0.7672581741216229,0.8592308617037442,1890.2451817245199,0.0006355337974355894,0.004993103426061665,0.04121561946449765,0.00084214143264239
52.0949985894485,-1.3476558388094872,5253.403890935832,0.00006983301859613693,0.05360315306741726,0.29428094196592575,2.0642614064957296,0.611187989144951,0.4221557500835179,2.3979811685477497,1713.9975128187143,0.0005818338631071158,0.0018118186303905358,0.04146996413731509,1.410934733742857e-7
58.202571020232796,-6.6268946855492645,5037.00132693345,0.007494552415654989,0.05677198656925029,0.19270334665174868,2.1376951916158697,1.0987987242196917,0.4065621729048018,1.9926295733610322,374.28300454382037,0.0006664230383735234,0.09975364779332864,0.03984636290006364,0.000016299183174480688
42.133972107024896,-6.33250834761464,6996.3172204081975,0.0006733753527286323,0.058150033020643956,0.09641268543455811,1.7360261210024313,1.3984037363106825,1.0451505402388617,1.9557751423350604,1535.1233080956695,0.0009606275903646874,0.0017182722749353868,0.04293554892304174,0.0010046472116843432
57.83632079845995,-4.100602845313545,5060.798949588569,0.00602108606046585,0.05988820051783272,0.2934549295422889,1.9528610354844163,0.6006845019987603,0.45293319304914115,1.406215059430407,573.4298285150157,0.0007574576180630757,0.0011560524429025433,0.0454815972701473,3.584802552883242e-7
54.26933652524687,-2.4008883055617716,5139.834470338997,0.00994150308643548,0.05577833328966855,0.2697339847902799,1.7453477465765284,1.5953550091512678,0.9225305536119567,2.0024895225297863,1983.7259033353075,0.00021349272191289906,0.0028709444768310376,0.03903090111032837,0.0017646593061728473
51.07742908896405,8.097420269343733,5872.726783295562,0.013512064828507543,0.0379592200369739,0.039005842835308835,2.1982051649043117,0.6034648067017702,0.4002501469030538,0.8953135234766038,2.9745270633657626,0.0009980837183048508,0.01244369680950396,0.04548489948893457,2.327104025452898e-9
51.46279237530432,3.858241668040545,7306.328377489672,0.003981989813941704,0.05994217081173519,0.021499533938718278,1.0959383631444286,0.7137018884571866,0.8989101681860379,1.9417545643507792,1816.802676261724,0.0005711243747006747,0.0010858495769755084,0.023838438792437616,0.00009346445243217945
51.11217260699801,-0.5478058514798434,7272.193689835973,0.0001146872762207877,0.03760595909697551,0.2612609534499212,0.800331650326455,1.1461008232698302,0.4375992316658534,2.056643966709851,1477.136445752013,0.000028376762629671847,0.07543154669078575,0.024277722329176195,0.00000944365280976756
57.941390408998885,-4.926652355692106,5136.743679034207,0.006134573566858704,0.04999472283250083,0.1900655998196324,2.168837108442819,0.7194442058984737,1.0956283531138975,2.3984351343245,1884.5659559752432,0.000472889802496292,0.030777957717509335,0.042246862116428606,0.00008205198842087761
48.380154380437745,5.7291204804469675,6900.252638448241,0.0008323507783064306,0.027921089237003167,0.2646070035496779,2.1691253604401277,1.5802692419634135,1.2708764597501014,2.3964248203211826,1592.2189346405066,0.0008613009794906151,0.0010546280661541455,0.042276064929279,0.00006787269245997652
37.42742516653299,-1.8874177785465687,6202.039360745084,0.0057952004016047776,0.0550875714534201,0.2802077135876855,1.9276908739949286,1.7162287713620246,0.4329082066152704,1.084361184209945,752.1263022068996,0.00012358927058370216,0.020003181519138602,0.04457053548046874,0.0008488226247096477
42.10605777727508,11.331746379206226,7174.288340706984,0.014874659614477153,0.04191492438779666,0.2930350070111726,2.194200858377324,0.6232795334962565,0.4213686312019862,1.5781047523977647,1713.8483473653034,0.000787351430276606,0.005796042877625067,0.032803421932570284,0.000015499193820756193
42.745792897838754,10.941015301286281,7548.336603804086,0.004515439137636535,0.048145241160497274,0.27516720502071174,2.182915250170254,0.616504996526327,0.841166238120612,1.4148172085083306,1897.517940350567,0.00006076528691858737,0.0013162314628719198,0.041881691277921636,0.00008063782457011219
53.30790808082622,7.207358736702751,6850.049405436792,0.014897540136633905,0.026536386436859873,0.0652176175456379,0.9866312355105418,1.185987820258231,0.443404920639211,1.6441406828635539,1290.3198709848461,0.0008316783696151454,0.00945750475774429,0.04405510363698178,0.007227547117103265
36.99413310310117,-1.4755272504448893,9017.957897638438,0.0025721204686243917,0.03288447061517731,0.26592023239464735,2.1814925008464066,0.7073418761323034,0.6557232036191516,2.2105021235113638,1995.141335677268,0.00019372579703274824,0.011065458913758921,0.04440177079830765,0.00006245734572097245
48.87104269260275,9.142870589214848,5745.403708086059,0.006622145857954858,0.020755620529907887,0.29985753085840067,2.114475167189439,1.7416885800066169,0.4157521023629843,2.292028858814673,1960.119493011814,0.00010480944985637985,0.06349270605991379,0.041354401123029405,0.000008628413966327567
50.66706264012768,7.959928752324327,5026.036792500935,0.014974542077357482,0.058536861707820624,0.022782425032152172,2.1801353409286044,0.6392779369040205,0.9572995334427118,0.9244094991940417,1964.7503065230244,0.000014400763699576075,0.09895366357345622,0.03442166349505017,3.78761370901725e-9
61.197210108646445,10.770827458028585,5781.869514549876,0.01463133528641565,0.029446432811998415,0.2913950330116946,2.1244229733158235,1.7811824772341862,0.5407958915300206,0.9532521161639708,150.36970960465064,0.0007096961744318358,0.0962055194785503,0.04560283133973838,0.000008371543352304468
56.9755178032141,-4.994026457940623,7215.760028241067,0.004743613214400233,0.05674618304823048,0.09806027497746675,0.8389773412760348,0.8857231311731313,0.45968563008706187,2.20983182732631,1154.5488934028483,0.0003388114254220986,0.0017182927427308173,0.04281430058336059,0.0016316702902060905
53.45603744491429,0.7252980025527673,6417.791398408466,0.009376754171341565,0.05391699260033908,0.02256789935629035,1.0078258659035144,1.2401163385259484,0.42598565755006207,2.0823368075740016,235.61175209338722,0.00011980685070444712,0.06187449552451367,0.045970226888165745,0.00023701299535003616
50.34632024939738,0.058208938798587795,5052.372176164079,0.002462821951642784,0.0599187736476681,0.22468752587453983,2.1911653928411248,1.2842371526541965,0.6087282632924632,1.06012270128322,1993.8713567689401,0.0009127922957384853,0.001105382394714676,0.03801014361135105,0.0000015460284185466798
48.56008876763556,-1.9512545179662588,7211.0663212664385,0.014204141413051305,0.05403748824738784,0.1007019346845586,2.052822085049655,0.6938381440515103,0.9375689633607117,1.8513031892419711,640.7438352626237,0.0009713155604961459,0.0034701100813459454,0.04562637447958087,0.005113139860446287
43.16915464300809,-6.0025511199474995,8852.67039214729,0.010173727429484665,0.036693517339722724,0.1547639697531853,0.9372960296055775,1.6454437896121403,0.5998919103994298,1.5867189980596748,1902.684262722723,0.000141614114943473,0.004550478448169196,0.04586049636320279,0.01774677598338607
41.08241523191808,-0.7931163080040218,6086.098972489624,0.001727328233599546,0.05084549845403531,0.027850259071889885,1.5953231951291897,1.7989661306774152,0.507842060210013,2.3871968316187377,1810.7282676042137,0.0005161868398190726,0.09961322338125343,0.042563144273186276,0.0000011190205971582648
36.6943483527465,-5.747933269903785,9384.624749453007,0.0076180267586782435,0.05421834537632434,0.2412275369735726,1.3297453668758306,0.6051089884730164,0.4218378882850506,2.312106970718137,1981.412025978661,0.000045358418260308903,0.005521352949000037,0.02273841350527988,0.0000027534854354744212
39.979784444303064,-5.252523062437297,5912.480464029179,0.003321389958894305,0.05794523513632528,0.09438044745210478,1.8014217473632794,1.7805893478131707,0.6952482470767969,0.9440240338684533,46.874189846629655,3.3064013928405136e-7,0.04828715812937533,0.04445637367871025,0.00003233997049010175
45.31977283898631,14.576395619686963,8170.949481702478,0.010739216497000569,0.05986417730604,0.10560592603623223,2.0196318312825876,0.6006629300748999,0.5377999920405945,0.8421650876851141,1845.1251056248168,0.0005598845745052708,0.0011191767779548819,0.024820206245085068,0.000004365127280950114
54.291143125587936,-2.621255867761781,5499.622472705759,0.0019079233647360232,0.05750284850478032,0.035491936465873036,0.8391291378121093,1.7965117878001204,1.397971767961857,1.312730657417958,1965.4908938468388,0.00032117097231117,0.006716967065714571,0.040006657413742375,0.000014199289770286351
58.582812604557056,-2.420454094067299,6164.633379541217,0.00008168380526522185,0.04947122255964487,0.1975206488573555,2.0917060848858338,1.3281239439571442,0.7870075508833936,2.0594488877175596,1911.0986771181015,0.000989734320810337,0.03235371252473818,0.04417556584865058,0.00038627878794710827
40.16370774262878,-0.7923266409296783,7950.7431975357595,0.014820698258465942,0.04508617089769954,0.07040724531523768,1.979555888658264,1.2970148672956547,0.46045745261538606,2.0218912801808413,1938.7220373253385,0.0009949402339244236,0.0019397166381694088,0.039773967171507295,0.00013751146525017367
53.12377661293584,-1.4063858453364588,6579.26369642717,0.000028217604891155734,0.050779397463213624,0.02447434947694125,1.7074800716758443,1.381306014948177,1.0663609752717478,1.5176666200076694,1406.2726143959032,0.0003558572509276464,0.0010048534342239528,0.04454405605410273,0.00001490104474755205
38.01320251485391,-5.553644108304201,9171.207326027405,0.008625069313512774,0.056364729542703065,0.29997052730395296,0.9347867755963006,0.6789544556349902,0.7228761588059263,1.4657298865506172,1520.7751034545602,0.0005346081537705745,0.0010994256370251703,0.03852713281050553,0.00004721729375241798
53.82402165666433,-2.016574182374014,5912.924714158467,0.00043118603248572794,0.05670253586509343,0.1968878590145405,0.8001841317186674,1.0414813703992225,0.49571825602489034,0.8404782321557233,94.76854896942822,0.00012513607089665736,0.09096318505505943,0.0353706957092439,0.000001245500485867937
52.7896911515651,-5.289986966403237,5002.936519372412,0.00037825084777669065,0.04996774311663972,0.04914840294312697,1.8800923199593302,1.6919879057664966,0.41203964241015556,2.39860812537962,1804.6009186541821,0.0005199082831223428,0.09587045587546052,0.041687109697631786,3.6897808701937785e-7
47.19005120325415,-3.0738226591338815,6382.712432439839,0.009378816670584517,0.04964602760458446,0.0843910568432929,1.4912621026821733,0.8321819733487635,0.6864848210748995,2.1410635288128432,122.4009179249025,0.0007464680072809131,0.043331053790547434,0.030778526325330843,0.026328458303453865
60.94009601774983,8.273670801562552,5683.8867531553615,0.006976971402867684,0.05165424252948608,0.11867206381170715,2.1968687517929792,0.6035049732656477,0.82830814323853,2.111889337310755,1633.4251573988765,0.00043344567814955606,0.008440305923860933,0.0449593816953101,0.000034456022618457044
45.918375390516005,5.921720849806313,7329.01770538658,0.014906943457390345,0.02908343573498128,0.29686530068594746,1.9398487479682052,0.7710284771685039,0.6803479032284097,1.5000560077717227,1186.4316515993316,0.00006105868953081287,0.007156651297866709,0.02335290056513848,0.0015829909536890304
53.30424223243644,10.017912858279153,6378.135704403123,0.009556771147616968,0.05679211602365691,0.04059333318993059,0.9420161950473187,0.6731230286750647,1.016160461755101,1.2238930706264968,206.08924646189328,0.0005444598613422256,0.001011891329381023,0.045072705594177274,0.000255198684462542
52.89906595230596,-0.6057177989574267,5145.16741834051,0.014649285109285287,0.036622473601302975,0.10928653646024487,0.8158452782125195,0.8681185320606104,1.2180060152175365,1.0342626351768904,150.36098172602345,0.0003403147328066113,0.098856720902566,0.041934446327742673,0.000010146991764989936
50.630266508645846,-0.5976524102883367,5325.568425533656,0.0006062224409519001,0.05964084552499835,0.23163518824844556,1.5736806564478876,0.7026057525949401,1.0891539035105586,2.3650954670572455,358.094410119828,0.0004613766327326833,0.00992522610546496,0.03162179444333538,0.0003677748795473236
47.75448791752703,4.172661633030582,5401.905336166003,0.00922880785728035,0.04222257102828764,0.10856545131483322,1.0818966038976243,1.5474335096185867,1.381820494014292,2.069400622187078,0.09949006646318158,0.0006787408623062638,0.0014642507765915606,0.04055323792701526,0.0016560593398500514
59.997803542645485,14.186294704836303,7112.183773295126,0.010289926180814887,0.03213010063577994,0.29817833162160623,2.0586490940014297,1.2412599419453674,1.12719520603939,0.8474240654916669,1133.6792492068153,0.00015276737067416895,0.08554263046183375,0.04529005037985678,0.0011967843126339413
50.8570005137087,-4.320310061840856,5336.574353184794,0.0010841449180138108,0.05129696435872707,0.033418874969285924,1.7471052798550697,1.7964544547431807,1.3453095450797101,2.319741573799699,1967.8034896007787,0.00004980481470120007,0.09689094102980113,0.04275572193563789,0.0000010702887445039187
50.814469155508796,11.834850022169384,6211.990927454897,0.012442663726086817,0.027110262351610737,0.2765345542594725,2.0673755226714303,0.6063936573493243,0.4217937818480186,1.5151707392220386,1611.1614818391986,0.00003167997093441356,0.0582401868633217,0.03895174094201151,0.000135337637805598
57.420941221277786,-4.229942671429145,6082.336156377132,0.003932897533713015,0.048106733394669726,0.10003028284193193,2.1849049019559756,1.2451422782812527,0.9405509070577109,1.60351126769842,466.5492165301541,0.000015228817469238859,0.014277879809492527,0.044691676103758717,0.005231391802535877
43.30916622099338,5.439183565738254,5644.82131753565,0.014375322389492792,0.047116735194670405,0.1686005701451107,2.1360403428378234,1.044040769965662,0.4024855398206757,0.8176193887386777,1774.3912080365349,0.0009805796193216767,0.03660205220817746,0.04225970348326415,0.000029620619207450597
58.05365928045563,-1.433431876243965,6157.080968982991,0.010510809488786316,0.05856160734364891,0.29825834230150344,2.116510990542547,0.6297230498950332,0.44847721508787286,2.3964416791249965,228.18386737092408,0.0008084787793390648,0.0065352857466945725,0.039596108519453777,0.000001901103834988848
41.03633676705528,2.591207536795272,6821.660584404178,0.00018832304842746934,0.059795206665862494,0.05460977791856787,1.720841064182641,0.601815597920591,0.5844198129071362,2.353683434003087,629.2578531903457,0.0006035050621921928,0.001052803609230103,0.0429140344048028,7.564479234783908e-7
39.174260230522606,-3.1483403475958927,9070.652394753131,0.000003551493204455022,0.02636934232734095,0.11032945326836087,2.1841097435958665,1.7701964971995716,0.46673456072708036,2.3369926087563955,1555.3017067855099,0.0009563580373857106,0.024745599975311873,0.040527690340448966,0.000006888332419143682
53.028002300701736,12.185671155923512,6136.596525879628,0.011696446609559902,0.04983819130272938,0.21021272706238003,1.6632350527051858,0.7297154750413426,0.48740433443123027,1.2247811496210823,5.635665691365052,0.000990733875610182,0.0012553112796108337,0.03815602147775074,0.0001000630812936881
53.201758314929705,6.27677183877649,5086.936197520891,0.013400372650213228,0.05600344151476498,0.03579965794789482,1.4384534567547527,0.8601115797315342,1.3607207368664125,1.2518982612718186,53.867687164670635,0.00002438752174569281,0.07353293526775392,0.03453758768023037,0.000027750715634556453
61.707124800715505,18.020320262586008,5107.9973460651945,0.009718357222365127,0.04999220519294159,0.2984775394712269,2.1889046294854237,1.0831451293845278,1.008620874574522,1.1683847764097106,1639.511119025343,0.000050685871791332816,0.09676143889611395,0.04366344625137175,0.000004692060068093657
43.46066220341183,9.109873871305627,5535.980299927311,0.014999862920910918,0.051467823217826086,0.11192659966076114,1.953350788858159,0.6656109783063366,1.0026411301850182,1.1816336371682192,1995.0976171602833,0.000005882013569816449,0.024873687330417532,0.03619414252794835,0.000004388521335315752
47.524708929505344,2.028370896234545,5315.8407061028565,0.014977123545419968,0.03935929286881233,0.24102017285580263,2.163954090763647,0.9303314897008992,0.7193765987847023,2.3706449284878435,419.07055184654445,0.000529813762872125,0.02612871597990442,0.028701346468443314,0.00008832370339872639
39.71551841634938,-6.513828084577677,8280.820104577522,0.006040749348214592,0.03228658020400762,0.19627834217269946,1.0316689483012376,1.2728262932227694,0.9736166236806942,2.2392595845665504,1303.087916838931,0.000008464261312446833,0.018119487879909798,0.04385002386665562,0.009770965364084326
54.25259422515243,-1.5372890657211027,6063.210060306859,0.007944023807603362,0.02845850037666746,0.2896393435415647,2.096199009654326,1.7632506621803308,1.3355311225190722,2.397260573313263,1989.7788979531679,0.00044962460213248426,0.0010081141988356008,0.042261819807690996,0.0000030430748730704727
51.99809812474058,-3.911141455621916,5164.911048155341,0.014830654324403968,0.05256771303256558,0.05490811977693963,1.1691750322637573,1.2938904810252523,1.1963646327431465,2.344062890702122,1961.099453451552,0.00018076751282162154,0.050272344988834504,0.039302733601824465,0.00009009260398114749
50.89834100328838,8.200214806514861,6475.842264377133,0.00023983359732132083,0.05443587665201711,0.031611428042554526,2.1220964178224424,0.6280599623779137,0.437704606324999,1.1352485523827653,869.7844791456704,0.0009572910528065168,0.006075303114838389,0.039910993807508274,0.000047869078296451806
61.7865349500839,9.926070269767955,6167.25914144815,0.0012591982287980176,0.05588718812743551,0.22824865294099222,2.1856209883321958,1.1571460302329064,0.996163243503129,0.8679914379197213,1824.7613995536954,0.0008999588160038081,0.09689478962460477,0.041169232823211076,0.000012812124991936626
59.235924647102465,-3.991029473329192,8241.497992892884,0.014939806081323259,0.01316317182850665,0.2862528326169427,2.1907411676495885,1.2238562686114531,0.4542240701980699,0.8033763889616959,1985.0290254246688,0.0005343084234731915,0.09978272347019565,0.044685545856318815,4.140935699256178e-8
37.77582951900203,15.557394376647714,7034.730217725349,0.004373992081761751,0.04269489046932438,0.29028031168286184,2.16408154374942,1.046273256451883,0.5279241889470365,2.196658380923378,166.54992884240656,0.0009657809571065865,0.01088222932723886,0.0441704430812538,0.001817018315616139
49.5360164566993,5.54883718242232,5200.017091143371,0.011529649519824032,0.03559856304350892,0.020703420588068,2.0472805205178783,1.2646260540832648,1.047184000696168,0.8214111279032044,992.0650257043717,0.000022865176523647193,0.049154365946048696,0.040373143839201577,0.0003325411839823056
51.84081805582372,10.053994466342616,5209.085026580072,0.005772173852992044,0.04269143282388051,0.2947875683491859,2.102727836552777,0.6059927825087129,0.7670635074097644,2.376568748224444,1922.8478956367876,0.0008389292046179359,0.04046470611932801,0.03435343519590786,0.00001948768634276301
42.25138762798615,-6.11434843681776,8191.604027165044,0.00025249518306431754,0.05073459054895229,0.20095559277776848,0.8106335632957127,1.5080942988207946,0.4257824558015036,2.2642895430011682,1849.3177227065119,0.00017809109509278872,0.001340270193433305,0.04342537150645139,0.000013976903026310986
48.721152667948004,12.012587939981131,7808.002792269259,0.012290543070310385,0.03958803323530906,0.29517250772507714,2.198540800195162,0.7121874715000337,1.2229707253844444,0.8612823774949853,1771.0808993396627,0.0004415803466924108,0.001370507760670733,0.03370890793516122,0.0001299970487746671
45.47435578492809,-1.4730893512301666,5949.083565226631,0.0004445885078441001,0.05918849744716855,0.17139765164753312,2.175361289906128,0.6522474938024158,1.0209410414303992,1.249396901361756,1778.410966034967,0.0008824459998953287,0.01739892470693324,0.04329164223353012,0.00007990245181527749
57.475743273927286,-3.209346495626831,5029.826441613182,0.012699112210458201,0.05325175776042171,0.279052602389128,1.5856055879590953,1.7866514761415568,0.4004148960060706,1.754713829782319,1973.395184962334,0.0001309291556070055,0.006721913037460555,0.034838937754135685,0.0000010070012162856051
55.881098882505874,-1.9289892653495038,7347.195257163157,0.00016258246990283952,0.03449014785827538,0.1276954785171831,2.0857613665993955,0.7519832921676037,1.340440430702229,2.358304246979819,1258.9269312767271,0.00004480817184953167,0.04579420174061958,0.044738835054061364,0.00033048673829778934
51.94834577551921,-0.06080148247997741,6187.673612719424,0.007254069532248669,0.021747083078918695,0.2979177605982979,1.9528643728032742,0.952596642787358,1.1291905701218594,0.8507919206780868,1984.9601975151763,0.00036922828881259464,0.09878773281993411,0.04425533601693552,0.00006529704981968566
50.000828022594945,2.734859671213954,5348.3015416763365,0.0009256272229299513,0.03804255299175388,0.24233549180950056,0.8060458120481928,1.783460629369738,1.3815717617866783,2.2260416378535357,98.27747524137976,0.000052957072462703604,0.00672674047276303,0.04489812118867208,0.000017339903726991307
41.10957681250638,-7.0346535837164,6629.182262496252,0.01106897149477703,0.05406641626217896,0.06167666422441076,2.1331366223480623,1.5814347647538016,0.46094563958128243,1.4537928076458868,1744.4611949302268,0.0006208211247939997,0.06518575814756249,0.041341432439828754,0.0013035054466814986
53.15686808843212,4.328346351192721,5017.615272239814,0.011787315593716591,0.03706656719892587,0.14218950074465192,1.2043947422382089,1.0035164411668775,1.3699460960918,1.1433214862687682,287.36898052712235,0.000017021473579065898,0.06454614685718366,0.03990166390810011,0.0002906243737180212
43.244169712612276,3.7763393611422185,5086.2109867467625,0.0057071680385357955,0.046341509555168275,0.04561134159651156,2.193251277667425,1.7706595111114005,0.5710004218204994,2.3110873558204306,1940.8232259154247,0.000019398492107940233,0.07297514637667968,0.04544629564707867,0.000002267954471542672
44.53320035003242,4.480659298024429,6578.419700266006,0.008255867129688368,0.059522639661121236,0.19728194718528452,1.8859474852840539,0.6149760413774543,0.4190959665590881,2.244788737424661,843.5027610932167,0.000635639456035978,0.0013387374593436577,0.026155825498331838,0.00013519971200639453
59.536928885550665,-3.4518540824945028,7846.0947859901735,0.005562253707227,0.04479382821299116,0.11717496124286354,0.8789480996476469,0.938781849996379,1.2093498499073112,0.9262087964127554,1753.8830319901194,0.0003743005315029655,0.09903206830440997,0.038678164543549,0.0006219211137053017
45.99975892789976,5.526412071536058,6126.422783513543,0.009693306196013378,0.059388540815956965,0.048775881542047726,1.8253974271450866,0.6007772702568217,1.3014613937600203,1.1830894233925724,919.9225756984385,0.0006422192933045749,0.0010396388808109744,0.04310541825259897,0.000017185264511293063
42.152560043418546,0.7996225894062654,6206.759769138309,0.009498375274051719,0.044047222341890076,0.1776203429952674,2.1957455421422534,1.0027229690361583,1.2376403366994064,1.9969481718134932,31.726450798838673,0.0007744537592720817,0.0017973127322620016,0.039209265374112574,0.0021886351726520016
55.65925947448087,-3.5226570825327803,7081.535038404536,0.0030687221604653744,0.0562263681436468,0.09223455028968237,1.25710154312115,0.6019958671234481,1.3218660811086216,1.8115585381896706,1442.6091904429545,0.0009648553700033082,0.002073999969724861,0.04456389340508947,0.00022638476942541747
58.98190956838429,-2.8627265397094543,5766.908061544805,0.014836128997675745,0.04856357964973392,0.08032973973522947,1.5071318343182796,0.7584036784251397,0.5049506317415868,2.2601676112064606,1735.1517954148837,0.000995646730394881,0.003959668140591192,0.04517630835634751,0.00018141640839245738
38.5276145693934,15.269117290950504,7017.771048030942,0.01283829817555047,0.04961375568460725,0.2707314462860981,1.6822073852364774,0.6017527912023053,0.40681014191882103,2.382245361558218,487.574120876667,0.0004996799505812249,0.01147666311512558,0.04560421352105748,0.00005931388074678277
37.822996745088076,-7.750239474804041,9063.744580996443,0.01477889799023625,0.031441056381748454,0.29966852491497076,1.2795946542047152,0.62607348320499,0.9608496210239648,2.399595176156703,1932.256062940776,0.0009720286912684779,0.012107971461704682,0.04064533967078773,7.011273225185325e-7
53.65337855988113,10.188320102093279,5458.830388721097,0.009728598338282352,0.046413111812014386,0.2999433956171909,1.385751289501277,0.6054812519704148,0.667336773554853,1.1939912386073326,991.28004585411,0.000039542156111112544,0.09028559715005187,0.035015805034976706,0.00002515289654676747
44.3706252333256,-1.9750592116761752,5491.57428078743,0.002295092403033749,0.04827578541287932,0.0530643933315218,1.289577065834993,1.5432675358187282,0.6006152760981536,2.058563461877304,1916.9565457893148,0.000498436812969472,0.09858049236768279,0.038698736490863375,0.0005014478601264591
41.420577579658556,14.94126558060686,6015.621043347923,0.01009052965246322,0.05821273001150069,0.16982104967834635,2.173214397569433,0.924046339430676,0.4322341964973541,0.8162789379166924,1352.4207273180896,0.00044236676653579683,0.004390800776738109,0.03700849750344197,0.0006263605423551354
58.35189735882466,-4.2470809233643925,6105.512317707308,0.014912090432256855,0.054967640355987044,0.29918954787875973,1.196286969429633,1.052288724048299,0.4158307492356732,1.5332254890153858,76.2046119006684,0.000987621545362988,0.0014192902913969753,0.03576627650042423,3.701278303180157e-7
40.46258341224414,-0.8332272811537003,5788.176075426173,0.01375473211103693,0.038827877153109126,0.2999580226803336,2.153539260595914,1.2710394931240345,0.6636989229249362,1.6118668138787808,145.03905873429844,0.0005867067624821244,0.09169926768035164,0.039290343833841994,0.00006717158137576789
37.61360135731573,-0.48365570548692816,7195.803864569262,0.00957787742095066,0.037752577993414145,0.29550392464574676,2.155953921494352,1.5992217665525241,1.2059140578139482,2.363905264103139,20.056946354923877,0.0009597065870809551,0.0011611379570466963,0.03361777492243262,0.000019330516800875687
52.39141395896549,-4.764131791137304,5315.533493061639,0.012541810536350452,0.055774111488673485,0.2997638973203991,0.8117879356584853,1.7994461419571368,0.6243667204582872,2.190653964459557,205.19635897029787,0.00026076767326319765,0.0047120159637394216,0.03499825461236661,0.000002002504871342256
43.61391337606938,-0.6862526963287436,7105.439417178566,0.004691895388559239,0.05988493037779799,0.07519851843374932,2.099775339273723,0.8810538469430471,0.45055374247198543,1.6126145451231526,1944.6814533467323,0.000012747114253251103,0.0010413483455404243,0.03580477672160826,0.000007567461899820934
53.720790465422894,-2.809847719415492,5149.467968232091,0.014742318655455033,0.03366563487628829,0.2621224467935554,2.071001300629298,0.6299975289865205,0.4234895734617165,0.8717618852023523,1939.6063369450583,0.0009997762124504647,0.08180243509046849,0.04472977595395864,4.5536813740504173e-7
45.65858261251631,11.783189787353951,5622.625137385645,0.01236502490751055,0.049313419744802384,0.29996940602545213,2.0296177379938514,0.9711428010457213,0.40014421618694845,2.2155553303566613,1377.5220335880567,0.0006681666814843866,0.0011693939306904367,0.03714818343481699,7.047972034698322e-7
45.494307636839196,-1.7067999226562875,5290.172657990692,0.014406042379486289,0.042840959705970516,0.2990758797152221,0.8164318675825721,1.7166748263748532,0.4002132341756154,0.9365746622219744,1527.6338959078428,0.0009833009483072332,0.001194986400139935,0.04477687969674132,5.2350131857493084e-8
40.91618735726534,2.292514567768709,5039.767225848078,0.0002739425743996765,0.037540596547158994,0.13646557086381142,2.189939296849592,1.2786681469868315,1.2373211791251988,2.1262094864388406,328.8822596804025,0.00003274286549062545,0.04652468892726048,0.0457663573138913,0.00017566336872024832
41.641889306133315,-5.809343509567449,5679.560864133065,0.002281743473680145,0.05661380356798248,0.29809110778057213,1.5618674174413667,1.7314127517518378,0.40023157879462085,2.1282511961860315,371.1723300698173,0.000019738109178738024,0.04741002127862335,0.040189812320641755,3.5042934159757617e-7
61.99792661869588,9.608860198975346,6377.012340491242,0.00005039626534572727,0.05927508413354418,0.23403597079864433,2.1862973512442707,0.6231067663094648,0.8716202254918965,1.0639818192571384,1884.5991351529365,0.0008462992720955513,0.05626520351671586,0.030118243509036607,5.256930047467474e-8
38.180623747442326,-5.936831675314797,8678.762782305403,0.0000088696772393021,0.056251286322402665,0.07567698916995996,2.112909382415567,0.9543948643405389,0.4448376651152736,0.8063433263783539,1998.3243130169637,0.0000045830187158317375,0.039929699527182394,0.04161670294009168,2.781735800280077e-8
42.86470796842469,0.9384102265240184,8277.076547283203,0.0064445112903692954,0.045708553671152626,0.2780782694349198,1.4420134959959436,1.182111894531217,0.5207356592229936,1.9588324264126535,1313.303554514857,0.0007404955984224653,0.0024618418976107975,0.0428831598909268,0.06485188623793099
49.275230869891615,3.850469841192254,5790.432439671815,0.008687224667419786,0.04912696379362204,0.020203319223598925,1.7376821493320316,1.2751326844157251,0.7999816099690096,1.8910815316778848,1663.8143276073401,0.0006010638330544841,0.008314428852643751,0.04120621046912309,0.005366722452571296
39.66775258121585,-6.111563774084816,8899.308154374132,0.00026951745826491786,0.03326846919196469,0.2607306747629347,1.6913898955410303,0.9871587473001929,0.8607342002374094,2.3677618786276975,1476.0169209515966,0.0009851039584370268,0.07984729003361957,0.03369386492604952,0.0001968147903298826
49.00867737645227,0.15335672014222368,5210.323557961595,0.010099103152776671,0.05083244138287356,0.19971384153427837,0.8412504921250753,0.6232262494798242,0.5399338954163686,1.2039242464084132,238.14807303239886,0.00010965471969830107,0.07007836776006882,0.04204035465594411,0.0002422905457606312
47.84792537944982,-3.5389278151115438,7120.109047317332,0.0023292394523602255,0.05433195488180298,0.023539639150795304,2.1354328776264877,1.756962347860771,0.5190766240911193,2.1711443604317195,1584.5879107558956,0.000996314958708763,0.007672576159190041,0.045988769647193097,0.00006216233988277437
53.349619532093556,-0.32151336199776814,5048.849005089403,0.010220412259345264,0.058675920953065445,0.020064065862400355,2.1809120251622502,1.7972497573376818,0.6972836705786374,2.3980283674365905,1805.6523086135674,0.0003797581730250023,0.0012097006355919315,0.041683946884990726,2.3948164546344953e-8
39.33810081746323,-1.9085068754882268,5283.468854279818,0.013666590673467337,0.056386388614039565,0.13814911988953343,0.9445376682312076,1.2183298070828497,0.6865784326312463,2.3999877694626397,390.08191635139315,0.0007449653177524021,0.061877939529376993,0.04214485380452257,0.0004819921200859723
39.053158768353384,-5.057560805526576,7444.28231636034,0.00007343922239622343,0.05848526883698141,0.29942571518953187,1.6672967552304336,0.903526762992249,0.639033593900137,1.6848870165879024,1638.7459623252626,0.0009960592867090529,0.0011591073943938968,0.04502923723851136,9.620676935788571e-7
48.169926437165266,-5.558356872241303,7289.151729271317,0.00010035483689324827,0.03420072537788132,0.29868897856035437,2.181230569392453,1.3405090705265352,1.3525637559452783,0.8052628239670306,1592.1951936122748,0.000710704417016479,0.015646284203528635,0.037691498719738314,0.000025032783451103627
38.49657542994819,-3.005520020815876,7666.935794798892,0.0004786093925087784,0.05681185829237652,0.27253964520605395,0.8201494911057644,1.0988018299226308,0.41503562017921825,2.2056015622698313,196.1189451597345,0.0004853088644210489,0.0033362770506181636,0.04238888098038966,0.000026522047046108428
52.95607577039192,-2.67835023452991,5992.970568387469,0.013138414900749839,0.0397359814327698,0.043465253133482956,1.7288148264341672,1.1853536008449037,1.3943015495538922,2.1163758077648573,1210.5581463983983,0.00005363483215877021,0.018014014017027086,0.04323870578146032,0.00408021945187874
39.7500661083701,-6.7785979021432485,7137.100596378066,0.001542248637862102,0.044596214336699115,0.22825220916177902,1.0424376682742518,1.1513642554920445,0.5626878574678739,2.320557733139653,1751.755695906889,0.000003331179356947534,0.031174591187157326,0.044411377001462235,0.00023214899367401956
49.06305811239315,-4.331326343565522,6113.581431812121,0.013911430190061807,0.05872786262749881,0.2944159823930566,2.059553919270777,0.605158443781915,1.3896204182215075,1.4348064995017182,1481.3627358391318,0.0009423996770115611,0.008803374089164049,0.04570157978499653,0.0000062315996641098
47.2613565251216,0.2870042422014887,5573.811982425764,0.004360310469951374,0.042505245233178265,0.26241516592323944,1.776001665445071,1.6652394048693195,0.5984271086534334,1.8121515601047786,244.18988945303548,0.0007752875337469821,0.012238692049089046,0.04230215658592109,0.042114849060420644
56.376776937107586,-5.536528878608523,5340.072151788386,0.010716047020665045,0.057637433615018364,0.24814427386530163,2.0155282236446777,0.6631399889642899,0.5515207041893704,2.299720078601551,867.9715503040358,0.00010639140031011544,0.0993037197153137,0.039799357658249504,0.00002346183800847679
54.28319895949336,-3.156500450601052,5058.432844689755,0.014587424116583985,0.05304797978723592,0.11884801655656256,1.273319968192646,0.612836861530431,1.3865610301460527,2.3814763926996028,1967.748321557741,4.941348124867422e-7,0.0024692412096172893,0.04410294599312254,2.368011729701636e-7
37.446405223436905,-0.18006966976352956,7675.751801816896,0.0007289188434045286,0.04226028302779231,0.2993333943843026,1.1486840868524424,0.9207933568331795,0.4004509146918729,2.335362449936948,1045.8606269903162,0.0005164494296179574,0.07493759085482041,0.03581054863661922,0.000003547953036799371
46.83735132610433,6.634055310787687,5262.624707899154,0.0002825784839582492,0.032538844754422834,0.2267605815018617,1.9751258617125467,1.788354037553035,0.41049084093628196,1.7522508932705092,1657.192310677553,0.0009919259452597312,0.09654329990537476,0.04571206956576254,0.00001497092593523159
48.63867138934237,5.677023343413236,5559.169227713746,0.011030910860657899,0.05996497412209099,0.29483837386609546,0.8175727927933389,0.7034197618348456,0.7831033638318845,1.8772671570940442,1931.5793001231589,0.0005263175018415459,0.0012006504119628425,0.04151144725859963,0.000006580939156607575
39.67264881250608,0.6920047400606819,5687.134846366975,0.009912257407206816,0.058927316314552905,0.2845844226520512,2.1678036166722032,1.3065335863623804,1.158698421909754,0.8485214428682206,1520.0792360288556,0.00007908737657535565,0.0011226092886789897,0.04245870102077773,0.00003874458570866892
54.302227389324614,-3.484644724759346,5064.851776013206,0.002619881946246077,0.05159538097237732,0.2431335828217025,1.3171430448439425,1.7409470985002473,0.41588953607705487,1.6380245563160638,956.6493638180618,0.0000013084863438445649,0.09979465230001329,0.04515989823002419,0.0000011654301723136447
51.19031406775504,-2.7281310045052747,5057.256290093171,0.014997544686365634,0.048156590843405504,0.062135684730524554,2.1907167639771976,1.399145618752494,0.946670460943771,2.338039248570495,1506.2960180870743,0.0007381996194083733,0.08455448328989945,0.045753202721546135,0.0000019041529754713058
61.46102245420983,2.766735393422742,5806.955168819335,0.00855220874788702,0.059975358179424135,0.2799815181536841,2.19627547116416,0.6077297564841351,0.4379825650444661,1.4756966755054928,675.8948021156313,0.0005969737162360004,0.06762365838981475,0.03994014836903126,6.42416989985152e-7
58.79829541085866,-3.910531367081938,7030.0233014227615,0.00009189536022845477,0.05393470171905717,0.2959201859408679,2.1041055049018627,0.6404489928133467,1.214337617308719,1.7757361774346208,886.3055948814771,0.00014148925299635167,0.0032963955243532745,0.041530917537784616,0.00005757649857601946
38.422269031733975,-1.805404393337211,7786.8543542140815,0.006823285779384564,0.024387949365737738,0.1836792000912148,1.946577817442635,1.489884776557652,1.062956193201341,0.8198254768714529,532.8275009134537,0.0009413971869232327,0.099831108908117,0.04537906326704212,0.0006941878248300834
49.17172981864789,7.291794096678721,5835.449406989626,0.0017064566189758633,0.058987960294437786,0.29568797514009004,1.879552394425457,0.7993755035368317,0.48903492465528087,0.8256431020942281,195.4190045099891,0.000019678306591998416,0.0010104955456340162,0.043997656622996054,0.0000012303893655475934
48.38475377072073,0.24185124435827277,5892.270886686774,0.01436177290029497,0.05572184522730303,0.23788066101205302,0.8475213893880167,0.6794734894658606,1.3394439511975489,1.8908873969386015,1436.2735473806417,0.00003863480578886648,0.0018312009410380782,0.037899972056020546,0.00018048285275400902
39.8384234976068,-1.889012649004636,5271.41989256465,0.014921674679429385,0.05702899321915619,0.29589836680638526,2.1356892166269814,1.500868983099211,0.49060848313467237,2.0112289071199574,25.42495894010017,0.0009738684464232072,0.0125597584513197,0.03465123458285261,5.771813279127751e-7
58.997657750716755,-4.034506026952319,5401.026282378429,0.014998341929610517,0.04134936518924653,0.29690018584262445,1.4820628058529242,1.4045121943851613,0.6928668204766602,1.1745699164181447,1958.189939041582,0.00001144816609128154,0.08801695016648566,0.037144671457175975,5.481783996762174e-7
42.42266782111013,3.8916425986593755,6313.499300783969,0.009813219545521815,0.04351551774420466,0.1798467761194264,2.180440345242234,0.7583382021516145,0.690341270532237,0.9207096881564091,1927.1797067585544,0.000989269400410633,0.0010289391720187957,0.04591073454762088,0.00007791286523696765
47.42590425663327,-5.358462071764568,5070.990096921827,0.0008234564369335246,0.05971391090521726,0.28913414712650204,2.060052204476513,1.2174667121266716,1.3702394782345562,1.498008402049218,1143.0213493948334,0.00010367696814409888,0.010860443857393,0.03770535073987765,0.00008992783837363207
36.81418044631785,-3.0340329496427367,9118.617236814342,0.0000749356347591812,0.05671673681774536,0.029479947341910645,2.1539035691415336,0.8215557243759153,0.4925062382643975,2.1963767429801306,1967.8331233691952,0.0008732170115200803,0.09867121418877595,0.042568421720522685,9.342659722232603e-8
58.88042894953357,-4.637500195006981,5664.656100812926,0.0002954156016309537,0.050127900485925476,0.21926071356467708,1.7175171301517802,0.7001555204846347,0.4072739089900569,1.3117845088322082,1960.4897293757413,0.00004509266731485549,0.054513842596691016,0.04598585762367589,0.00002059200466696886
61.97422722411621,13.854046912497495,6769.865302107818,0.00000469654523666726,0.034905668217107874,0.16817493364222802,2.0944221407710506,1.7233984021018718,0.4330458575037976,2.201789434269087,488.69559338790276,0.0009578133942361163,0.001261590248698772,0.04598210651948677,0.0000281070910734907
53.484900452648056,-1.8569717714988752,6144.741290255989,0.014922917605981393,0.05714525305591467,0.033483869482778233,0.8359213390536624,0.6423489403125944,0.7444238301152966,2.370305995658545,1683.1073808495744,0.0008912223301989768,0.004342114231518944,0.04366819139946071,0.000013025195883633229
60.62622911274917,5.233308222397772,5645.001618855882,0.012486788280977181,0.054691661796773226,0.16170930539313338,1.7832243488493307,0.64451024350444,0.5896815586016549,1.3924196504801603,1180.4644462838755,0.000021354648029470748,0.09899500626566662,0.04401536171642424,0.00007921063903499134
40.29063391603508,1.2744067190277963,5044.927838626829,0.014996063300699695,0.04622040599354049,0.22379350902240644,2.0281468427666827,1.037995526683809,0.4328108777358883,1.610708842840162,1438.58997266424,0.0008975996470829382,0.0488220451309053,0.04354372754856921,0.0000303625667740816
39.88414738024067,-3.438345810182491,6472.686887118985,0.0038783517864248,0.05498179240106772,0.08461572047741907,1.3715604553960614,1.6455024524225528,0.5660642938062194,1.370235935931358,1437.85154645686,0.000027639418581195537,0.009409667501237973,0.04077053171518082,0.005128634445467782
39.65692934977476,-2.5187411466231957,5176.368032932386,0.013455563082328011,0.05928665365093737,0.2969549511822762,1.8121662715326983,0.8912479913169186,0.7869235358861547,0.8039313569790983,1920.9237531641136,0.0007489858909612324,0.009412190125968221,0.04544202254826113,0.00001311103816120778
55.75025876664236,-6.173452671021879,5025.231213164499,0.0023283069800006085,0.05988259304795013,0.26569033432525907,1.0124784268472895,1.5852420144432777,0.5313359097501932,0.9882174994552962,796.381400877189,0.000139304848832614,0.01289227456204366,0.03616209681588346,0.00037108060817518944
60.11706412482526,3.6614663012377857,6077.439683796568,0.014998678099030176,0.05658441083461932,0.13577797002630565,1.5134284571536947,0.6105699783973304,0.480274889357531,0.833176242602126,294.5863859498542,0.00004656406657022358,0.07796474586388748,0.04528341662233103,7.754750444661014e-7
52.62938801883023,7.721285348103567,5122.66608240576,0.012534645234948922,0.05016019474490886,0.2067510331385831,1.481086767117549,0.6049377979637507,1.2600236843091728,2.374775339967708,1620.4732215989134,0.000001962613285955333,0.0016204585627590403,0.043352060748112466,0.000007737845009146562
50.412454534224395,-4.0652073369994834,6424.3856651323385,0.013919855133422684,0.04681374567517631,0.1580126695077904,2.182153754935682,0.7331604503574409,0.7239194830776643,2.001841766846133,1813.5124684960688,0.00005760737735652197,0.0010477623915714268,0.039156149730145515,0.00010804175860495279
40.115541713141454,4.266730209353673,6174.063702447333,0.0008142388354868676,0.05457098983400398,0.13823139099592716,2.0566030928520647,1.3521475788662634,0.4442376281987437,1.6718437903673617,1484.2366414694886,0.0008275724388965876,0.09708780354194739,0.03425380800740499,0.0006028468677865153
52.30317395296226,-3.8431061324622373,5048.245441543751,0.012644607089310618,0.023474657698983777,0.2906527696922008,1.343906708833041,1.7937608448930034,1.3962198670959984,1.946823676553905,1703.0635513427098,0.0009864421469957128,0.07643286392429172,0.04590514973323551,0.000014303681059913317
50.682026516368104,1.4312567611305802,5240.84171558309,0.014966459001220189,0.05029508138800082,0.2849614311798533,1.3844583572031874,1.5877299141892482,0.4088038572842329,2.0449342509512554,1519.8328536116635,0.00014933917542158607,0.0011690835322349699,0.034312375594778656,0.000013212204694850345
46.57067036512758,-0.3446585962075428,7011.9281585156,0.013996540538991914,0.025214696714113482,0.16861042948977328,2.1956392417670614,0.6413190059704518,0.5672239034315999,1.9688031232727774,1464.5771511154196,0.000012075603740186399,0.055926628664786114,0.03324845231013582,0.00012356708981556833
42.90598348063322,-5.970378189618388,7676.420084634196,0.010318045072264402,0.059345961450820744,0.12146671468730824,2.199713869959238,0.607824351745635,0.4014647923058033,2.2121810011899354,1988.1479971417377,0.0001771261159411794,0.010933576661149996,0.032813905645071355,8.321842016375053e-8
39.39406106301031,15.17446503008724,9624.04616679551,0.006091145807049551,0.05400775512571002,0.12153266593197057,1.762243595675797,0.6044362914886453,0.4599167981094012,0.9489430953994163,1935.3624834066222,0.0009692957329128036,0.0010363835578388544,0.04318876440001769,0.0000110345398790213
49.39240559202279,1.8602537551658216,5974.353782675048,0.013674722831253873,0.05839971252381569,0.22922041256446593,2.1633654733196592,0.7655853429274323,0.4328405221539099,2.138280333797718,66.98749315374452,0.0006083314935276062,0.0012694197371918862,0.04044173134078966,0.00004931637926924636
51.597765041706246,-1.9471402697357902,5483.865373569593,0.014997278991251615,0.04174381955010011,0.2312924159069899,1.0273276264604942,0.7253402015076201,0.5363168147098352,1.1435072278956526,442.7031412249284,0.00025169788913094525,0.09383348464806318,0.04024466856537869,0.000031170971219913725
41.75939032708853,-9.079166083316261,7029.208722455804,0.00007458147553340613,0.059821961922844974,0.29650037602610246,2.1444761847807436,1.2786024854311329,0.7579772863899008,1.8202879244490473,1989.5428570092727,0.0006916589693573805,0.0014976292749181855,0.03448506915161877,0.0000011801393683757093
39.61896959197358,-0.19918813047380723,5729.983715911694,0.0007403641742736844,0.05891714203618386,0.2535798551353593,1.8027781196116959,1.595961572573607,0.8543531739877065,1.08093317554809,1944.001017512425,0.0008022704031732111,0.0010776437737366222,0.04019966923274583,0.00005071588351628296
56.48255547673651,-4.369608107190947,5242.04140832297,0.014884550324465062,0.05597012235364607,0.21092194139583853,0.8357504507303242,0.7786415281283178,1.1415660293598857,1.3258755201801984,175.47537369192025,0.000018781772237889387,0.09971055617186071,0.03943268019815729,5.515706081507585e-7
61.579406186450825,4.113522516548215,5985.05413330084,0.0001995163696336074,0.05903318757404637,0.15960574555734922,1.8813176728413468,0.6002454830777905,1.0645253274453452,2.166209049189879,1618.6739599843856,0.0009811538312239363,0.02675748437006156,0.04558951642176866,0.000001393275197792311
44.63816576456017,8.687508062872954,5782.849434202917,0.013816576004130426,0.0356738969799268,0.29400237994939826,0.9875646024226161,0.8639619069176865,0.8333815414353127,0.9388713576633221,649.8678984547438,0.0009171689849519443,0.04684806302833337,0.04281372397385468,0.0025774972726362
50.449734908214594,4.263107967176685,5239.741084164864,0.014539024927680042,0.04996532635136781,0.29958729065285844,1.2925106251212797,0.7996131706683309,1.3826817216339875,1.8246785229967857,1633.1038985350615,0.0009518933871830794,0.002947404377350218,0.0379100754370512,0.00007297795855727676
40.37687895357458,2.0360472472620277,5065.913033230865,0.005836443242296973,0.058678150117497795,0.2661331169543906,2.0698387445308293,0.6025588524829251,0.9777057912528535,1.3848782204842263,1900.2000387679238,0.0009951583310015568,0.023389556214584096,0.04221314338235457,0.0000073605140527763114
42.08361616892148,1.9979359655941327,7631.331392317415,0.00014686997273285463,0.04649526442363157,0.020002072329649016,1.9610614597247433,1.7884932986665363,0.40057094455225983,0.8095576233414601,171.8365519542717,0.0008305006091001952,0.001420767450422921,0.04199709945023745,1.982641668578108e-8
39.20684348800677,-0.9029861604896006,5333.443084053723,0.01490376036797566,0.04980402449397964,0.20596761191904156,2.199143968638976,0.7986231355454092,1.2830239637254133,2.393127778247965,135.3618089860871,0.0002597317324782056,0.0016295319500974268,0.04573857217712562,0.0000010166046444753024
52.442586234686885,6.702774899799351,6115.284269057227,0.001475142172652892,0.05839624538368736,0.2669636575204073,1.9652089234954895,0.6005067395811766,1.3037657210964888,2.342427980990476,48.60826681270049,0.000948471064552892,0.0010044385555939936,0.023371518562054893,7.924889461813687e-8
58.69177312280169,-6.503922516244124,7005.1558683820695,0.002836413038015711,0.05548945005926823,0.2959973726748229,0.8049910805215378,0.6748869820996557,1.315158697767001,2.3990693764097655,1746.5137018970331,0.00006210658321976687,0.08974841908655223,0.02344972821510903,3.9971273196991316e-7
38.35815723898077,-2.8595268778369736,7610.119579522332,0.00555882306563623,0.05325948515648492,0.26646654311747464,0.8101892782793974,0.6382361617292245,0.4152663430828616,2.3252879747258244,833.5404725589894,0.0007385357196522773,0.03176687963296236,0.03187472818982458,0.00004237587901886054
55.708005794330404,12.134800409108667,6437.241243879749,0.004936103048179593,0.05030727323320188,0.2943601265806837,2.0162768972463745,0.6284555759136705,1.380606209831706,1.5131286367039647,1952.0096040642647,0.0005582100386793487,0.003955651913298634,0.029453171539058128,0.00026765569775087867
37.29977275979514,-2.944525726402367,7355.33874402718,0.013833676016196759,0.04553756697312444,0.2861563822425354,2.1100872693662875,0.6791524263878851,0.41185281069900226,2.0547881960378076,1996.0295377805226,0.0009857977009553375,0.0010516086723030278,0.042479870367777006,3.3401383978975463e-7
46.185578203931136,-0.794366979656699,5224.796150709568,0.006621532362816101,0.03816720973191804,0.022545097151182372,1.566366779647889,1.647786345736403,0.7538046177490484,1.552405325187563,279.35043844647015,0.0009598032867754678,0.09235437808813822,0.04191581739607866,0.00046191306121476594
48.77407598014487,8.856624936440141,8840.126735496364,0.00016718634150538354,0.026686143097753398,0.02019850513269165,2.0421078048535164,0.6000087522761345,0.6117560971269064,2.3323144978117933,1876.0565922497221,0.00040916385836863234,0.05786459710993695,0.042311930631232716,7.438588621946082e-8
55.48222666971975,11.870662613982155,6480.344070214726,0.010481875231291772,0.0537971394099798,0.26746027349420953,1.8347260780985197,0.6034228495551988,0.40325821488847463,0.8095003158492516,212.17245920946647,0.00037891449637705876,0.002308235844640248,0.04089424181792248,0.000012600581824930521
39.39821180484316,-4.805498767980427,5993.9884496781615,0.013189512205022876,0.04819462778506994,0.295101445576775,2.196796329346478,1.6920716511883036,0.4238775719440547,1.028622120393619,52.58999025495498,0.000010963505213694417,0.003267053756106905,0.03745041527170483,0.0000016125834264547074
50.86046411817243,8.781918127517066,8134.131776823187,0.0029821137424731066,0.029548237401172798,0.29673791969121505,2.0158969852331134,1.3076706229789383,1.3027546501142553,2.398319503825746,1983.6337880704561,0.00006568711435745615,0.0010041607869813623,0.029096430413646596,0.000004261271561013845
59.40225071434749,12.291535882128112,8095.422990266312,0.0010219817073524005,0.037685061157958645,0.030410248931893022,2.1067185583701273,1.2546316128067183,1.2831721797907036,1.4351337817241165,1941.4209370394078,0.000007633493650510017,0.03792460411936239,0.04560797889268686,0.00042359203864333043
48.693163579574616,3.1479045606378975,5302.57475295793,0.012174273085412203,0.031573041960482225,0.2931076300878215,1.7376623383074756,1.7993508239111158,1.277652831702015,2.2060394554592335,52.3575980799938,0.000994366782056125,0.003685591415438644,0.034057418551986844,0.000053571657302790904
58.059632748809385,12.121669125176677,5508.647466813044,0.00021327740564751297,0.04748006687165931,0.2941721472290393,1.8407766006408983,1.237704560984489,0.43855302263956336,0.8583933322526915,1977.255354244624,0.0005618276852398827,0.07562870767406014,0.04144157743899793,0.000025969858357198468
38.77026051532468,-9.480054686808602,7171.714936769431,0.010380327209888868,0.05749442165664129,0.27620972597960675,2.1977149484609235,0.7839224033893321,0.7991085379744478,0.91485786421473,1168.9312984777175,0.0008943327684539864,0.0014284181687614157,0.044130291831157006,0.00008903344877588155
46.525360776036976,7.267392674763862,6121.3231758157435,0.0005601631385185232,0.058928127898685595,0.2975267520784263,1.9579759543366464,0.6046420756300155,0.4096098529996845,2.3561444857251654,1114.1156255350757,0.00016545700270286935,0.0685486304345972,0.04286056489220568,5.019408605867282e-7
58.11726887484392,14.043300249763298,5151.87665838872,0.00006089918231147155,0.05230829050455606,0.28096602064907494,2.0519577475132387,0.6261593383973469,1.1680770316694913,2.3851994058447135,1986.5877313390563,0.00016211603676101336,0.004963617936895304,0.045495283517976375,9.264733615195848e-7
52.49053733302286,0.13254570307135438,5109.714391076874,0.014971200104099684,0.04133697104162535,0.1145426700140415,1.0671320815619496,1.6137574571509408,0.4270340544951067,2.208886892316129,1788.149317096344,0.000703885523746242,0.0191174800041348,0.03040454771884733,0.0001482138816282776
39.521462293911604,4.771263653113039,5069.0026068509205,0.014896910854424699,0.048382042616540465,0.26221313204585134,2.1090733102402233,0.7130069830442641,1.1952614662888028,2.398881327343757,1602.7023829169198,0.0008723298983039817,0.054546720130627065,0.039121183405981745,0.000006472495110971759
48.53730095294525,11.677864963153393,5190.995318265366,0.009343289753080292,0.040231973954719315,0.08893436059786203,2.0920510219814994,0.6504873557157272,1.0395957411968197,2.289655303345005,1445.702767086456,0.0009621431366998534,0.09996575636200045,0.04199370984996457,0.000019714379107657547
40.59294996457751,-9.025078133560513,7025.905699470962,0.0006023474319377046,0.05849093927576586,0.25347118776090977,2.132807637463506,1.5956757964109591,0.46806179346522286,2.3922908049647074,1167.9062241614326,0.0007818224229746762,0.006856272536192439,0.03470652707386897,0.00002581297257407154
47.91693299314586,5.81436860497954,5696.906973336314,0.000105543934356978,0.05960542416063889,0.19223843521234074,1.0606439263143104,0.7200008770256238,0.44378604370562036,2.3655358636565493,1990.6085248409727,0.00029966830477722267,0.0017552447376420163,0.04366110774670733,0.000005129097515808257
47.5196511442317,4.840243523043966,5199.513822342601,0.007823825933640515,0.053671125401781684,0.2984122262987733,0.8239813431965987,1.3949261201399517,1.0807162341086167,2.2773190736033797,1969.1156823622237,0.0006387163722194133,0.0010074857001869423,0.0415553238666854,0.000015123101693099497
52.24445556356967,8.986706333953173,6101.109909716367,0.00009015245286131813,0.05034721560435896,0.027256610566291195,2.142549670986852,0.6925099340402009,1.2999159935050444,2.224506657403889,617.1504871157952,0.0000372128288619742,0.0010223597517063192,0.04019557221609856,9.26931243187836e-7
51.234537642529915,0.09976915064920533,5196.659186205206,0.01369867643238807,0.042558344005678934,0.09514300746980564,0.8444122857200619,1.5821148528071172,1.3723331021760221,2.2378948607639213,414.6168296082062,0.00031236385679003174,0.09710729409744757,0.03586739507263361,0.00003767379430694302
48.76243202594333,-0.13658398413871176,5168.360105855945,0.00017264242731664383,0.05036039437159797,0.1334430213446302,1.7339143944122828,0.6025220296307537,1.0727205854856967,2.3407091893481597,501.2586279751516,0.00037459862935963826,0.0578358786657326,0.037528701185772444,0.000055895175887274634
36.467957013577504,-7.28898030141918,7688.308454478224,0.00046799061968627506,0.05585439214523847,0.032131541822143214,2.1984432021934737,1.785534818644738,0.41015123242948515,2.310655025879754,1892.2309136420652,0.00013166262576991397,0.09817634150188052,0.03727969570012491,3.911055458017664e-9
55.73050157750305,8.329006413737684,7326.860457874071,0.014893678527325711,0.034119805519027456,0.021464990503196713,2.0015792488454958,0.7048191488118628,0.6012210177235451,0.9224723026439978,1571.318432859589,0.0006415564210246847,0.09997737253397432,0.038030919372899215,0.000004453875815053552
38.512399718820284,-9.048747750911135,9212.87646026484,0.00040365559882349735,0.05692509755335765,0.1393925244742821,2.199119416324897,1.059407419752431,0.5723290785713735,2.319812636176067,1741.5776035521267,0.0009835715864573785,0.0023925090724921526,0.027079111320007523,0.00000314568834527078
51.41134098516775,3.4269666679535753,5265.037888070982,0.000018231508989384046,0.05945389027891783,0.04440182150364229,1.5718276007126772,0.6073613557641517,0.4241504960544978,2.2793233964675528,816.5772866463657,0.00014565709313579854,0.0011031019748764723,0.045310584111035564,2.571603528281819e-7
42.663426491570625,-1.9451018075342006,5013.823554599235,0.00745568749865158,0.03484997761157517,0.12246951364317626,2.177998250612692,1.7757735213576402,1.2792929412843685,0.8196795367523669,582.0124856021679,0.00034285822298198973,0.07820189515322296,0.04520098569426952,0.00010077202152120958
58.48972998186452,-1.7417030009948924,5492.400625424622,0.0043981921806411335,0.045806748069173446,0.25250154657500573,2.1846594897010583,1.768234895361866,1.381174627073753,1.8153737416285238,1998.398781190678,0.0005840550361866019,0.002191461352337916,0.036958642467581536,0.00003419815048313541
44.083197403468816,6.0397823487489255,5667.067944326231,0.007106473462649714,0.03818105727133484,0.22600577413376197,1.8343623991083868,0.7001499188077056,0.9623487994768719,1.4092536168530936,1574.466636326387,0.0000308984753825787,0.054788644239880474,0.03930934896494574,0.01516118756549233
50.06816856521175,4.266658623840867,7983.345842790164,0.014084887206491226,0.02451953984585074,0.12613362995417757,2.1908122367167615,0.6022924691436623,0.4794500579517537,1.9542577967376316,1414.5410568049165,0.00009677129723892823,0.05402121002031773,0.028919450485109875,0.00006761564786695482
50.81242417238707,-1.9707587551968349,7486.268939088889,0.00008015088692494872,0.055055746372142944,0.1863441307847804,1.4272810755633738,0.6376577041980401,0.6810455079310789,1.1807341874865274,1873.8246597351294,0.0008546059130366182,0.08044431046760916,0.045156749869041134,0.0001744699324053179
54.390122110438234,10.270291946387584,5409.818247343832,0.014929230193491632,0.03018598279745076,0.2134078603429881,2.0305276848043707,0.7291988246208645,0.44645704428943245,2.319341847686557,749.8792924346282,1.9306552384813428e-7,0.010250207955624733,0.04229621914872252,0.000030306473766472475
39.27242778218259,-3.6985800522240764,5143.825072974911,0.014484419501690157,0.05910290399728363,0.28751478070165676,2.1376699214391683,1.652954924584498,0.4964247538586569,2.312215110685149,1012.1892743917682,0.00034576956040573923,0.04801792171064982,0.0386470721683231,0.00000796047009860675
50.268160850316036,14.80445062962939,6848.514284924548,0.013435615776805744,0.03381807819193723,0.23025074799971365,1.8647007238740594,0.9385318366563303,0.4973362002413421,2.3917303506651657,16.074197414441667,0.0009304726638958775,0.0010822020362112024,0.045607890717269214,0.00005058682313958576
40.54772366720841,-6.984774693722375,7566.465842102714,0.0019117922464812367,0.05435886051896498,0.19887430361114397,2.1842142418049812,1.6912931169005168,0.4205177364459838,2.3761104355636458,250.56518065168544,0.0009123144858984202,0.0012917119095583554,0.04280082584114208,0.000012112980088875914
37.45337400096543,-9.254312067744218,6978.335457071726,0.014815117664725834,0.05475236039901891,0.07745899592064145,2.137330986522988,1.695068651757655,0.42845628995356067,2.384123776017425,148.9990840005656,0.0009676859196888438,0.004092266365998671,0.03584826440370473,0.0000029241795201401655
44.69638741875674,11.166945152681095,8927.739832846015,0.008761426988249377,0.031206553410377903,0.12384924867496229,1.4506569223890544,0.6068872125049071,0.508350821942847,2.399218701070714,1998.5084396536622,0.00014901355202651126,0.019689054005124784,0.039428629831485325,0.00009025952185904452
48.03113838325112,2.3867761187772594,5326.871867787344,0.0011854593326718515,0.050493683646410735,0.2853179303895963,1.7447581091419462,1.3329901709289802,0.7909448156914336,2.399181708748775,899.8276422328163,0.00001144180599842954,0.0011403940271365355,0.029030374546712465,0.000030300571004308406
48.573211959857765,9.098627119133617,5508.410699780441,0.00017416964711800025,0.05615681430919852,0.025452185327448522,2.1334371272309953,0.6446581917574096,0.4809703590722155,1.802948422702241,71.70176044658231,0.0000070717806848819295,0.099903203135602,0.031299568476903655,1.0919021944273782e-7
41.51817485791397,-2.0651625109903913,7688.575987218793,0.0001160062377072939,0.036659096406012774,0.20889846496762632,1.9580386693210459,1.777957900107955,0.5917721650234726,2.1776424533472154,1419.4331394672154,0.0009480869058987404,0.002116448899677402,0.029089977802658925,0.0003971869385861772
46.31706901887094,3.3680454583980435,5424.024631157149,0.001212920040376121,0.05517362458271632,0.28948853843013894,2.186001925017214,0.6378466693401301,0.4558370197202777,2.3617889731738804,1996.3482897601887,0.000611165729297373,0.09549681636300014,0.025996662542426063,1.5528354399184256e-7
48.52094083483651,10.72170829424918,6690.056039204064,0.00014870395604697567,0.0592285861985055,0.03691614263333237,2.0772527189414154,0.6193684335753857,1.3998256884893694,2.0026580296002363,565.5075929067734,0.0005968346466026325,0.0010302703238319435,0.02686684268507559,2.562960904617219e-7
51.532909381176935,-3.2264838973004837,5047.412298433708,0.006771884905674618,0.05084792744723564,0.29860217361372876,2.1508759394506445,1.2866908718900893,0.4012537190141431,2.0312650627237248,1117.5213227994025,0.0009470682691788162,0.0010124252425381453,0.037659008620750466,4.6657526376037804e-7
36.47735094016777,-7.684557402193406,7891.798538476219,0.0013006371062333735,0.05620654738452424,0.20554399219454164,2.1778966084436027,1.4281252524712404,0.538951303182047,2.292651332349031,1289.2689826216108,0.00004549005423194918,0.0012921741210967276,0.02799567047153128,0.00000588313870970064
42.114037373586676,-6.577554508006072,7635.708582003726,0.00007734315813509349,0.05868757593195296,0.04116964296599072,1.1092157201402328,1.48266582889051,0.4178258870841748,0.868318231036336,1914.87944151497,0.00044817414023894526,0.07703050700387616,0.044174536662082035,0.000008767744756813402
53.248483956239255,1.3821446369037602,6541.678313668594,0.006363857402427335,0.05573904886717189,0.048421465830556995,1.2502414862030036,0.6363918997732504,1.3956418932759653,1.4006322154931914,521.5824621575927,0.000009623356238049504,0.0010009822275868511,0.04555847478107903,0.000001692606745360608
50.91018650970689,-0.37486189314170026,5240.554398554117,0.00006290763098832614,0.05934716586665781,0.2952426431164068,1.3475596214838264,0.7770967273473909,0.5061499143605572,2.044891175611072,535.5754604589561,0.000002583562991995474,0.04780492145124963,0.03211264415307426,0.0000045591186394988275
59.05263155899889,-2.283190443769529,5707.225646548237,0.004919072594229426,0.05946072507050883,0.28840673689401813,2.193703628338561,0.738364289941742,1.3319636514208648,2.0866567786105943,1067.1826987503723,0.0009979239479860971,0.001067670084393667,0.03787541757139026,2.993318006112143e-7
39.21765704424373,-6.107588355371856,7036.861051999329,0.0014824467386445577,0.05456921580457804,0.1065181398877675,2.175879738969847,1.7829872394571145,0.438972896836256,1.7383208965736503,417.72682631116345,0.00036753345297096295,0.010567356936461254,0.04262558344766263,0.00023619957509291833
45.330087481565776,-1.353727109263641,8505.427946892707,0.004447742680680234,0.051301457087798534,0.2973979108184544,1.348479876082334,0.6009041799632072,0.4281280256489805,2.3612242999431947,1582.182268560395,0.00003427427511461324,0.0012241202547126377,0.027140761181868187,0.000002629107783472397
46.86467107633777,0.11511146834651953,5751.240133781146,0.000003049829016871184,0.05516824372589417,0.29165304458693747,2.077371812607791,0.7340130304812897,0.40194218049963587,2.381018933023715,1838.4062535455041,0.000469445675460461,0.09944023417189614,0.03358276943256995,1.131994214794145e-8
61.727714534941626,9.698292221483335,5015.655998404944,0.014764682499735258,0.043821961595721874,0.29992211035650856,1.707086148248922,0.7528401700235976,1.3072935115799966,1.6381662373696027,2.3835949748836485,0.00044930889653723566,0.08996127677040502,0.04532241029062812,1.6140348741028952e-7
45.92182178138927,4.683784538763918,5968.315285498047,0.01388285132970908,0.047019807386938214,0.26000904908749245,2.1965403093339715,0.758145934048893,1.1338903799004467,2.37609852703323,1055.960034708027,0.00042230598002880034,0.0014264958693001584,0.02571599812789444,0.00012867090648783496
50.92861266651879,-3.40160174539122,5014.876269168288,0.005848225691759534,0.05910023576506531,0.2955068639538796,2.0869656351051384,0.6156533170805746,0.4117849357976202,2.399930783860701,1621.727569894065,0.00030082539009474265,0.009069329627174525,0.036676050283615654,2.672619333714733e-7
54.0846144880454,-3.3354986898117494,5137.225888295082,0.00006821364678180039,0.051780295788673325,0.2417624084612878,2.1841640236473348,0.6265320492877127,1.3958366228251877,1.5300840442846648,1995.0815078273222,0.00035043557574854044,0.0010065184186001791,0.04585762213819234,7.710948065721725e-9
46.699329731649044,-2.556530743849482,6178.908977311267,0.0012807676822819923,0.04023777304776343,0.060093484932479735,2.0185479890927605,0.9516397358351965,1.337701932442833,2.322025398742455,520.9647340432991,0.0000833450307748364,0.02289797401251588,0.041255443215354404,0.0027921197581608774
45.42214890653509,5.00159876308326,6195.200570182863,0.000012614137554553004,0.0346839574175491,0.2402654791269982,0.8062689670707659,1.3601890108306116,0.5306067095589947,1.6081282437707687,1962.128172945799,0.00013714756308360294,0.032281001900022234,0.04343897268253302,0.000046339261485838493
46.455590135617065,-0.049709715386953235,5604.2026213052895,0.0036100355372950033,0.04636849623104381,0.05433066200871642,1.7586041120821143,1.0510637395708458,1.1903938113420462,1.8870964495869889,408.23304927007405,0.0006479514301734194,0.0031549714879105448,0.04578591371055331,0.04846216444209415
52.641204263034396,-5.400406488954202,6430.2508063902715,0.01000340822428247,0.03747000221321837,0.034775243219944435,2.037709727838508,1.5911992189979398,1.3611672911039006,2.3744082788513214,791.3559818802656,0.00099507803442877,0.0013022323409079513,0.043860433341840484,0.0002717639545981951
43.03788636445505,-1.3861727875318817,7450.883638214929,0.000004375688466216909,0.053654599813982816,0.2599306185213978,2.074524264476681,0.7185323365794156,0.5359711548916529,2.341933604423512,545.546834243754,0.00000996056206997276,0.0010050903643937605,0.03311655816359001,2.8679012776838866e-7
58.5282868744375,-6.666733774146772,5262.951565283562,0.014220912454760702,0.03849545822381722,0.29872371383801194,1.83861703903201,1.351240796995785,0.5540154044170457,2.094120430399162,391.75111737148853,0.0005326944388187579,0.0038445059839636252,0.04210910346538598,0.0006672675239569091
49.677159238688816,3.448975714719195,5832.322877653629,0.010898325638535614,0.04008934196915027,0.02449334031950158,1.5575433801369014,1.6250508753620805,0.4010185218253521,1.002309893490259,65.77124187059638,0.0009262068212375615,0.006185946835297618,0.04537056090235106,0.00010861940938978902
50.70222073902262,10.571334386430163,5810.687957200795,0.009441823846324398,0.04691834468042012,0.05827568268111323,2.0725459497028424,0.6421785677226064,0.6228922737020369,1.448703566096909,1173.3881594115958,0.0009956380067525268,0.0035346745332633087,0.04396261956803909,0.0037045210306638388
57.97159361283145,-1.0921273668314768,6185.2029196751555,0.011719440771922923,0.051626923126253485,0.29321475142660225,1.2942140283433354,0.6260800150220794,0.40701013086314813,2.398751196135464,1180.3265984744858,0.00025892837795220817,0.0011379986528975445,0.042257017761473135,0.0000019528935297187664
59.275760850872686,-4.494330157438287,7077.589721244199,0.000027508582931171776,0.057229526181291554,0.1014856672525443,2.071701467404706,0.6522320543615273,1.2244277149953853,2.327478893329073,881.1010982889277,0.00023034928411673705,0.0021573528349232768,0.04182154430174306,0.00003164658750733952
48.671681688393534,5.969350420518287,6898.35844340274,0.0004512182733569314,0.04631719869843506,0.2957590876695324,0.9368503056738714,0.6831299935421941,0.4024875342374781,1.779292527091997,1477.3049390791111,0.00044551069956126485,0.04075050189518697,0.027370046872826268,0.00008636444188967163
61.261916703741136,12.77680633180433,6236.456641401801,0.014998423286282004,0.05649371232659969,0.1356279567388259,2.040985050115998,0.6002217981679069,1.3978295412938095,0.9108402453749083,84.26864744295183,0.00026929448259224346,0.06125011053055748,0.03826188163114678,5.1599945249489046e-8
37.511871493631595,-9.019650938417216,7506.410510849633,0.014582720041461918,0.058444222713785327,0.22134798014260856,1.1178694306581014,0.6075935430534879,0.48185518370347236,2.3989136163323934,1983.5765833033372,0.0009048771671254549,0.0022341894174728394,0.039055711069212795,4.2453387948173e-7
51.51303513762489,-1.4457388051256004,5171.458595680319,0.00734552833627444,0.05672030405443115,0.11444640058812124,2.0123600041660676,1.2081435582984734,0.4007491039717286,0.8429593643846819,22.48619098946933,0.00007032235696022773,0.02219805788394712,0.04399441998905808,0.00003976385005247358
47.65815077872739,-5.200980685254708,5954.312817991163,0.012453983861602971,0.057019791628496026,0.02686647574294382,2.152273693546701,0.6004526561062955,0.7263932622787362,1.9054389425917189,247.06854122196904,0.00035015989084249537,0.03340368096208544,0.044139396174911666,0.000016796961035903516
57.8553599586449,-1.8064702575822444,6434.897008224934,0.009688040545823968,0.05089732808706136,0.09210323307945897,0.8833203719693045,1.7526514943200282,0.40318639496865066,2.3715515040431496,44.98967851408046,0.00005489719397640505,0.03483642283680117,0.036357497416004914,0.000012579551591581434
55.83126324283276,12.500067702606422,7458.119080903657,0.014815560376517852,0.022796183770445573,0.2842503111976076,2.173194768045928,0.6314140322253176,1.145412128792835,1.1650397696522785,1267.8160293226194,0.0002579849930919727,0.020753908086688515,0.04185675394783162,0.0008103973995763773
59.544192756737026,-3.9413084636643436,6162.445464984918,0.009948224591094401,0.058660555877365385,0.05748045866391385,0.8356793424183578,1.7239127205356377,0.4477682656170504,0.8861248571822431,1604.8667384960036,0.0009550764781164188,0.0012643810341860854,0.04469131221712767,0.000026086387515234278
48.10996746504419,6.464666138537822,5291.975037622662,0.00931375443348002,0.055232577013711405,0.04018897096404539,2.1980399614524844,1.2758968903315406,0.5077925133576208,2.3881541885690796,42.146851447181355,0.0005243940241807257,0.003913752561443671,0.044135947080936364,0.00003327935514566625
57.556970056976,9.169213356040874,5011.3451126992195,0.01489969180898859,0.05899592145682469,0.29937528305113775,0.8175890763326212,0.7643125746825299,0.40178257328191835,1.0749108395023796,18.48057799985063,0.0006316982702463138,0.00833790733485922,0.0458122225821302,2.003655636663582e-8
40.36250983108307,-8.939451190668244,7052.6188855875525,0.011746429428801277,0.045372983419592484,0.20851839375888023,2.1623155465479886,1.1967979546167942,0.4020600165113912,2.3829775810034795,1913.8096008908915,0.00033269211423760055,0.040033299967454486,0.0296555759260614,0.00003595437276981442
53.52699236557484,-4.842788387856948,7559.255322513025,0.0007160801644924698,0.026400411804551882,0.16523186537832713,0.8012981130201393,1.795610706790597,1.3843653558570403,2.3344461183576004,1669.4204524423292,0.00040018615959978594,0.09998925042219119,0.04202168551723928,2.921012096277467e-7
45.8031956851127,1.7849571518451945,6098.469597678771,0.0010922588927179025,0.058739626546315996,0.08323901778100067,2.19044870819342,1.093205735276722,0.7713106840896552,0.9421436832941674,1997.6799597120018,0.0007894108415538826,0.0010316259819380894,0.03955487701846359,0.000002170762830459585
49.07828828206897,5.096229000338203,5153.306062865381,0.0004604922277430328,0.03957162044815192,0.19015091287025815,1.6729693491992714,1.2969465185168312,1.3170859773435803,2.396101730182783,130.17096662805585,0.000011088103983210624,0.08574866568158551,0.036744458321815415,0.00003171842532821351
48.27447207635699,-1.650576833717432,5519.61002943553,0.0010627456751111381,0.0512051623965375,0.22506139495081798,0.9104402635575991,1.2339581059763394,0.777779471827811,2.3920771577892395,271.3316218594032,0.000632555113702573,0.09584211019943921,0.037608939318674234,0.00020440532831815468
50.78358194827415,2.1168924634241773,5032.6842225382325,0.01036792699352857,0.055020285124495125,0.24670758813039956,2.121564533296879,0.7937392759255489,0.9809545960558838,1.8135131492823986,430.0612384942667,0.00005082459663622043,0.02612689158248773,0.03879470306456041,0.0016425203405148732
55.17866274818535,-3.5976743890830702,6970.3648206439375,0.010494783407853052,0.04268143467811445,0.28847300628951456,0.9542908105420824,1.1182221395930854,1.3935723877060706,1.5193153133751367,1864.8756667184387,0.0008664813778567444,0.09964005480521781,0.04592675670938505,0.00003308659416897479
58.15348337008336,-5.5657337766314585,5432.540683059951,0.013056755105284984,0.05761504821875755,0.09675432932857322,1.474487902131293,0.7454008297156435,0.8287516554383183,2.330697178379581,301.57257380564334,0.0002412268385045815,0.00179744931464985,0.04546375866063222,0.0012755368175127201
37.97387505181212,-3.7625904558120435,8095.897064907718,0.000987915905900865,0.057327455123365456,0.05644349171816014,1.9862029339975031,1.5207699474506051,0.45424744405300405,2.2372384368954465,634.7663807494579,0.0007811738108426136,0.0011329383975963575,0.030132011552619065,0.0000586523549563538
46.86846975403414,4.663943513457571,5110.425170088024,0.0029902081338727795,0.0467561305104622,0.26277907216830493,0.9009760939016986,1.397605654218686,0.4810163500885406,1.537240940429057,5.237988546663452,0.0004265688243240206,0.01389170184470785,0.04135073949911205,0.0011095490840723411
52.33254590804704,12.121834549742232,7502.703109208478,0.014364966529573656,0.04578124881602562,0.2866025432642769,1.904843080554034,0.6010966287450146,0.4373404144278276,1.661685163823842,1806.6469246319487,0.00001692939234662771,0.0013478810986024038,0.0357215235331649,0.0000067191097485469105
58.685740304443726,-1.8822519175889187,7874.122095154713,0.0035355183513495116,0.04813404941508812,0.29751389995005567,0.8054261595945973,0.6540411187721995,1.011264511415932,2.3908709777349433,1781.2987648457804,0.000036073635122055566,0.03347515856516207,0.02986494048271497,0.000006311153797824488
46.775407850033275,10.008355034672565,5446.532556716141,0.010167686053385002,0.05853886594541235,0.03657491374359427,2.156807036691987,0.9242429766303608,0.40294940237718946,2.303972592552114,1285.0381757497746,0.0003508064671920741,0.0010031577671109919,0.04163323590084902,0.0000029043281983915163
40.032410106776936,3.249454644205681,5144.807195893078,0.012183614520365756,0.05946770261358275,0.2222327991280529,2.149623817178648,0.663025739055896,0.9811821384051077,1.0951932492082985,1936.0549562632198,0.0004666424022344795,0.043136655234746225,0.04237018818164656,0.0000794372970720718
49.69273890627791,0.7311702565106106,7131.41547425367,0.0024235951095169755,0.0415038844060686,0.08296693391862554,1.7356947204978153,0.7829199642391382,0.40379993802210057,1.049776320789301,1996.4562073128777,0.0001622616447792353,0.04828977268550418,0.04261621770438049,0.00026406176545689796
56.37569368238734,-2.301277993655173,5762.74298038585,0.00012615218692911846,0.0599703555598362,0.2594632486275781,1.1404962391256745,1.5136573304287184,0.40127066671521094,2.2541933043283278,1965.2672338112695,0.0006456984411612644,0.02006931780364474,0.040275267031930566,0.0000032457913043517335
38.34098283713736,-9.470412719555908,5590.005500322923,0.014999922697022411,0.05192189295596213,0.28754864049901696,2.1347614760802034,1.5795178284849316,0.5945578995990735,2.175148908207581,383.18023189970285,0.0009814002747009787,0.09646739899053229,0.038659210454496225,1.7057587055204735e-7
40.133401891346814,-0.7468016402223565,7909.133074955827,0.009930513631796735,0.04192844964370482,0.2817839982735284,2.1250390897514073,0.8264245458534109,0.40510987121800335,0.8059231007389837,1422.4589246078915,0.00006259196777743764,0.0019146864435282684,0.04233698972138004,0.00007930396334593588
50.15570898185053,8.627324842095469,5090.788281331894,0.004613165413841474,0.05024094161511414,0.04643002009517909,1.4936037891526375,0.6546774239508566,0.44773516255235585,2.0696701208495174,1994.5491330810341,0.000012867870101634759,0.0988519021225253,0.03253545102012605,0.0000019742813125670706
37.07519633913991,-0.7866856920151388,5859.27240599501,0.01328290832792699,0.05952535850962108,0.046678999036389376,2.1677952215201026,1.747190609916756,0.4351046083137699,1.8192698248940689,1588.8372631329905,0.00027607516777768045,0.013912271589511154,0.038749487364874054,0.000033196296329248234
47.027336318122046,11.089354470609475,5272.425688904412,0.01420272676612722,0.059039375855198986,0.29996892836221717,1.8574476754105986,0.6892589858754093,0.4332487824793203,2.3133657158658423,1929.425199665764,0.00016638920265127065,0.0010609608656483996,0.03897125249896499,1.2539839234886673e-7
49.84928308020522,7.171652100649961,7770.718337483453,0.013222398554688118,0.02754285911937331,0.020079138048572743,2.0186988935203063,0.7708727548940989,1.393345018229485,2.367298480901632,914.7720622073415,0.0007028853408399844,0.0010572036929514307,0.04386611723723447,0.00003217405583379043
54.859729109757524,-3.224149555879536,5644.491322945565,0.002258389306471722,0.05624268574337894,0.22279755429246687,1.4274496656394458,0.8485178302348972,1.373232830782681,2.1349484145588775,199.40673371003143,0.0008076667466417722,0.07054133975529903,0.03738528292125914,0.0014856535292329183
36.567319452536196,-7.020269007320992,8856.404157314637,0.0019083953360201549,0.05889168597134246,0.24239817073788839,2.1310494120812224,0.6897342395210625,0.6114557287520348,1.0522569850513113,1998.811328772088,0.0009344498184930337,0.003487356105969469,0.042712881372782965,0.0000031281461143383972
46.690508870802915,6.3440261131300915,6145.372388643554,0.0000372228219616518,0.05440642897494726,0.02052978143963661,2.1471589160271165,0.7341493838742631,1.3208319768881882,2.2457856718489992,659.6739545467051,0.0007398563419762941,0.020773672625826006,0.0342724994633185,0.000013187665539945038
61.96222359025997,22.138189887898974,7595.744584407413,0.0004495495518104652,0.054883038119115615,0.1512005465439286,2.1994163344815174,0.6959172057074444,0.448273225578649,1.1564774517874807,1929.4923484285598,0.0009893066977506098,0.04048752228155539,0.04207926645117899,1.876911408897307e-7
61.189820309343716,13.435990539485765,5352.919300684007,0.002777950421359538,0.05057224881875083,0.19206328947495463,2.1970466340286166,0.601945482330695,0.4701912934887103,2.3441829489408823,674.6921220329381,0.00025110367869500577,0.003839858104512725,0.04598186935292211,0.000002231126776878423
54.78520684495146,-4.2422597425939,5864.425534027161,0.01486990449778154,0.038227824555210725,0.20372692426598746,2.1108045968944245,1.7597419731378703,0.4018868370405908,2.354015199102033,1430.030454095709,0.0008606243692286969,0.001040564164527893,0.03432549250399828,0.0000016544711595287564
39.6541398966277,-8.394097727816137,6005.154831169638,0.003894464564013806,0.055342298288272126,0.2961294529844021,0.9213468895822206,1.6191739005845491,0.4523346168812085,2.3390878960161334,1944.4621604859155,0.00016170259995179712,0.09112191057013998,0.03959312712317368,0.000004068202515989336
50.54453383256996,4.717911528988596,7718.89647766953,0.0012565190617089062,0.0538504502914408,0.2772169124528132,2.1968991157423994,0.6336255008501742,0.4044978851796282,0.8989865466068951,1194.113428981181,0.0006219216822146626,0.020984289129460394,0.03986947163102477,0.000012156219453013303
59.03292629886957,-2.8291377242058884,8412.335329857271,0.004410605715129973,0.05892188270747577,0.2933264556505098,0.8970774939759725,1.0015598083779746,0.4004851124572314,0.806856958571248,1997.7755024857086,0.000994388790609109,0.026664365221747418,0.0343449680856885,1.4062550058047646e-7
48.286086765436536,0.8454836414117892,5568.270696025396,0.00005124914433766232,0.029907279457334138,0.02676796802486213,1.1708375067537546,1.7341589313800458,0.8343219842083727,0.8303519855210143,1961.7844598883248,0.0007360296727209485,0.09973386905644697,0.045343787892681016,0.0000017344136314089738
58.23219449567209,-6.867464824472758,5222.161581774652,0.014622527419464036,0.05651836498026612,0.2869367648255757,1.308179473545269,0.6079898156486152,0.40694224404184437,1.893310853048645,1924.8288492210509,0.0001266156789476999,0.03423097176222093,0.04174705099292061,0.0000014319655502174738
42.552063343714565,-9.15210788900602,7006.005375121369,0.014863005668637807,0.028787877383247014,0.24712375876449685,2.199859258670313,1.1943837619044506,0.9883735811635371,2.2946646318701056,52.684227910562036,0.000003283140928688599,0.03372743818685575,0.04539667635973532,0.0000032578485686718487
56.2479206814221,9.041731354992486,5709.372119449467,0.010956804901496876,0.057886635408059356,0.2977862808225499,2.197148472269447,0.7583087024890531,0.4052256961494399,1.1995631097116566,155.93961418047402,0.0009450338055540708,0.0013295532541793785,0.032314686711121254,8.466927187471575e-7
52.809904211437555,-1.6178376643668173,6244.160309687596,0.000815832698973847,0.05981239678851858,0.2518112049434618,0.9880881059379671,0.7910470580163896,1.0375537331664313,2.3951092489608854,1326.2770158797273,0.0009697339616015861,0.005447290201702474,0.026760510354692554,0.000013376681974485429
42.49877675993034,-1.33446951409754,9029.785706963956,0.0015252109774357308,0.05052718183857546,0.29995933622271204,1.6130506006147831,0.8761963440610652,0.42789064956953293,0.8576668624405412,1686.7706051821801,0.000999516024182441,0.001774943265963155,0.04156816348371786,0.000003281726462538073
41.94450777172417,-0.48579352096521333,5056.158690302053,0.006119861415136563,0.05651049708442763,0.28990654063975435,1.653268307149127,0.7699246057474195,1.030874407182654,2.371769036603429,1466.6948564018653,0.00044100785448630467,0.011588114325766665,0.04042299750036675,0.0010280994420922723
40.34369996621695,-8.284184126323476,8207.350596473058,0.00014412027676027227,0.05608457191549438,0.2980425238198285,1.4343030683958369,0.6230561619322648,1.0744040534372632,2.364079484304975,1863.2120881917585,0.0008603011751251645,0.0025375826812971685,0.03998984863391567,0.0000012005718421763109
55.045803023929956,-1.6167248664223823,5203.339375657213,0.011961646355355645,0.05997577780710993,0.19901337980722741,1.4512344020547316,0.601147453576828,0.8617834855336197,2.1406682776579258,1145.9497005997118,0.0009582858902272513,0.0010030827727494436,0.04185371442091917,9.156790731409433e-7
43.609426440221604,-2.1426581915600584,8049.828765344391,0.003103495184384778,0.049270913095504784,0.05100773679427266,0.8003052902177931,0.6527005372465695,0.4082471645859865,2.1356321631488306,1688.060999959405,0.0008664517888187744,0.05993578564899515,0.0393879397259386,0.000007384939913885918
38.677259226918686,-0.30925727095556077,5391.37215213164,0.003370425645886694,0.04767885869863806,0.2815742726521469,1.8533262143626783,1.7626840907308674,0.42447277035499065,2.2434885920024126,941.6321273896832,0.00004933769163639913,0.07780666022216655,0.034216853518609223,0.00005756508748547369
44.27718003293094,5.221064325111733,6892.870726632705,0.006968579982025916,0.05441716880434463,0.020747818411962292,0.9484731291990268,0.6162719814669714,0.830047580737862,2.247607219791192,3.4637616203643176,0.0009047391916057969,0.09918248934408325,0.039074171340459804,0.0000011037907483836994
41.582829196325015,3.9605181617838827,6400.285329095416,0.00006469381944274113,0.05930746693790126,0.15654148107897273,1.8598073309450738,1.102496084940296,1.3300123315618673,2.1720110451176593,1541.9075829406004,0.000987930874966654,0.0012381313592959222,0.034322471366144136,0.000017536215351810606
52.597545081702606,0.83428770826972,5274.6418424753765,0.014576742917129336,0.053982478223609597,0.057442472732279995,2.112128105370295,0.6003497451704344,1.2523660584317438,2.089779978265083,1886.738407393338,0.00012378949700182234,0.0012720372692121066,0.042674331871531364,3.8733904890954516e-7
43.02421968457653,-3.118087752110733,6383.766612300985,0.0029066254880740776,0.058443864593622726,0.2932724846407196,1.7735580776788697,1.563632875698628,0.49299986296092113,1.5313578517194293,583.7926572877244,0.0009271792338053276,0.0011169391679986724,0.035920844537689345,0.0003143494406764363
39.355371860511994,3.9871296192369083,5340.526064579153,0.0010124617596235536,0.05984543998703686,0.21702848983585857,1.9698355894145678,1.0611876086807874,0.6781186415189036,2.3668583807605654,1888.3252028385657,0.00003543719671989585,0.03299408313011718,0.03656888814142899,0.00007296356718880272
37.61745064198022,-9.68847890242366,8255.663228372561,0.014950746293857217,0.055656686677377755,0.29982722930198635,0.8070414126371169,0.7786714659059871,0.40118904513488896,0.9607938612863125,1912.4102832766334,0.00018618834144409468,0.008239053181191792,0.037634055840513506,6.567312779184283e-9
54.39801688983291,-4.350463364104632,5020.961479442297,0.01499018210772868,0.05974755967510152,0.2701950446877807,2.190112118692092,0.600458607288297,1.273850466796722,2.323844749055329,193.7738685593872,0.0008055889755038471,0.001019483425324652,0.036766593618744896,5.760138995691515e-10
37.15900002687082,-7.8546757124991196,7642.186085113175,0.0010845673953579092,0.05234515519790319,0.2948794193149497,1.0275559251032105,1.6183329686326302,0.5214762614795342,2.3885075505962368,1611.98814415755,0.000008183641167270596,0.0011147655070375983,0.045116945870773584,8.637325887137536e-7
37.51914727440769,-3.091824213119099,9284.108623028762,0.008720076278333544,0.05954410317597359,0.16711904843856598,1.3716507810491536,0.870861925205737,0.43014326045257656,1.9992131016242873,1991.3683337547116,0.000003369630154289292,0.0015275255019874482,0.03580998827787549,0.000012675203635176795
43.55752921773927,0.8170648185277827,5142.708791227487,0.004935063146226707,0.0597475287753095,0.25333715258382744,2.120095664457156,0.7503660132651612,0.4430496323338152,2.399164695558583,11.118418559105125,0.000032050518371943324,0.052505293976200254,0.029637247199425322,6.065884837404778e-7
41.85154834698902,-8.489869842592375,8383.902143295483,0.005417829825140769,0.05018471104928014,0.1828473086507925,1.077642836706387,1.1494589953582284,0.9794565723344163,1.8483639296814594,1095.6438442142992,0.0009604011133535619,0.004241331272996545,0.04579068281946463,0.04338432349279997
48.573173769834504,5.477101388336159,5232.090571899409,0.014990797265425342,0.04499741321872984,0.25162067793563586,2.186184193453372,1.3013341209030287,0.8887250837825346,2.394260576523982,269.10575978523957,3.7801978889865925e-7,0.0011031602757799561,0.026906129607016657,2.479404603473487e-7
44.31339792349896,10.743723396590784,5294.590134844226,0.012793304956645159,0.04710717646806311,0.15941660306171185,2.117427721883425,0.6491926310958395,0.6161296738130246,2.326929790239019,179.65857761528972,0.00034632055121812275,0.055516677911425845,0.03513329675169923,0.0006257512729309629
54.466548473323655,-1.2214864671278889,5077.481372239001,0.014729787150014413,0.024646663084875273,0.05835808793334732,2.1465667881532897,1.602448124688482,0.6671005060554438,1.669813982855647,1817.7775927749813,0.000048853736965668126,0.03733890156529156,0.045431359082187955,0.00024226436625800302
58.4450337681694,-2.6774293117802808,5041.715117441866,0.01465734354539177,0.045490273992662165,0.14400794741186074,2.196954131633961,1.7530842974508611,0.41083363227486125,2.0042396801107882,423.14769580324605,0.00030294849597508407,0.001488899496127499,0.03853453149956347,0.0000032068630781901935
40.41923879831421,4.766663407036129,5373.6468948954325,0.007873710510634069,0.059349643705735804,0.2953399893204456,2.198324839913705,0.8436613138631288,0.4062943225650948,2.386791420929687,183.75178605843544,0.0005951110183126011,0.09134081068781624,0.0320658402521451,1.1124974385485466e-7
58.46489350643302,16.37981066154525,5084.245029149437,0.014733719856337816,0.05885177593408691,0.29884176312994515,2.1206993909305853,0.747935328719953,0.6630865587819238,0.8871761032481744,114.15132850475476,0.00008100966808921895,0.09402001682063829,0.04023934106241879,3.292532670669506e-7
55.75839761409756,8.298152106122352,7635.737910861784,0.003977079812390585,0.05930234911561457,0.020082078461345475,1.8227585689465855,0.9100137598988847,1.3586062870038766,1.5088133964122545,1786.7360308884806,0.0004556394407744178,0.0010676260828879542,0.03849457021740291,0.00002237305011986111
58.7168258659133,-5.050073137478445,5270.536977448351,0.0014527926389425237,0.05853396168565074,0.020912126199078906,1.9858476509001664,1.7986382243260275,1.3903668596861136,0.8030224622156874,28.120623145137603,0.00041171288993026815,0.014683626209927704,0.04516257528788407,9.833379940603016e-8
51.720548216689465,-5.0580897730105026,5175.413987637283,0.0009415978801977893,0.05040215231788615,0.2031608710811156,1.7923917198149448,1.542911759122701,0.40029067396882456,2.083372550800043,1726.4671074309967,0.00001021848033407598,0.09471463154608442,0.03876699510949887,0.000002996101672311153
36.69562294231342,-8.921619644987631,7542.799455327957,0.01482452123780744,0.0543668108079624,0.20393225098403248,2.19496269634097,0.6489203750630119,0.5035626084641452,2.3293520847702105,475.87166836116774,0.00007263031329817045,0.03578219109727788,0.0412992445541104,0.0000012186468533829644
58.93895122560963,-2.132349131666187,5561.73478567917,0.010694440213893089,0.05526176753458555,0.19387393341815812,1.69852742424183,0.6724343033008003,1.3595539365269573,1.6130396827137021,1137.9702655438864,0.0002426831836941207,0.0010564152918667417,0.043522683633980305,0.0005905269501482398
48.94850434764943,4.811907646984272,8619.22550759138,0.014764852156004642,0.01533626915697205,0.23097250032024075,2.1579892955576607,0.7414304222509235,0.5489075191961239,1.1686953805107512,1987.9301446904385,0.000868825716381126,0.06552007572054953,0.03024042875685361,0.0001974682892917998
48.883276285072206,-4.555871709363703,6143.352633572929,0.013859865683657201,0.0443773088425961,0.061309482237992305,1.683467686463699,1.7854567231459288,0.6636963983141426,1.2762357056516098,419.91549235880933,0.000838677977346197,0.017600575594186672,0.04451097268912549,0.006431155616609753
51.68838503746753,-3.606725328622854,5488.095255020284,0.014962165832714223,0.05031648802321501,0.28593708317058986,1.7903535243964193,1.5967584467540052,1.3993671642813756,0.9637916184350959,209.83762269631555,0.00011307069780948158,0.0010716426121362595,0.03829317325000251,7.177634082195556e-7
36.692160144390435,-3.383070496724385,7423.4434552510975,0.0001818384507130715,0.03888289879575862,0.15743430191368624,2.1505903308626726,1.65723111860714,1.1781710543712203,1.1287566028197955,932.4422654034928,0.0009764151913254195,0.0010037935440302397,0.04459631534173674,0.000005781937999458463
54.37225116870411,-4.314805300970891,5467.726104983495,0.004798997139481725,0.05998309793559547,0.2791590239874026,0.8676703817700975,1.1627450383391484,1.3145749376761011,2.2474430002300885,34.59374892503176,0.0008810222838925908,0.03655176500801595,0.02895841770410804,0.00001024348392441917
39.33865878223668,-0.6986684899406903,8110.690788738348,0.00038991916437504907,0.03841152167612908,0.26359584921609935,1.9452354079261764,1.3450334862441906,0.6649550563901563,1.612352652798763,766.7807219211003,0.000999103599263347,0.0010579921426887241,0.04544570618803363,0.0002064395399321952
52.96790627982421,0.1540015201178715,5048.336338428232,0.004896398897765113,0.05282415813975788,0.053009428474972836,1.8469265730629496,0.6674600424389945,0.4626837170118582,2.2812765948577587,1990.226861202262,0.00007417577335406072,0.06386444439286477,0.04378959048627228,0.000012711319634529913
47.931243089003814,-2.5507292805531936,5065.174457508375,0.014308863593525024,0.051133392360268155,0.28750260672823,1.3380027175703026,0.6605693760660464,1.3689492394061888,2.0398104966893236,1590.6278272141549,0.0008679425723441174,0.039806320418435834,0.0359498263337605,0.00011073728404688472
37.40416216017514,-5.55814970667115,9167.439913177086,0.003688871972997391,0.04612530153199011,0.16357270472936933,0.9989493788698588,1.128999834561597,0.4065110697910072,2.1898621233838313,1839.043186961254,0.0009363099320178301,0.03169587959729169,0.031972968964846644,0.00031279298374042267
39.2162651364541,-2.7264071626616317,6017.201938708289,0.0051105058162281974,0.059545998119348,0.21470822096840947,0.8452896805983695,0.6891278131051436,1.1070457696512888,2.3368672902195895,8.964483369929592,0.0008749154778968085,0.003565554410527275,0.04569517142202766,0.000050917068025782734
40.8111335228784,-0.6708352271313025,5172.912970320951,0.0020232989438970653,0.059364693122845355,0.11363469741123267,1.7747024310600477,1.180335449432284,1.1321053879093752,2.3193525665220003,1994.7574648999862,0.0006318503530756194,0.04853722560091903,0.043737988956090705,0.00012638891939891712
48.69407428277714,-2.7871998709599772,5938.368431259343,0.014682147478192414,0.041187802150779905,0.28519094510295256,2.1690570882628286,1.632396681315249,0.8885601429997823,0.8886949877624029,13.974926461686579,0.000683500394345649,0.0012862441309618438,0.035876509625415054,0.00004146838221838666
51.705967467172925,-3.7147174507011442,6264.493019245865,0.0067706462134358445,0.058100203234526755,0.14376685112602205,0.944742728020086,1.5787611655952518,1.195130000455715,1.7740115912542742,1572.7408272335995,0.00047169084655831496,0.0017398139293891472,0.03741398999302764,0.01761689623131334
50.667597068637576,-2.9228545876457375,5552.741885578464,0.014982107748618943,0.030265265455376077,0.1630856708668498,0.8203096221664685,1.4881939920997902,0.8665319166867649,1.4701892880092138,1385.7306605192236,0.00021675918457253688,0.08641569059033805,0.035371823309349085,0.0001985457397337884
48.270195920995505,5.626903162466061,6150.923413451118,0.014575615605974434,0.0297864595557756,0.29923621894587,1.791154172496864,0.9033077123191153,0.5626770271690855,2.395411583380909,312.3367032011189,0.0006666010386532086,0.002650675102687773,0.04064512384791779,0.00011405379406535629
45.01635589456729,0.7152425230531438,6816.907329092095,0.00867439445000961,0.038685535711441225,0.0398985325162399,2.198796865320492,1.0728017704512118,1.1336707046232062,1.7953384468642857,1812.2162549257325,0.00029180297429920297,0.002220632419941901,0.04035627987506248,0.002325822216355785
40.00668478866872,-6.619690391115528,9017.739050883303,0.007915633148634854,0.05344280293457153,0.28349847090847236,1.9460721763855788,0.7721852402540716,0.44016522058680835,0.919528044008206,1524.6932229144586,0.000024025890082970535,0.004188579934887145,0.037445380008667505,0.0005343983340722169
52.47818691680905,6.242482633317632,5056.040635615542,0.006241160668077714,0.05228190543046569,0.04347954260518071,1.6203164415632911,0.656773172092564,0.4646257615192277,1.052756870985132,1872.7680119925185,0.00011325589657411504,0.06570747213158828,0.039816028268061916,0.00026718582235722097
48.89883676500826,12.211536334877135,7762.441696349964,0.012125272005787691,0.05652342935080357,0.28091069133974894,0.835978964985031,0.6018334404132796,0.4512983566743181,1.0883694741605627,623.4853907033672,0.0007381709401427791,0.0014735860868578942,0.045164332226292236,0.00005153961234707381
60.781673679507655,12.489971678297305,7118.752016200699,0.0006047041337635272,0.0550629351673492,0.08981968305187334,2.162275675784171,0.7202745395584694,1.398772352611633,1.8216102609683444,1620.872080326451,0.0006699666166662526,0.002637458028610317,0.04124788480357089,0.00012656095831644782
39.87223376212687,0.8255572689184074,5755.042540754505,0.014776439691342584,0.04698989209964631,0.21042811576297865,1.467954434648914,0.601246519942402,0.5656168470924039,2.2038838812820982,1532.409506126289,0.00003320396642412403,0.08251525949596682,0.0337957834386545,0.00001014109005124466
45.77210292002922,-1.6636977091680247,7879.4807093333875,0.01466264296468147,0.033394985028066815,0.2720807760129162,1.3140307349655278,1.030664553908187,1.0672257262596507,2.389638856681418,1816.3247260968897,0.0007257989854329788,0.0017157979960262203,0.02820135177030504,0.0018489010250425522
36.82802466359815,-0.8651656447517233,5639.06650395243,0.0005002280317669642,0.041784944644851926,0.267600702261861,2.1994035960540685,1.6993087539606027,1.3834532870907297,0.9838216892002238,1976.0911885506512,0.000003137559749174425,0.029619032955355982,0.04449528712943666,1.2118143286393968e-7
47.007652208469835,-2.28472712346006,5266.493335108437,0.013273985077300671,0.039037107683897454,0.16106603416684465,0.8057334866396793,1.4381745557417713,0.4395395382239336,0.8645145784448565,1697.790343259061,0.00004186210166558169,0.05481752021235372,0.039988144807660775,0.000042544594380842096
48.19779267520161,-2.903583998752193,5432.230732610322,0.004684225773080086,0.03979632521447905,0.2997081465259091,2.1897714813720115,0.6026657293918168,0.43987088615044523,0.911774213921937,999.2687578292993,0.0007564659208995755,0.09393001973235494,0.0445933876679675,8.291856980848322e-7
39.98137041084529,4.22883157137462,6015.431355955574,0.000014201354082766664,0.05415971809026934,0.2750946484637428,1.7932222826850905,0.6589236433334201,1.3826549870982918,2.310616625073398,1891.401348220346,0.0009581117093249604,0.007187011938699381,0.03899041161336258,0.0000026173685859463416
48.08358298767928,-2.993748353452977,5129.190668889644,0.014927588752282641,0.04508866580476141,0.022089363107568694,1.970077398303991,1.085228099206724,0.45059184645592965,0.9033244118878476,7.212117358048941,0.0007533357769061191,0.09597577508542358,0.041293705640165844,5.740201374153612e-7
42.88360352144586,4.853510205957544,5242.093708554383,0.009637458409361335,0.041585401620239396,0.2869810439864976,1.6768677102685547,1.6875233753492345,0.43275070911857405,2.3665522361464295,22.286984003825086,0.00032699331586717457,0.0024511942967881226,0.04144085168958151,0.00013769960796433946
44.2626023674583,4.738999891220509,7460.975153540767,0.014424029629962164,0.011363730373966919,0.17865402374265676,0.844831682607731,1.7840966129792837,0.5131733785898762,0.9305259249123237,1937.1138084743577,0.0009627902194722562,0.09001160631148115,0.043394034525012184,0.00001643898998122586
39.72232384821133,-0.4586075221846162,6008.608784790776,0.0007950801493071659,0.059755941617558025,0.2795714255448202,1.5070497503051614,1.6185990775054462,0.793601976097493,2.1618307568671407,670.5025073413154,0.00012326902157007436,0.0016350622310958077,0.04355660645444181,0.0004460223898657912
41.691045840751684,-2.9641768256752323,7025.769184224953,0.0024949171016435154,0.050974919177045,0.037047197439727925,1.4445630936822953,1.5776370671960378,0.6126068547517042,2.1661016027992908,1843.5116060886717,0.0009799979113879406,0.02059865349169673,0.04382386815677273,0.0011468165967150141
52.847580843282415,6.324219398482445,5816.270706497302,0.005371843411367973,0.021338209814242563,0.21063757871330585,0.8528539487116287,1.7941473349529438,0.450525196409706,2.0091011865108728,98.98946103372978,0.000596588925325246,0.09354549612380565,0.044260816458106145,0.00012359443278183113
47.92094718817809,-1.8518838678333474,6489.412496144036,0.00603871181944831,0.059251715232775594,0.06070342636272946,1.0413441323077623,0.619072503045196,0.8230192431731198,0.8071393929293279,866.4448510110861,0.0009755505812877294,0.019476861952019236,0.039859963229754124,0.00023268377178949895
37.29066970337263,-8.610974071142413,9200.062415722561,0.00009781009853520251,0.045874438826479486,0.2739393454464908,2.195128261540158,0.9884312332122527,0.7511265623643207,1.0415009323118856,1889.5107575161455,0.0003393555962830658,0.011309001371755905,0.040140245418036846,0.00001339639616013674
53.162636747193346,-0.7401547095115486,6091.648835688045,0.003969888916817917,0.04464997236058431,0.2648149638414645,0.8001338837890271,1.1538121900677027,0.41192911542291766,0.8413028764352438,217.98382205815724,0.0001616583739556433,0.09581015140440423,0.03236948192961245,7.822264204827986e-7
43.35230714340205,-0.9559426016907082,5626.610575384462,0.0029189134162373453,0.05542104767934589,0.2927493900669849,0.8044489587040557,0.6027506822831555,1.2284197604157483,2.3988908347090536,590.0469153400446,3.396624064304922e-7,0.007728193977907256,0.04536598024232633,8.210082669787416e-8
49.10099202013325,-2.8524483345582974,5332.789798647392,0.014645999835480488,0.04059440787218749,0.05894160293768155,0.8357639817997773,1.699768279625213,1.3814751487768089,1.1613798151706198,138.78324005385556,0.00016486693798350803,0.020764917328929784,0.04471393198583558,0.00007225204926229102
48.40225558307507,3.3077274195322897,7297.013175962922,0.007354615203551965,0.02828218059343527,0.2821321467275296,2.1941325508215974,1.261808447844977,0.43777337565178204,0.8057803689933639,469.21768349104207,0.0002007768451390924,0.001946851995640386,0.038464878305333385,0.0006731410585110664
58.47757663585536,-5.987020170503795,5315.460938351538,0.014846539028094123,0.053768987479876365,0.2704447263625644,1.5426807543934322,1.7757923655475683,0.408588725285585,2.008917080197617,1323.2291473956536,0.00004382662501202888,0.01306241914986379,0.04170559971853413,0.000008422932513035616
41.92565557960764,-7.903316440158508,7404.088969012731,0.004619694053550219,0.059080470291496205,0.29516782047273626,1.0683240607978415,0.7651283757213264,0.593436907105885,2.256034882636123,413.26983598536395,0.00021093088641867445,0.0629056124531519,0.032830509846824396,0.0002799244684860834
42.30427569590184,2.2005299783762435,7658.127460653235,0.000491568742927659,0.05917406693640979,0.05324267560638317,2.194397545324037,0.6151730784403683,0.663559890350868,2.1441073592275353,1388.4060871170363,0.00008596299647006903,0.0023054253801736654,0.03495005857770299,0.000006730690285446326
36.72486530154005,-2.677831602991959,9152.133630506807,0.000003126987727988796,0.05897857149525918,0.2996653079174206,2.1121102620259045,0.6005518512387988,0.402523997093383,2.2590654951878326,1667.971179747869,0.0003500212595860262,0.0010327312918324662,0.027328655893117667,8.641272120106984e-11
55.96606725434688,-5.084344139599381,5969.688458890743,0.011897700384858005,0.05988127986229245,0.2766559723926997,0.8568048874704208,0.6034957870593065,0.4394571183414446,2.398994371494609,1448.6631329895636,0.0009629486595762939,0.002112275212690521,0.04068925473333234,1.101492945583294e-7
37.00497881436273,-1.000012894962465,6743.374506395328,0.0012854491461836448,0.05914711128803904,0.17625789854110396,2.082958483248852,0.8661169553867445,0.6829947807426588,1.0603289568116618,1844.3023763777642,0.0007024243055792022,0.02849470026565948,0.04177899093819646,0.00039154861381963826
59.29798228418586,3.3585875377046364,5663.063727446485,0.009156704401460125,0.04918513075454775,0.24464478750557803,2.1988335407500936,0.6002837938851405,0.9531474185227652,2.3282179908120066,1590.2094734996824,0.0002754016585873494,0.08467006616799587,0.04526863537964249,9.292238241722644e-7
51.609850327427594,1.5035374783296174,7887.530026474622,0.013037507446050181,0.016936326977034434,0.2815495470981707,1.8116780455663866,1.679039456948051,0.7643745045908485,1.26323558836356,1937.5781662467857,0.00019780059675288326,0.018034671600489643,0.035927944092109615,0.023449408712588337
51.565179427313296,5.914638933344147,6875.3932420699275,0.009186555344300592,0.046211786890733166,0.2886097420931309,1.330085176865404,0.7489999581573078,0.46432160363055464,1.9688711437238677,567.4980037451863,0.000116008855305325,0.0010106086844716515,0.03117196390439964,0.000885371000365224
54.892521203839095,-0.009337685849788002,5296.476486607756,0.0008478644897478241,0.033784409594446216,0.2774729076593966,2.1603543119300674,1.3698044858908247,1.0550173048099012,0.9465059946454975,874.9975811747554,0.00003718620614871635,0.03289274086336351,0.04136328364566202,0.001547154937693698
54.7959407062901,-5.375239317584969,5593.258442499646,0.014149758623515998,0.05699961679935303,0.2421412556205775,0.9113627292469942,1.2760171966909624,0.6338563942049562,1.6539066552513524,390.5312689602097,0.00003682775857470507,0.09018359570981148,0.04320057755163904,0.00023774648461760364
45.24083306455706,5.562156945897431,6158.126646515953,0.0006457265964062369,0.04744243535497679,0.07851717666953807,1.7975397660591952,0.6506012312316346,1.345713684829093,2.3146068788978065,384.7808959032004,0.0009813506483076749,0.001982467385510852,0.04163077701413493,0.00016739698072241256
46.20369632696363,-1.8429936502659938,5142.79447135561,0.0011309874370264237,0.038151515113399224,0.22382702118381814,1.8019907216270277,1.5266306413502941,1.2138303113991578,0.9400872136820203,1525.1241443631718,0.0009877304409256396,0.07491123477574249,0.03704421461753114,0.0025461844766827744
49.50169444409826,-2.433745219954985,8444.14223659993,0.00028877299695718,0.05828162508971392,0.23930639544616533,1.8921610045728705,0.6356477264866892,0.4057977193086013,1.2275000897854365,1743.9445316724164,0.00016198817555723805,0.0010037912579692985,0.041879241325406824,4.5006336498118186e-7
42.73448784800274,0.6513844575943075,5805.778136290096,0.012053338019796168,0.05707008391388103,0.2943936044634562,2.196236538126687,0.6003539128398748,1.185979724903487,2.377838010714436,1143.6269530549628,0.0000075764426406642454,0.0011735181065422016,0.03653324044639359,1.508399097002995e-8
51.50041164999751,-1.43655648090901,6101.403662685322,0.007252340754304108,0.023202003887886413,0.29885375980011963,2.1287307149555463,1.632491615499673,0.5674521656005901,2.345114215716661,1840.4002567782377,0.0005479218246840182,0.056067861758584824,0.037484372522170975,0.0005883931609591933
47.5130707068949,-2.4505019477739154,6185.061884867405,0.010192930665203053,0.05740253445425158,0.047504868367682855,2.1984322643640954,0.6187070361796975,1.3888846403678818,1.343247811647813,1924.195212527119,0.0008383909910760428,0.0012530917678455842,0.04598791493444274,0.0000016894697759382417
56.35814034830963,-4.672181960523343,5051.005987809228,0.001276431658146301,0.05990751109452378,0.295283145067189,2.1981999150690905,1.4106460918783483,0.4009356240892664,1.7607797437004886,151.52648741735098,0.00011641861143831537,0.0015515181404970257,0.036603831221255476,4.47037025598413e-8
51.394642813481184,7.937187351499947,5631.30312680779,0.0000016964554874154523,0.059624238626817615,0.29511118281376963,2.1998486027818185,0.921903359921294,1.1853027823892215,2.178791158237888,344.1185209495882,0.0004211511793407755,0.0010713253274439133,0.03072244385201428,1.318221194356696e-7
60.74598329036375,4.595427645091403,6600.018608053658,0.014721014996712403,0.05519395693796203,0.06318701742656888,2.0219251475377193,0.9138386989362889,1.2700715074476203,1.5703045604369552,1123.4939125087526,0.0006569571987366511,0.019350202811231662,0.04597167929819634,0.005542214916198311
39.96864168420988,4.961569886094546,6166.494190005418,0.0026595433402662556,0.05745663481036847,0.2928965151569954,1.6736651578633412,1.5100229078681493,0.9724800992169882,2.132701590179879,1998.5455692234634,0.0007623779185952764,0.0024708338715682555,0.03539281603554226,0.00040889922586581314
51.71457850946538,15.963258043088945,6599.670185449697,0.013226511205339306,0.037812111387238084,0.2935282842717446,2.199741690269242,0.6394671300057078,1.3344443006377216,1.2335622665003538,1873.3358739703258,0.0002913999073535022,0.007278170474917759,0.041770482511514516,0.000049233946896197425
38.04639130955989,-6.289420241255744,8740.820829352262,0.000013231551524561632,0.05677948879066658,0.14120224878628873,1.11555229560624,1.44888246909492,0.5641924701119495,2.3920886460000963,1596.1763677598965,0.0009544944059331405,0.0010323279748110537,0.04248382018542973,7.378776592914039e-7
46.26875138235518,11.403041622071271,6804.576174765197,0.0015353093305965353,0.04456546147956026,0.29515559391206264,2.1108953310182663,0.63149687440908,1.2473041552463962,2.282757898104453,123.18578533600922,0.00001554830406805218,0.009728933603087806,0.02828608856628296,0.00010792332456749632
51.61335277765427,0.9950843862546623,5666.848398012163,0.0018391843665032555,0.03838412276283603,0.0547782732314195,1.8265728072645318,1.7220337637802103,1.3569810748456947,1.421405657213436,1032.0484005932565,0.0004492692722878828,0.0017857690837167152,0.041786080599838855,0.011775521855692313
50.074520491291075,6.3186738883693145,5906.859475758225,0.006009380479910833,0.056133013093900556,0.26276477601999143,1.71160226892881,0.6881837097781545,1.2415197666834565,0.8202661662008225,1710.5744246193176,0.0007861499091471951,0.001181883703427123,0.04342512548510587,0.0005322553848402796
38.27041507597494,-1.2470287040253556,6427.943498796452,0.010010415028112616,0.03482461850670455,0.2848827084122207,2.019704817445874,1.7976549733370164,0.8854566131327728,1.9903151638884777,238.95349556060148,0.0008533023473231796,0.01302221844049475,0.03607478193724992,0.0019458405311375414
59.65101042132714,7.1035660607274735,6229.286399410696,0.012194610543287958,0.053832534374069506,0.27847805827471994,2.1914790788130443,0.600328139080909,0.5901015526035229,0.8934201909418584,1592.4224132779523,0.0004985827842571926,0.099909618632893,0.03279567471203631,1.3690015428287223e-7
59.1137031353514,-3.9569916800870777,5826.819045687686,0.0009788019504701716,0.041587325673897696,0.19156286460354222,1.2989327632901113,0.9505392475689916,0.5744933349543659,2.2833925002351525,1498.1678895276973,0.0000740053320892347,0.06717025735567378,0.0448032570346887,0.0024299695488954076
40.37731174256733,3.5595010884260123,9151.742402887896,0.006988038695694804,0.05682190617560553,0.021468025771073145,1.9124032005070655,0.7806369637887132,0.6946251475330188,1.0914566284125624,1964.386807088072,0.000026677165051338227,0.0010635195076637179,0.04510056636642839,0.000012543304757320457
56.819047383175565,12.099584088305146,7565.726572090944,0.003838416920857656,0.035319101996340745,0.22568071701873132,1.6440554335665447,0.616178521144794,0.9743113800500566,1.066337522910638,1436.2346906899977,0.0009141860680333997,0.08794303621684747,0.030019962285859503,0.005024090473535877
50.60633306785941,-2.0086224405373363,5846.475241594206,0.007407399185460627,0.059505685633277745,0.02493915007155738,1.518375615306069,1.1053444207397845,1.0523793557083938,1.9240773232400654,1959.8688343792246,0.0004731970498344674,0.0010029416046822448,0.044399297379913515,0.000028480645712578257
46.44246014433512,-1.799382601812674,7325.46920080332,0.008305236759574296,0.05795279166951567,0.07335619400186077,0.9867097245638812,0.7812653698045693,0.4440516513597875,1.545036850790877,1560.789812556222,0.00001080799371716042,0.0011571675179732328,0.034260132604404935,0.0002703391838481709
39.57957434147906,-3.119775358413995,6324.928194452567,0.007829311898842634,0.05863922971896782,0.2940521273149976,2.1590939898317942,1.5684775390903822,0.4160174343974661,2.3009079360519715,543.4205718983725,0.0003216951559071424,0.0010441467689454955,0.03179211440956635,0.000006294655335281398
48.3137355179395,6.128997294828164,5470.22825360647,0.013833546991436636,0.03789113077186149,0.021314258581824494,1.9916590333661457,0.6379812157988016,0.4389925513296919,1.8370033811779176,1927.2577354034413,0.00006229268651158076,0.06052738801357878,0.03924080803564477,0.000016062000738966834
37.386418633416206,-0.8125498735440946,8805.23689346478,0.012709698104788295,0.047394441432241766,0.16900562869650232,2.117616128577894,0.7546864273724773,0.524800364283823,2.3940729997754238,1888.5174969466782,0.00038984324238376547,0.0013352384500766948,0.027217696347589686,0.0000646346208920275
38.71074509029117,-3.9361358231693515,8343.1082380794,0.007384222065468273,0.034912501470680445,0.2720055623943914,2.184806052829873,1.72791240494942,0.41572882280418355,2.393640399458882,1902.1975066420273,0.0000011435299047494636,0.0049217850832738745,0.030379210395378903,7.878634394209534e-7
40.67001309465421,5.090008863571221,7115.854988328831,0.0035174738936209365,0.045860761032251535,0.02212166913449906,1.3785932585196523,1.7739409303065905,0.4006018593936637,1.7334587649897055,102.8367371143449,0.0009504475480077183,0.0969969977001107,0.045870452830045254,0.0000013299257298391568
45.845939937489874,3.214124818298563,5668.868978715607,0.007101789995637696,0.05690251962347262,0.022620734503765234,2.015165219220755,1.2402097423069935,0.4313252188261253,2.038741812208567,1975.8792266179594,0.000983756971919496,0.0012213039900206672,0.03445535756790821,0.000012180219682598644
41.616970205928205,-1.2603246268277584,6372.092221363959,0.01224301109797285,0.046757744072854365,0.03224667452742424,2.1618820539600856,1.7011932581273856,0.5492340822952912,1.2164529777656927,67.46147420590167,0.0007962791954738804,0.0031104133527369115,0.03795915086875572,0.000605371946411143
43.81672360490276,1.2397165106436088,5003.312933520961,0.013615503024090652,0.056977296331424475,0.29933839432368836,1.9127146524276224,1.0755531639248466,0.4278184842039695,1.0963851169459795,1463.422527331203,0.00003110790676136218,0.0012296873501593689,0.04164672110259718,0.000003849377181073174
47.05110520460646,-4.785656723858166,7219.929192444436,0.01498880449794131,0.04125699270520321,0.2259457416382713,1.382169249379814,0.7525996162050974,1.3599498290444347,1.7028286213845818,898.6837772231173,0.0002957008075873766,0.017019622549999034,0.038926361118880405,0.0025101542123191533
40.963394372812246,-3.73043938340954,5462.396449245197,0.014779224133531712,0.03748087038235279,0.26910981450824684,2.1978929536620813,1.5441736724527644,1.152590124740005,2.040928076105999,1460.8984889375408,0.0009717135260098338,0.05041588460869391,0.045249528090435226,0.00004884396055104988
40.251230929570596,-6.563472825321842,6788.68321197214,0.000033561547100576864,0.04979351324549987,0.10938947413674581,2.189172008096933,1.5075401633575176,1.121712060699676,1.166560975895438,1992.159410050613,0.0003624703154739254,0.001604926382285429,0.04377757035108358,0.000006579788795410334
50.84091174565509,0.5994855385789997,5297.735111665142,0.014999058413624746,0.0378676393050063,0.20783689893702464,1.4482345584947325,1.598009066250693,0.7046754773592272,1.0032500831138378,1971.122902037434,0.0006103094589935468,0.001196196343914355,0.043848392701643826,0.00007276488661728504
40.94699781639988,-3.98259405484008,6159.9358289876645,0.0039013159468371575,0.04063522977061843,0.24257557718974462,1.9601785988369353,1.6784832219591426,1.2199841734060164,2.392953275838999,1959.1724151399007,0.0009584379432509123,0.0018924179541168844,0.04575757741067676,0.00016013395703678976
56.33353796337014,10.930035480172887,6022.086840797256,0.0008624807925800332,0.057595314933996014,0.2999174886661513,2.1950968101120267,0.7460309193579698,0.4918551869587311,1.3654644223284778,305.17174151654046,0.0007386693627221576,0.0026838368012155078,0.024453255652748418,0.000008090099244160323
51.38800899232123,-3.719604177026654,5010.317241777954,0.010908762648661367,0.05497158376497499,0.28163173542055353,1.8177012677779918,0.7725209423186477,0.9697458192863545,1.9700908271783852,369.48235806896804,0.000005439450487939702,0.0011608175808191068,0.041660686612701066,0.00014353976303794843
59.33656947851406,-5.799739096323349,5526.088149491336,0.000001065935402866822,0.055696813785109676,0.2633146882331281,1.3188032716340825,0.6325162910764996,1.3354129405046966,1.317191728583284,889.3853788945028,0.0003011578937415145,0.039256318545400314,0.04452686037980472,0.000013178983357824846
46.77341340432957,3.485649349604806,6755.7713592497375,0.0036645938508062903,0.05733403355244575,0.03776492810958021,2.1330195923672735,0.6008171066188469,0.7062064642030025,1.8700686216310063,1978.5957886926556,0.00020727701281455965,0.004660103653172356,0.035754138858535664,0.000011225737099133591
36.79646692671388,-5.1806687418841335,8022.234664059433,0.0000220991974268087,0.05752970824651444,0.12781950181147514,1.2427475522966605,0.7587928890409195,0.8223694305702793,2.3138271183397663,352.97478181987486,0.0005397770732461448,0.01341820923625647,0.03742146610418226,0.00003479928827788496
47.857336881859126,7.605395231221259,6156.596007532981,0.000015904959795116098,0.04927090302232285,0.2851950888689996,2.1372731255144544,0.671285198546059,1.3223029319940895,2.3821077202489334,29.75696270455003,0.00003576579498581005,0.0010125302058963902,0.029118192575884997,4.483740745584668e-8
36.60744736730196,-5.615874040996645,5851.980824902772,0.013929133256640915,0.058556943002331475,0.2993395138852435,2.159792087157161,1.168527532117978,0.8051825062479164,2.3567761402433094,1974.7576899493338,0.0008363946844095503,0.0018350684235716272,0.03883634379767838,5.816738728776152e-7
39.5756769416136,-5.584398274366595,8271.996272172624,0.0026505373456060665,0.03503420593049371,0.14862897599971037,2.0009750404385587,1.5329485271689531,0.6797824628522429,0.863269285292342,1727.88925368515,0.000531437811976091,0.04583353360969528,0.040047757366571214,0.014356466764128845
41.118138634250776,-9.206381659753815,6635.121469133335,0.000978071435772487,0.05948547485811525,0.2710297474367673,1.5126995535828374,1.6696927159358883,0.5034480442442216,2.09367508659829,1446.865351386492,0.000005237987206739563,0.0022022893388654956,0.04473182182694491,0.00007431493907734176
53.11572224326326,9.42999727797929,5700.306985758888,0.01493342851379141,0.048133512491855664,0.2822687996806658,2.18780743674335,0.6411355699207328,0.46172109371351144,2.0517455249803818,133.0860585666157,0.0008158194984306277,0.0015663161299841475,0.03422485474677725,0.00000455273491931909
52.00861410314252,-1.5980400927266523,5010.863529782064,0.014982711495846535,0.0516908747890585,0.2964647040637367,1.549945145704124,0.9576761962678035,1.245922066067829,1.3739201325304542,143.4870916979009,0.00012867574789992515,0.09140541758177344,0.04321213133542361,0.0000017337030157561324
44.828907186322354,3.7766188861352745,6980.327823490436,0.0032619968474616973,0.059936312187968785,0.28013847951046467,1.5767736532405419,0.6001323787122284,0.424766287560827,0.862054931303887,1119.3528289631504,0.00035361688549921216,0.0015003002978116802,0.044037884822697076,0.0000010544471829644047
49.38292825665852,-2.8694680712859206,6208.72429043203,0.0004685815945524631,0.04501990208133933,0.061875206304292094,1.9365422388593259,1.7650492004604534,1.0515516518768542,0.816570633211201,657.7020004076862,0.0008454840541127675,0.0010982256079718707,0.036858334023823575,0.0002640792258538365
51.72514921335249,7.7561274374571845,6396.187696129852,0.001589081293600676,0.053287709370485443,0.28132379475056063,0.8747327056993851,0.6223204099566426,0.42202174020130895,1.6332873569563275,225.21195083398177,0.000021376470232453236,0.014573804465753619,0.042239908224528444,0.00009268460551461822
55.02879761816523,-0.036174892371828804,5394.804107018332,0.0005791329877540692,0.05956820206522701,0.12519006511058312,1.6547082746705415,0.749806768077205,0.40450387614162886,1.3212464796850403,1584.6189424984248,0.00010968588978116545,0.003507404717192893,0.044544056872288636,0.00008442971087030172
39.25425038339281,0.2753184401487889,7151.069477241863,0.00807887276847874,0.05300874107533752,0.029675880950947805,2.1435645665779814,1.148895606792191,0.6321827286852851,1.2781551273220706,1990.9247441045468,0.00019919670574529164,0.001640747519545827,0.04191675904219069,0.0003068952319090586
53.745894266035435,-0.3576901007910873,5102.519161623257,0.0147025371130558,0.05962685822034479,0.29790616672027104,2.1313335900249086,0.7067167216486088,0.40387248485732924,0.8008629315379716,151.1559400663527,0.0007299934696682375,0.06308856145647077,0.04549608594671733,1.9387667286135906e-8
61.626508815028956,11.420086041796345,6721.121671305197,0.003548069845177375,0.044205588782169083,0.23465683466401288,1.8614422823803178,0.6485006202092397,0.9357111188373523,1.7119649067388094,1502.3351924514504,0.00042235560166559264,0.0545702372577381,0.04505810714832529,0.01125471078545611
36.54519207629155,-1.7393553017550225,6855.487644298471,0.0072780732196676,0.050576108883634605,0.1501556985003461,2.172138873192316,1.1490962001858387,1.0852006174505568,2.1050951825067656,600.7152264144732,0.0005701177154128156,0.0033877605189599853,0.04479944105167279,0.004381349414009419
53.73134160118633,-3.119395411734171,5031.498333951973,0.011102041499875755,0.041714704741490326,0.09282335611806176,0.8204034345314947,1.299982419555887,0.7585508773316323,2.3666725708209397,1935.126301930244,0.00028426120232869786,0.09638599841247093,0.03712371646480427,0.000019318022078853855
42.730708287501194,4.495222336426146,7106.009806857777,0.0017816623931852186,0.05968058562638039,0.295074118282848,1.6251339900702482,0.6048424657614528,0.6235513299542066,2.1463252692687442,173.43644525109153,0.0003807831846572886,0.0010436067333688113,0.023315016359809253,0.000005094823681484342
43.27265308884192,-1.1881007216932193,7317.370965850252,0.0028525765773213503,0.05715800754398409,0.04463058082153751,1.4977073405678054,0.6009779238485323,0.8308609479077459,1.433096984867881,1149.1069019741697,0.00018559318109166592,0.0019227350503013623,0.04466184984249956,0.0003310095076728941
57.76754221663769,-5.037472503910465,6501.108527157239,0.0006346451415572041,0.036620211944994534,0.26305854365193415,2.0006314265400125,1.16551513039002,0.6751658796810612,2.280468487516211,699.983448550959,0.000027518134710004266,0.00251383158323842,0.04466444076966723,0.0027788846105480593
58.35086638352829,-5.025521896438104,5817.942255143369,0.014116326992614593,0.05875313315056744,0.12492779552199032,1.7728875778532527,0.891871304431969,1.2924631775778668,2.2812369180042653,1964.5644907192689,0.0001499528525653632,0.0017405261531803391,0.03766750030618443,0.0001946068726041135
57.27128000505249,-2.0169539981201714,6006.077336712455,0.005241190035234676,0.05808778700195019,0.14130655682512003,2.1883348799104207,0.602619534667599,1.3869710232948125,2.256529886019093,1885.8583267529573,0.0005359954296661249,0.008512629278239623,0.043162230691661065,0.00000417826735924777
44.18387537215055,-1.5499594147415827,6402.90180935912,0.008448656579178445,0.0578891273804477,0.038398899143607945,2.0857605976222446,1.4422467855208652,0.5179034239736823,0.8441810199567946,258.5215729337658,0.0008210304783076513,0.0013097876921359126,0.044795241709029654,0.0005130532560829298
51.71393847016478,5.0290545145102215,6125.191548323081,0.012108095230456046,0.059088088839483584,0.11274275234903633,0.9520824662281937,0.6334207100437211,0.47368899648626805,1.0959588378198124,491.2311654394518,0.000007963229478176497,0.06801410930162435,0.04580782651559427,0.00013947406016374974
45.85606618768213,-0.3634497317670764,6602.998512069677,0.014371853603431304,0.05806025376025456,0.035292770175609556,2.1085849605751767,0.8552522477927696,0.40696513478177765,2.308537080168416,718.7636855562472,0.0009841531612455488,0.0018008272279679937,0.037920716587451345,0.000010517914881621763
44.22123816284298,4.746910299530933,5091.7674453761065,0.006350019571486941,0.0535591395423802,0.2249960850153069,0.8167644502677494,1.0272246195144004,1.0527033058550685,2.3866461050453966,1959.3239927954683,0.00003624829921980898,0.06209124710255119,0.04584423220920473,0.000024831952032747782
51.09915612319232,-0.5036742435036565,6717.486332933417,0.013422812523474974,0.024603042267373212,0.16704398701347162,2.1353296240875617,1.162735653526855,1.3908548589149758,2.324818349706197,1107.543660425144,0.0007581028586063248,0.002133225026573476,0.043747245907139146,0.006477753993608036
44.555177689841805,7.474821638822167,5864.021002521433,0.014943846562706312,0.05726977936980883,0.02425201592172421,2.070535103091078,1.3602757526506744,0.5772633023643723,2.2909154452176033,1493.249886630883,0.0005551648213957119,0.0011521786897818436,0.045365737908677706,0.000035582479874372273
44.442659220714646,0.16844545084311946,5147.652564600184,0.004490986479124153,0.03447766025366982,0.29640621874184764,0.9472604612071819,1.6927438107884059,1.375955739800752,2.2640509112409557,749.4650729693909,0.00022844025429528316,0.08061162477210974,0.04389164475663982,0.00010584795285094302
49.82220291144972,8.177547315176557,5528.970280877007,0.0009155411413046063,0.05780790909881129,0.2828852660761698,2.1985541767618084,0.9768807888564851,0.4143307609056486,0.861937904220537,1108.3050193115998,0.0009972254600706604,0.0030786754016201897,0.0315239091141476,0.000002792540860594196
59.1848931836618,-3.9224210004137374,5713.1921853478125,0.0137385300245302,0.05795425428600771,0.06085605023545998,1.374378554859098,0.9488892405113885,1.1357223244833097,0.8852007767495926,1080.870572470471,0.0009234042209975627,0.0010192234423378969,0.0459208221763428,0.00020481477870286258
47.55784660606355,0.7982203472769953,6272.330853173724,0.01069440973598098,0.03576504952439234,0.08766112445236889,0.8063757501716218,1.799555235203321,0.4103604370936907,2.06114887557151,8.385035346189484,0.0002374679073947503,0.0012018151100498628,0.042593376216339754,7.032935515459733e-7
52.876693900967936,4.845815775518295,7161.027007792725,0.0004987513595110028,0.05123491680196141,0.2833671387226769,1.7191612691472946,0.6749821087732567,0.42772789443231923,0.8815547073723561,1959.2681148148595,8.357318890783617e-7,0.02281134317511007,0.03045602070010424,0.000010660245797961986
40.77615906044598,-4.535330019637397,5760.726514730813,0.003301381097296671,0.056707926240277644,0.10919208095971351,1.5553214153857073,1.7853267789934537,0.5390850855569673,2.143683087338384,1101.1105921006847,0.0003955239879292237,0.0606470496014955,0.043289857351136975,0.0011939683121357442
51.247910714728164,1.4788543677097223,5850.174973767021,0.0093539454844083,0.05875221003033848,0.28573038803907697,2.1455495451837,0.6112072902241354,0.42047140635807384,1.6331816049818024,1352.475994759509,0.00012015572866663939,0.01629209784483281,0.04285547951017188,0.00003162459059293363
45.94869870773244,0.9794444565667888,5060.595705083982,0.01293030398278953,0.05421007058076954,0.2506406952515519,0.8512432017735593,0.7504477668950842,0.8328609962302027,0.8787527491775319,1660.3103398451578,0.0005542815835387691,0.09134023665201013,0.03973176203021415,0.0001194125177866685
51.624939182497634,-2.8002767935528405,5289.323984830857,0.013987465191520528,0.04773729078576905,0.1537341163623576,1.256843366332705,1.7923502013401302,0.4718181537835854,2.3575363270522782,340.07717834370976,0.0009353081676697294,0.003089631810935912,0.030713610679823693,0.0001544422313755027
52.88451692323403,6.638269313043164,6616.054310363916,0.0005160098500281374,0.041371955363701175,0.21251291329889074,1.8144849601703572,0.6498549478628307,1.0551812045698186,2.150538004010791,544.1144870632728,0.0004414779264791305,0.0012599228440194178,0.042735508847271786,0.0037313168274149327
48.6628343236692,0.9394332242630714,5709.1325606852715,0.01160224877323198,0.056098740944842525,0.0655106442757997,1.3996942200397733,0.9534073781561638,0.7165239802410465,1.6361181983335071,1960.482152299368,0.00041612500781362214,0.021688500321097988,0.038880168227225495,0.014194599617380446
49.44722929397895,5.069503803763196,6188.977752308713,0.008063530967228597,0.05372201551334467,0.1815782224165976,1.9814381212957208,0.6688691920132736,0.5315830847461114,2.098412591282914,175.40772824375344,0.0008775569213244351,0.001469231293684806,0.023661864522963958,0.0028492654795179693
40.34809292271988,0.1936134407862209,5538.062977613871,0.008972324711362173,0.05702522903363356,0.2823214223036246,1.1354243981539929,1.7991293536417126,0.41088177094452505,2.2081901783560967,614.3518464726375,0.0003766758988437747,0.003351902122092633,0.04460698680390975,0.00005293045880595939
50.21006971720153,0.6945904431208128,5579.374434720241,0.00008262509487234166,0.037882848174688344,0.02021208054391423,1.7940153460085628,1.2818875084940649,1.23745890484652,1.7277910479716256,5.055748178098026,0.0001052050927718375,0.03126293700403007,0.039967944674724414,0.000056858197242911176
53.88166757101672,-0.29373986408586106,5039.938012143606,0.002017436646405324,0.05977940676650492,0.29430830597938024,2.196321923532015,0.9933503735634638,1.352074390631045,2.3565196040647782,1998.1767749780652,0.00025308917637641186,0.0014170260795361856,0.03490419553216927,9.800409427500263e-8
51.74189552720448,4.040232920829123,5491.468270767144,0.000313815050738617,0.05206551706429544,0.12296942519499507,0.800763010982822,0.9402647152706065,1.1580530050957885,1.9202531725204153,833.8278905282767,0.00004219041628218695,0.03500612337635997,0.03301365977717532,0.00020528299525129768
47.98585839304991,-4.525401023625854,5338.172811017607,0.001766235466128499,0.05848321918438796,0.028118713753081212,2.1886470625071732,1.44581624339412,1.2991297509597004,2.3410955498546455,1950.6543129978734,0.000974673562227456,0.013763005121754596,0.04024532449054426,0.000003692758029964144
37.844635885615034,-8.050086181192704,6654.716899396434,0.00023867958341206215,0.05918970442689551,0.10718500629011062,2.1619052820728704,1.7728419371669881,0.5720291953202759,2.3673363174931445,1932.310810182609,0.00008359678560359409,0.002714808502320014,0.04344188327949171,3.716575409686303e-7
39.83531252825035,-4.495761650248038,5644.742721244669,0.009959106127863033,0.04720690597250823,0.25536655273047065,0.8218949311130729,1.2595682066562182,0.5910439123516089,2.278662648804536,1943.5153075921169,0.0009864968145388668,0.0849750351503793,0.043040873065725585,0.000027367643828125823
48.499479183799885,0.26083175808637193,6125.629216609824,0.014903580010716531,0.05887923630481565,0.2393406198817178,0.9218336765476163,0.6167597492389373,0.4856625285602843,0.8579234844217084,657.4416698693497,0.00005322148814378728,0.018369808081218644,0.03339485597464397,0.00001475054084028953
54.447199781043295,-4.4175484484716145,6077.245347166862,0.00012996169308034528,0.04630900328771289,0.2017975988477187,2.195264954708369,1.5560430293590026,1.3921735288790011,1.0014288901203547,1825.8983201342755,0.000990705360026389,0.0011113501589419955,0.03977614404658969,0.0000016567811501361504
59.31772901139465,-2.742787606730805,8183.8268547482785,0.014747209663395301,0.040557169960467765,0.2617104943643629,1.494903323084794,1.706299607684516,0.40165154702524264,2.3918925423892627,1927.412899671081,0.0003194966102720071,0.0010682028164177675,0.042622490251729754,0.000002789501144272157
36.579026227168896,-2.417506312810392,6938.228917378339,0.0009659471535464553,0.05070273640946583,0.2870120355723833,1.3372431740049762,1.7939445873258055,0.5773751213988099,2.3419617621585465,1885.8736151502333,0.00006302327147156206,0.0010978254232830785,0.039017074276273704,0.000001912682556502141
49.47091822768535,3.68453097104012,5780.731818279666,0.010024487437709735,0.05183412000215358,0.14774961177958681,1.0805952219828154,0.7789910047917565,0.43566234738766735,1.0096380871457873,1767.9988055524627,0.00004594791731342174,0.0772336730290135,0.041268112005526575,0.001192636951677777
39.85036688386635,3.893852277215604,8654.844844373947,0.0000625928080315698,0.05595637187363665,0.18554835639543332,2.1895431112225454,0.6683680846798902,0.4627141084597148,1.0542735035589823,1302.1360596374204,0.0008079589388344973,0.0010448934047815768,0.0457396508790532,0.0000017404606440525574
42.9637753947977,0.33847185510808586,5529.678886545767,0.014993339020850429,0.051633370090893915,0.19732872355914688,2.1977899803756165,1.591552639328638,0.46783157671508413,1.5249488991342903,1404.6855879124566,0.00003369989571340119,0.0018732630791569512,0.035141215447492574,0.0000038032303755011183
54.21816351435891,-5.521259620914995,5629.331130300231,0.000005913111097235548,0.05987944071491709,0.2558405673788535,1.0250385512811262,0.6263821037377043,1.220754425420758,2.2530994092571874,1582.611690146145,0.000024534192166302757,0.074343335539338,0.03578418884662791,6.060479715318417e-7
38.16339790123472,-3.0757265401982243,7429.698818945848,0.014988802905074226,0.05575306635529056,0.22617731016329118,2.0855346998846356,0.6052596957225186,0.43145374988692237,1.0191182455636063,1890.243611686597,0.0005485055213058998,0.0013563121174506828,0.04288379918188094,0.0000011750536233688024
47.90030446194491,-0.6133286932339796,5623.0117577559795,0.013817223889696141,0.050246228853982826,0.20433005922737849,2.156690175435194,0.6028061630117434,0.880367782115499,1.4049169169971978,182.4544860550218,0.000488527802842574,0.032599685508126204,0.03960077078345831,0.0002518485315411636
37.00170905542059,-6.772458860710849,8479.893513325327,0.0007860622553494264,0.05971279643163972,0.2324897054924329,1.8164373629211585,0.8404698403070809,0.5297479481420729,1.9010480513698502,1245.6510074427968,0.0009340584838997544,0.001012885729485401,0.0350899143091075,0.000008073048891209778
36.51750521229681,-2.6923435694413405,7668.346007045426,0.014199875055093604,0.05322247472768863,0.13089751420363369,0.812958195338989,0.6704784455929977,0.4332132544031926,2.0824429921421057,935.3167136355107,0.00005811796066333109,0.0089395944371992,0.03124226234541615,0.00004040227970284969
38.39500629807369,-0.18021775711093468,6289.254734585051,0.014997484110962212,0.04989726458751855,0.29828804969076445,0.9573517307152692,0.7778687505019054,1.3863089557080122,2.375353958796235,265.5405514045512,0.00001775941021895693,0.0010076056862193732,0.04508754753005526,1.0663730838941381e-8
56.99939026886646,-6.259683660084757,5141.935200400518,0.000007598709786145428,0.056205201619973805,0.29793430677810995,1.8787356651280511,0.8319703531682722,1.074037453650692,2.3307572449599876,512.9175512689701,0.0000564720212797608,0.0010960909270868152,0.044118947418668446,0.000001036554465966836
51.863442018247994,-0.8984971615785771,6193.307599222576,0.0073838783812704865,0.05764452364751315,0.042696138478844785,0.9754664415291949,0.6308885291267747,0.774705432403615,2.299534140322345,1642.7382507062543,0.0009928016025650165,0.0019531330987024803,0.042054637494448786,0.00016229713695035502
47.7154292627128,12.895566872792429,5268.6143281546865,0.0014417550548562843,0.05664671377756451,0.29284859921392425,1.3300296059521948,0.6233479319425569,0.7387184768849795,1.3556667990869418,953.8091662249304,0.0009593907856683662,0.05315957919236845,0.040193411712361155,0.00024589736487395627
41.74963849042797,4.099360985445665,6883.0076819719425,0.0005056257911388002,0.05959971933457409,0.2958300912859604,0.9899193116859144,0.6004082114710787,1.213638426024776,2.3293341644070478,161.64859229880645,0.00044884498880362476,0.00107697750682385,0.04213032571161771,2.3854581973354954e-7
43.19315356061052,2.8832769960064653,8073.80403266819,0.007075396456032017,0.054932967990086706,0.030300180075911006,1.1422021653164602,0.6011135808849525,0.4236569881876467,2.1659378598961405,1734.575081874863,0.0008531896785648849,0.09794561008048357,0.0445282324684521,0.0000044473889793338275
58.05264532795003,-4.9154692173924985,6201.466701057177,0.00012144206264997065,0.05258915063560854,0.2008850594658664,1.2067386225112258,1.7557737594695841,0.4329141878847045,1.4927417958777411,1508.9606126407305,0.0003342296935793201,0.0037802369045534813,0.033973468796678355,0.0007520383421480649
56.34827656189842,13.678221393875823,7811.390583730773,0.005032115147563747,0.05993633111383712,0.2882238424530643,1.949960350381623,0.9566663635982894,0.6236800729230066,0.8173318837261117,1547.1069548842659,0.0009977185942345848,0.001131875421151644,0.03265037889590389,0.000010433886718454308
57.29511186638348,10.612533733032038,7247.328892330408,0.0034952818000081698,0.031051821456232594,0.12315470087420737,2.187872445910706,0.6522560768589994,0.7624752559292312,2.30289848409653,1631.2892169805414,0.00023990416753350008,0.05380290861313695,0.03726225348140821,0.0019104617756863316
51.43400504715263,4.52091179965632,6355.5099077002815,0.00715546715702772,0.04052235380165645,0.23430517684707244,1.0090647933914831,1.1224029955860102,1.2883834769898934,2.125291793403267,693.5814472176095,0.00005366876350876585,0.002075991090145589,0.03516995997931165,0.03694161622073643
52.60644172976774,-4.711266113065944,5769.740526802739,0.010781927009597854,0.05487811078076109,0.29599628271337447,1.6250584460278663,0.6610904172041395,0.40424618606943347,2.0128946337595606,1846.047349580347,0.00005287341269916347,0.006882510637715433,0.034905400368602846,0.00001843821207326014
56.168545210828924,-1.5890160552307613,5260.927908894018,0.0009669140970250121,0.04545967603080249,0.2989028964979719,1.638287777064202,1.458017568691869,0.40369808491599035,1.2853874220836126,1528.9903506478847,0.000007458420914666013,0.03182678715312584,0.03667257211067111,0.000006485080751311268
55.07673532421825,11.112955066452496,5009.327284224502,0.013232054539867201,0.04292503479836571,0.2441043839822388,2.0765688012367756,1.1874730335880137,1.289768868148495,0.8406744907940648,1988.5397480407792,0.0009995459374211495,0.04803869496612043,0.04227457658133285,0.00004847853512234399
53.62661115101092,9.94641732888578,8638.290607276253,0.0010540149966562977,0.05951608368204807,0.021654195049824767,2.1249058147355644,0.6031371843567629,1.3235889275738,0.8001345894316915,1863.3761947415546,0.0009928869328706558,0.0010352716666365927,0.040714604912496795,2.5333528096209334e-9
47.076831033367874,1.2786355218222383,5700.050328909408,0.0062972078617374565,0.055413161601950915,0.29238117944161707,2.1929690261603625,1.2945786505539758,0.4077138603772743,1.243946185059139,1733.7860166469575,0.00021680325992891311,0.0030981434187441564,0.045476475665895244,0.00008191417221566874
52.97411951783447,1.4317038244094142,5301.656245425538,0.010916440024554537,0.0592838259415779,0.29950478443773704,0.8055447486851216,1.6014259033658513,0.4645381335243042,0.8466264943674835,1704.551462532479,0.0009592626202596711,0.0013787198624253872,0.04301157995070307,5.308418969659281e-7
38.71492415580334,-9.424437034983933,7309.519171370693,0.0015934399895356432,0.053798204501467044,0.18065040991574724,1.6624960916925664,1.2557347133301078,0.6481879787327605,1.7485211712151405,30.197196467251633,0.00022555408493879473,0.02406462166781888,0.03411032378605453,0.009400350345707959
51.3649448286848,-3.4184645601946553,5318.253229929523,0.01491640730793248,0.05371479123758901,0.2977482255686533,1.1925331784050286,1.7775521916818686,1.3683738190795673,2.3444516682765792,1289.0352718618283,0.000161077979718033,0.002222097415513905,0.03503551847538855,0.0000029290638557594674
59.251503073348914,-5.315868715440521,5868.0683348862585,0.0029076178183916907,0.05083070454521555,0.28949837700145437,2.1427693037793865,1.4152540512335865,0.5440001432791455,2.222820317198738,692.1257215526026,0.00033025649412124925,0.0011088931661671442,0.03467811241345258,0.00040393531601555537
50.89948782603135,5.983318632356093,6043.331363163095,0.002404826359126505,0.03495637364741704,0.26882035359603756,2.193342288406445,0.6739874215892394,0.8432114367892263,2.3729951691014115,1605.1798025269247,0.0000848093983732528,0.004164854167071188,0.03966345139987919,0.00019192250766599328
55.432332993732786,14.596064810010837,5215.942702518266,0.005997586296089331,0.05921762489784432,0.1853765154623527,1.903408220465819,0.748475488222297,1.3436091815940936,0.8336753656594091,1821.9815595281395,0.0001852158399758478,0.09515719026055591,0.04158033213660527,0.00006527695971355181
42.06855703379128,-7.8470388442679315,6913.618414599516,0.014931652680559317,0.05711436226925017,0.28118162764212173,2.064434532832001,0.8974837365959838,0.41198905353276194,1.4292196771768622,663.8003453483535,0.0008485697881911787,0.09676518555483436,0.04313124262866965,0.000004620982508230301
51.027187089616625,-1.9587674237454316,5540.107360296657,0.01488048589281318,0.04811670262668416,0.2545646640192633,1.8859222270236957,1.3976913010067946,1.3848806679196688,0.9088753518697901,675.4101291356586,0.00006693751440705149,0.0016337126822627472,0.04258192919619256,0.00009471369016429965
48.91024380965379,-1.6688444375189793,6611.027577107996,0.0004392373678442808,0.05412070633478238,0.030290206305260532,1.1246128220080922,1.753744564354223,0.6377722307855842,2.393672467023622,1192.0529890181297,0.0006491732647718058,0.0010385945515802538,0.039480512069442766,0.000009888412216371654
60.483699245719265,9.883446293954144,7894.774600904184,0.00491791373532207,0.036786281144008656,0.06406572629356441,2.1907256990991675,0.6243670519290586,0.6619798831500902,2.0744191202682583,1962.361376068046,0.0005156548280326644,0.04673982259436335,0.04300726839325947,0.00023206286450305205
37.34250252656616,-4.837094439064766,5774.796718075481,0.00044019346770523795,0.05670074990868649,0.15719532307803957,1.479175922447312,1.542786869269115,0.5078955777474985,1.5630327581466512,285.52577788745896,0.00009595960339452459,0.09471976008907593,0.038590096043691416,0.0001063649961025155
56.225962710915525,-5.801982855055594,5013.787535207871,0.004962044431987185,0.04419157039485259,0.25412576184543967,1.332582314969265,0.7790543127309886,0.6944957835361582,1.0455411904327097,43.5907307537871,0.0004594386856583003,0.09748148214443085,0.04539806461846845,0.00013763470099363679
36.89116302742292,-5.540787884564305,7468.612551067446,0.014996324936458224,0.05606139920556162,0.18746446895003666,1.9202101621264611,1.161919287604444,0.4361013490214485,1.6260711248757755,90.02278705440803,0.00044155006898380405,0.0011732854692508606,0.03114634046564061,0.00000969145958845901
45.50319537219245,2.3851028336028524,5018.766130809769,0.00017492298103783624,0.058448008704825014,0.0980612062410943,1.6855977307582162,0.6001599685376943,1.3999475148289613,1.9591884340005377,1998.594653084998,0.000617745328724168,0.006725650183707985,0.045305156642501246,1.353561784008673e-9
53.233482533460645,-5.257845975457509,5684.088834549712,0.0052080974575727974,0.05817677912238078,0.29307975709879575,1.166558842644118,1.2929272867861348,1.0937710941695609,1.026495766500377,1977.7375199569976,0.0002899703932463856,0.0014810196987286657,0.03856271416572235,0.0004465639144642849
47.94072793606966,-0.27556736706423024,5740.516823889126,0.014783270891528954,0.054572689250446525,0.049627476787295774,0.8498604893364432,1.0005137602459544,1.369013566248544,1.431490931690963,1384.3747928233875,0.000445429994700842,0.003399171791336176,0.04255744062501967,0.0009764653302879735
45.358285133781244,-1.308157823802972,6213.651169484842,0.014311569540848047,0.05405238146130656,0.2500478437694658,1.3982552257783742,0.6144235966386803,0.4564065697543016,2.3485537859571086,1271.924292914875,0.00007508043532751527,0.038651097939082425,0.04013368981204137,0.00007652982662359302
51.14888553364189,1.308958092425879,6271.386137211953,0.000948036712808128,0.059764117377527515,0.025191273097984593,1.290081602607688,0.6000020635163532,0.7525179299971575,2.360744966664306,853.2449363931071,0.00002376011788704907,0.09852731040038581,0.03975745878316561,5.066980758692416e-8
46.73804392282153,1.6487268442429936,5504.517062559519,0.008512202918209841,0.05281825130987242,0.2560038315725905,2.1962746121878243,1.0462887084252066,1.389895896608342,2.088225942159206,1525.7618752657713,0.0000518310121434733,0.001924539822029155,0.037148037674271765,0.0000893191789454086
39.09511219819811,-7.160543220925982,8041.2671378779,0.011993062817330197,0.03458996371426398,0.24293834928150376,1.687981008775373,1.0992266400771564,1.1650951574011863,2.399534890862384,1971.7416312643918,0.0009992987087939248,0.0017247049890744123,0.04241429971691958,0.000002454221167936689
40.63126240355893,-3.7083847289172347,7947.446080414986,0.0033466926499888614,0.04973468111868429,0.293051668931117,1.9104637133750535,0.7230282103385408,0.49249507412563914,1.0855755338471234,417.0138175388828,0.00039029275398486893,0.08517489549517397,0.04449131161181481,0.0013631560779325032
52.43051031326873,-5.450856904092955,5185.707465172404,0.00045422175220187445,0.05571386000262698,0.21856314347374603,0.816467017912488,1.7840194748738782,0.6528133225368964,2.3997419488073275,76.48270844273361,0.000013425506253406496,0.0651294073086974,0.030501571332838442,2.5408189984614374e-7
38.74758361454522,4.698526845697954,8538.09942244445,0.000004845907295502702,0.041242387762882034,0.298628759010737,2.1483619553637565,1.5373335447345227,0.6117093751502763,2.022719609798662,1998.9562519209892,0.00010842359332577466,0.0010056056664429765,0.026998795350102536,3.885103123285277e-8
47.83031338127454,10.24613936798189,5608.600021650839,0.014345897520424892,0.05228995000805853,0.0377614070458696,2.191507308136065,0.9217231844739684,1.3581879692081906,2.2790634618401024,197.8364883726246,0.000051261547134908475,0.0031653610280420346,0.0380832865046933,0.0000377958998161748
45.277460509712,3.946086782376762,5630.607382242921,0.010826722300918325,0.022086919614525878,0.13041710991796934,1.22609356957059,1.5458850578721126,0.4166253936513089,0.9428188941959541,156.24614915484037,0.000996083584779184,0.07985941086545634,0.041509013124834904,0.00045739168423109564
61.73562700822251,5.466863432030488,5464.327671799849,0.00027238731338998,0.054876039436594776,0.29777147276878907,2.191471084221217,0.600186513476156,1.3990860680710568,2.3746405541835736,135.00353287068677,0.0002911591287784228,0.012988457630187612,0.04550746656399097,1.545702019840559e-9
49.46504804483773,3.7741419663650557,5498.198242189828,0.004547082198232106,0.055230333120783105,0.049176510652736996,0.8484315429673973,1.3073481179319564,1.2040718052734976,1.0592336305121912,227.75057368326048,0.0009356528255791169,0.001489675947435544,0.04596762619463343,0.0008358990209228464
42.620863522455885,1.7780529061005108,6187.97600083962,0.006753563499167656,0.057366708720763424,0.24479079185315106,1.5846210923890882,0.6025770713639454,1.292522819105174,2.3848193462781726,189.82866511543827,0.00042913564019320924,0.00121827499297483,0.034295841959968675,0.000029497551317965966
38.98789662097684,3.9527111032512643,6784.6610098827,0.01243134562907854,0.05629769926159361,0.2694976208672831,1.8267970077187792,0.6052225102217154,0.6998811852006518,2.230182542764018,746.662777335917,0.00039067462118425473,0.025830706371853543,0.0353490332161298,0.0007144548283580822
38.467910899128874,-4.075201004943925,9460.909902810341,0.012179717287940879,0.04760140038036847,0.12254190028696305,2.012163126372262,0.6979250044697802,0.7468077937218192,2.2690718850305776,1997.51488883309,0.0003661299168451053,0.0010327845918751133,0.0312411184566277,0.000063169624395049
41.96201179844243,-4.548151421464393,6109.3235552244405,0.013812258564684885,0.05380136067848784,0.21149785158020315,2.198999468587367,1.0513234041041883,0.6544008388833593,2.1832487062761157,53.35188175782326,0.00029091261506321883,0.04945889772133071,0.04436314978788403,0.00009050167792563936
56.248356757964075,-4.757061392288514,6531.718646507102,0.004553694043410409,0.05577577122482977,0.28995405556529263,2.132183056507746,0.6016063416621767,0.9969227475064428,0.9401820979384601,1306.9551371090083,0.0002636517020983589,0.0016578309495112967,0.04558746612498129,0.000050747652566941504
54.41797070544138,-3.949991896254419,6178.707868214937,0.000044408989827370003,0.05968335775851737,0.24668652370869806,2.1749636845760243,0.739685287490087,0.40045164328857574,2.381968337282326,312.7532920286825,0.0007136199727073698,0.001635567790897915,0.03735319382992286,1.2515854604268142e-7
43.27924974573673,1.4495306226510074,6186.282030302291,0.012629170478343466,0.045923747872922686,0.29853778015643817,2.196844804000513,0.7616547031733594,0.7610570627775763,2.2560831431302146,249.47008032557477,0.0007727546299568022,0.0010305960305962065,0.0339107209550641,0.00001452607123544895
42.13068540950152,-2.60546860836312,8442.785624643204,0.0011207886916248238,0.0569508447964625,0.2807251955281699,1.4888591020383246,0.7466082292333971,0.5842759045427911,0.8925375075158888,1795.2714526939749,0.0007566195831416841,0.0010066442962460857,0.044020699095930496,0.000024993106988695097
40.04072173029648,3.672693055829452,7724.729337037592,0.011139757505657261,0.03584793572250016,0.0595713275055159,1.8313648507758633,1.684701499243845,0.6020779777473999,2.18094020203294,227.60266792502244,0.00024251627399740045,0.0063892644622397625,0.03435362838652249,0.011985546627131435
50.53679900382594,-0.843784606258497,5365.298894781357,0.014840687852907783,0.04585301154365496,0.04254357455709189,0.8783034568166413,0.6450102290265075,1.2211719342961342,2.0202187432510446,86.1506453905419,0.0006611285559581826,0.03447753690183213,0.04388736341372241,0.00009662170364781404
46.470797256227804,4.767560980703392,6111.365322887721,0.0005137700495437995,0.04932347557374354,0.2908459157150078,1.6428556591882524,0.6366755108339132,0.5444024476805863,2.395916403917721,1329.7936333614334,0.0009894863544065383,0.02070852835299511,0.021986616476203168,0.000049920599655141504
52.38296612810058,-0.7176641153535694,5665.3443856983195,0.014992782672782671,0.035574131151084,0.29174010663182487,2.130599109232328,1.716165194755658,1.2703574877251798,2.3692075274558246,31.333697308044897,0.000023551443150304157,0.005991806481367674,0.03841307090024639,6.269290382678358e-7
51.55045681206553,-0.2522241193902204,5104.046679866979,0.007822960367775468,0.05201387532933822,0.18648714085888668,1.5191259888011897,0.6259721561710129,0.41464005066881887,2.3907759054011866,750.0831835378708,0.0005648727902566361,0.00245671283340363,0.04339504033956646,0.00015795287037112375
43.23545503979826,2.6840238945059216,9040.532404003025,0.000007967684868796701,0.0564206095025565,0.09772334662157653,1.4499461033159005,0.7692436192382371,0.7442562274372553,2.39787017185491,1974.042840973511,0.0006859023751629252,0.0014354184116416244,0.03529614359020181,0.00000814305248824092
36.61029387781118,-5.107431061275982,6943.651467732093,0.00430414750392484,0.056847059974342196,0.22617607750472202,2.183645179132116,0.7529786361513757,0.4116387131199256,0.8211727658514142,1311.9010664792768,0.00024289646126901155,0.08599286403009276,0.042018130285478066,0.000009785194186052584
53.13653166015773,0.2706190122834453,7753.778612163933,0.0007113589007390155,0.05842517113395574,0.02221790533261464,1.3385578011697892,0.6150007915520223,0.6330311182352919,2.261499161263714,1972.066971832582,0.00044549565853131755,0.022417696662099328,0.041121965282378825,0.000012051945492367539
44.01143585847569,7.891753258254894,7008.302269486336,0.014782119483531302,0.03432031814322744,0.2859766841886681,2.1838223052013044,0.6102617002530357,1.3958163638156984,0.9315022305859652,1841.5358845884489,0.0006855401841792317,0.004206585637094953,0.039827342201374044,0.000008761068125230346
38.93019041921905,-4.795471784101063,6194.110666199758,0.0067269416013319705,0.05323313822256869,0.14672948700972388,2.1879184649530456,1.7525918776693223,0.5165653637694012,1.0081951589328049,18.340076561342368,0.000047013512021387934,0.02024589974332192,0.03828814399237933,0.00010544653813159821
50.23344293444544,4.927744446514147,7273.317812522203,0.00027351243990806815,0.025341198634201947,0.06889296325260313,1.82924392645738,1.4137520616585273,0.9545461544082621,1.6098342294196883,424.4319066594306,0.00003003667739549261,0.09569683638948803,0.03601487482626692,0.0033711499907980013
36.51780442497054,13.353582247595146,7852.943021371597,0.0006341882956052259,0.05997247248927105,0.2614221768423906,1.9787319663252454,0.655423730429792,0.40054229124461094,2.1447312839428276,1206.1012232166674,0.0007692403470847303,0.0010024272415819614,0.037979946954430875,4.663251905129499e-9
48.141937456634146,-5.022181865440828,5009.179117262825,0.007963927338028698,0.04528891468505912,0.1756754065081097,2.1170462670780577,1.718918027549193,1.2654146247398939,1.1743404055843598,4.081774909568697,0.000980448319073749,0.03147532994693247,0.036841086480545765,0.00011690225499672565
55.671783796456445,-1.2869054345989923,6825.7824983102855,0.012785926263200563,0.05470985729025082,0.2733318250330792,0.8328921373723269,1.3610475643555557,0.770404719625524,1.111254361187415,934.1719822333258,0.0001742644774699726,0.0010597619042859979,0.044137739990519446,0.00139362716460547
41.904775345873205,-3.2349354020441377,6930.671231764848,0.01498997646703413,0.05275963343938682,0.06953314607247738,1.9504056904680853,0.7593137842785064,0.430478036935518,2.3863155684540622,1769.302114953527,0.0009562288144340399,0.0019154705610718629,0.04560383611671715,0.0000025232276279367335
47.94454037252372,8.741862760965745,5694.2463206719385,0.00004700252407339381,0.05847711722959367,0.29894619344307,1.0098815283930807,0.6002129824174757,0.4642104500463095,1.938372454227115,962.6705944746345,0.0003605423203929372,0.09843714909710276,0.033846961870005875,9.24740690112085e-8
48.86575475952567,-3.3155048390909885,5001.156645910222,0.014666786793133435,0.0588967171262401,0.2994510344415257,1.4632212720604447,1.4763190782141487,0.656954536964492,2.380101241401076,1814.6822165660888,0.0009320530676187571,0.001053355128481991,0.036616114432904606,1.4215973151477737e-7
51.19148986273119,1.980184157903441,5494.9794267841635,0.003457328268475773,0.05603026812805623,0.0755705121125685,2.0931290291108806,1.369166351587862,0.4673815385732396,0.9037566840055722,1486.42253012852,0.0009811841307273438,0.001051368800564044,0.04045694077732679,0.00012917121436149692
53.15180657089532,-4.535884436235085,5055.275988913099,0.0002792018451430503,0.05772402106599129,0.28677574671859346,1.6637131430436065,0.7420555017464546,1.207704316354811,2.398427312659825,68.66851025851837,0.0004811498935561626,0.06911841839353003,0.035886507724528546,0.000006198992365191561
41.77150110514559,-2.4745051590931952,8087.756710857924,0.01449618415379774,0.013051899776375563,0.26400870726150044,1.5834635521956697,1.6911254919071808,1.3854272469627222,2.2060699140790425,1964.7457153962966,0.0006344524690181691,0.035288945091762884,0.04419490088200183,0.000441902250030866
55.92347263539591,13.652838612096325,7361.8924859763665,0.011780359816227366,0.05690631087666169,0.26970382599545967,2.1577874068346907,0.6090050876808861,0.6604504323641283,1.00943723153518,1979.5560198077867,0.000960921586643686,0.0012782491648577544,0.019322788693254822,0.000008305270423780434
58.06830043224633,-2.696295891799207,7562.949241147584,0.00010299347021778174,0.057195146567562034,0.28582973948891266,1.5458016061599027,0.6289881399983039,1.1335333997236414,0.9976960598992671,1991.9856298309548,0.0009801273923500883,0.010414723407015705,0.043583143940687186,0.00000432206944826829
56.565513303219895,8.79915144591228,6735.957505637166,0.003522522638030416,0.05986240133322749,0.2999444198775736,1.2000604296191273,0.6207601808990514,0.404879936065951,1.3973888832336463,87.94216660217839,0.0006311036869508193,0.001128428425213878,0.042530683394399936,1.590258820748354e-7
38.956929511016796,4.14202748419487,8650.698974989744,0.0012937134341970745,0.033651771108005275,0.200028376780778,1.391291732191124,1.2333255447219202,0.42592346332274994,1.4195963987755933,1241.5518883387854,0.0008833256400493292,0.08779724528124672,0.03607510468328219,0.004224281035944574
42.59690399237043,-0.15633253947960313,7925.364306427387,0.008956140411482509,0.03054540891196006,0.29392275597945916,2.197232306437618,0.8359897387147945,1.314155108168035,2.370718557169895,1772.1903357825172,0.00004077931849373407,0.01175353924093886,0.04149169448528073,0.00006304297246617471
40.16571427916577,1.1101416803603588,6586.021564832932,0.011245701691417176,0.053408259525738744,0.02422388243619652,1.981283233941722,0.9620329159463543,0.42355225773812816,1.9374800443230427,1878.4861423694165,0.0006494115416926986,0.04447880536519735,0.042980084257068514,0.0003791237419659372
51.02892490803454,3.688662516666138,5096.406855745677,0.0048167421554589284,0.05905773406289925,0.29013066734177634,2.196257100749005,0.600078788456074,1.2333998606800667,2.3798015004915682,1534.8577257420313,0.00014371481865894012,0.001205694483728021,0.031703873988471354,1.704008773215635e-8
50.63215736402539,1.5952619365900809,5105.0783867933715,0.014951551138343094,0.03969060296768876,0.18773841211948686,1.12875640100041,0.7580121213407941,0.40350145093862094,1.2923042158386564,10.648308208239394,0.0008118090845729623,0.050856034918994424,0.035824038380787085,0.000004446472747210902
49.33264750184526,1.0049387837553443,6952.266326389464,0.0011123473673374778,0.0439274201274613,0.044971216036640574,1.099190218003047,1.5446642856584512,0.5941922194568108,1.4081670002451003,832.4079822639899,0.00015736171696596242,0.001032043553686411,0.040343137464383734,0.0012071578937169198
50.61371359453919,11.633313663205861,5584.428895477531,0.013002570128610448,0.056195873309994746,0.0735316911951327,1.9588957500390103,0.7010011576821756,1.1089263748923353,1.2154210430184635,1909.2395983234805,0.0009382329759517627,0.001955313314050064,0.04188360172210139,0.0013653788564801103
40.667272090999404,13.682932539998077,6689.450921463196,0.001537161970559877,0.05981602151553478,0.26616067549300426,2.194699157649376,0.6306177082689063,0.4041220464292976,2.199121869663173,443.9352979675578,0.0008924329619826065,0.05163029368010109,0.037103396588087235,0.000002242040465876866
60.127417587480565,3.2671971170587977,5092.936645041914,0.012492032439614746,0.05605765123698308,0.29984265614271705,1.7676031814161175,0.7574782861717593,0.40191349122782366,1.8900691058372017,1383.4370939817,0.0006742385757365043,0.015911412141052333,0.04576928707585672,0.0000018048053073093074
61.61143732703392,9.70411956861565,5918.758918462523,0.014998779920083008,0.04048400588111211,0.22096329227856562,1.896152839378743,1.3242505763950858,0.7985647368619757,1.8971096443923023,1908.4093936998738,0.0000021819452900324435,0.0010123377251948255,0.045923261226709755,0.0000029015489300557635
39.4195863715705,-0.029261000907991885,5326.808137380642,0.0011669752765196193,0.056411599380540724,0.16650387605287667,1.3449977648432143,1.1230513328195282,1.0898473784148144,2.301913347970933,1988.1836782835553,0.0009726399835119824,0.02118303718912452,0.04186285187961772,0.00018266986150915066
61.94124390903198,6.118670279772637,5636.745042000092,0.001619102485117536,0.055818117389098254,0.2342013114897195,2.1980112922258535,0.6816255503520755,1.3848105230904704,1.729382862367339,1998.7197445427064,0.00046564398435399584,0.06981488066552526,0.041898215171952184,5.555541217564124e-7
54.657893651046095,7.794095784420698,8711.57392405326,0.014427002045655966,0.02377920310442566,0.26013731847447874,2.1860448898345792,0.6440054042737025,0.7866493689005952,1.518296286279135,1860.500772807242,0.0009579967939676343,0.003924465482013891,0.03568326622414701,0.0009322856872736597
49.25829481471024,1.9365633669778717,5399.448257631409,0.014238394718698548,0.022119563268614077,0.28064327391691296,0.8229024394091831,1.5411224399957952,0.7822248865443551,1.4317074459388222,1764.5096261786205,0.0008951621819000785,0.07148875425450046,0.04192120061942457,0.0003486091455284847
48.01987065954936,5.617549321613756,8123.028625571262,0.014756739743821742,0.03161199741269987,0.29882722328408967,1.3556913516450528,0.6016153469065341,1.099807184249456,1.7028202589236847,1612.2429849697044,0.00004662244848536713,0.0016602302783500721,0.029745244177249233,0.00005356017950457013
39.95450865166449,-0.334652095762193,7134.521217015141,0.005901367214961867,0.04428894636589426,0.2940126004963139,0.8054984926074256,1.6964720450583672,0.4260509789769263,2.3987469695355053,881.424826066501,2.1281551456102153e-7,0.0010154256543845248,0.04507980189843042,3.7674216409649704e-8
45.984333661824216,13.699800959710377,7149.892953164797,0.004214528416645137,0.04918207056332087,0.07277105566189274,2.052262664462987,0.6275081882004684,0.7557524964185687,1.9379773470371735,1109.3171787405847,0.00018636733945863422,0.001001822045365272,0.04346181985230603,0.00020272198472373522
48.27624288329099,1.5773842828117441,5259.148419885365,0.013447363764207831,0.05501427833497893,0.06073160414359127,1.9230053785673524,0.6000960148913543,0.9106951864628086,0.817050647543274,797.4367688470002,0.00006939334541262429,0.0016809689932900283,0.04461625875099642,0.000004951541661978293
39.679430579507866,3.3266585533752018,8725.99985029792,0.0021770468950754493,0.054208224373292,0.029015816370758576,0.9688931424370291,1.4855303305301781,0.4085189590402144,2.1611029711789778,1866.7460180550668,0.00009805463215366659,0.003836782724500187,0.04599111539855839,0.00004526217970026705
40.597364350409684,-3.040055911440434,6305.132238398567,0.00005202253912576186,0.0595672986048238,0.2960857136856196,2.130439725959238,0.8971545678170694,0.41091437078710874,2.3676564051543814,1806.5349936859006,0.0008694027897828111,0.0012264530215241262,0.04549644989510707,6.754296967315554e-8
56.609022058576144,-3.331804763233187,5007.446585347716,0.00991953308618191,0.059751226759657536,0.2901671915239848,0.8621163318387496,1.6655720274840506,0.8978341820742117,1.7347419047747294,86.99040628191091,0.0007062707363830529,0.02231567195424999,0.032886529336666026,0.00011583561626811323
60.9661173905441,5.955300943095692,5483.49245733192,0.014881793900483498,0.05971728478125313,0.29745357540867723,2.1873532193882994,0.6020389983414111,0.6715946024420518,1.351340145042391,64.94536798473365,0.0007371388293864142,0.06585223987690686,0.04025381913145524,3.052255362458244e-8
57.64337970335313,-1.7856577791586226,5056.76993646218,0.006820669813324648,0.058082040530327284,0.042700152100113554,0.8492690662861822,1.6321151605831958,0.7564605435913692,0.8080432509306921,843.1981443494101,0.000006528040333450862,0.092270485703023,0.04469803026451275,0.0000022070410612004986
42.83776246378633,5.8328521891876335,6380.82951625731,0.0010380901632167086,0.025681138685269493,0.0820237904981322,2.1359023808045334,1.7295214503475496,0.429552776249938,2.337101181426325,116.40135895542677,0.0003855440846889848,0.04636375208425567,0.03706771087378525,0.0002910928605949187
44.21886673068377,2.7334044397911175,5343.863276411009,0.0030369828063856975,0.05262469811240956,0.047340482323049285,1.7611928903119196,1.765532616016042,0.9841662539504331,0.8936133964633266,548.2593827105326,0.00008784924929574184,0.0010094255966070261,0.041537647835003064,0.00009794290560043308
51.470273890458884,-4.808270766451003,5409.065321148874,0.0032367181620029085,0.048172455016019924,0.13815721760181773,2.174847097356005,1.4712681395730247,0.6565951370399534,1.7687904827129866,153.06027767627168,1.8496016980692616e-7,0.002540866361912713,0.03850300278846147,0.0002989635583951164
50.247727900953336,0.0549950236537029,7693.43239141023,0.000015563516067769556,0.05940570157210954,0.1225059725998281,0.8373221430025078,0.6016193058255838,0.45021302338003477,2.366226149876365,1990.3619427679146,0.00004798023554234147,0.0022902903401836594,0.03311979664289441,2.762014993763962e-8
36.81681754010768,-4.109856145268475,7442.0982200475055,0.0010163929084044039,0.04237102927281627,0.251023490813529,1.4554888680401223,1.461182915223993,1.1477862738971543,1.0442015542558405,1925.400058041407,0.00026919602321752055,0.0028596583202374517,0.044129242158638365,0.0014389784748792462
45.42330544876839,3.5139980002900923,8615.615097318958,0.0009287077011649527,0.016919038923495517,0.29865102024282464,1.6596732592383348,1.7963016610244642,0.4378335862435836,2.397493750670706,1703.0279590470848,0.000012798201997255367,0.07181203990483333,0.03522915887029669,5.279160695641219e-7
40.022449488182446,1.51531223424149,5863.2977520360955,0.00036383461058343044,0.04624977040384094,0.11299020056743307,1.9904666304467538,1.6672408400659124,0.6401567349941099,1.6646419276099713,397.2614031910614,0.0006364611728713783,0.08127890754308488,0.03736594113396245,0.0022111434339149648
57.195020211480156,-5.794894083909846,5072.465826229875,0.00010831395225141531,0.05233773482623725,0.29561739129587855,2.1835224840580327,0.7618443057882865,0.5111956681267426,2.3170526231866893,1718.3221105136415,0.00008000103996628631,0.01980443754834452,0.04261900658263225,0.0000015270407887228345
49.86324449851331,7.180409126278754,5957.431864390649,0.010651851166873326,0.05934840662894819,0.29916027814007035,1.9167673206436755,0.7432124973267815,0.5061087958959325,0.8026979748262042,1572.3072679283298,0.0005505193692878937,0.0025649543500808726,0.028800590869855033,0.000012495112835890147
37.40393263369501,-4.3538241736414385,7279.692611077329,0.0018085260767836413,0.0595958511457857,0.28163245534130477,1.501433532738377,0.6000599033821407,0.509914812267087,1.9944924140642637,70.0876150230367,0.00019489768025634924,0.008023689788826064,0.03598856757559998,0.000005393509692043448
52.72903917578492,-3.1627968944879417,5275.477306181466,0.0005347311482848066,0.05729486163200433,0.03677526924110129,0.870383974568073,1.4647148612259817,0.5719177234608901,2.3145053331170966,766.9792321032902,0.0008045265364470349,0.08472574642158592,0.04112498668832099,0.00005075987276102652
57.69967266637787,18.360084515651106,5925.078851883312,0.014080836136073582,0.04561684898165866,0.2895466998741158,1.7901154373207397,0.6056854114449998,1.3899055559803224,0.8003327563244345,1607.2870190835667,0.0009866528830490373,0.0938668047017273,0.04425940839101005,2.3854129916347944e-7
38.09373685898184,14.286198007118369,8532.178768165624,0.0011728413092307196,0.05743231231775271,0.057800803413732754,2.0450966125353087,0.729803870787361,0.6618832408213557,2.3893425386055744,1673.3115790568072,0.0006082487564818808,0.0016553117875743092,0.04009927625713534,0.00018792218292962667
52.311103218134456,-1.00780653933408,5778.924137437036,0.013986400413257345,0.021570228738267663,0.25634885437592114,1.6953997906214846,0.833699588209824,0.6606633482934257,2.2692062323181608,102.48737777088489,0.00003721389004898906,0.03383064070935753,0.045920244867852275,0.0022577893835536477
50.85154840084657,9.20541417889196,5313.5370534440735,0.01239378267181889,0.05981604706137132,0.2888558532748931,2.0573619643616974,0.6887120592361013,0.40299554710950614,0.9492245292092873,590.9046656733168,0.000756825907329881,0.0013151701896026808,0.04174740085825617,0.0000012282610845480572
59.14141713346605,-3.788198867275754,6273.172411399025,0.014734367130250182,0.05779820555487608,0.17675453754406675,0.8027906570178719,0.8845925034785831,0.5442685150672015,2.0570761342479105,400.78955829618786,0.0007153215396779622,0.03601779065471537,0.029385225830118652,0.00013075352419480237
55.16956505367328,-1.894704465305244,6631.24107443458,0.0017024399284859524,0.055290933577095885,0.2531066056388412,1.2793994309754853,0.7285252127733755,0.42874115316424954,1.68646192253322,1567.5103686886928,0.00017665766857027858,0.09783647892881338,0.04361664247421355,0.00035546049552395725
51.38080716517626,-0.48892192424242964,5484.897358138776,0.01171968456744487,0.05818146234832603,0.0640619097288346,1.4228133824335218,0.6381847279272468,1.3001933444528389,2.164460364292242,1980.1074107997688,0.00034901877935071063,0.0032000556834851654,0.03999619343611731,0.000201258251314477
57.64615923961428,-5.786270119745942,5777.889371283244,0.00009924874279985503,0.053084563039584955,0.27015857865524234,0.9169425436880557,0.8232122420830814,1.0134410976714348,2.3392195026815656,1458.1871489834352,0.00008887883611488009,0.046283619126919605,0.04239287119126206,0.00007587338952026817
38.87769712955927,2.642295607844721,6381.141206111575,0.00010199803403566873,0.05680426876963405,0.29860266575785804,1.5076213582829454,0.6523874331227433,1.3412536585819477,2.0857526683400667,1972.9266130093965,0.0009396917348966437,0.035732776996991546,0.045256082217506544,0.0000014429999687265898
38.01295293626899,-9.53405264433072,7591.779406283555,0.003322480429945504,0.05339880343485519,0.2972623602199671,2.170446283703631,0.6054666052251754,0.4017782039540711,2.3992360280027674,79.87009025661924,0.000027436939240830544,0.005425665408792724,0.0426127067469581,2.627198343575677e-8
53.654881426218225,-3.4666156553514664,5447.031068251035,0.014989354797309312,0.015254792802599369,0.07729610014307237,2.0611863069379512,1.7954693023657415,0.4039267162787534,1.0104474521166182,1860.625952990397,0.0005992490295771035,0.099880671528364,0.04597566755498862,2.335756399274998e-8
52.16691927755255,-5.106298938774176,6051.568255240702,0.01230512139105302,0.03514195629075552,0.29109115652218925,2.1823819650707943,1.107024992808982,0.43440316268528695,2.397541866919285,224.61421289591232,0.0007110606002651875,0.0016223302992362664,0.03859329580830635,0.00002559810489855972
58.137147985590445,-1.0167200221836286,7153.175058474283,0.00903024069110324,0.05967132292870295,0.2562466086937388,1.7753844838094615,0.6893200750043929,1.246301460546102,1.635461216862819,794.4836144686458,0.0009828483869386228,0.0011651957557652411,0.040967664211594534,0.00008801269026191224
48.70542342920172,1.355837065445865,5003.093017535243,0.012384812299871031,0.038205550441759766,0.025579559715268672,2.1076965942383756,0.809000036933503,0.7136811648077714,2.399660433426079,1895.1237827258733,0.00039843587443309987,0.07747415376448323,0.03909443837193012,0.000007874230497735937
36.63843162128403,-3.7469368542376316,6627.987746572937,0.0006363358517176954,0.05416420720300336,0.2459856249687934,0.8547044819458268,0.6976395203346702,0.6398981200337298,2.315106916224128,1151.7720647124556,0.0008632973864891504,0.0781281928640413,0.04419266554598565,0.000019924582858494865
58.38337595951989,-1.9485386749648619,5389.330724364598,0.01408367202319343,0.04374198662913522,0.05570749174004369,1.5882113735598633,1.3240251095595097,0.9052631583407276,2.278678954387365,166.11040609954537,0.0009692129454168837,0.057620062581178855,0.04417665905102349,0.0012895388416966785
48.041176121011205,9.078584182345807,6786.810811412673,0.002214510033495761,0.05107280350725572,0.08338077486583134,1.7798429286245283,0.6327889354019455,1.3967864500668365,2.1619633279827726,194.090862485518,0.0007998043939116319,0.001071554628674841,0.03015165564812767,0.00006436286533103155
46.70506340798272,0.717412954394252,5826.145894818883,0.0025352691051194164,0.05757710767744382,0.2895017754597372,1.6761972010985233,1.223776662490733,0.4912044290814396,1.64065441886186,1245.5288146077323,0.00043562607197635315,0.0014652865583637171,0.02914536224058538,0.003994306937173578
42.524063622069626,5.877510120228665,5447.905767051181,0.005532292604207596,0.05921274631258411,0.2985780051794759,2.1968307205974646,0.6285673396516753,0.4133392844073703,2.2124796283743433,736.0394055804946,0.0006949342855130749,0.08327994350161158,0.0246560558263887,3.883308143041351e-7
48.25929965223992,-2.0394930212978277,5043.520076463315,0.003951624584315507,0.05746642752656295,0.11128494887540803,1.1484308443250806,1.7998458378092024,0.744211998308842,0.9883332549709621,1136.20209802078,0.0009058469144694168,0.0012651211582988522,0.042843056361162854,0.00017631053958745032
57.34705281092762,12.182789315089913,5595.122935414039,0.014906392445803322,0.03419273358601256,0.29408154340186793,2.193803640708615,0.6030640018764977,1.157336617221985,1.788726445844981,1178.0244446416953,0.000041539255727263804,0.01726766269164578,0.040813791967674186,0.0000020963851590890117
40.95304938134093,3.68132040540066,7572.151668386368,0.014923290437899148,0.05071646949196304,0.027012286873005577,1.9863235820426568,0.6375867798255102,0.40703500449864416,1.4346848870932203,1224.7663330845,0.0009839297205318513,0.018819053264399466,0.043340937782006095,0.000015719671910306985
53.60879029899067,-2.6923752884853345,6774.249745042007,0.014804824738574186,0.042488800756907134,0.29468356307264665,1.5037069117050437,0.6010474405832116,0.4524306365928751,1.0979421656174624,751.4137928206253,0.0001123022356442552,0.0026382047491550287,0.04171509094175896,0.00003677283409638328
52.32193722884022,-0.758220796656369,6733.343167749277,0.0025575105688813776,0.027083358776781186,0.15525414783459807,1.556406940178777,1.6784139534906273,0.9285365359415477,0.9484978593281412,1006.5510368720314,0.0007551857524978081,0.0991298283314824,0.03564916430161165,0.010105521015609709
50.619318378729204,2.893474984255999,5245.859997103911,0.000010128824540327556,0.045181408952390624,0.2989441073928634,0.8365826730948199,1.7729080296825965,0.4003243094964998,2.152503060022437,28.27007837010078,0.000023951019372812062,0.02007400766459253,0.04403628536435446,2.1269048185478436e-9
48.517087443705414,15.498189321871504,6211.501157837572,0.001244956616525806,0.05871625521341294,0.17297244419186553,2.174222797050448,0.6302261839392538,0.9126825507597933,2.3368212512090203,1947.4665535735269,0.000009309748281549831,0.0010797417638037916,0.045496476000062035,0.0000013822934698362178
53.705923340215996,-2.9316067203879017,5402.8302885370085,0.013699244075321861,0.04104812630828449,0.2919608271708829,1.8065958821797723,1.682662730342805,1.321905186386501,1.3071533904700172,273.9764157624496,0.0000016397561475775062,0.0010053715494603855,0.03605567837372803,0.000002580213152136178
52.410178994006074,-0.6862966703209565,7816.202803052976,0.014812839441417435,0.04105627522515915,0.29742057041315245,1.1068579558010356,0.6000915991483793,0.4038111666093517,0.8512239749650458,1900.2616074734344,0.00009576859476920204,0.004954908471591501,0.039690602449642357,4.713916212814956e-7
47.248758512384626,6.0786647242331,9343.788967473196,0.006011981879849893,0.03191377898606447,0.07834856648077296,1.4704144396425702,0.6026359336549583,0.4200117814199513,1.5430730266257981,1999.2906553958899,0.00034456117674353497,0.019521853594761385,0.026834396556870036,0.00007720247834799615
46.45030827478156,7.965196667512693,5820.480589091351,0.0018079459743982696,0.05952247362920384,0.295382816084479,2.1765842319865585,0.6134971254231734,0.8891220787563876,0.9241125592359717,1915.0090567836614,0.000790833528954474,0.061569582956088706,0.03616534929998604,0.0000017096961338840965
37.06297547914722,-8.206102433785134,5713.927202136134,0.013726835343973126,0.05944841073163434,0.29464600977625655,2.1405727094853315,1.5657983093305101,0.5218524159694,2.0162719379856076,1993.2626104888723,0.00018739743978762457,0.006793012568832698,0.0458183208034337,0.000002942406102348214
55.83480397236215,-3.9408319714471425,5621.946416174515,0.0001208342207485455,0.05901541904191912,0.29867538028804264,1.9579019097111865,0.6761084525523036,1.382826180382077,1.3781257508139333,1671.0011681724754,0.0008606825592997412,0.004347342024222467,0.0429036571346241,0.000001396493165906086
40.92373375521738,2.581341315117948,8625.404134684668,0.001661701870177549,0.05169423086809433,0.27421053200377155,1.234869404779059,0.6971266416977957,0.4143319589582379,0.8376212969358685,1597.2987562915368,0.00004908029039682838,0.00742532732244671,0.038988893805712944,0.0001870969130102564
61.021285392488096,11.980783800071585,7624.046425325238,0.00792761451257104,0.0503235353059376,0.29786303354343496,2.189426344966915,0.6043700760717717,1.175949404488665,1.6241110212922578,1849.5019918965995,0.0007787075232829377,0.0010967129649447755,0.03197868132588296,0.0000035266955316750984
48.0824500159992,1.0396820300527274,8290.748693102323,0.0012662361390620635,0.02318121930399762,0.1292739519768934,2.186604056989214,1.7282249433039012,1.3500878354756691,0.8661102453689784,1997.342969287661,0.00018678126293179007,0.00832617202209778,0.034415553480424854,0.00008446808239721705
37.99379435237777,-5.2288844470415,7799.649659547087,0.014930926963137943,0.04337089295948789,0.2961139062763069,1.3354431205086832,0.7181229447687266,0.41129767210001567,1.654255104712056,257.9176218673645,0.000015519328565695994,0.06375985793156223,0.03662766827645158,0.0000060580534539125925
58.16254303551343,-6.142494565924332,5937.697374183943,0.0022325161346605496,0.04626245769199775,0.2774457725046068,1.382876665917467,1.6862906039056225,1.3242885386781102,1.316608433994703,1142.290280779068,0.0006754465978147527,0.03606342662441968,0.0363063149930003,0.016928395733494684
43.51152004657139,4.268888478544822,8433.037439026673,0.0003431960789431426,0.029481212484789285,0.13354235987032384,2.171311961740435,1.6584474341369528,1.3362153652848328,2.3033624967419017,1675.7270698565226,0.00012736085729794588,0.0010130543866454784,0.030902536216557926,0.000046376839291105417
42.937515433811896,-0.6005304356068084,6906.588139540507,0.0016782083432612391,0.056267807799514104,0.2961046124108218,2.1304645346120865,0.6077873282546702,0.45094959824521463,2.36205280603357,1993.1548249808588,0.0006333206708093633,0.0033165451087372204,0.02950913177588323,0.000001028726954967131
42.117269866138145,2.8722583617406166,6025.886449036045,0.0013417770914751948,0.058180204407661154,0.28710422313080264,2.0656120306724595,0.9316566251197935,1.1390102832188322,0.8528719401040458,1752.1528012533454,0.0006031365713733151,0.0013015861608715892,0.04120259278103783,0.00011342470022461016
48.38597741516397,-0.16902312092783234,8264.434740484347,0.014895816624070326,0.016792214671834907,0.02125233528681068,0.8013857467117601,1.2128285195656865,0.40109426040596463,2.1995780754380645,1439.9068526500912,0.00008261916419777148,0.06195768314636301,0.041890834121542396,0.0000011562486788788543
46.47062483409047,12.25201222070492,6932.695605906501,0.000010455933180634819,0.049083908875579965,0.21517367413646793,2.1744332868288794,0.6272354921724673,1.3701911404633587,2.36919917720217,47.73253000962307,0.000008761975326136033,0.001164536539921195,0.02874041522039718,1.5129195821542127e-7
52.435002299114245,11.957045869571107,5425.294401821488,0.004940554308501941,0.046605013411345646,0.09458528839950689,1.8021205607842004,0.7018813911639764,0.4042221227291663,2.3934494005396783,1989.0703713356586,0.0005502958816498028,0.04135835311476631,0.04463818133792359,0.000052960313113655434
39.23317888800811,-6.734758325111695,7947.486989061581,0.0018085522876779053,0.05758612219811397,0.1610685446649936,0.8271332116821586,1.3846307329596543,0.4123923921086002,0.8090804634848925,1129.8110865379203,0.0005615242232900983,0.002420036993317225,0.045425556803722275,0.00008118893937696053
60.41606947458719,14.29921649955859,5250.162754081315,0.003821592827707309,0.056455602986671474,0.285366395591601,2.0185727808166876,0.6853989969018426,0.48406038356516196,1.8725526994829629,1853.0897147457592,0.0009104160030490854,0.001025738280573533,0.04401065799699575,0.000011551640487904456
51.71667327014353,-3.938122229490884,5342.007767289353,0.014894515218642764,0.05830330612901492,0.29570112233238444,0.8244321605104357,0.6318008768606093,1.0208171907654329,2.1383615157256246,2.791318929079615,0.0004524063126056306,0.064529704761024,0.030556987419285322,2.494930486289433e-7
57.97504575163565,-6.031751846431819,5912.307557030779,0.00004137267580514896,0.057241792606641514,0.0701113019465361,0.8775133849909036,1.4970039596948757,1.325910506511216,2.222113362255095,8.246480243821697,0.0009989764767580648,0.04362257713233691,0.03718977818138422,0.0000036494954446249
58.18930141762438,-1.4536966019895754,5241.373236193364,0.014517124261122175,0.04441041497397898,0.25053678707781957,1.6690998798369194,0.6006421388416076,1.349258686554746,2.3124454620006336,1877.6921137867491,0.000010647305236062942,0.048473054420849745,0.04304698156172146,8.493479389287436e-7
37.22838390320977,-7.554696940862087,7625.008809777002,0.010946729535699428,0.04498994933702646,0.2888843039090475,0.8913518165544254,1.744787900059269,0.4782605859327493,2.0799626050927285,20.039746217283348,0.0001254812827019991,0.004283153139603092,0.04422875155769481,0.00011196421139185789
43.356009589758564,3.7147328193419664,6206.005240982207,0.012619026303141288,0.03388428625122176,0.022714119391352004,2.0591610404996272,1.691693493294662,0.8634816793587394,1.1446669570302173,257.5908095741554,0.0009666840976842126,0.00414781441946944,0.042921565152441755,0.0013514004345026812
38.939020866252356,-0.886545279565274,6233.774126563362,0.014691242061505386,0.052621439607946865,0.2847396288681998,0.8042630085373426,1.334987360706781,0.42122027920455013,2.156403728794131,96.26421296986176,0.000976370679514407,0.001033735970340218,0.04329277373432854,1.642341493870205e-7
43.27433382950254,8.179630103042733,8949.718373150745,0.001039195107664768,0.053153959530000204,0.09040678684388632,0.8135003059080774,0.6018359535350474,0.7570166712722337,0.9577153468768373,1767.530963377793,0.0009390899476781807,0.05276656624561044,0.04157361049376293,0.000023030163206820767
51.64539496458942,-0.1419087214226611,5557.402405396987,0.005010761973479955,0.057205630506831265,0.24125494317432178,2.1886294669089326,1.313380638523625,0.7468318804213725,1.3525034587543363,1858.6449837603623,0.00036552687525879494,0.0010181065024824918,0.042620886302375906,0.00014194595261953323
58.313723540337975,-5.314703572854881,5245.617071731357,0.014549102221894912,0.056421445901732876,0.13004444247948757,2.152121581709089,0.6249758267983057,1.3953990654233661,1.353565776628928,455.0360413505669,0.000059264531149322144,0.0013887993325069463,0.044446546470713784,0.0000026307773448523297
42.51911073127522,10.243664241056575,9096.212488095682,0.007164965550227051,0.04319908623969068,0.04323900993603806,2.1994501651554135,0.648564974801691,0.5996681104591448,2.2900830992234367,1144.4971659294708,0.00002691078371917394,0.030430314502320407,0.028702948363137304,0.00007281179022191964
48.66945083423394,-4.546745469073416,6612.823717961128,0.008231947464295385,0.037989836068152864,0.11528972884515436,2.198418852473236,1.669827353164362,0.8338241218549554,2.3994547705551947,1950.749497723948,0.000040212437857531896,0.01147109742959811,0.03633415290471673,0.000024799873590975073
55.905841431121104,11.646486641434358,6428.310836377941,0.014992764849649022,0.037073656033992194,0.0646557575312387,1.4281220766124925,0.7088046081332128,1.3991058510423748,0.8142863300628181,1991.6980402677286,0.00028229423402542566,0.09782172539570282,0.04395276536345856,2.7252769276159873e-7
37.41181847620513,-4.737736989237579,7943.546683512453,0.00003399083702622634,0.05341974666504611,0.24041525601851854,2.1199922436703114,0.6073983011045461,0.40692773060996285,1.2946079290259471,604.144864320723,0.0009651886027151658,0.09428774401708534,0.040398151645232375,3.170565725911878e-7
56.559838258752094,-6.228706500665144,5385.632766782065,0.009739467425633516,0.05803081729751534,0.22091375421923068,1.6979362982333317,0.7536321493968365,1.0330856644666155,1.3461472519430986,234.70148729500298,0.000014155024238626518,0.05453897974974643,0.04223180475312139,0.0011694309887930563
45.046481605451795,-1.0300249179448304,6436.174204916307,0.001684550541327303,0.022119058324605922,0.028736025591110236,2.1732365653811043,1.4374338500306356,1.0916804331253789,0.8848985489331387,775.1103140478183,0.000012553158613255947,0.09584160287949306,0.045388786956189184,0.000077435597440638
39.408379029465095,-1.4689783344209868,5744.6637638558,0.014926947721681167,0.05842899144630826,0.12630743765464453,0.8002317786408712,1.5458547800876672,0.613582649207553,2.223740172483849,1098.545294382226,0.0006008466932274223,0.005568918958095159,0.04187823313560917,0.00003461168563640529
40.31060308395548,-9.436832897795854,9101.911788608888,0.0063595253423946755,0.05648260404614236,0.29908974123899557,1.8405888397467238,0.6044692674024547,0.6673573424417869,2.38941219578597,1633.6370252300082,0.00003224377375329558,0.00220805066219454,0.02826021953273451,0.0000029864393504960802
41.837859636128755,-0.04417032156523959,5103.175986593227,0.0023711179152838854,0.057826909317249924,0.2955242506646946,1.940708328146403,1.0228926912272898,0.4069625384987902,1.0815361721921666,547.3044192194304,0.000011556155040074035,0.05230868867760831,0.038475152639594126,0.00000651234986335206
54.04991928264266,-4.098738281109738,5491.236412379092,0.00004212525392034968,0.05923221696089679,0.282386655129406,2.1849831173875263,0.6063121421830087,0.40788456328866285,2.221870372373333,964.2550050457335,0.0007843318564089404,0.002311114540172186,0.04070320918442031,1.150350548589492e-7
56.65889640365429,-5.588587888213361,7903.2423499268225,0.008929728533349543,0.05869686820499459,0.28456045851180567,2.0390465075688597,0.7550128713078299,0.4879604896509162,0.9401985483982549,1727.2687306514815,0.00001463461667753312,0.0010671092644145652,0.04529457478930735,0.000026993734382613556
41.884562465654206,2.456147803362949,6727.307756283326,0.0000810658974901745,0.03809492020079791,0.04552783788202738,1.1856297878643862,1.3522040375070703,0.7758604757651373,1.2647035636024575,7.483470484865959,0.0009743488626448366,0.0764390191298602,0.04477375108626544,0.0001271045534380108
